time,latitude,longitude,depth,mag,magType,nst,gap,dmin,rms,net,id,updated,place,type,horizontalError,depthError,magError,magNst,status,locationSource,magSource,energy_joules,days_since_start,rolling_30d_count,pos_x,pos_y,pos_z,dist_to_Bogota,dist_to_Medellin,dist_to_Cali,dist_to_Bucaramanga,dist_to_Pasto,min_dist_to_major_city
2010-01-04 14:58:43+00:00,6.79,-73.09,152.2,4.3,mb,13.0,98.3,,,us,usp000h5qe,2014-11-07T01:40:24.960Z,"6 km N of Jordán, Colombia",earthquake,,,,1.0,reviewed,rsnc,us,177827941003.89227,0,1.0,1796.1702469358083,-5908.184928570283,735.2528366742358,255.43316601687297,281.82960418014414,532.047232718298,36.793945863843355,774.8775846855766,36.793945863843355
2010-01-11 18:48:35.960000+00:00,4.229,-75.756,180.1,4.8,mb,105.0,54.1,,0.89,us,usp000h5yy,2014-11-07T01:40:26.488Z,"9 km S of Génova, Colombia",earthquake,,,,56.0,reviewed,us,us,1000000000000.0,7,2.0,1519.1345817634951,-5984.233316114008,456.5353773820785,194.2127407127556,224.9143372248789,122.00146971793534,433.7857363038046,375.6477419149887,122.00146971793534
2010-01-16 05:11:07.720000+00:00,5.111,-72.871,10.0,4.4,mb,49.0,52.3,,1.35,us,usp000h66g,2022-07-16T00:22:29.735Z,"11 km S of Chámeza, Colombia",earthquake,,,,13.0,reviewed,us,us,251188643150.95822,11,3.0,1866.0185887773328,-6054.682265460573,566.67300152263,140.30235954124188,325.27470540764836,445.902203166791,225.03985771527468,653.8029802790832,140.30235954124188
2010-01-24 16:40:57.470000+00:00,6.796,-72.972,164.4,4.6,mb,66.0,46.1,,0.75,us,usp000h6jq,2014-11-07T01:40:33.846Z,"4 km N of Cepitá, Colombia",earthquake,,,,36.0,reviewed,us,us,501187233627.2715,20,4.0,1804.7641771841206,-5892.8163455777185,734.4558135415592,261.8432972637435,294.7097196480954,541.940837478985,39.61100844408741,783.3213752636922,39.61100844408741
2010-01-29 00:48:10.440000+00:00,6.714,-72.976,157.5,4.7,mb,128.0,27.9,,0.82,us,usp000h6r5,2014-11-07T01:40:35.016Z,"4 km S of Cepitá, Colombia",earthquake,,3.1,,65.0,reviewed,us,us,707945784384.1403,24,5.0,1806.6649453829252,-5900.493776159306,726.4414791501091,253.59796061187092,292.5357707197364,535.4198455088773,47.88833675220676,775.8610209295878,47.88833675220676
2010-01-29 17:52:23.040000+00:00,4.726,-75.971,131.5,4.9,mwc,227.0,52.5,,0.95,us,usp000h6s2,2022-07-16T01:38:25.589Z,"6 km WSW of Cartago, Colombia",earthquake,,,,,reviewed,us,gcmt,1412537544622.7554,25,6.0,1507.393292168206,-6032.814467594696,514.077146259616,210.43898396827373,174.24205733289457,154.76493153505803,412.36823777992265,416.7684348749157,154.76493153505803
2010-02-02 22:32:00.580000+00:00,6.744,-72.908,166.2,4.8,mb,215.0,46.3,,0.8,us,usp000h6w8,2022-07-16T01:49:57.721Z,northern Colombia,earthquake,,3.3,,107.0,reviewed,us,us,1000000000000.0,29,7.0,1811.0151808416033,-5889.722837092697,728.6507784872042,260.1717955241815,300.5211357643566,543.2173737297998,47.991223271814754,783.1329605993803,47.991223271814754
2010-02-21 02:41:42.980000+00:00,6.704,-73.039,154.6,4.6,mb,25.0,139.8,,1.14,us,usp000h7hd,2014-11-07T01:40:43.965Z,"2 km WNW of Aratoca, Colombia",earthquake,,6.7,,15.0,reviewed,us,us,501187233627.2715,47,5.0,1801.053087603449,-5905.352817941613,725.7029910804627,249.35146076304247,285.4914002824993,529.5519622589613,47.0944706801713,770.7034758007994,47.0944706801713
2010-02-23 07:21:14.920000+00:00,6.669,-73.213,172.7,4.3,mb,29.0,74.9,,0.89,us,usp000h7kp,2014-11-07T01:40:44.412Z,northern Colombia,earthquake,,8.1,,20.0,reviewed,us,us,177827941003.89227,49,6.0,1778.0465323956844,-5894.007042667753,719.8294239739109,237.5642178064211,265.89009751961896,512.9300075452479,51.05368852935465,755.9618260526456,51.05368852935465
2010-03-03 07:51:31.060000+00:00,6.811,-72.926,167.0,4.7,mb,160.0,46.7,,0.89,us,usp000h8km,2022-07-16T04:37:56.385Z,"8 km NE of Cepitá, Colombia",earthquake,,,,90.0,reviewed,us,us,707945784384.1403,57,4.0,1808.6801447596322,-5888.7136131556,735.7609096630417,265.7107305699741,300.0236530766886,546.7915872858791,40.57787941047344,787.7565458391869,40.57787941047344
2010-03-04 22:09:13.100000+00:00,4.89,-75.49,130.9,4.9,mb,102.0,46.4,,,us,usp000h8qn,2022-07-16T04:57:29.780Z,"14 km E of Santa Rosa de Cabal, Colombia",earthquake,,,,47.0,reviewed,rsnc,us,1412537544622.7554,59,5.0,1557.7599871532009,-6019.076973645781,531.9250113987912,158.36589935216904,150.91803800316276,197.3187566737864,360.51566957257876,454.59221820108536,150.91803800316276
2010-03-13 18:59:24.750000+00:00,6.844,-72.921,153.0,4.6,mb,101.0,69.7,,0.88,us,usp000h9b8,2014-11-07T01:40:59.810Z,"8 km WSW of Guaca, Colombia",earthquake,,5.5,,57.0,reviewed,us,us,501187233627.2715,68,5.0,1813.151629966988,-5901.436946408436,740.9771483072433,269.20051384799666,301.3449165389638,549.6991638209871,37.85069733573553,790.9902403024207,37.85069733573553
2010-03-18 13:47:01+00:00,3.18,-74.68,24.0,4.3,ml,8.0,101.3,,,us,usp000h9mt,2014-11-07T01:41:03.167Z,"25 km SSE of Colombia, Colombia",earthquake,,,,,reviewed,rsnc,rsnc,177827941003.89227,72,6.0,1674.3569734377177,-6112.035051188835,352.08700421854115,183.1084237673322,355.0550981390386,207.79439386018163,470.7468119657088,362.3972348127685,183.1084237673322
2010-03-21 15:00:00.940000+00:00,6.74,-73.114,155.2,4.5,mb,8.0,98.5,,1.26,us,usp000h9t5,2014-11-07T01:41:04.074Z,"2 km WNW of Jordán, Colombia",earthquake,,14.9,,6.0,reviewed,us,us,354813389233.57605,76,7.0,1793.0155818329897,-5906.697688712611,729.511602005899,249.27418976327246,278.0990596982144,526.2803832672414,42.187167293296234,768.8441060041464,42.187167293296234
2010-03-30 03:03:27.230000+00:00,6.296,-71.957,27.7,4.2,mb,24.0,71.8,,0.93,us,usp000ha4r,2014-11-07T01:41:06.508Z,"26 km NW of Municipio Hato Corozal, Colombia",earthquake,,14.1,,2.0,reviewed,us,us,125892541179.41713,84,6.0,1952.8645892706609,-5994.986512007125,695.6374823321255,293.02403258253594,400.6225826669167,597.4149516756885,157.96396140397934,817.3880711599402,157.96396140397934
2010-04-13 16:51:35.400000+00:00,4.627,-76.445,102.7,4.5,mb,16.0,81.7,,,us,usp000hbb0,2022-07-16T10:39:24.426Z,"22 km E of Sipí, Colombia",earthquake,,,,5.0,reviewed,rsnc,us,354813389233.57605,99,4.0,1464.3677657363073,-6073.8393740506845,505.65521346472514,263.14453297994277,203.6640759416758,131.0542639041887,460.2429798196196,390.74125721280063,131.0542639041887
2010-05-05 02:31:53.020000+00:00,2.596,-79.731,26.5,4.4,mb,47.0,86.0,,1.26,us,usp000hcb8,2014-11-07T01:41:26.763Z,"134 km WNW of Salahonda, Colombia",earthquake,,19.0,,24.0,reviewed,us,us,251188643150.95822,120,2.0,1129.8723605023952,-6236.4646397637825,287.3630037926445,670.5208134347695,613.3081720003509,367.733865996872,888.1222193004071,312.65584884325,312.65584884325
2010-06-01 09:40:55.360000+00:00,8.358,-77.128,51.3,4.7,mb,100.0,55.0,,0.84,us,usp000hdf0,2014-11-07T01:41:36.800Z,"23 km SE of Acandí, Colombia",earthquake,,3.5,,53.0,reviewed,us,us,707945784384.1403,147,2.0,1392.910447940047,-6095.453218858249,918.617782720358,527.6188057704721,290.42567941400625,549.532435470906,462.2976726303606,794.601910149375,290.42567941400625
2010-06-05 01:20:00.140000+00:00,5.091,-72.377,23.3,4.8,mwc,192.0,26.7,,0.81,us,usp000hdku,2022-07-16T14:50:56.265Z,"20 km ESE of Aguazul, Colombia",earthquake,,6.2,,,reviewed,us,gcmt,1000000000000.0,151,2.0,1914.2006563395548,-6025.931086225471,563.2811743088268,192.49184504390362,377.01895660450725,495.46865187684176,240.1326510139109,694.4336498292503,192.49184504390362
2010-06-26 12:22:52.940000+00:00,4.127,-79.13,30.0,4.5,mb,25.0,77.7,,1.34,us,usp000hejd,2014-11-07T01:41:44.450Z,"194 km NNW of Mosquera, Colombia",earthquake,,,,5.0,reviewed,us,us,354813389233.57605,172,3.0,1192.6930820751404,-6211.079841169734,456.3457226544964,564.4849924799031,458.0927118896241,297.8738780993052,743.314224570818,383.5527217591223,297.8738780993052
2010-07-03 12:11:06.600000+00:00,6.759,-72.943,158.6,4.6,mb,96.0,46.3,,0.79,us,usp000hev0,2014-11-07T01:41:50.080Z,"3 km E of Cepitá, Colombia",earthquake,,,,53.0,reviewed,us,us,501187233627.2715,179,3.0,1809.5747608039358,-5897.860658278411,731.1583963773616,259.7372047350301,297.0344627147449,541.48789789732,44.70488621784631,782.0470107547814,44.70488621784631
2010-07-07 19:16:20.970000+00:00,6.763,-72.908,163.9,4.6,mb,99.0,48.5,,0.72,us,usp000hf08,2014-11-07T01:41:51.283Z,"7 km E of Cepitá, Colombia",earthquake,,4.1,,68.0,reviewed,us,us,501187233627.2715,184,3.0,1811.6153467524846,-5891.674676540956,730.9649452722754,262.0084602642132,300.91345006994874,544.6385889191919,46.16563853389498,784.7887616235403,46.16563853389498
2010-07-07 20:38:54.550000+00:00,8.955,-75.654,39.3,5.0,mb,22.0,56.1,,1.29,us,usp000hf0b,2014-11-07T01:41:51.297Z,"9 km NNW of Ciénaga de Oro, Colombia",earthquake,,9.5,,2.0,reviewed,us,us,1995262314968.8828,184,4.0,1549.7261938832594,-6059.488226190825,985.5841164745258,503.1781450189069,301.5339638183267,619.5931353149258,345.44649683342936,879.4375910484905,301.5339638183267
2010-07-11 10:37:52.480000+00:00,6.241,-77.723,35.0,4.3,mb,17.0,134.1,,1.28,us,usp000hf5b,2014-11-07T01:41:52.511Z,"35 km W of Bahía Solano, Colombia",earthquake,,,,9.0,reviewed,us,us,177827941003.89227,187,5.0,1339.2906422043088,-6154.410069256143,688.7911694719637,438.44852320639484,236.7452185087546,337.0660042069527,517.3519035638997,561.1662671607451,236.7452185087546
2010-07-23 14:03:37.440000+00:00,7.204,-77.061,53.9,4.6,mb,41.0,47.8,,1.26,us,usp000hgkh,2014-11-07T01:41:59.579Z,"27 km SSE of Riosucio, Colombia",earthquake,,7.8,,14.0,reviewed,us,us,501187233627.2715,199,6.0,1403.3183579352728,-6108.1012331395505,792.1801070469835,431.38579013739144,195.17634002756083,421.33681710027366,434.60318792328343,666.5487164187723,195.17634002756083
2010-07-26 03:48:17.010000+00:00,4.483,-75.368,10.0,4.1,ml,11.0,76.3,,1.1,us,usp000hgu4,2014-11-07T01:42:01.908Z,"8 km ENE of Cajamarca, Colombia",earthquake,,,,,reviewed,us,rsnc,89125093813.3744,202,7.0,1601.9348228747897,-6135.871674647427,497.1967573511461,145.8541255400349,197.25362171822408,172.69825434748012,384.21074825493463,421.05881556340137,145.8541255400349
2010-07-29 19:34:46.490000+00:00,3.924,-74.999,51.4,5.1,mwc,165.0,64.7,,1.07,us,usp000hh42,2022-07-18T17:18:13.500Z,"1 km ESE of Saldaña, Colombia",earthquake,,4.2,,,reviewed,us,gcmt,2818382931264.449,206,7.0,1631.904714730799,-6089.926149448147,432.4704109035108,134.98301933031775,265.92972705938456,178.0339587849339,411.5251437477586,393.8060679157731,134.98301933031775
2010-08-18 07:38:46.560000+00:00,2.363,-77.275,85.0,4.4,mb,41.0,78.1,,0.94,us,usp000hjcu,2014-11-07T01:42:15.712Z,"12 km NNW of Argelia, Colombia",earthquake,,8.2,,23.0,reviewed,us,us,251188643150.95822,225,4.0,1383.4513904962264,-6126.392642166761,259.1745437712381,441.0273262542058,470.6502500205302,146.4932319130927,700.9347975450767,127.80924673890435,127.80924673890435
2010-08-21 20:20:14.980000+00:00,6.028,-77.974,14.5,5.4,mwc,275.0,58.8,,1.0,us,usp000hjk5,2025-12-22T15:49:44.311Z,"66 km WSW of Bahía Solano, Colombia",earthquake,,7.2,,,reviewed,us,gcmt,7943282347242.8545,229,5.0,1317.0889031019544,-6182.619200393312,667.5244521765911,456.1060430831447,265.6325735649795,328.0278127031207,549.4502415651588,540.8276862335348,265.6325735649795
2010-08-30 18:50:09.800000+00:00,1.22,-77.36,0.0,4.0,ml,4.0,172.5,,,us,usp000hjyk,2014-11-07T01:42:18.879Z,"7 km S of Nariño, Colombia",earthquake,,,,,reviewed,rsnc,rsnc,63095734448.019424,238,3.0,1393.8148992509446,-6215.184692844935,135.6475596982428,532.8669651146829,592.4849576447951,264.6438502795963,806.7991018175153,8.8001232523612,8.8001232523612
2010-08-30 19:28:00.900000+00:00,3.798,-76.143,32.1,3.8,ml,10.0,140.8,,,us,usp000hjym,2014-11-07T01:42:18.880Z,"15 km WNW of La Cumbre, Colombia",earthquake,,,,,reviewed,rsnc,rsnc,31622776601.683792,238,4.0,1514.8289106147872,-6140.899362372871,419.88284410544077,251.07652572113872,279.0316386281862,57.854352770085924,498.12444249368906,313.9499412314829,57.854352770085924
2010-09-07 01:54:42.610000+00:00,6.722,-72.995,157.9,4.5,mb,28.0,46.5,,1.18,us,usp000hkc6,2014-11-07T01:42:24.651Z,"4 km NE of Aratoca, Colombia",earthquake,,7.2,,10.0,reviewed,us,us,354813389233.57605,245,5.0,1804.562308921063,-5900.615629003381,727.2562698131386,253.38377442490784,290.6296000434183,534.4770586697117,46.3721171222482,775.2673768022025,46.3721171222482
2010-09-15 14:31:48.960000+00:00,5.515,-77.751,41.5,4.4,mb,48.0,61.7,,1.5,us,usp000hksb,2014-11-07T01:42:28.088Z,"57 km WSW of Nuquí, Colombia",earthquake,,11.1,,23.0,reviewed,us,us,251188643150.95822,253,6.0,1336.6545688341944,-6156.775919152773,608.305100221262,417.1360809170816,253.32658600593285,266.27268347235474,541.7147084056429,481.12829374436626,253.32658600593285
2010-09-30 15:56:40.730000+00:00,6.72,-72.993,169.7,4.4,mb,85.0,57.6,,0.69,us,usp000hmdp,2014-11-07T01:42:32.286Z,"4 km NE of Aratoca, Colombia",earthquake,,4.5,,59.0,reviewed,us,us,251188643150.95822,269,3.0,1801.3480487955883,-5889.370454490186,725.6600766739243,253.29185957408535,290.8068687578785,534.488648818277,46.65131974139521,775.2281270968863,46.65131974139521
2010-10-01 00:20:12.070000+00:00,3.382,-75.574,32.1,4.5,mb,37.0,93.1,,1.27,us,usp000hme2,2014-11-07T01:42:33.591Z,"3 km ESE of Santiago Pérez, Colombia",earthquake,,22.2,,26.0,reviewed,us,us,354813389233.57605,269,4.0,1576.4559649306013,-6128.344129616732,373.9492340236344,222.68458573442248,318.26311871685414,106.61662903663046,496.33044684358674,306.7673388210595,106.61662903663046
2010-10-12 08:47:20.930000+00:00,6.711,-72.953,172.1,4.4,mb,86.0,101.2,,0.73,us,usp000hn0k,2014-11-07T01:42:41.705Z,"5 km SSE of Cepitá, Colombia",earthquake,,4.9,,72.0,reviewed,us,us,251188643150.95822,280,4.0,1804.793805399483,-5885.941513666674,724.412194601185,254.53325382857966,294.97838608332074,537.0715618092308,49.113604207634864,777.1710701639138,49.113604207634864
2010-10-14 06:26:53.360000+00:00,6.824,-73.035,145.0,4.5,mb,44.0,98.7,,0.8,us,usp000hn2x,2014-11-07T01:42:42.067Z,"10 km NW of Cepitá, Colombia",earthquake,,,,27.0,reviewed,us,us,354813389233.57605,282,5.0,1803.7992294030407,-5912.877538500043,739.7726371708226,261.4702984336307,288.5777368975431,539.0420274230986,34.232879989646484,781.5572246795595,34.232879989646484
2010-11-02 18:18:46.320000+00:00,6.789,-72.979,156.2,4.8,mb,142.0,46.1,,0.85,us,usp000hnx9,2014-11-07T01:42:50.398Z,"3 km N of Cepitá, Colombia",earthquake,,4.7,,88.0,reviewed,us,us,1000000000000.0,302,3.0,1806.4539645143036,-5900.908393108242,734.6722059770981,260.7947514610926,293.7938942618442,540.8446221707125,40.00623076323445,782.232708314216,40.00623076323445
2010-11-07 06:12:49.450000+00:00,6.747,-72.972,166.0,4.2,mb,23.0,72.0,,0.9,us,usp000hp7x,2014-11-07T01:42:52.968Z,"0 km SSE of Cepitá, Colombia",earthquake,,7.6,,11.0,reviewed,us,us,125892541179.41713,306,4.0,1804.48215615218,-5891.895506075347,728.9969091961293,257.0341446500495,293.63771777907755,538.2289083268782,44.61491580192378,779.021647465744,44.61491580192378
2010-12-14 19:00:02.590000+00:00,7.376,-73.172,140.1,4.4,mb,20.0,69.0,,1.52,us,usp000hqxk,2014-11-07T01:43:06.986Z,"11 km SSE of El Playón, Colombia",earthquake,,15.4,,4.0,reviewed,us,us,251188643150.95822,344,1.0,1788.9162830216903,-5914.728623097997,799.9241573081352,312.59967281202216,294.2654899802311,573.3335804378678,29.05714971928451,822.7573923920145,29.05714971928451
2011-01-06 11:04:45.300000+00:00,6.942,-72.958,179.2,4.5,mb,81.0,138.3,,0.73,us,usp000hsnm,2014-11-07T01:43:22.485Z,"7 km SW of Santa Bárbara, Colombia",earthquake,,7.1,,68.0,reviewed,us,us,354813389233.57605,366,2.0,1801.3439764150799,-5876.520306353462,748.3690317273511,276.9987675362191,299.9643675558853,554.2765708661868,26.815033852045847,797.1480371210187,26.815033852045847
2011-01-20 09:50:17.950000+00:00,6.592,-73.556,127.9,4.1,mb,13.0,86.4,,0.86,us,usp000htd9,2014-11-07T01:43:27.954Z,"12 km SSW of El Carmen de Chucurí, Colombia",earthquake,,7.8,,1.0,reviewed,us,us,89125093813.3744,380,2.0,1755.6008569238131,-5948.151556685373,716.6981930141451,216.81336167501848,227.09729985254484,480.18392615882965,75.67119964640668,726.8522620436034,75.67119964640668
2011-01-20 12:53:37.900000+00:00,3.046,-79.385,10.0,4.9,mb,179.0,146.7,,1.1,us,usp000htdk,2014-11-07T01:43:28.014Z,"119 km WNW of Mosquera, Colombia",earthquake,,,,113.0,reviewed,us,us,1412537544622.7554,380,3.0,1170.0959328528058,-6243.312143877162,338.00884905173245,617.7865235626351,551.4937085000845,319.9234521653105,828.2588474120391,310.10414163063757,310.10414163063757
2011-01-23 07:50:58.340000+00:00,5.229,-76.184,109.6,4.5,mb,15.0,76.3,,1.32,us,usp000hthu,2014-11-07T01:43:28.793Z,"17 km W of Pueblo Rico, Colombia",earthquake,,10.5,,4.0,reviewed,us,us,354813389233.57605,383,4.0,1489.0287322461309,-6054.939312164826,570.642901074232,240.93494642646309,131.11379997982843,201.36880275500477,398.3742575669351,462.800298678006,131.11379997982843
2011-01-27 14:06:47+00:00,4.39,-73.68,4.0,3.9,ml,7.0,107.7,,,us,usp000htqc,2014-11-07T01:43:30.479Z,"5 km NE of El Calvario, Colombia",earthquake,,,,,reviewed,rsnc,rsnc,44668359215.09617,387,5.0,1783.8888926307332,-6092.528837255747,487.3620686469425,56.24037474243525,294.6404550131105,333.14484945231084,309.68294709946287,533.5399234692334,56.24037474243525
2011-01-28 23:39:03.240000+00:00,6.678,-72.91,167.6,4.3,mb,62.0,73.5,,0.71,us,usp000htsq,2014-11-07T01:43:30.884Z,"11 km SE of Cepitá, Colombia",earthquake,,4.3,,31.0,reviewed,us,us,177827941003.89227,389,6.0,1810.6464180100947,-5889.255322653724,721.3895296869678,253.71294680321245,299.05210507645097,538.1505958538994,54.39853583360495,777.2600329023647,54.39853583360495
2011-01-29 00:05:16.760000+00:00,4.791,-76.001,121.6,4.5,mb,132.0,52.6,,0.89,us,usp000htss,2014-11-07T01:43:30.916Z,"0 km SW of Ansermanuevo, Colombia",earthquake,,5.1,,86.0,reviewed,us,us,354813389233.57605,389,7.0,1506.4787554522218,-6042.605552601688,521.9580970138999,213.93187839877046,168.13553051852972,160.15482275632138,410.29620961057003,422.41511128175824,160.15482275632138
2011-01-31 07:13:42.600000+00:00,3.941,-76.395,97.5,4.9,mb,253.0,53.3,,0.92,us,usp000htwj,2022-07-19T03:18:25.227Z,"8 km N of Yotoco, Colombia",earthquake,,3.6,,153.0,reviewed,us,us,1412537544622.7554,391,8.0,1472.2066557199566,-6083.05021882596,431.1726430274784,271.4153209062102,271.499935748024,56.50225952397553,505.9951818238867,318.8435251108529,56.50225952397553
2011-02-21 11:31:24.330000+00:00,4.605,-76.762,90.8,4.6,mb,31.0,64.7,,1.21,us,usp000huuy,2014-11-07T01:43:41.939Z,"14 km WSW of Sipí, Colombia",earthquake,,8.0,,1.0,reviewed,us,us,501187233627.2715,412,6.0,1433.501449301914,-6093.583209359774,504.2115681516472,298.34804133247974,224.2916961202586,130.7648884608007,490.0887988951947,381.4858832140171,130.7648884608007
2011-03-02 18:50:49.410000+00:00,8.596,-76.855,44.2,5.7,mww,297.0,31.3,,1.09,us,usp000hv8x,2022-07-19T07:07:53.690Z,"20 km NNW of Necoclí, Colombia",earthquake,,,,,reviewed,us,us,22387211385683.47,422,2.0,1422.654300683465,-6091.8151143840105,945.6434808686457,530.1412443149161,296.8348918404596,573.1444286464987,442.68233847234444,822.239745963338,296.8348918404596
2011-03-20 13:39:59.620000+00:00,4.883,-76.046,132.5,4.6,mb,149.0,61.0,,0.85,us,usp000hy1z,2022-07-19T09:24:46.179Z,"3 km S of El Águila, Colombia",earthquake,,5.4,,95.0,reviewed,us,us,501187233627.2715,439,3.0,1498.9094830815018,-6032.425762747508,531.0292162098865,219.55330251146174,159.8603899182649,168.04207012347024,407.832073985241,430.44258386756394,159.8603899182649
2011-04-01 01:27:52.360000+00:00,6.988,-77.918,11.6,4.7,mb,123.0,53.4,,0.96,us,usp000hz1e,2014-11-07T01:44:24.927Z,"21 km SW of Juradó, Colombia",earthquake,,12.0,,79.0,reviewed,us,us,707945784384.1403,451,3.0,1321.2069126750464,-6172.339783039128,773.6939036932885,495.03602176847875,271.0351019818792,422.1103615493276,529.3763781170135,645.9546300916977,271.0351019818792
2011-04-01 16:27:43.560000+00:00,6.669,-72.932,167.2,4.6,mb,100.0,53.8,,0.82,us,usp000hz2y,2014-11-07T01:44:26.555Z,"9 km ESE of Aratoca, Colombia",earthquake,,5.4,,77.0,reviewed,us,us,501187233627.2715,452,4.0,1808.534817627995,-5890.438174490786,720.4681574704916,251.6222367774243,296.49497537973656,535.6704362773279,54.316462416382485,774.9594606253138,54.316462416382485
2011-04-02 17:30:06.710000+00:00,6.778,-72.957,151.2,4.9,mb,312.0,28.6,,0.85,us,usp000hz54,2022-07-19T11:07:35.709Z,"3 km NE of Cepitá, Colombia",earthquake,,2.9,,202.0,reviewed,us,us,1412537544622.7554,453,4.0,1810.2161279262834,-5905.096088174535,734.0775160849008,260.8544236667323,295.92795360680134,541.7863849282611,42.12809363673753,782.7578699586422,42.12809363673753
2011-04-03 23:03:21.290000+00:00,2.536,-79.759,38.8,4.8,mb,232.0,64.4,,0.84,us,usp000hz7n,2014-11-07T01:44:28.135Z,"134 km WNW of Salahonda, Colombia",earthquake,,4.7,,158.0,reviewed,us,us,1000000000000.0,454,5.0,1124.6927349536652,-6225.216576895071,280.1814817100924,675.8077743607624,620.067817742211,372.51489539954116,894.4871231387352,312.1763513313959,312.1763513313959
2011-05-01 04:52:13.450000+00:00,6.624,-73.164,159.0,4.4,mb,83.0,83.6,,0.73,us,usp000j0uu,2014-11-07T01:44:42.227Z,"5 km SSE of Villanueva, Colombia",earthquake,,5.0,,58.0,reviewed,us,us,251188643150.95822,481,4.0,1787.191185477433,-5906.048837443273,716.5743480524108,235.25267295597143,270.4049235529946,513.3920137045479,55.26324671873713,755.2339388766038,55.26324671873713
2011-05-12 03:27:51.600000+00:00,6.89,-73.55,13.6,3.6,ml,9.0,74.0,,,us,usp000j1fb,2014-11-07T01:44:49.816Z,"15 km W of San Vicente de Chucurí, Colombia",earthquake,,,,,reviewed,rsnc,rsnc,15848931924.611109,492,2.0,1787.2779657080398,-6053.14194999371,762.6563882384258,249.08188787166063,235.58677319409347,505.17217159199816,53.61027298972004,754.6654275635116,53.61027298972004
2011-05-13 15:18:24.590000+00:00,6.722,-72.927,163.6,4.9,mb,361.0,33.7,,0.79,us,usp000j1hr,2022-07-19T15:00:23.039Z,northern Colombia,earthquake,,,,243.0,reviewed,us,us,1412537544622.7554,494,3.0,1809.902069373367,-5893.058423121735,726.5890729648768,257.00772309923957,298.0190197532045,540.020032344693,49.17652264579283,779.9124871955346,49.17652264579283
2011-05-16 05:12:37.520000+00:00,6.742,-72.934,153.8,4.7,mb,121.0,46.4,,0.73,us,usp000j1p5,2014-11-07T01:44:51.651Z,"4 km ESE of Cepitá, Colombia",earthquake,,4.0,,51.0,reviewed,us,us,707945784384.1403,496,4.0,1811.9636880407138,-5902.340377323254,729.891432640148,258.565818553204,297.65779931318576,540.9438056466461,46.83991392854962,781.1765934636252,46.83991392854962
2011-05-20 03:14:50.550000+00:00,6.725,-72.908,164.2,4.7,mb,230.0,33.8,,0.72,us,usp000j1vf,2022-07-19T15:42:29.280Z,"8 km ESE of Cepitá, Colombia",earthquake,,,,140.0,reviewed,us,us,707945784384.1403,500,5.0,1811.6698672785762,-5891.851986367516,726.8415939749137,258.3393484060779,300.1431696380713,541.8006578592925,49.83950072905386,781.4793517543646,49.83950072905386
2011-06-01 22:58:01.050000+00:00,4.79,-75.767,79.5,5.0,mb,249.0,61.2,,0.95,us,usp000j2jj,2022-07-19T16:34:26.677Z,"8 km WSW of Pereira, Colombia",earthquake,,4.4,,168.0,reviewed,us,us,1995262314968.8828,513,5.0,1541.4615844562102,-6077.0766108335265,525.3649205132125,188.02211851159424,163.00198875096157,171.30843007083828,390.63635197784464,431.74714960414883,163.00198875096157
2011-06-02 14:37:13.790000+00:00,7.179,-77.163,43.2,4.1,mb,23.0,62.6,,0.98,us,usp000j2k7,2014-11-07T01:45:00.442Z,"29 km S of Riosucio, Colombia",earthquake,,8.2,,3.0,reviewed,us,us,89125093813.3744,513,6.0,1394.8776131672985,-6121.2770029992,790.7826103537162,438.3487650975704,203.26806697409006,420.3125874908622,445.81607708369245,663.451379668847,203.26806697409006
2011-06-14 17:55:13.800000+00:00,6.76,-72.987,158.0,4.7,mb,268.0,57.4,,0.72,us,usp000j35s,2014-11-07T01:45:05.674Z,"1 km WNW of Cepitá, Colombia",earthquake,,3.0,,184.0,reviewed,us,us,707945784384.1403,526,5.0,1805.2155945311745,-5899.8061234585475,731.3366959632767,257.52983268759897,292.28752429359383,537.9975983932857,42.66787045289818,779.1434876164639,42.66787045289818
2011-06-29 02:23:45.390000+00:00,6.748,-73.029,158.8,4.3,mb,33.0,99.7,,0.92,us,usp000j3xb,2014-11-07T01:45:11.627Z,"6 km N of Aratoca, Colombia",earthquake,,6.2,,24.0,reviewed,us,us,177827941003.89227,540,4.0,1800.7031028207746,-5900.5143400758325,729.9504764373447,254.20788113967916,287.47940649978716,533.6989630227858,42.562449046981875,775.249271513916,42.562449046981875
2011-07-06 02:22:59.390000+00:00,6.774,-73.075,157.1,4.1,mb,27.0,98.7,,0.73,us,usp000j47f,2014-11-07T01:45:17.282Z,"5 km NNE of Jordán, Colombia",earthquake,,7.0,,19.0,reviewed,us,us,89125093813.3744,547,3.0,1796.360119338919,-5903.2556477163735,732.9504003364756,254.53959033111337,283.0768636471116,532.005250684368,38.754916090755394,774.4584534963581,38.754916090755394
2011-07-06 04:16:15+00:00,5.67,-76.09,36.0,4.7,mb,166.0,58.6,,,us,usp000j47n,2022-07-19T19:29:05.371Z,"15 km SW of Betania, Colombia",earthquake,,,,112.0,reviewed,rsnc,us,707945784384.1403,547,4.0,1515.4669427511758,-6119.137744793995,625.8899309510165,247.5973041486847,85.1053498681506,251.49240906600707,365.34959591582515,512.8532094154749,85.1053498681506
2011-07-09 10:57:35.030000+00:00,3.329,-75.882,182.8,4.3,mb,36.0,97.5,,0.94,us,usp000j4eh,2014-11-07T01:45:18.986Z,"21 km NNW of Gaitania, Colombia",earthquake,,5.7,,26.0,reviewed,us,us,177827941003.89227,550,5.0,1506.8767778484284,-5991.161245836102,359.3446017025,252.81631074242944,325.8641622032512,73.42680196809124,520.5318680648851,281.94219195560817,73.42680196809124
2011-07-17 09:25:21.720000+00:00,3.295,-78.334,10.0,4.5,mb,24.0,79.7,,1.47,us,usp000j52b,2014-11-07T01:45:23.008Z,"87 km N of Mosquera, Colombia",earthquake,,,,6.0,reviewed,us,us,354813389233.57605,558,5.0,1284.1071383749236,-6219.3021113113355,365.6105925885238,498.2644113099245,447.84907776100727,200.78250418663438,716.7444348006977,259.3247536316302,200.78250418663438
2011-07-28 14:48:01.270000+00:00,8.391,-77.22,56.8,4.3,mb,29.0,63.8,,1.21,us,usp000j5m8,2014-11-07T01:45:27.558Z,"14 km SSE of Acandí, Colombia",earthquake,,11.7,,3.0,reviewed,us,us,177827941003.89227,569,6.0,1381.8002813716912,-6091.858641390287,921.416255402304,536.9594588232638,299.4122185131833,554.4790437669845,473.0499168975777,798.1191430811656,299.4122185131833
2011-08-03 21:33:55.410000+00:00,6.739,-72.935,161.4,4.3,mb,57.0,101.1,,0.91,us,usp000j5xf,2014-11-07T01:45:33.401Z,"4 km ESE of Cepitá, Colombia",earthquake,,5.7,,40.0,reviewed,us,us,177827941003.89227,576,6.0,1809.6570252427507,-5895.19333338182,728.6763156849015,258.2207626696969,297.4882377048386,540.6374018607103,47.09029311465064,780.8463454357479,47.09029311465064
2011-08-04 13:16:43.520000+00:00,6.737,-73.012,161.2,4.1,mb,25.0,100.0,,0.82,us,usp000j5ys,2014-11-07T01:45:33.757Z,"4 km WSW of Cepitá, Colombia",earthquake,,6.0,,14.0,reviewed,us,us,89125093813.3744,576,7.0,1801.79828359965,-5897.834288140893,728.4845192912265,253.9821933010123,289.0905429717603,534.2344081301235,44.231187580837656,775.4303614798001,44.231187580837656
2011-08-07 14:45:39.650000+00:00,4.973,-78.246,29.0,4.6,mb,20.0,76.1,,0.79,us,usp000j64y,2014-11-07T01:45:34.727Z,"97 km W of Pizarro, Colombia",earthquake,,24.2,,2.0,reviewed,us,us,501187233627.2715,579,6.0,1287.0661965036359,-6185.64335151922,549.7644346660953,463.3757739757769,327.0146582510047,254.45005474878425,614.7005102949174,431.53192723290556,254.45005474878425
2011-08-08 11:29:43.200000+00:00,10.326,-74.026,91.3,4.3,mb,21.0,61.2,,1.12,us,usp000j664,2014-11-07T01:45:34.842Z,"8 km NNW of Ariguaní, Colombia",earthquake,,11.3,,2.0,reviewed,us,us,177827941003.89227,580,6.0,1700.19051906446,-5939.439888292816,1125.6278702304505,624.380178045619,485.0501618105475,812.8592365343726,370.1285979808631,1075.2129501307306,370.1285979808631
2011-08-13 14:10:23.320000+00:00,5.531,-77.629,35.0,4.2,mb,24.0,74.6,,1.05,us,usp000j6dt,2014-11-07T01:45:36.255Z,"44 km WSW of Nuquí, Colombia",earthquake,,,,6.0,reviewed,us,us,125892541179.41713,585,7.0,1351.1107989510913,-6160.06917218751,610.6909224991223,404.3413323627749,239.98417935437234,261.244191896136,528.3982979652404,481.62296289209405,239.98417935437234
2011-08-13 20:27:38.510000+00:00,5.396,-77.411,62.9,4.5,mb,37.0,66.5,,1.31,us,usp000j6e7,2014-11-07T01:45:36.314Z,"38 km SSW of Nuquí, Colombia",earthquake,,10.0,,11.0,reviewed,us,us,354813389233.57605,586,8.0,1368.7946843732946,-6129.1625127392535,593.2062157995858,377.58526504234953,223.3085563969848,237.1519657660883,511.2461137449442,465.2850713482319,223.3085563969848
2011-08-13 20:30:57.180000+00:00,5.645,-77.507,65.4,4.6,mb,241.0,46.1,,1.16,us,usp000j6e8,2014-11-07T01:45:36.317Z,"27 km WSW of Nuquí, Colombia",earthquake,,6.9,,181.0,reviewed,us,us,501187233627.2715,586,9.0,1357.414578943845,-6126.4435271446,620.2473132378266,394.3032256587447,223.16487045555758,266.7643217463081,511.4595537230075,493.38641902538905,223.16487045555758
2011-08-13 21:58:11.870000+00:00,5.483,-77.456,47.6,4.5,mb,106.0,59.8,,1.08,us,usp000j6ec,2014-11-07T01:45:36.360Z,"32 km SW of Nuquí, Colombia",earthquake,,8.2,,58.0,reviewed,us,us,354813389233.57605,586,10.0,1367.091017088954,-6144.215808360805,604.2034518966867,384.48660403552947,223.9842459205982,248.01931991510702,512.3101469375547,475.1322623408626,223.9842459205982
2011-08-17 08:02:07.820000+00:00,5.646,-77.525,50.9,5.0,mwc,255.0,60.8,,0.96,us,usp000j6kj,2022-04-08T21:59:16.756Z,"29 km WSW of Nuquí, Colombia",earthquake,,5.6,,,reviewed,us,gcmt,1995262314968.8828,589,10.0,1358.604496496943,-6140.948076032564,621.7833702908493,396.25535791847676,225.0325167706557,267.68007412010775,513.3081078599189,493.6029611776322,225.0325167706557
2011-08-23 16:52:04.960000+00:00,6.731,-72.985,157.2,4.7,mb,179.0,69.5,,0.64,us,usp000j6xa,2014-11-07T01:45:41.543Z,"2 km SSW of Cepitá, Colombia",earthquake,,,,130.0,reviewed,us,us,707945784384.1403,596,11.0,1805.7621061379266,-5900.8560201070495,728.3075490496519,254.7872957220323,291.8972564072127,535.9672928801705,45.77430025029006,776.7358630941683,45.77430025029006
2011-09-05 17:12:13.320000+00:00,6.748,-72.96,170.0,4.3,mb,37.0,47.8,,0.75,us,usp000j7nk,2014-11-07T01:45:50.595Z,"1 km ESE of Cepitá, Colombia",earthquake,,5.2,,10.0,reviewed,us,us,177827941003.89227,609,9.0,1804.548346554136,-5887.707372933719,728.6344458304585,257.7630793343807,294.96014945765444,539.2783287218795,45.023526179818006,779.9259740429547,45.023526179818006
2011-09-12 21:16:42.900000+00:00,6.905,-76.722,49.4,4.3,mb,24.0,122.1,,0.94,us,usp000j7z9,2014-11-07T01:45:53.125Z,northern Colombia,earthquake,,9.8,,15.0,reviewed,us,us,177827941003.89227,616,5.0,1441.3891066846943,-6107.979768346554,760.0047056432509,381.36470966957876,145.87337254475594,384.5764009198348,397.943213406204,635.8833394759305,145.87337254475594
2011-09-13 04:38:48.710000+00:00,5.603,-77.526,18.0,5.2,mwc,348.0,48.1,,0.96,us,usp000j7zr,2022-04-08T22:04:28.649Z,"30 km WSW of Nuquí, Colombia",earthquake,,8.0,,,reviewed,us,gcmt,3981071705534.9854,616,5.0,1365.6700623880884,-6173.395575940912,620.2752160533996,395.1479321078745,226.60469583577304,263.37673185740795,514.9769479401413,488.8350404709018,226.60469583577304
2011-09-13 04:49:35+00:00,5.617,-77.471,10.0,5.7,mwb,388.0,48.0,,1.0,us,usp000j7zs,2024-06-17T18:01:25.561Z,near the west coast of Colombia,earthquake,,,,,reviewed,us,us,22387211385683.47,616,6.0,1373.2896836295333,-6179.705638494037,622.6031371601775,389.6505007468424,220.33877480947496,262.3130780651688,508.71874939191525,490.08900859927985,220.33877480947496
2011-09-20 16:32:39.620000+00:00,6.808,-73.096,158.3,4.2,mb,48.0,69.7,,0.94,us,usp000j8b0,2014-11-07T01:45:56.004Z,"8 km N of Jordán, Colombia",earthquake,,5.5,,32.0,reviewed,us,us,125892541179.41713,624,6.0,1793.7230966033246,-5902.356406675766,736.4696811718132,256.96559032765083,281.6162459304532,532.9668493516986,34.74020286456634,776.0783972627794,34.74020286456634
2011-10-05 20:20:53.450000+00:00,7.433,-71.849,25.4,4.7,mb,74.0,54.3,,1.08,us,usp000j8yz,2015-03-24T02:15:53.319Z,"55 km NNE of Cubará, Colombia",earthquake,,10.6,,24.0,reviewed,us,us,707945784384.1403,639,5.0,1960.1850168787605,-5979.165622889255,820.9095648506959,389.8996200785333,432.7252352982447,681.6137505821321,144.75389543501848,916.8796933525407,144.75389543501848
2011-10-07 16:42:13.830000+00:00,3.754,-76.105,180.1,4.6,mb,15.0,91.6,,1.15,us,usp000j91t,2015-03-24T01:21:37.596Z,"9 km WNW of La Cumbre, Colombia",earthquake,,8.0,,5.0,reviewed,us,us,501187233627.2715,641,6.0,1483.5134073344007,-5996.843661658838,405.3355127314801,249.2830835438766,282.9104713434424,58.104467487573515,498.9778281491534,311.22699238726267,58.104467487573515
2011-10-10 20:38:42.330000+00:00,3.209,-79.555,10.6,4.8,mb,19.0,95.5,,1.42,us,usp000j96m,2014-11-07T01:46:05.886Z,"145 km WNW of Mosquera, Colombia",earthquake,,43.7,,2.0,reviewed,us,us,1000000000000.0,644,7.0,1151.2789359601938,-6245.196329570068,356.04462745407824,630.7112474084311,554.7782059843098,336.65672618684494,834.4292205848382,336.2432207576365,336.2432207576365
2011-10-20 01:11:51.980000+00:00,6.771,-73.021,155.8,4.5,mb,69.0,33.7,,0.96,us,usp000j9k5,2014-11-07T01:46:08.107Z,"5 km WNW of Cepitá, Colombia",earthquake,,4.3,,37.0,reviewed,us,us,354813389233.57605,653,5.0,1802.311192300981,-5902.831356456415,732.7805833546116,256.88758132172643,288.84769658487653,536.0951960375505,40.32322988535078,777.8143990337571,40.32322988535078
2011-10-31 18:42:13.320000+00:00,6.681,-73.062,161.8,4.1,mb,20.0,71.4,,0.78,us,usp000ja5y,2014-11-07T01:46:12.898Z,"5 km WSW of Aratoca, Colombia",earthquake,,5.7,,10.0,reviewed,us,us,89125093813.3744,665,5.0,1796.6837281189287,-5899.512638108239,722.3869142736662,245.9155344301902,282.54714690748733,525.9503405387079,49.19520189661922,767.1260246313174,49.19520189661922
2011-11-17 18:08:42.810000+00:00,6.754,-73.096,159.0,4.6,mb,16.0,98.6,,1.31,us,usp000jazv,2014-11-07T01:46:22.131Z,"2 km N of Jordán, Colombia",earthquake,,8.4,,6.0,reviewed,us,us,501187233627.2715,682,3.0,1793.7219987296166,-5902.352794054662,730.5729845734448,251.53195334829823,280.35535231081064,528.7923476685354,40.72628295009272,771.2851847860117,40.72628295009272
2011-12-15 01:53:03.210000+00:00,6.704,-72.967,165.2,4.4,mb,109.0,48.6,,0.87,us,usp000jc71,2014-11-07T01:46:34.063Z,"5 km S of Cepitá, Colombia",earthquake,,3.5,,55.0,reviewed,us,us,251188643150.95822,709,2.0,1805.3888011376466,-5893.019140385049,724.4655463044745,253.1019928887887,293.3211881497567,535.4041100788043,49.273959461777466,775.6020963394924,49.273959461777466
2011-12-16 04:06:17.170000+00:00,6.954,-73.185,171.9,4.1,mb,19.0,115.1,,1.14,us,usp000jc8j,2014-11-07T01:46:34.679Z,"12 km ENE of Betulia, Colombia",earthquake,,7.3,,9.0,reviewed,us,us,89125093813.3744,710,3.0,1780.098575542911,-5890.397216014898,750.5401447717848,268.01820584295166,276.1951441583816,537.5849135683856,19.6242915635812,783.3595261165892,19.6242915635812
2011-12-25 16:41:01.250000+00:00,8.445,-73.893,35.0,4.6,mb,17.0,93.7,,1.1,us,usp000jcmy,2014-11-07T01:46:37.300Z,"5 km ESE of Arenal, Colombia",earthquake,,,,12.0,reviewed,us,us,501187233627.2715,720,3.0,1738.749949067326,-6021.279403222476,930.5046818512823,415.6727561658454,307.4815997680291,627.2325878291535,170.0931919186114,887.3015514947913,170.0931919186114
2011-12-29 11:58:29.650000+00:00,6.803,-73.162,144.8,4.2,mb,35.0,75.5,,0.7,us,usp000jct2,2014-11-07T01:46:38.503Z,"10 km NW of Jordán, Colombia",earthquake,,5.0,,25.0,reviewed,us,us,125892541179.41713,723,4.0,1790.8244585379307,-5917.310450346884,737.5304962629533,253.47365288087224,274.38763005910675,527.3824339260512,35.437439266773914,771.2780833018893,35.437439266773914
2011-12-31 00:53:55.220000+00:00,1.734,-77.294,95.7,4.7,mb,99.0,73.9,,0.77,us,usp000jcve,2014-11-07T01:46:38.949Z,"4 km ESE of El Rosario, Colombia",earthquake,,4.8,,83.0,reviewed,us,us,707945784384.1403,725,5.0,1379.6099084321495,-6118.824201894162,189.88674748416327,487.33334350971364,536.2761906881044,208.9033334439024,756.4895389409573,57.8836037977184,57.8836037977184
2012-01-01 02:40:36.400000+00:00,6.677,-73.11,158.1,4.0,mb,23.0,129.3,,0.9,us,usp000jcwk,2015-03-24T02:18:26.587Z,"6 km SSW of Jordán, Colombia",earthquake,,6.2,,10.0,reviewed,us,us,63095734448.019424,726,6.0,1792.8230710556988,-5904.58038108154,722.38657880486,243.148191425697,277.24770257337735,521.7741032989645,49.201493715911916,763.5384493520048,49.201493715911916
2012-01-16 09:20:15.440000+00:00,6.446,-77.813,10.0,4.5,mb,30.0,114.0,,1.12,us,usp000jdjz,2014-11-07T01:46:47.574Z,"51 km WNW of Bahía Solano, Colombia",earthquake,,,,17.0,reviewed,us,us,354813389233.57605,741,5.0,1334.3371195723864,-6178.340033174525,714.1287599615856,456.7280641947073,247.6629512162538,361.93566311834604,523.2659853332073,584.7993408091905,247.6629512162538
2012-01-25 14:37:02.660000+00:00,5.519,-77.505,37.3,5.0,mb,243.0,59.6,,0.81,us,usp000jdyu,2015-03-24T02:34:50.687Z,"33 km SW of Nuquí, Colombia",earthquake,,4.1,,190.0,reviewed,us,us,1995262314968.8828,750,5.0,1363.97163106318,-6155.02028661548,609.1488742555039,390.6688949442167,227.556121737473,253.92835519043504,515.9668200576804,479.38303032045155,227.556121737473
2012-01-26 11:50:35.310000+00:00,5.544,-77.413,48.1,4.6,mb,91.0,59.5,,1.04,us,usp000je01,2014-11-07T01:46:50.627Z,"24 km SW of Nuquí, Colombia",earthquake,,6.4,,57.0,reviewed,us,us,501187233627.2715,751,6.0,1371.4524036602097,-6142.071100265965,610.8562136642861,381.4184464537412,217.0535544482674,252.32767914080122,505.4550449254511,481.7409417490063,217.0535544482674
2012-01-31 08:23:00+00:00,10.294,-73.54,10.0,3.0,ml,4.0,269.4,,,us,usp000je71,2014-11-07T01:46:52.271Z,"36 km WSW of Valledupar, Colombia",earthquake,,,,,reviewed,rsnc,rsnc,1995262314.9688828,756,4.0,1773.3519488990546,-6002.119998802944,1136.705496294303,623.5642624827957,503.203156185158,829.3630966584208,355.9770151694059,1091.0646231980081,355.9770151694059
2012-01-31 14:52:48.890000+00:00,5.092,-72.979,57.0,4.4,mb,15.0,197.2,,0.89,us,usp000je7e,2014-11-07T01:46:52.305Z,"8 km E of Páez, Colombia",earthquake,,7.7,,6.0,reviewed,us,us,251188643150.95822,756,5.0,1840.9537317608822,-6013.604299068044,560.4004744341416,128.29893737874932,315.14911095946735,434.14156770235155,225.98461948406657,643.4615968211643,128.29893737874932
2012-02-08 09:38:14.540000+00:00,5.333,-74.586,16.0,3.9,ml,22.0,66.4,,1.18,us,usp000jepa,2014-11-07T01:46:59.303Z,"7 km NNW of Cachipay, Colombia",earthquake,,11.0,,,reviewed,us,rsnc,44668359215.09617,764,6.0,1681.7945615841966,-6099.894535437831,590.6595543640275,89.57583583379929,149.62276052814303,300.51494648468463,256.15291080810596,547.076610929578,89.57583583379929
2012-02-20 12:09:38.070000+00:00,6.702,-73.044,163.1,4.2,mb,20.0,134.7,,0.86,us,usp000jf51,2014-11-07T01:47:02.688Z,"2 km WNW of Aratoca, Colombia",earthquake,,6.7,,8.0,reviewed,us,us,125892541179.41713,776,6.0,1798.083151135867,-5897.459256636333,724.495485089967,248.90063651173625,284.9086565737263,528.9961375173838,47.20788230107901,770.1894086226055,47.20788230107901
2012-02-24 03:05:40.730000+00:00,6.701,-72.885,154.8,4.4,mb,60.0,122.8,,0.93,us,usp000jf9z,2015-03-24T01:26:29.453Z,"8 km WNW of Molagavita, Colombia",earthquake,,4.7,,40.0,reviewed,us,us,251188643150.95822,780,7.0,1816.8717355947606,-5900.337079073478,725.3563880655786,257.3203232019278,302.1910385371576,541.9132549869822,53.40344656383271,780.9830743312277,53.40344656383271
2012-02-24 13:43:16.660000+00:00,6.702,-72.952,161.5,5.3,mb,470.0,33.4,,0.75,us,usp000jfaq,2025-12-22T16:23:31.585Z,"6 km SSE of Cepitá, Colombia",earthquake,,2.3,,293.0,reviewed,us,us,5623413251903.491,780,8.0,1808.0162675940423,-5896.083709989761,724.6822137383255,253.7138710789965,294.91534252040003,536.4808413175061,50.08165706566901,776.4547195646658,50.08165706566901
2012-02-25 06:15:12+00:00,6.778,-73.135,143.2,4.8,mb,248.0,29.7,,,us,usp000jfbu,2015-03-24T02:08:58.830Z,"6 km NW of Jordán, Colombia",earthquake,,,,150.0,reviewed,rsnc,us,1000000000000.0,781,8.0,1794.1668619922611,-5918.293775692449,735.0216975905247,252.13925253482515,276.6907966447915,527.5552946045744,37.97510492248393,770.8266118655392,37.97510492248393
2012-03-01 01:41:11.220000+00:00,4.214,-76.539,117.1,4.7,mb,87.0,55.5,,0.96,us,usp000jfmm,2015-03-24T01:46:56.025Z,"24 km W of Trujillo, Colombia",earthquake,,3.7,,39.0,reviewed,us,us,707945784384.1403,786,8.0,1451.8686553952634,-6065.6539567210175,459.5483595829786,279.0022069696477,249.41830517765916,84.77856926879642,497.22289346861976,343.65801878893916,84.77856926879642
2012-03-16 16:34:07.870000+00:00,3.144,-77.939,48.8,4.6,mb,46.0,71.4,,1.31,us,usp000jgbm,2014-11-07T01:47:15.806Z,"51 km NW of Timbiquí, Colombia",earthquake,,9.4,,26.0,reviewed,us,us,501187233627.2715,802,6.0,1319.054022171933,-6173.335990752706,346.7449666099758,462.99418290996954,432.5446961831619,159.89314602189796,692.6704039936058,226.75614442715874,159.89314602189796
2012-03-25 11:30:17.660000+00:00,6.676,-72.868,159.9,4.3,mb,91.0,150.4,,0.78,us,usp000jgrt,2014-11-07T01:47:18.956Z,"6 km W of Molagavita, Colombia",earthquake,,3.6,,62.0,reviewed,us,us,177827941003.89227,810,5.0,1817.2232381257065,-5895.258974506288,722.0696201329804,255.9094378927574,303.5981021369383,541.4796517282223,56.747662768797795,780.0001273651974,56.747662768797795
2012-04-19 17:47:14.880000+00:00,7.137,-77.229,48.5,4.2,mb,15.0,63.9,,0.82,us,usp000jj8c,2014-11-07T01:47:34.385Z,"35 km SSW of Riosucio, Colombia",earthquake,,9.1,,2.0,reviewed,us,us,125892541179.41713,836,2.0,1386.790737860358,-6118.314577330823,785.5217579455602,441.20413444953715,207.29492622802297,416.99840326918746,453.0734888865762,658.6773476543339,207.29492622802297
2012-05-20 04:59:57.610000+00:00,6.764,-72.922,155.4,4.3,mb,48.0,84.5,,0.78,us,usp000jknk,2014-11-07T01:47:49.708Z,"5 km E of Cepitá, Colombia",earthquake,,4.3,,28.0,reviewed,us,us,177827941003.89227,866,1.0,1812.6507867517978,-5900.173611630004,732.073656070926,261.34769286216516,299.4167396217823,543.572341344329,45.29471509240596,783.9178882898359,45.29471509240596
2012-05-21 23:31:06.250000+00:00,5.819,-77.97,35.0,4.5,mb,51.0,60.3,,1.09,us,usp000jkrt,2014-11-07T01:47:50.854Z,"77 km SW of Bahía Solano, Colombia",earthquake,,,,20.0,reviewed,us,us,354813389233.57605,868,2.0,1313.7685923183583,-6164.921099337079,642.3830047458844,448.83130336205807,268.3490863640193,307.7232645468718,554.7236408682111,517.7703093999908,268.3490863640193
2012-05-24 18:49:38.890000+00:00,6.748,-73.15,146.7,4.3,mb,20.0,97.9,,1.0,us,usp000jkw1,2014-11-07T01:47:52.465Z,"6 km WNW of Jordán, Colombia",earthquake,,9.5,,16.0,reviewed,us,us,177827941003.89227,871,3.0,1791.7211995932535,-5915.804277607276,731.3722595037128,248.41732360654444,274.3799251614478,524.0404433088187,41.39650116538874,767.1634954360792,41.39650116538874
2012-05-30 00:57:50.540000+00:00,5.279,-73.71,156.3,4.2,mb,66.0,58.4,,0.88,us,usp000jm3w,2014-11-07T01:47:55.058Z,"3 km S of Lenguazaque, Colombia",earthquake,,3.8,,29.0,reviewed,us,us,125892541179.41713,876,4.0,1735.824414322829,-5939.904787215064,571.787383089529,74.81901053686472,233.18150689510335,373.0626210855121,214.68319521933026,601.2133804624161,74.81901053686472
2012-06-10 15:21:40.870000+00:00,6.793,-73.2,155.6,4.2,mb,18.0,96.7,,1.2,us,usp000jmkp,2014-11-07T01:48:03.081Z,"7 km ESE of Zapatoca, Colombia",earthquake,,7.9,,8.0,reviewed,us,us,125892541179.41713,888,5.0,1783.8371039132076,-5908.353537743569,735.1740064335702,250.80698813966686,270.0494891077029,523.626074550762,37.27258592982864,767.8939707867736,37.27258592982864
2012-06-15 06:59:21+00:00,6.803,-73.146,150.6,4.4,mb,65.0,34.2,,,us,usp000jmss,2014-11-07T01:48:05.283Z,"9 km NW of Jordán, Colombia",earthquake,,,,20.0,reviewed,rsnc,us,251188643150.95822,892,6.0,1790.8070365001909,-5911.298338412051,736.843451696713,254.1819228474149,276.1095891410544,528.6375849979022,35.26485423046669,772.3299218249705,35.26485423046669
2012-06-20 12:31:29.400000+00:00,2.248,-76.354,158.4,4.7,mb,282.0,72.8,,0.92,us,usp000jn07,2014-11-07T01:48:07.311Z,"28 km E of Paispamba, Colombia",earthquake,,4.0,,180.0,reviewed,us,us,707945784384.1403,897,6.0,1464.5633755136332,-6032.5839098554325,243.6888377777213,373.01624370700745,452.54170594485714,135.28623276850507,649.2760625721729,154.42450475255322,135.28623276850507
2012-06-20 17:38:31.890000+00:00,6.47,-74.011,57.6,4.2,mb,36.0,59.3,,0.63,us,usp000jn0g,2014-11-07T01:48:07.353Z,"18 km NNW of Cimitarra, Colombia",earthquake,,5.5,,3.0,reviewed,us,us,125892541179.41713,898,7.0,1727.967736097919,-6030.5090273319265,711.4126329162029,195.70870896890398,175.3315596011691,436.6033842209647,121.78831315263929,687.8618008623267,121.78831315263929
2012-06-27 03:47:52+00:00,3.755,-76.343,142.8,4.5,mb,106.0,64.6,,,us,usp000jn9m,2015-03-24T02:01:29.410Z,"1 km SW of Guacarí, Colombia",earthquake,,,,67.0,reviewed,rsnc,us,354813389233.57605,904,6.0,1467.3767759393618,-6039.114964366078,407.88611719878605,273.3383317455369,289.36234888810793,39.72498201439525,516.6997573078833,301.19147220788346,39.72498201439525
2012-07-09 09:50:39.710000+00:00,7.378,-73.032,42.1,4.3,mb,61.0,42.7,,1.11,us,usp000jnsu,2015-03-24T01:31:09.681Z,"5 km WNW of Suratá, Colombia",earthquake,,5.5,,22.0,reviewed,us,us,177827941003.89227,916,6.0,1831.7184742831269,-6003.270901341814,812.7245081037788,318.0738920346826,308.39886953167314,583.6687145266526,30.456287874788746,831.6288717101679,30.456287874788746
2012-07-13 05:31:31.690000+00:00,6.719,-73.109,159.6,4.2,mb,101.0,98.9,,0.86,us,usp000jnyp,2014-11-07T01:48:19.442Z,"2 km SW of Jordán, Colombia",earthquake,,4.8,,82.0,reviewed,us,us,125892541179.41713,920,6.0,1792.3389509366764,-5902.615379630245,726.7342878299503,247.4013568239035,278.1935915275249,525.0652347423855,44.53701146680678,767.3175631775023,44.53701146680678
2012-07-30 10:18:56.030000+00:00,6.8,-73.033,157.0,4.3,mb,26.0,70.6,,1.01,us,usp000jpn2,2014-11-07T01:48:25.324Z,"8 km NW of Cepitá, Colombia",earthquake,,7.9,,16.0,reviewed,us,us,177827941003.89227,937,3.0,1800.6186798255515,-5901.713502705059,735.7622590565969,259.17409501484497,288.2157684089974,537.3544453924861,36.859134710434226,779.5678554793278,36.859134710434226
2012-07-31 01:26:39.810000+00:00,4.555,-75.918,63.1,4.5,mb,130.0,86.8,,0.71,us,usp000jpny,2015-03-24T02:01:32.649Z,"6 km ESE of Obando, Colombia",earthquake,,4.0,,104.0,reviewed,us,us,354813389233.57605,938,4.0,1529.9295733159643,-6099.013742152034,500.94838430107995,205.31800051211178,191.4949054604325,140.32774652010932,420.59282135013,401.1927965897591,140.32774652010932
2012-07-31 23:44:45.730000+00:00,6.993,-76.638,51.9,4.3,mb,36.0,60.3,,1.34,us,usp000jpqf,2014-11-07T01:48:25.684Z,"20 km E of Murindó, Colombia",earthquake,,8.9,,15.0,reviewed,us,us,177827941003.89227,939,5.0,1449.4973887994745,-6102.302903066565,769.3382930082753,380.7029716948601,143.37998995271616,393.9605531333346,388.1762004179982,646.5826753377345,143.37998995271616
2012-08-06 15:31:51.930000+00:00,6.776,-73.153,156.5,4.2,mb,43.0,69.2,,1.01,us,usp000jpz2,2014-11-07T01:48:31.368Z,"7 km NW of Jordán, Colombia",earthquake,,5.4,,22.0,reviewed,us,us,125892541179.41713,945,6.0,1788.4872794934324,-5906.241411606767,733.2365845424665,251.12374590481636,274.70140830474907,525.9800215021495,38.31944699257795,769.4595979576078,38.31944699257795
2012-08-09 12:00:59.190000+00:00,6.434,-71.862,36.3,4.6,mb,185.0,58.5,,0.74,us,usp000jq3a,2014-11-07T01:48:32.404Z,"14 km WSW of Tame, Colombia",earthquake,,4.1,,135.0,reviewed,us,us,501187233627.2715,947,6.0,1959.6143073109606,-5982.0095109188715,709.8577800224118,310.68650254921425,411.56801968974503,614.4625891509808,158.69546470827893,835.5765520959914,158.69546470827893
2012-08-20 13:00:30.870000+00:00,6.755,-73.146,155.9,4.1,mb,38.0,97.9,,0.94,us,usp000jqj8,2014-11-07T01:48:36.131Z,"6 km WNW of Jordán, Colombia",earthquake,,5.9,,25.0,reviewed,us,us,89125093813.3744,958,6.0,1789.4594005939853,-5906.849909446356,731.0452864901058,249.30849840646368,274.9704199101308,524.8998785044605,40.58987361376207,768.0512731843572,40.58987361376207
2012-08-20 20:17:43.630000+00:00,5.465,-73.302,43.1,4.0,mb,18.0,58.1,,1.21,us,usp000jqjk,2014-11-07T01:48:36.180Z,"3 km NNW of Viracachá, Colombia",earthquake,,10.9,,2.0,reviewed,us,us,63095734448.019424,959,7.0,1809.912651408583,-6033.518221255832,602.6545262793754,119.60030310119977,266.5842584079262,422.28512265570123,185.01407488464235,646.907783411296,119.60030310119977
2012-08-28 22:04:02.080000+00:00,6.668,-72.93,155.2,4.4,mb,119.0,46.8,,0.78,us,usp000jr0d,2014-11-07T01:48:39.171Z,"10 km ESE of Aratoca, Colombia",earthquake,,,,75.0,reviewed,us,us,251188643150.95822,967,8.0,1812.2427732019196,-5901.780826697949,721.754005598783,251.63713644614435,296.6957405793257,535.7613285076748,54.5047795541396,775.0106980134813,54.5047795541396
2012-09-01 05:09:45.650000+00:00,6.719,-72.919,163.9,5.1,mb,643.0,30.2,,0.79,us,usp000jrcv,2025-12-22T16:32:30.130Z,"7 km ESE of Cepitá, Colombia",earthquake,,,,295.0,reviewed,us,us,2818382931264.449,970,6.0,1810.6485380602792,-5892.557216008495,726.2311874922376,257.15565253815686,298.83052400847237,540.4517638689794,49.868342440802046,780.2008462782862,49.868342440802046
2012-09-07 07:52:13.370000+00:00,7.337,-75.127,66.6,4.3,mb,50.0,45.5,,1.09,us,usp000jrxd,2014-11-07T01:48:48.463Z,"18 km NNW of Cruces de Anorí, Colombia",earthquake,,7.1,,22.0,reviewed,us,us,177827941003.89227,976,6.0,1604.947312773213,-6043.294695922101,805.1041556605185,314.4327234097978,131.45567501304544,459.17098356963066,222.41777477928068,721.5335619690434,131.45567501304544
2012-09-13 18:13:43.760000+00:00,1.809,-79.222,10.0,4.3,mb,15.0,161.8,,1.1,us,usp000js9f,2014-11-07T01:48:51.319Z,"47 km W of Tumaco, Colombia",earthquake,,,,3.0,reviewed,us,us,177827941003.89227,983,6.0,1188.940421416881,-6245.672103117387,200.80252653359804,656.4414150609279,637.3550862834721,350.1933227178519,897.5035238223279,225.67199816148604,225.67199816148604
2012-09-26 02:22:25.200000+00:00,6.82,-73.14,147.0,4.3,mb,51.0,70.6,,,us,usp000jszd,2014-11-07T01:48:55.110Z,"10 km NNW of Jordán, Colombia",earthquake,,,,37.0,reviewed,rsnc,us,177827941003.89227,995,5.0,1792.399303395724,-5914.322164862793,739.1035566138288,256.1788107939926,277.1814746192196,530.4381569757226,33.33537341127633,774.2427511802186,33.33537341127633
2012-09-29 05:26:11.360000+00:00,7.132,-71.935,35.0,4.5,mb,135.0,29.1,,1.04,us,usp000jt7m,2014-11-07T01:48:56.417Z,"23 km NE of Cubará, Colombia",earthquake,,,,83.0,reviewed,us,us,354813389233.57605,998,5.0,1949.5646867975993,-5977.06238020729,786.6503893741766,358.2328538692221,414.59904902000244,653.032510947154,131.0537739328317,885.5970302378504,131.0537739328317
2012-09-30 09:30:12.910000+00:00,8.411,-77.087,40.1,4.3,mb,80.0,123.2,,0.8,us,usp000jt9s,2015-03-24T01:33:04.553Z,"23 km ESE of Acandí, Colombia",earthquake,,4.5,,59.0,reviewed,us,us,177827941003.89227,999,6.0,1399.5573726597552,-6104.4233908885535,926.0394351248788,529.2888215867107,292.6199711235579,554.8636610386848,459.7673356080917,800.6029017116433,292.6199711235579
2012-09-30 16:31:35.970000+00:00,1.929,-76.362,170.0,7.3,mww,934.0,15.5,,0.87,us,usp000jta1,2022-05-03T15:51:10.914Z,"11 km WNW of San Agustín, Colombia",earthquake,,,,,reviewed,us,us,5623413251903491.0,1000,7.0,1461.2846964971377,-6022.746793531157,208.73211730213293,400.37184532206965,487.5769137768474,170.3550325976024,679.65216903352,129.47864018584195,129.47864018584195
2012-10-20 03:42:02.650000+00:00,10.942,-74.158,23.6,4.4,mb,97.0,30.0,,1.09,us,usp000ju6v,2015-03-24T02:35:11.926Z,"12 km SE of Ciénaga, Colombia",earthquake,,11.5,,52.0,reviewed,us,us,251188643150.95822,1019,5.0,1701.246617178712,-5995.300164720736,1204.8330350872284,692.9201357797621,545.2908451090058,873.0410832551518,440.00123357350446,1135.3986386378197,440.00123357350446
2012-10-20 10:56:40.570000+00:00,2.669,-79.738,10.0,4.8,mb,264.0,144.3,,0.88,us,usp000ju78,2014-11-07T01:49:07.177Z,"138 km WNW of Salahonda, Colombia",earthquake,,,,224.0,reviewed,us,us,1000000000000.0,1019,6.0,1131.9805628076099,-6252.455745262891,296.20627771003666,668.4256652486164,608.5420273776559,366.46169022074304,884.1650590279769,317.38883756313527,317.38883756313527
2012-10-20 21:51:10.710000+00:00,6.761,-73.063,159.0,4.4,mb,97.0,165.2,,0.68,us,usp000ju7k,2014-11-07T01:49:07.236Z,"4 km NE of Jordán, Colombia",earthquake,,5.4,,74.0,reviewed,us,us,251188643150.95822,1020,7.0,1797.0951966261523,-5901.233276480781,731.3266512435653,253.81932108419142,284.0813364820282,531.9643874651697,40.38242907081361,774.1108529854499,40.38242907081361
2012-10-30 12:18:20.780000+00:00,6.749,-72.97,164.4,4.4,mb,117.0,68.0,,0.52,us,usp000jut7,2014-11-07T01:49:11.981Z,"0 km SE of Cepitá, Colombia",earthquake,,3.5,,89.0,reviewed,us,us,251188643150.95822,1029,5.0,1805.1457159265476,-5893.327421028837,729.4000362089522,257.33470329229283,293.89646200540716,538.5420371001989,44.49178975616374,779.3328727933787,44.49178975616374
2012-11-05 16:46:00.130000+00:00,6.728,-72.896,160.6,4.5,mb,118.0,49.0,,0.64,us,usp000jv2t,2014-11-07T01:49:18.490Z,"9 km ESE of Cepitá, Colombia",earthquake,,4.2,,85.0,reviewed,us,us,354813389233.57605,1036,5.0,1813.944112788827,-5894.853125724176,727.5861061198578,259.2920795735046,301.50631471405126,543.0087170859781,50.19334043190899,782.5663665400634,50.19334043190899
2012-11-25 22:24:08+00:00,6.824,-73.161,152.0,4.3,mb,44.0,103.6,,,us,usp000jw2d,2014-11-07T01:49:26.380Z,"11 km E of Zapatoca, Colombia",earthquake,,,,28.0,reviewed,rsnc,us,177827941003.89227,1056,3.0,1788.7783630361982,-5910.177604546866,738.9408979385393,255.66112855089835,275.02768634914594,529.1083285910887,33.10685214278592,773.2221933472455,33.10685214278592
2012-12-10 10:50:52.380000+00:00,2.167,-76.04,53.6,4.3,mb,22.0,80.9,,0.99,us,usp000jwsr,2014-11-07T01:49:35.080Z,"7 km WSW of La Argentina, Colombia",earthquake,,8.5,,4.0,reviewed,us,us,177827941003.89227,1070,2.0,1522.9477414323117,-6126.427308256301,238.87522583489175,357.38383823312466,456.20875036413247,152.93525174737414,638.5219434014629,173.9738677779448,152.93525174737414
2012-12-16 16:49:05.660000+00:00,5.874,-78.075,14.5,4.6,mb,78.0,60.2,,0.91,us,usp000jx1n,2014-11-07T01:49:37.135Z,"83 km WSW of Bahía Solano, Colombia",earthquake,,12.9,,38.0,reviewed,us,us,501187233627.2715,1077,3.0,1306.5542633721675,-6186.664448206699,650.5314843720637,461.6777088010353,278.8036872234777,319.0495611987892,564.3719925912699,525.6456817948247,278.8036872234777
2012-12-19 00:23:30.100000+00:00,6.786,-72.975,165.6,4.3,mb,66.0,48.8,,0.53,us,usp000jx4e,2014-11-07T01:49:37.709Z,"3 km N of Cepitá, Colombia",earthquake,,3.8,,39.0,reviewed,us,us,177827941003.89227,1079,4.0,1804.1442463980536,-5891.893939972521,733.2383639062247,260.7051202225791,294.1586685136255,540.9389757304997,40.488462426696294,782.2396453337583,40.488462426696294
2013-01-02 16:50:39.480000+00:00,4.101,-76.274,145.4,4.6,mb,105.0,66.4,,0.86,us,usp000jxrc,2015-03-24T02:14:28.183Z,"6 km SSE of Riofrío, Colombia",earthquake,,,,60.0,reviewed,us,us,501187233627.2715,1094,4.0,1473.4217920964843,-6032.32129283004,445.22286851027457,253.36342942592577,250.3570470615351,77.67703095860891,483.9669724334147,339.98989325354125,77.67703095860891
2013-01-30 14:10:44.930000+00:00,4.809,-78.54,10.0,4.5,mb,23.0,69.0,,1.14,us,us2013lada,2014-11-07T01:49:54.708Z,"131 km W of Pizarro, Colombia",earthquake,,,,3.0,reviewed,us,us,354813389233.57605,1121,2.0,1259.3784089039864,-6212.2387001198595,533.2704341322393,495.2133230164903,364.2819887846366,269.0248453439303,651.8288200665282,423.5174283810984,269.0248453439303
2013-02-08 00:01:20.860000+00:00,7.097,-76.744,32.0,4.6,mb,37.0,54.6,,1.14,us,usp000jz59,2014-11-07T01:50:04.069Z,"15 km NNE of Murindó, Colombia",earthquake,,14.8,,15.0,reviewed,us,us,501187233627.2715,1130,2.0,1442.4109304239528,-6122.826159168248,783.1803958211153,397.13004763454205,159.6373846518633,406.0288488665062,399.58207671661586,656.9079794811199,159.6373846518633
2013-02-09 14:16:07.880000+00:00,1.135,-77.393,145.0,6.9,mww,562.0,23.7,,0.91,us,usc000f4ij,2022-07-24T17:45:19.488Z,"2 km NNE of Yacuanquer, Colombia",earthquake,,,,,reviewed,us,us,1412537544622761.2,1131,3.0,1358.6355226911382,-6074.699685050679,123.32579992424904,542.2832802834741,602.6186005592263,274.78127554421474,816.628569858602,15.203363534419967,15.203363534419967
2013-02-27 18:49:18.580000+00:00,11.96,-71.949,50.5,4.4,mb,45.0,76.9,,0.86,us,usb000fijz,2014-11-07T01:50:12.408Z,"43 km NE of Uribia, Colombia",earthquake,,5.4,,29.0,reviewed,us,us,251188643150.95822,1150,4.0,1915.9778367546246,-5878.962569474598,1309.7894051265248,839.1684871174531,750.2278860654546,1072.2035021810395,553.4251515269015,1331.818290563898,553.4251515269015
2013-03-09 04:38:37.950000+00:00,7.433,-74.731,68.3,4.4,mb,29.0,81.6,,1.16,us,usb000fhvg,2014-11-07T01:50:18.789Z,"16 km ESE of Zaragoza, Colombia",earthquake,,10.0,,13.0,reviewed,us,us,251188643150.95822,1159,4.0,1645.8754040605284,-6029.121822620365,815.3597318432427,311.31584933414916,162.1239550121262,485.51121145563224,180.79132502633234,747.0820098329085,162.1239550121262
2013-03-13 12:12:08.450000+00:00,6.744,-72.958,156.6,4.6,mb,204.0,66.9,,0.72,us,usb000fk6s,2014-11-07T01:50:20.134Z,"2 km ESE of Cepitá, Colombia",earthquake,,4.0,,168.0,reviewed,us,us,501187233627.2715,1163,3.0,1808.668769158128,-5900.415960852508,729.7781391553123,257.478393711264,295.09414852011474,539.1396852272532,45.5194859819632,779.7122751560737,45.5194859819632
2013-03-20 16:24:37.400000+00:00,6.754,-73.078,162.5,4.4,mb,86.0,62.2,,0.8,us,us2013mzav,2014-11-07T01:50:22.013Z,"3 km NE of Jordán, Colombia",earthquake,,6.4,,60.0,reviewed,us,us,251188643150.95822,1171,4.0,1794.5645153585722,-5898.463769243081,730.1613610309453,252.39331267382136,282.3031963513032,530.228441002543,40.918075504697974,772.4876737022465,40.918075504697974
2013-04-12 22:36:48.260000+00:00,6.734,-73.022,165.6,4.3,mb,68.0,82.5,,0.84,us,usb000g60g,2014-11-07T01:50:33.410Z,"4 km N of Aratoca, Colombia",earthquake,,5.0,,46.0,reviewed,us,us,177827941003.89227,1194,2.0,1799.504069367728,-5894.0059413311865,727.6456746807863,253.17691821301213,287.94338816101845,533.1992645137102,44.26187448638968,774.4901850769481,44.26187448638968
2013-04-14 15:23:30.060000+00:00,6.602,-72.787,176.0,4.3,mb,70.0,178.5,,0.74,us,us2013nza3,2014-11-07T01:50:33.995Z,"8 km SSE of Molagavita, Colombia",earthquake,,6.0,,47.0,reviewed,us,us,177827941003.89227,1196,3.0,1821.0973023651534,-5878.29302582633,712.2504600489098,253.8355270353499,311.30249199994535,542.9084845778477,68.42644280943024,779.3400641017329,68.42644280943024
2013-04-17 03:02:57+00:00,5.804,-77.794,6.0,4.5,mb,26.0,59.8,,,us,usp000k08w,2014-11-07T01:50:34.889Z,"58 km W of Nuquí, Colombia",earthquake,,,,13.0,reviewed,rsnc,us,354813389233.57605,1198,4.0,1338.8351093568567,-6189.219690896217,643.6654160166945,429.65594688428155,249.54033403254564,296.61827877287215,536.4341511587028,513.5919177281379,249.54033403254564
2013-05-02 03:42:15.400000+00:00,11.4,-73.202,18.3,4.3,mb,52.0,47.0,,1.11,us,usc000glll,2014-11-07T01:50:43.328Z,near the north coast of Colombia,earthquake,,19.0,,27.0,reviewed,us,us,177827941003.89227,1213,4.0,1799.6994634541356,-5961.644291228026,1255.6577862264746,749.9191795783719,630.051512871709,956.9375020816038,476.07163570866805,1218.870935835254,476.07163570866805
2013-05-08 20:55:31.940000+00:00,5.608,-77.211,10.0,4.6,mb,16.0,78.2,,1.22,us,usp000k0mp,2014-11-07T01:50:45.721Z,"13 km SSE of Nuquí, Colombia",earthquake,,,,1.0,reviewed,us,us,501187233627.2715,1220,5.0,1401.33969403922,-6173.505538328231,621.6087436166929,361.6382750443647,193.64059354666315,251.3145832491053,482.02467069550784,488.6969024780095,193.64059354666315
2013-05-12 17:58:50.400000+00:00,5.928,-77.424,26.5,4.5,mb,22.0,64.0,,1.4,us,usp000k0p0,2014-11-07T01:50:47.763Z,"29 km NW of Nuquí, Colombia",earthquake,,8.2,,12.0,reviewed,us,us,354813389233.57605,1224,6.0,1374.0289271110573,-6159.1696315246345,655.2512552958174,395.0049837424711,206.76604077058752,292.5668564591186,493.29420478662,524.457056536848,206.76604077058752
2013-05-16 13:29:00+00:00,5.767,-77.262,28.6,4.6,mb,30.0,73.9,,1.07,us,usb000gwzj,2014-11-07T01:50:48.949Z,"6 km N of Nuquí, Colombia",earthquake,,15.9,,13.0,reviewed,us,us,501187233627.2715,1227,5.0,1391.3778489866068,-6154.993717225431,637.3050935500669,372.21983950134774,193.2958273170341,269.87313981634463,481.43487204941533,506.31941445866204,193.2958273170341
2013-05-16 16:29:17.590000+00:00,12.089,-73.426,27.2,5.0,mb,438.0,30.0,,0.77,us,usb000gx21,2014-11-07T01:50:48.994Z,"82 km NW of Riohacha, Colombia",earthquake,,3.8,,381.0,reviewed,us,us,1995262314968.8828,1228,6.0,1769.4604704215906,-5945.390124664456,1328.587350970111,823.4644558968427,691.5971147076414,1019.4614858074353,553.6043249164345,1281.8359525815783,553.6043249164345
2013-05-23 16:32:09.090000+00:00,4.206,-76.21,77.0,4.4,mb,21.0,112.6,,0.8,us,usb000h5xz,2014-11-07T01:50:53.366Z,"6 km W of Bugalagrande, Colombia",earthquake,,8.1,,16.0,reviewed,us,us,251188643150.95822,1235,6.0,1496.2222539413385,-6096.11870656525,461.61854628678594,243.56481158669504,237.0911326780602,91.17573942551279,470.76082353092613,353.3635274986147,91.17573942551279
2013-05-30 20:55:54.380000+00:00,6.808,-72.941,162.4,4.3,mb,41.0,168.0,,0.52,us,usp000k11k,2014-11-07T01:50:55.796Z,"6 km NNE of Cepitá, Colombia",earthquake,,19.8,,28.0,reviewed,us,us,177827941003.89227,1242,7.0,1808.4896440946404,-5893.5903509336395,735.9836564655175,264.6291084051772,298.33432229496356,545.352218161652,40.00502461516809,786.4749444137002,40.00502461516809
2013-06-01 06:44:26.790000+00:00,3.963,-76.251,111.2,4.0,mb,28.0,57.0,,0.84,us,usb000hb94,2014-11-07T01:50:58.086Z,"4 km SW of San Pedro, Colombia",earthquake,,12.9,,24.0,reviewed,us,us,63095734448.019424,1243,7.0,1484.202626099648,-6065.894065606391,432.6289282052937,255.5037597398846,264.2814775968954,64.85251011723048,492.96738224115273,326.42743542829425,64.85251011723048
2013-06-14 10:49:24.730000+00:00,6.692,-72.985,168.9,4.4,mb,146.0,72.0,,0.84,us,usc000hql8,2014-11-07T01:51:04.314Z,"3 km E of Aratoca, Colombia",earthquake,,10.3,,133.0,reviewed,us,us,251188643150.95822,1256,6.0,1802.5064009192665,-5890.217050735657,722.743509045929,250.97469066184533,291.13532208838717,533.0360288373658,49.885813772272364,773.3237196814102,49.885813772272364
2013-06-18 06:02:02.740000+00:00,6.793,-73.076,164.9,4.6,mb,116.0,40.0,,0.81,us,usc000hthv,2022-07-25T16:47:08.267Z,"6 km NNE of Jordán, Colombia",earthquake,,6.3,,297.0,reviewed,us,us,501187233627.2715,1260,5.0,1793.9315715064972,-5895.644334755769,734.0739777532227,256.39681913503114,283.4109908039288,533.3905245122747,36.64722061361407,776.0755297611593,36.64722061361407
2013-06-27 16:34:37.880000+00:00,2.205,-79.817,19.9,4.5,mb,46.0,82.0,,0.87,us,usp000k1ha,2014-11-07T01:51:07.830Z,"122 km WNW of Tumaco, Colombia",earthquake,,5.3,,35.0,reviewed,us,us,354813389233.57605,1270,5.0,1121.9968334408595,-6246.429633750766,244.3586428775651,695.8212005428874,649.8219984603792,390.26928749837583,921.2401108855239,302.64185646026493,302.64185646026493
2013-07-01 03:41:07.710000+00:00,6.374,-71.583,9.7,4.2,mb,25.0,57.0,,1.24,us,us2013scby,2014-11-07T01:51:10.326Z,"19 km ESE of Tame, Colombia",earthquake,,6.2,,5.0,reviewed,us,us,125892541179.41713,1273,5.0,1997.3057312210324,-5998.179960512158,706.2185691002392,331.7811403800835,442.1214326795993,637.2923713387977,189.14231699125475,853.6241481272336,189.14231699125475
2013-07-05 10:37:49.840000+00:00,6.779,-72.958,154.9,4.5,mb,311.0,41.0,,0.75,us,usb000i73x,2014-11-07T01:51:13.693Z,"3 km NNE of Cepitá, Colombia",earthquake,,5.5,,280.0,reviewed,us,us,354813389233.57605,1277,5.0,1809.0325213890887,-5901.602628917969,733.7485651809789,260.90006731999694,295.84176695644334,541.781155274039,41.9800273513736,782.77764164632,41.9800273513736
2013-07-25 12:09:25.030000+00:00,6.734,-72.991,152.8,4.8,mb,111.0,36.0,,0.85,us,usc000inn7,2025-12-22T16:27:26.341Z,"2 km SW of Cepitá, Colombia",earthquake,,5.0,,289.0,reviewed,us,us,1000000000000.0,1297,4.0,1806.4112195746934,-5905.187124569204,729.1466036516688,254.7689518504753,291.3072219275991,535.7070081657671,45.24262470158058,776.5910049745561,45.24262470158058
2013-07-29 09:17:48.900000+00:00,6.898,-73.104,155.3,4.2,mb,34.0,117.0,,0.64,us,usc000irkb,2014-11-07T01:51:21.355Z,"11 km SSW of Piedecuesta, Colombia",earthquake,,8.4,,27.0,reviewed,us,us,125892541179.41713,1301,4.0,1793.4261180829883,-5904.342334738006,746.5191512602601,265.7182852558394,283.1332048046258,539.377131919908,24.693830517121047,783.5794294644713,24.693830517121047
2013-08-06 02:50:10+00:00,7.304,-77.404,28.0,4.7,mb,,,,1.35,us,usb000iw55,2013-10-12T21:32:29.000Z,"34 km WSW of Riosucio, Colombia",earthquake,,3.4,0.035,,reviewed,us_rsnc,us,707945784384.1403,1309,3.0,1372.0261270056985,-6140.105548322614,806.4100459887671,467.83388716494727,233.22976128611282,439.10592080805867,472.73721777138377,677.3585593925252,233.22976128611282
2013-08-13 03:46:17.940000+00:00,11.2349,-74.3983,18.28,4.0,mb,,70.0,4.381,1.25,us,usb000j2xy,2013-10-19T02:41:41.000Z,"21 km W of Santa Marta, Colombia",earthquake,,6.8,0.258,,reviewed,us,us,63095734448.019424,1316,4.0,1675.8122712729935,-6001.397621267113,1237.7120914414131,726.3123831610553,569.9551703933345,896.8325447302856,478.5671714509663,1158.8708461015885,478.5671714509663
2013-08-13 15:43:15.200000+00:00,5.7732,-78.1999,12.0,6.7,mww,,22.0,3.741,0.84,us,usb000j275,2022-07-25T20:25:40.315Z,"101 km WSW of Bahía Solano, Colombia",earthquake,,1.7,,,reviewed,us,us,707945784384140.2,1317,5.0,1293.8054520032435,-6193.043389866644,639.6577394167407,472.0773333125765,294.2830872738909,317.50661377250515,580.5993157216901,517.1527957098417,294.2830872738909
2013-08-13 15:51:26.150000+00:00,5.6728,-77.9933,10.0,4.9,mb,,152.0,3.923,0.94,us,usb000j7rb,2013-10-19T02:41:41.000Z,near the west coast of Colombia,earthquake,,1.9,0.251,,reviewed,us,us,1412537544622.7554,1317,6.0,1316.7733453148858,-6191.37139229837,628.7680332981329,447.1991773753846,274.2249964114897,295.3548517514007,561.7186399960663,502.0990374825725,274.2249964114897
2013-08-25 08:28:15.510000+00:00,6.7266,-72.9311,176.27,4.1,mb,,101.0,2.321,0.89,us,usb000jblu,2013-10-25T20:10:04.000Z,"5 km ESE of Cepitá, Colombia",earthquake,,15.1,0.12,,reviewed,us,us,89125093813.3744,1328,6.0,1805.769920589468,-5881.103594062616,725.5999467324126,257.22970531835557,297.6637235277714,540.0280814360849,48.51850816301775,780.0320188049017,48.51850816301775
2013-08-25 23:35:54.300000+00:00,7.6874,-74.9026,25.61,4.8,mwr,,53.0,2.869,1.07,us,usb000jbrv,2022-08-06T17:22:02.972Z,"13 km NW of El Bagre, Colombia",earthquake,,2.5,,,reviewed,us,us_rsnc,1000000000000.0,1329,7.0,1637.8710692545012,-6071.315446005725,848.811738662601,343.45529029887723,177.0943204800839,504.3239060850014,206.1804273320519,766.5774242703069,177.0943204800839
2013-08-26 01:44:08.470000+00:00,6.7892,-72.9564,157.45,4.0,mwr,,52.0,2.356,0.73,us,usb000jbt6,2013-10-25T20:10:11.000Z,"4 km NNE of Cepitá, Colombia",earthquake,,6.7,,,reviewed,us,us_rsnc,63095734448.019424,1329,8.0,1808.4168475173149,-5899.006214301032,734.5459766095976,261.9830571744439,296.24193028743497,542.6830362118246,41.039244118979596,783.7808760841507,41.039244118979596
2013-08-27 23:22:06.450000+00:00,3.806,-76.6281,81.12,4.8,mb,,69.0,2.517,0.82,us,usb000jcf8,2022-07-25T21:16:52.349Z,"11 km W of Restrepo, Colombia",earthquake,,3.5,0.046,,reviewed,us,us,1000000000000.0,1331,9.0,1451.4572838124761,-6105.861594394241,417.51210493722255,300.76108292600946,294.8708683647751,40.82497843460863,535.0187209346676,297.24748019610803,40.82497843460863
2013-08-31 17:30:26.280000+00:00,6.7285,-72.9947,156.39,4.3,mb,,47.0,2.285,0.88,us,usb000jefp,2013-11-06T01:33:36.000Z,"3 km SW of Cepitá, Colombia",earthquake,,8.9,0.067,,reviewed,us,us,177827941003.89227,1335,9.0,1805.007636746176,-5901.961278888412,728.1331924104554,254.03708408350147,290.7933322405726,534.9917991608545,45.694279446835026,775.8574911220422,45.694279446835026
2013-08-31 20:00:51.760000+00:00,6.704,-72.9456,166.33,4.3,mb,,93.0,2.294,0.71,us,usb000jehg,2013-11-06T01:33:37.000Z,"6 km SSE of Cepitá, Colombia",earthquake,,7.3,0.126,,reviewed,us,us,177827941003.89227,1335,10.0,1807.26058061872,-5891.271492221454,724.3336300217512,254.25418541711858,295.64966288557855,537.1540243627395,50.1468356271229,777.0679353618978,50.1468356271229
2013-09-09 16:36:26.800000+00:00,5.6991,-78.4518,25.06,4.5,mb,,63.0,3.708,1.2,us,usc000jwwv,2013-11-15T03:20:30.000Z,"129 km WSW of Bahía Solano, Colombia",earthquake,,5.4,0.272,,reviewed,us,us,354813389233.57605,1344,10.0,1264.1283820880037,-6186.744671155822,630.1779836876234,497.2749089012048,323.19693487058896,328.2220123769668,609.6550290047073,515.4045220285763,323.19693487058896
2013-09-11 06:39:39.700000+00:00,6.8043,-73.0205,155.57,4.3,mb,,71.0,2.332,0.7,us,usc000jr86,2013-11-19T17:37:22.000Z,"7 km NW of Cepitá, Colombia",earthquake,,12.3,0.072,,reviewed,us,us,177827941003.89227,1345,11.0,1802.304721548442,-5902.625732565805,736.3947561167114,260.21779469073266,289.6659525522018,538.6830927588557,36.798022673081256,780.7857640537255,36.798022673081256
2013-09-11 12:54:47.700000+00:00,4.9446,-78.2775,36.43,4.4,mb,,103.0,4.47,1.03,us,usc000jwyj,2013-11-19T17:37:24.000Z,"101 km W of Pizarro, Colombia",earthquake,,8.3,0.101,,reviewed,us,us,251188643150.95822,1345,12.0,1282.2165257093461,-6179.368119126728,545.9922292652767,466.6824642494445,331.5319803946684,255.00553725286878,619.1511531920935,429.3615605389182,255.00553725286878
2013-09-28 15:28:58.860000+00:00,2.6304,-79.2639,39.72,4.6,mb,,153.0,0.955,0.96,us,usb000k1kw,2013-12-13T09:00:35.000Z,"91 km W of Mosquera, Colombia",earthquake,,7.2,0.103,,reviewed,us,us,501187233627.2715,1363,6.0,1178.18415557266,-6213.900749942,290.5615319132542,620.803763049287,572.8003498504689,316.7886718680135,843.7077303707727,270.8730886470848,270.8730886470848
2013-10-08 02:20:08.240000+00:00,4.181,-76.5791,81.66,4.0,mb,,121.0,2.34,0.67,us,usb000kcj2,2013-12-24T01:42:56.000Z,"29 km W of Trujillo, Colombia",earthquake,,10.0,0.149,,reviewed,us,us,63095734448.019424,1372,5.0,1455.8881110784398,-6101.305485492166,458.53987430066974,284.1053025858337,254.64050153717764,81.27374886738573,502.98717693907435,339.0454342442336,81.27374886738573
2013-10-11 01:17:29.040000+00:00,6.7275,-73.105,169.41,4.3,mb,,74.0,2.222,0.53,us,usb000kaim,2013-12-24T01:42:58.000Z,"1 km WSW of Jordán, Colombia",earthquake,,12.7,0.07,,reviewed,us,us,177827941003.89227,1375,5.0,1789.888335448193,-5893.065052486192,726.5002146540696,248.44459791955688,278.8058509544166,526.0371589067603,43.60996078508171,768.3372856498981,43.60996078508171
2013-10-24 14:44:33.610000+00:00,5.0544,-78.001,28.95,5.0,mb,,65.0,4.805,1.22,us,usc000km9d,2025-12-22T16:43:55.706Z,"71 km W of Pizarro, Colombia",earthquake,,4.5,0.087,,reviewed,us,us,1995262314968.8828,1388,4.0,1313.3511634818224,-6179.361745673734,558.7444317261869,436.9586640741069,298.6591501258639,241.44711667206292,586.1908806619202,434.4899085770427,241.44711667206292
2013-10-28 12:29:46.110000+00:00,6.7546,-72.9503,167.96,4.2,mb,,81.0,2.332,0.67,us,usb000kyaf,2014-01-03T00:32:57.000Z,"2 km E of Cepitá, Colombia",earthquake,,2.7,0.2,,reviewed,us,us,125892541179.41713,1392,5.0,1806.114449060266,-5889.258307402536,729.583735554695,258.92051336117856,296.15023953481375,540.5634143199053,44.79571388535066,781.1644338600956,44.79571388535066
2013-11-05 06:51:06.810000+00:00,6.7828,-73.0152,163.74,4.3,mb,,54.0,2.318,0.63,us,usb000ksqr,2014-01-17T00:29:08.000Z,"5 km NW of Cepitá, Colombia",earthquake,,6.8,0.065,,reviewed,us,us,177827941003.89227,1400,5.0,1800.5614147255787,-5894.96389468766,733.1138927413099,258.3474314161629,289.7402383682983,537.4617240627141,39.25341731222096,779.2448828222568,39.25341731222096
2013-11-06 12:42:26.480000+00:00,6.8381,-73.0151,167.34,4.5,mb,,52.0,2.363,0.67,us,usb000ktfh,2014-01-17T00:29:10.000Z,"10 km NNW of Cepitá, Colombia",earthquake,,6.8,0.043,,reviewed,us,us,354813389233.57605,1401,6.0,1799.3200174013318,-5890.8628093919915,738.6340308306734,263.84758954602535,291.0687254945399,541.7123853645369,33.44736392950409,784.1351723632266,33.44736392950409
2013-11-17 15:18:01.590000+00:00,4.4999,-75.806,177.5,4.5,mb,,83.0,1.513,1.39,us,usb000l4eg,2014-01-31T21:22:26.000Z,"5 km NNW of La Tebaida, Colombia",earthquake,,3.4,0.191,,reviewed,us,us,354813389233.57605,1413,5.0,1514.0011380800331,-5985.91004635642,485.9256330156328,193.6064592757668,195.5472920285852,141.67910342574086,415.8495387939326,400.4512503162217,141.67910342574086
2013-11-20 02:20:04.380000+00:00,6.2557,-71.9346,22.63,4.3,mb,,121.0,2.76,1.07,us,usb000l6s6,2014-02-11T02:18:51.000Z,"21 km WNW of Municipio Hato Corozal, Colombia",earthquake,,8.0,0.217,,reviewed,us,us,177827941003.89227,1415,6.0,1956.9223056909211,-5999.477623895881,691.7550048694686,292.36017646875115,403.07462280349154,597.1839431969759,162.59630806332106,816.112137392065,162.59630806332106
2013-11-21 13:17:15.040000+00:00,6.7786,-72.9204,170.29,4.3,mb,,68.0,2.369,1.19,us,usb000l3j8,2014-02-11T02:18:53.000Z,"6 km ENE of Cepitá, Colombia",earthquake,,6.9,0.16,,reviewed,us,us,177827941003.89227,1416,7.0,1808.4180797839626,-5885.81066024415,731.888942782169,262.85185471429725,299.9033728499451,544.8000230755324,43.97511468235588,785.3026034142719,43.97511468235588
2013-11-21 16:17:52.220000+00:00,6.7677,-73.0236,160.86,4.6,mb,,47.0,2.301,0.6,us,usb000l3kq,2022-07-26T02:07:14.774Z,"5 km WNW of Cepitá, Colombia",earthquake,,6.4,0.047,,reviewed,us,us,501187233627.2715,1417,8.0,1800.5885352880807,-5898.1477031376035,731.8288175261558,256.4303573593979,288.49308704185194,535.6345606105565,40.59754210038668,777.3485077500783,40.59754210038668
2013-11-25 08:54:56.430000+00:00,6.7241,-72.9221,160.8,4.0,mb,,171.0,2.324,0.58,us,usb000l831,2014-02-11T02:18:58.000Z,"6 km ESE of Cepitá, Colombia",earthquake,,12.5,0.134,,reviewed,us,us,63095734448.019424,1420,8.0,1811.2148463551155,-5895.5362833180525,727.1428693339217,257.47824651041515,298.59276348261704,540.5779309146222,49.20784593646892,780.4318052407364,49.20784593646892
2013-11-30 01:21:58.200000+00:00,3.4825,-79.3539,25.32,4.2,mb,,79.0,3.347,1.1,us,usb000lbc1,2014-02-12T01:08:38.000Z,"147 km NW of Mosquera, Colombia",earthquake,,5.4,0.263,,reviewed,us,us,125892541179.41713,1425,8.0,1170.149816261373,-6224.935720411656,385.459915745461,601.512761011217,518.6396143880507,313.2253893257643,799.5926336839618,341.5808086868925,313.2253893257643
2013-11-30 07:08:32.730000+00:00,7.053,-76.7594,43.02,4.2,mb,,48.0,3.255,1.42,us,usb000lbca,2014-02-12T01:08:38.000Z,"10 km NE of Murindó, Colombia",earthquake,,3.9,0.121,,reviewed,us,us,125892541179.41713,1425,9.0,1438.3975809350381,-6113.151393833637,776.9963420957023,395.16716197072543,158.1815825724934,401.2479686660673,401.36049286860646,651.882201132517,158.1815825724934
2013-12-04 04:05:37.790000+00:00,6.7012,-72.9391,157.66,4.1,mb,,49.0,2.296,0.6,us,usb000lcqw,2014-02-15T01:32:08.000Z,"7 km SSE of Cepitá, Colombia",earthquake,,7.3,0.131,,reviewed,us,us,89125093813.3744,1429,10.0,1810.4655917269206,-5899.332098115774,725.0442006621508,254.33668678944852,296.3042750827468,537.4778275902738,50.71615834996573,777.2702323671214,50.71615834996573
2013-12-05 17:03:02.650000+00:00,2.4942,-79.7525,41.73,4.6,mb,,79.0,2.591,0.8,us,usb000lc12,2014-02-15T01:32:10.000Z,"131 km WNW of Salahonda, Colombia",earthquake,,6.2,0.079,,reviewed,us,us,501187233627.2715,1431,10.0,1124.914265575297,-6222.407902523366,275.4387819824349,676.8253856913828,622.6412448836811,373.126288017027,896.5691339361236,309.3759031797148,309.3759031797148
2013-12-06 22:04:58.710000+00:00,6.7383,-72.997,166.32,4.3,mb,,62.0,2.292,0.57,us,usb000ld29,2014-02-15T01:32:11.000Z,"3 km SW of Cepitá, Colombia",earthquake,,6.5,0.048,,reviewed,us,us,177827941003.89227,1432,10.0,1801.8505799030536,-5892.484187373769,728.0236889367889,254.88054884880785,290.7448063919275,535.5459473715806,44.57952654562623,776.5609006895497,44.57952654562623
2013-12-11 01:59:55+00:00,6.813,-73.148,152.8,4.0,mb,,,,1.25,us,usc000llk4,2014-02-21T23:00:51.000Z,"10 km NNW of Jordán, Colombia",earthquake,,6.3,0.365,,reviewed,rsnc,us,63095734448.019424,1436,11.0,1789.930105181674,-5909.147017923127,737.660476868952,255.11081179588206,276.1442147580475,529.262896491676,34.17328970604415,773.0914857938823,34.17328970604415
2013-12-12 02:31:28.470000+00:00,6.7602,-73.0716,158.81,4.4,mb,,99.0,2.268,0.47,us,usc000liq1,2014-02-21T23:00:52.000Z,"4 km NE of Jordán, Colombia",earthquake,,10.9,0.065,,reviewed,us,us,251188643150.95822,1437,12.0,1796.26732319449,-5901.693222624983,731.2628841572953,253.32230435694342,283.13310460766826,531.2156583261988,40.32650629403493,773.4643176503685,40.32650629403493
2013-12-19 10:46:58.170000+00:00,6.8536,-73.048,156.06,4.4,mb,,134.0,2.358,0.58,us,usc000ln9l,2014-02-27T21:37:22.000Z,"13 km NW of Cepitá, Colombia",earthquake,,10.4,0.067,,reviewed,us,us,251188643150.95822,1444,12.0,1799.1441948937072,-5902.416454261551,741.6463915120055,263.80970197426234,287.92666643282166,540.3009846161439,30.67327971470294,783.3161044492339,30.67327971470294
2013-12-21 07:25:36.260000+00:00,3.222,-79.3447,10.0,4.2,mb,,138.0,3.096,1.24,us,usc000lxjc,2014-02-27T21:37:25.000Z,"126 km NW of Mosquera, Colombia",earthquake,,1.9,0.263,,reviewed,us,us,125892541179.41713,1446,12.0,1174.2894667296341,-6241.437756215697,357.5192073343569,607.8482215002604,535.560583192399,313.2694650495568,813.8702966553086,320.0656721522679,313.2694650495568
2013-12-26 00:55:29.490000+00:00,5.6977,-77.6215,32.95,4.2,mb,,75.0,3.382,1.22,us,usc000lyp6,2014-02-28T08:44:08.000Z,"38 km W of Nuquí, Colombia",earthquake,,5.6,0.264,,reviewed,us,us,125892541179.41713,1451,10.0,1351.9678151692258,-6160.123163042649,629.2403717117843,408.0688655168264,233.67881216202784,277.4145246177018,521.6311689426328,500.0378411859563,233.67881216202784
2013-12-26 12:20:29.900000+00:00,5.85,-77.63,29.0,4.6,mb,,,,1.25,us,usc000lrvk,2014-02-28T08:44:08.000Z,"42 km WNW of Nuquí, Colombia",earthquake,,2.1,0.091,,reviewed,rsnc,us,501187233627.2715,1451,11.0,1351.5326202698377,-6162.506331302628,646.4048986522073,413.7930405581429,230.7494182363845,293.1377892311111,517.5854358275835,516.9955144537689,230.7494182363845
2013-12-28 20:21:35.900000+00:00,6.8,-73.15,148.0,4.0,mb,,,,1.22,us,usc000lten,2014-02-28T08:44:11.000Z,"9 km NW of Jordán, Colombia",earthquake,,6.6,0.116,,reviewed,rsnc,us,63095734448.019424,1454,12.0,1791.1538794766332,-5913.9311319563585,736.8278947713554,253.6985336041633,275.604844859533,528.0889690187936,35.63217706752618,771.7988218837082,35.63217706752618
2013-12-30 00:12:57.800000+00:00,6.7139,-72.9523,160.83,4.8,mb,,40.0,2.298,0.7,us,usc000ltx3,2022-07-26T04:13:04.474Z,"5 km SSE of Cepitá, Colombia",earthquake,,4.8,0.028,,reviewed,us,us,1000000000000.0,1455,13.0,1808.1363067947138,-5896.585318687199,726.0413930302839,254.85252349133052,295.11058540746416,537.3456780904895,48.845352079585105,777.472006729672,48.845352079585105
2014-01-03 05:36:08.620000+00:00,7.2932,-73.5251,118.21,4.0,mb,,137.0,2.549,0.73,us,usb000m4nq,2014-03-07T00:25:56.000Z,"11 km SSW of Sabana de Torres, Colombia",earthquake,,19.0,0.259,4.0,reviewed,us,us,63095734448.019424,1459,11.0,1758.9151849045554,-5947.564695512887,793.7722274688612,293.42911803499646,255.2424826591719,541.5160133125671,48.42010361061915,793.919748212682,48.42010361061915
2014-01-05 03:36:40.590000+00:00,4.557,-76.644,53.91,5.5,mwb,,21.0,2.332,0.65,us,usc000lx2l,2022-07-26T04:38:32.590Z,"10 km S of Sipí, Colombia",earthquake,,3.8,0.059,28.0,reviewed,us,us,11220184543019.652,1461,11.0,1454.6398146932152,-6126.805647822867,501.89802890139913,285.561038024666,221.4454277148402,123.5410963342001,482.5717757479658,378.43990144288165,123.5410963342001
2014-01-09 11:07:35.690000+00:00,2.9858,-75.9346,43.66,4.7,mb,,57.0,1.425,1.1,us,usc000lzax,2014-03-15T03:38:46.000Z,"22 km SW of Gaitania, Colombia",earthquake,,7.1,0.073,64.0,reviewed,us,us,707945784384.1403,1465,11.0,1535.6413617428736,-6129.307725760272,329.5813809060539,281.94721243580904,364.42802585616596,84.15107721785557,555.1710241447369,247.42248517205653,84.15107721785557
2014-01-09 12:50:18.420000+00:00,2.9737,-75.8432,26.17,5.0,mb,,61.0,1.397,0.92,us,usc000lzbq,2022-07-26T04:59:17.097Z,"19 km S of Gaitania, Colombia",earthquake,,4.3,0.033,347.0,reviewed,us,us,1995262314968.8828,1465,12.0,1549.7059343602912,-6143.853570908186,329.1542877545836,275.54535884054616,364.820236941247,93.12141759191412,550.6850807676695,252.64959851395278,93.12141759191412
2014-01-09 14:03:30.060000+00:00,2.9792,-75.8777,59.45,4.6,mb,,110.0,1.408,0.65,us,usb000m7dk,2022-07-26T07:13:27.587Z,"20 km SSW of Gaitania, Colombia",earthquake,,11.0,0.385,3.0,reviewed,us,us,501187233627.2715,1465,13.0,1537.8893908046568,-6112.524361758077,328.03285058738714,277.862973588124,364.5353130891677,89.64276334987457,552.27391968178,250.7213322436682,89.64276334987457
2014-01-13 17:47:14.210000+00:00,6.731,-72.968,164.02,4.5,mb,,81.0,0.805,0.56,us,usc000mdr6,2014-03-15T03:39:54.000Z,"2 km SSE of Cepitá, Colombia",earthquake,,3.0,0.102,29.0,reviewed,us,us,354813389233.57605,1470,12.0,1805.528997385923,-5893.844042179385,727.5081899643066,255.6804958367551,293.74308310543717,537.3485185596708,46.43116779975405,777.8933684214555,46.43116779975405
2014-01-14 07:45:59.530000+00:00,8.4441,-76.9746,49.55,4.2,mb,,49.0,2.612,0.6,us,usb000m0mk,2014-03-15T03:40:24.000Z,"20 km W of Necoclí, Colombia",earthquake,,5.0,0.186,10.0,reviewed,us,us,125892541179.41713,1470,13.0,1409.3024342378565,-6092.0367866785355,928.269648920353,524.4691136227098,288.87470615909865,557.2931858624937,449.1977039178627,804.7108569756315,288.87470615909865
2014-01-16 13:46:15.930000+00:00,6.8138,-76.3581,5.66,4.2,mb,,65.0,0.99,1.19,us,usb000m25w,2014-03-22T00:05:17.000Z,"22 km WSW of Uramita, Colombia",earthquake,,6.2,0.373,2.0,reviewed,us,us,125892541179.41713,1472,14.0,1490.679882506874,-6142.075705329524,755.203835722603,344.42218965455356,106.66653517755188,374.3551754881577,358.7149563314028,631.0673101628331,106.66653517755188
2014-01-18 00:25:28.240000+00:00,6.8116,-73.0532,155.54,4.2,mb,,80.0,0.879,1.11,us,usc000melt,2014-03-22T00:05:20.000Z,"9 km NNE of Jordán, Colombia",earthquake,,6.9,0.112,22.0,reviewed,us,us,125892541179.41713,1474,15.0,1798.9169861282912,-5903.592085005043,737.1846325615462,259.35122303560274,286.3147528274319,536.6382520970764,35.064062861745406,779.2441168760226,35.064062861745406
2014-01-18 03:04:02.730000+00:00,3.8636,-77.3899,9.63,4.3,mb,,106.0,2.416,0.57,us,usb000m3jk,2014-03-22T00:05:20.000Z,"39 km W of Buenaventura, Colombia",earthquake,,3.0,0.154,16.0,reviewed,us,us,177827941003.89227,1474,16.0,1385.6279078015489,-6193.8140725526355,428.6383238470811,379.7619181201585,331.9645308368599,105.64910364040318,595.0409750683467,294.91427137721627,105.64910364040318
2014-01-19 12:45:02.800000+00:00,6.81,-73.11,152.0,4.1,mb,,,,0.52,us,usc000mgzs,2014-03-22T00:05:23.000Z,"8 km N of Jordán, Colombia",earthquake,,6.3,0.127,18.0,reviewed,rsnc,us,89125093813.3744,1475,16.0,1794.0908133953285,-5908.755632207929,737.432052559123,256.52085203697254,280.157955289682,532.0168497556917,34.42114489313335,775.3293142270298,34.42114489313335
2014-01-21 04:23:07+00:00,6.836,-73.135,146.8,4.6,mb,,,,0.9,us,usb000m5hu,2014-03-22T00:05:27.000Z,"12 km NNW of Jordán, Colombia",earthquake,,5.2,0.164,12.0,reviewed,rsnc,us,501187233627.2715,1477,16.0,1792.913080362293,-5914.15801319794,740.8531036530644,258.02954478467734,278.13021196945095,532.0834527357858,31.530761491997207,776.000953083015,31.530761491997207
2014-01-21 07:58:56.700000+00:00,6.82,-73.16,144.0,4.5,mb,,,,1.34,us,usb000m5jn,2014-03-22T00:05:27.000Z,"11 km E of Zapatoca, Colombia",earthquake,,6.2,0.112,25.0,reviewed,rsnc,us,354813389233.57605,1477,17.0,1791.1976568756925,-5917.798505007614,739.459808328135,255.29628435750047,275.03225440087033,528.8722859579634,33.534312469368494,772.929744659048,33.534312469368494
2014-01-28 20:11:47.840000+00:00,6.8324,-73.0362,155.38,4.2,mb,,115.0,0.9,1.2,us,usc000mpvn,2014-03-27T18:15:46.000Z,"11 km NW of Cepitá, Colombia",earthquake,,6.7,0.115,23.0,reviewed,us,us,125892541179.41713,1485,15.0,1800.6366880498463,-5902.9536635058885,739.4440807466689,262.2515063120313,288.6563884692465,539.5948538429011,33.29976695505186,782.2211150556157,33.29976695505186
2014-02-03 13:28:48.350000+00:00,6.5041,-77.6787,36.62,4.5,mb,,79.0,2.134,0.92,us,usc000mtcb,2014-04-08T01:43:25.000Z,"43 km NW of Bahía Solano, Colombia",earthquake,,8.1,0.205,9.0,reviewed,us,us,354813389233.57605,1490,14.0,1343.0161297637724,-6148.64530359215,717.5225363767634,446.13216945746126,233.5838384819114,362.4078052881491,507.65383414279404,589.9270403790912,233.5838384819114
2014-02-05 04:57:11+00:00,6.803,-73.135,154.0,4.1,mwr,,,,1.17,us,usc000mvat,2014-04-22T18:30:05.000Z,"8 km NNW of Jordán, Colombia",earthquake,,4.4,,,reviewed,rsnc,rsnc,89125093813.3744,1492,14.0,1790.96243621144,-5907.723558643494,736.4407014337447,254.67485212648933,277.29376904899084,529.502214331256,35.19714778266487,773.0545922119562,35.19714778266487
2014-02-07 08:03:58+00:00,7.45,-73.2,135.0,4.2,mb,,,,1.25,us,usc000mvfn,2014-04-22T18:30:07.000Z,"2 km S of El Playón, Colombia",earthquake,,4.7,0.152,12.0,reviewed,rsnc,us,125892541179.41713,1494,15.0,1787.1871075695694,-5919.449285169777,808.5656453499179,319.4604794580333,295.10154188629707,577.6213350275647,37.74763843481001,827.9085100785534,37.74763843481001
2014-02-07 20:37:10.940000+00:00,6.6913,-72.9584,159.12,5.2,mwb,,23.0,2.281,0.94,us,usc000mkir,2025-12-22T16:47:35.049Z,"6 km E of Aratoca, Colombia",earthquake,,3.2,0.08,15.0,reviewed,us,us,3981071705534.9854,1495,16.0,1808.0900337637488,-5898.6749196718465,723.8078171991186,252.33040778049164,294.01841787660385,535.158352090904,50.930208784974326,775.0832016114533,50.930208784974326
2014-02-14 21:14:24.900000+00:00,11.5538,-73.1989,55.72,4.5,mb,,38.0,1.193,1.2,us,usc000mqu9,2014-04-30T21:18:20.000Z,"31 km W of Riohacha, Colombia",earthquake,,5.5,0.063,88.0,reviewed,us,us,354813389233.57605,1502,12.0,1788.4441768622082,-5923.201913965015,1264.874693813121,766.9241440462298,645.7651323492499,972.8544782650212,493.1647409735823,1234.8726791008687,493.1647409735823
2014-02-16 11:26:47.310000+00:00,7.2171,-74.8183,78.75,4.3,mb,,49.0,1.216,1.04,us,usb000mycw,2014-04-30T21:18:22.000Z,"20 km NW of Segovia, Colombia",earthquake,,7.2,0.143,14.0,reviewed,us,us,177827941003.89227,1503,12.0,1634.765100540134,-6024.539559867982,790.4911259095319,290.626387894926,137.11473304560369,459.67098120518244,187.38419129814412,721.2172629847712,137.11473304560369
2014-02-17 09:41:36.170000+00:00,6.5373,-71.6995,42.86,5.4,mww,,24.0,1.496,1.02,us,usc000mry2,2022-07-26T07:26:20.761Z,"9 km NNE of Tame, Colombia",earthquake,,4.0,,,reviewed,us,us,7943282347242.8545,1504,11.0,1974.120811044192,-5969.015159298517,720.4588198271491,331.9134708072671,430.1780508001152,635.7760434409315,169.93446944433924,856.4968228175134,169.93446944433924
2014-02-24 10:34:56.900000+00:00,10.6483,-72.6092,22.97,4.5,mb,,28.0,2.619,1.18,us,usc000mx7k,2014-05-07T00:03:09.000Z,"34 km E of El Molino, Colombia",earthquake,,1.6,0.089,44.0,reviewed,us,us,354813389233.57605,1511,9.0,1864.6747818919873,-5953.534350729563,1172.9883091315028,679.5766348430042,588.7426586031323,909.6812380173499,396.43989165740373,1169.1692469164454,396.43989165740373
2014-02-25 13:18:07.850000+00:00,3.858,-71.282,15.02,3.5,mwr,,70.0,3.185,0.9,us,usc000n4x8,2014-05-07T00:03:11.000Z,"102 km ESE of Puerto Gaitán, Colombia",earthquake,,5.2,,,reviewed,us,rsnc,11220184543.019653,1512,10.0,2035.0788047499245,-6006.167408807881,427.65532410066714,323.5880035582252,545.0935220155578,584.3340267367507,415.9392256806768,728.3490434741752,323.5880035582252
2014-02-28 07:41:30+00:00,6.8,-73.14,144.0,4.2,mb,,,,1.16,us,usc000n8w6,2014-05-13T21:36:44.000Z,"8 km NNW of Jordán, Colombia",earthquake,,5.7,0.097,33.0,reviewed,rsnc,us,125892541179.41713,1515,10.0,1793.3380034828567,-5917.419563261113,737.3015106445814,254.1453784771742,276.6815669371961,528.8748302555877,35.55585098465289,772.4573809932356,35.55585098465289
2014-02-28 12:54:36.960000+00:00,12.2113,-73.5852,26.39,4.8,mb,,42.0,3.505,1.08,us,usb000my6i,2014-05-13T21:36:45.000Z,"104 km NW of Riohacha, Colombia",earthquake,,4.7,0.047,143.0,reviewed,us,us,1000000000000.0,1515,11.0,1752.3523383063455,-5948.309248712173,1341.9964292864192,835.7102201356583,698.708182440814,1026.5957548278525,568.4681377954674,1288.9946617002793,568.4681377954674
2014-03-10 13:51:05.620000+00:00,6.5042,-71.6523,54.99,4.6,mb,,44.0,1.526,0.67,us,usc000n6cv,2014-05-15T02:24:11.000Z,"10 km ENE of Tame, Colombia",earthquake,,5.6,0.053,120.0,reviewed,us,us,501187233627.2715,1525,8.0,1975.3743354323858,-5956.341668773997,715.4526398313609,333.85513498061135,435.1330534313451,638.2310738997113,176.16538919738548,857.7699316912925,176.16538919738548
2014-03-11 09:25:55.830000+00:00,6.1466,-77.6642,13.97,4.5,mb,,113.0,2.106,1.02,us,usc000n7iz,2014-05-15T02:24:23.000Z,near the west coast of Colombia,earthquake,,2.2,0.068,79.0,reviewed,us,us,354813389233.57605,1526,9.0,1350.313582299182,-6174.559028781067,680.6647122163333,428.4672699697986,230.52171971614175,324.86601317811426,513.1321301825178,550.168389393077,230.52171971614175
2014-03-11 13:57:03.020000+00:00,5.2485,-72.7971,10.0,4.7,mb,,56.0,0.728,0.96,us,usc000n7p5,2022-07-26T09:13:11.493Z,"4 km WNW of Recetor, Colombia",earthquake,,1.8,0.148,17.0,reviewed,us,us,707945784384.1403,1526,10.0,1873.418753689728,-6050.953936007503,581.8759641357684,153.36315187867606,327.31207671354315,459.7730548672002,211.11428477330074,670.0765832421964,153.36315187867606
2014-03-14 23:26:36.140000+00:00,10.2809,-72.8876,127.79,4.7,mb,,24.0,1.663,0.87,us,usc000nc2t,2025-12-22T16:48:51.998Z,"20 km SE of Manaure Balcón del Cesar, Colombia",earthquake,,5.1,0.033,282.0,reviewed,us,us,707945784384.1403,1530,11.0,1807.5523419312285,-5871.019336258117,1114.2520309886086,632.9502444998839,537.8597819561624,859.2635462861651,352.5020753714085,1119.065156273923,352.5020753714085
2014-03-15 06:55:41.050000+00:00,3.9281,-71.3627,14.39,3.7,mwr,,58.0,2.618,0.85,us,usc000nnyn,2014-05-16T21:51:41.000Z,"90 km ESE of Puerto Gaitán, Colombia",earthquake,,4.7,,,reviewed,us,rsnc,22387211385.683468,1530,12.0,2026.649350728594,-6009.123094712179,435.456925410648,312.772438861557,533.4769685560901,576.0478182603878,404.78372572434176,723.3557159697776,312.772438861557
2014-03-17 00:41:37.440000+00:00,5.7084,-78.4933,27.19,4.2,mb,,122.0,2.976,1.38,us,usc000ndsq,2014-05-16T21:51:45.000Z,"133 km WSW of Bahía Solano, Colombia",earthquake,,6.5,0.167,10.0,reviewed,us,us,125892541179.41713,1532,12.0,1259.2037077930465,-6185.481518139658,630.9910673955382,501.98164574305144,327.5138073598465,332.00225501266505,613.8150747689108,517.5827179617224,327.5138073598465
2014-03-22 20:48:52+00:00,6.7449,-72.9595,162.11,4.4,mb,,34.0,0.82,0.79,us,usc000nlfn,2014-05-24T00:54:41.000Z,"1 km ESE of Cepitá, Colombia",earthquake,,5.6,0.056,100.0,reviewed,us,us,251188643150.95822,1538,11.0,1806.9074196119975,-5895.220710674736,729.2279352046079,257.4868388918476,294.95001086269923,539.0855064250632,45.36174190634799,779.6887741156974,45.36174190634799
2014-03-23 06:18:27.680000+00:00,6.7552,-72.959,157.73,4.2,mb,,121.0,0.83,0.81,us,usc000nlua,2014-05-24T00:54:41.000Z,"1 km E of Cepitá, Colombia",earthquake,,5.5,0.118,23.0,reviewed,us,us,125892541179.41713,1538,12.0,1808.1950925366793,-5899.238135512479,730.8515723055665,258.5191652800512,295.21960168327786,539.9021539554126,44.335339188057944,780.624317211795,44.335339188057944
2014-03-23 14:58:04.090000+00:00,10.6177,-73.207,57.88,4.6,mb,,38.0,1.607,0.91,us,usc000nm48,2014-05-24T00:54:42.000Z,"17 km NNE of Valledupar, Colombia",earthquake,,5.6,0.057,106.0,reviewed,us,us,501187233627.2715,1538,13.0,1792.7251565652919,-5940.415039597534,1163.2238841862645,663.6716868502933,551.9602694012614,877.1574105245153,389.11453289253944,1138.4369145086575,389.11453289253944
2014-03-24 20:28:33.150000+00:00,8.2733,-74.452,76.71,4.5,mb,,36.0,2.299,0.94,us,usc000nnhr,2014-05-24T00:54:44.000Z,"3 km SE of Montecristo, Colombia",earthquake,,6.1,0.089,41.0,reviewed,us,us,354813389233.57605,1540,14.0,1669.5982401503659,-6000.850320373051,905.7172588978625,398.3264349101222,257.71916445524755,583.4019928866217,194.73400576683525,845.2142750738166,194.73400576683525
2014-03-24 23:19:28.870000+00:00,3.8764,-71.1903,15.14,4.0,mb,,72.0,2.77,1.33,us,usc000p35h,2014-05-24T00:54:44.000Z,"102 km S of Orocué, Colombia",earthquake,,5.7,0.367,2.0,reviewed,us,us,63095734448.019424,1540,15.0,2044.6058773029406,-6002.658997543659,429.6837270672801,332.7426895882472,553.0047125361848,594.632681360627,419.2398944310176,738.4919455327212,332.7426895882472
2014-03-27 10:21:16.590000+00:00,3.976,-71.4168,26.34,4.7,mb,,46.0,2.547,0.96,us,usc000nsv0,2014-05-29T23:32:06.000Z,"82 km ESE of Puerto Gaitán, Colombia",earthquake,,4.3,0.086,43.0,reviewed,us,us,707945784384.1403,1542,15.0,2017.058696810323,-5999.38716981112,439.9298988788664,305.53922498830366,525.647643331806,570.5744567398973,397.2396858970529,720.1417434663224,305.53922498830366
2014-03-29 04:35:16.600000+00:00,6.8081,-73.0066,161.2,4.6,mb,,32.0,0.877,0.8,us,usc000nvmq,2014-05-29T23:32:07.000Z,"6 km NNW of Cepitá, Colombia",earthquake,,5.9,0.051,125.0,reviewed,us,us,501187233627.2715,1544,15.0,1802.0885419778333,-5896.79537808034,736.1366693234036,261.28573440207634,291.25541906886286,540.0861632746803,36.9003813605937,782.0544542576002,36.9003813605937
2014-03-30 08:36:58.770000+00:00,6.7214,-72.9466,160.76,4.4,mb,,52.0,0.799,1.23,us,usc000nwqg,2014-05-29T23:32:09.000Z,"4 km SE of Cepitá, Colombia",earthquake,,5.4,0.066,69.0,reviewed,us,us,251188643150.95822,1545,15.0,1808.7154128904356,-5896.380961128525,726.8569144017496,255.88750030246186,295.87669096265364,538.3724943114645,48.32635386302578,778.5166024020981,48.32635386302578
2014-04-17 18:12:32.080000+00:00,6.4994,-76.4215,44.93,4.5,mb,,136.0,2.658,1.17,us,usb000pp7s,2014-07-04T01:33:26.000Z,"37 km WNW of Urrao, Colombia",earthquake,,5.8,0.145,16.0,reviewed,us,us,354813389233.57605,1564,9.0,1475.6726558242347,-6109.730097617944,716.0656338730919,327.31625435575836,97.09889886530631,339.1208340138325,370.6850525058024,595.4353068857661,97.09889886530631
2014-04-23 15:19:25.890000+00:00,3.9279,-71.4085,13.87,4.2,mb,,65.0,3.043,1.03,us,usb000qqsp,2014-07-14T20:11:12.000Z,"86 km ESE of Puerto Gaitán, Colombia",earthquake,,4.9,0.236,5.0,reviewed,us,us,125892541179.41713,1570,7.0,2022.011127222576,-6011.234345861664,435.4704093519706,307.90445989733814,529.0514294424804,570.9854205272937,402.38913944267756,718.7265027485039,307.90445989733814
2014-04-30 01:57:41+00:00,6.812,-73.129,154.0,4.5,mwr,,,,0.59,us,usb000q4se,2014-07-27T21:51:13.000Z,"9 km NNW of Jordán, Colombia",earthquake,,5.6,,,reviewed,rsnc,rsnc,354813389233.57605,1576,3.0,1791.5474872968057,-5907.42520317844,737.410380732921,255.85885558940123,278.16282928620456,530.6764878454328,34.17727540773058,774.2529185022448,34.17727540773058
2014-04-30 05:43:15.430000+00:00,0.7311,-77.8344,49.16,4.8,mb,,77.0,4.154,1.05,us,usb000q4wu,2014-07-27T21:51:13.000Z,Colombia-Ecuador border region,earthquake,,7.5,0.051,126.0,reviewed,us,us,1000000000000.0,1576,4.0,1332.1429832671129,-6179.364788851041,80.66513522033257,608.6017868951772,662.0389846360941,335.3368257716071,881.7547893577702,81.62473881125268,81.62473881125268
2014-04-30 09:46:21.750000+00:00,6.7437,-72.997,160.84,4.3,mb,,52.0,0.814,0.93,us,usb000q52g,2014-07-27T21:51:13.000Z,"2 km WSW of Cepitá, Colombia",earthquake,,5.9,0.075,53.0,reviewed,us,us,177827941003.89227,1576,5.0,1803.4218919283285,-5897.6227551138645,729.2479301834124,255.4114866148314,290.8573471954503,535.9545496142525,44.00927034120239,777.0348133980738,44.00927034120239
2014-05-03 15:38:11.020000+00:00,5.8455,-77.7416,28.2,4.6,mb,,64.0,2.215,0.78,us,usb000q878,2014-07-27T21:51:19.000Z,"54 km WNW of Nuquí, Colombia",earthquake,,5.8,0.244,5.0,reviewed,us,us,501187233627.2715,1580,6.0,1339.7065602333928,-6165.954424955175,645.9908682352298,425.42607955911535,242.96806398897607,298.0369098867636,529.5941510097492,517.5719260807476,242.96806398897607
2014-05-04 11:07:56+00:00,6.836,-73.154,144.7,4.1,mwr,,,,1.78,us,usb000r163,2014-07-27T21:51:20.000Z,"12 km E of Zapatoca, Colombia",earthquake,,5.7,,,reviewed,rsnc,rsnc,89125093813.3744,1580,7.0,1791.5560269080506,-5916.747835066084,741.1030621244618,257.1923023385167,276.0913135565712,530.598224486058,31.690382377573183,774.7548526181727,31.690382377573183
2014-05-11 16:28:57.940000+00:00,6.446,-73.2561,149.11,4.3,mb,,52.0,0.545,0.97,us,usc000r8zm,2014-08-06T00:55:31.000Z,"2 km S of Socorro, Colombia",earthquake,,6.2,0.237,5.0,reviewed,us,us,177827941003.89227,1588,8.0,1781.1592205726565,-5920.428102806167,698.5113331736189,213.01119990421114,257.93313962779297,492.4766710332242,76.30273485895869,733.3384847218147,76.30273485895869
2014-05-13 18:07:31.080000+00:00,3.8591,-71.4052,16.41,4.6,mb,,53.0,2.643,1.03,us,usb000qkvb,2014-08-06T00:55:35.000Z,"90 km SE of Puerto Gaitán, Colombia",earthquake,,3.5,0.071,59.0,reviewed,us,us,501187233627.2715,1590,9.0,2021.71452745473,-6009.207205810568,427.68352226014485,310.5155370919114,533.1544363577834,570.7140254817125,409.325813039252,715.9005231036035,310.5155370919114
2014-05-14 19:05:02.010000+00:00,6.8535,-75.4474,71.31,4.2,mb,,69.0,2.288,1.05,us,usc000radb,2014-08-09T02:53:42.000Z,"12 km SSW of Yarumal, Colombia",earthquake,,8.6,0.235,5.0,reviewed,us,us,125892541179.41713,1591,10.0,1571.6042210691044,-6054.009234449945,751.7489325649639,282.6699261733176,69.3446271216649,396.88087041601295,258.2717218265479,659.2607115877506,69.3446271216649
2014-05-16 20:16:33.760000+00:00,6.8199,-72.9705,156.62,4.3,mb,,48.0,0.893,0.77,us,usb000qrsg,2014-08-09T02:53:46.000Z,"7 km N of Cepitá, Colombia",earthquake,,4.4,0.082,50.0,reviewed,us,us,177827941003.89227,1593,11.0,1807.0909298829822,-5899.861892684695,737.9504067223131,264.2744673173477,295.42940782585544,543.8823657792942,37.28995520378399,785.5249184812377,37.28995520378399
2014-05-25 15:25:02.350000+00:00,3.9972,-71.3981,14.7,4.5,mb,,75.0,2.543,0.83,us,usc000regj,2014-08-23T08:36:47.000Z,"83 km ESE of Puerto Gaitán, Colombia",earthquake,,5.0,0.115,24.0,reviewed,us,us,354813389233.57605,1602,10.0,2022.668605789566,-6009.578910086968,443.08320278614246,306.91556417251303,526.3361959646681,572.876454809652,396.15834391092693,723.0210361315117,306.91556417251303
2014-05-26 23:57:22+00:00,3.787,-71.242,13.14,3.7,mwr,,141.0,2.803,1.31,us,usc000rezj,2014-08-23T08:36:50.000Z,"109 km ESE of Puerto Gaitán, Colombia",earthquake,,5.4,,,reviewed,us,rsnc,22387211385.683468,1603,11.0,2040.0434881000176,-6007.018634709036,419.9207883864567,330.2150429083447,552.8476384940309,588.2297542206232,424.995893830313,729.3021594393988,330.2150429083447
2014-06-01 02:37:35.490000+00:00,10.3107,-72.7914,24.48,4.6,mwr,,17.0,1.589,0.91,us,usc000r9pg,2022-07-26T16:05:56.273Z,"27 km ESE of Manaure Balcón del Cesar, Colombia",earthquake,,3.8,,,reviewed,us,car,501187233627.2715,1608,9.0,1847.306415533267,-5964.51340339448,1135.9379288751825,638.4511788189654,546.4940334907981,867.1865926942157,356.73030986085644,1126.6856910284555,356.73030986085644
2014-06-02 12:52:21.910000+00:00,2.5704,-76.7868,145.21,4.4,mb,,81.0,2.189,0.97,us,usc000ra3c,2014-08-26T01:21:10.000Z,"9 km NE of Villa Rica, Colombia",earthquake,,1.7,0.101,28.0,reviewed,us,us,251188643150.95822,1609,10.0,1421.629166889439,-6054.871995867283,279.2073595222449,383.9233979759503,429.81104584870286,101.98800005639359,648.5168657274668,160.55873429121098,101.98800005639359
2014-06-04 03:17:20.010000+00:00,3.8372,-71.4163,13.27,3.8,mwr,,97.0,2.653,0.86,us,usc000rmyi,2014-08-30T17:02:53.000Z,"90 km SE of Puerto Gaitán, Colombia",earthquake,,5.5,,,reviewed,us,rsnc,31622776601.683792,1611,9.0,2021.600708073136,-6012.722878050707,425.4702360727674,310.10185917039536,533.3124525401887,569.3046268339077,410.9194955250793,713.7838192871912,310.10185917039536
2014-06-04 18:53:49.200000+00:00,3.2111,-76.2763,163.69,4.5,mb,,137.0,1.454,0.75,us,usc000razu,2014-08-30T17:02:53.000Z,"4 km ESE of Padilla, Colombia",earthquake,,8.4,0.059,85.0,reviewed,us,us,354813389233.57605,1612,10.0,1470.31010794818,-6020.630274528661,347.7020563562151,295.96928989848004,345.94782675316173,38.99786311687162,557.4701428296121,248.59023239053982,38.99786311687162
2014-06-06 09:28:40.880000+00:00,6.7685,-73.0678,155.05,4.3,mb,,80.0,0.835,0.74,us,usc000rc0c,2014-08-30T17:02:57.000Z,"5 km NE of Jordán, Colombia",earthquake,,7.9,0.1,31.0,reviewed,us,us,177827941003.89227,1613,11.0,1797.715293596182,-5905.044609221502,732.5996783881869,254.3357770100214,283.7301478068911,532.1565268623378,39.475073935771825,774.4527824516472,39.475073935771825
2014-06-07 08:24:06.540000+00:00,7.6742,-73.2425,133.8,4.2,mb,,41.0,1.743,0.8,us,usc000rite,2014-08-30T17:02:57.000Z,"19 km ESE of San Alberto, Colombia",earthquake,,5.6,0.098,30.0,reviewed,us,us,125892541179.41713,1614,12.0,1782.2127846173887,-5918.837178056098,832.9152958177998,342.01478744191695,303.17332862633145,594.0812974514266,63.10035963960387,846.3547403828569,63.10035963960387
2014-06-10 10:33:27.350000+00:00,6.8104,-73.0876,160.96,4.1,mb,,80.0,0.877,0.98,us,usc000rd80,2014-08-30T17:02:57.000Z,"8 km N of Jordán, Colombia",earthquake,,7.8,0.109,24.0,reviewed,us,us,89125093813.3744,1617,13.0,1793.8110735139667,-5899.5368500552895,736.4126485730603,257.5991870171802,282.57969851012194,533.8173834173444,34.56590497412405,776.8489090423898,34.56590497412405
2014-06-11 14:22:31.630000+00:00,6.6634,-72.9523,164.93,4.3,mb,,111.0,0.741,0.82,us,usc000rnrs,2014-09-12T15:48:11.000Z,"8 km ESE of Aratoca, Colombia",earthquake,,6.4,0.178,13.0,reviewed,us,us,177827941003.89227,1618,13.0,1807.1293419594754,-5893.301465560867,720.1293094627183,249.96311589024583,294.1832082712385,533.5837362333594,54.07124511154195,773.0736405632445,54.07124511154195
2014-06-12 06:30:42.470000+00:00,4.2284,-73.8904,42.39,4.2,mb,,74.0,0.748,0.74,us,usc000redn,2022-07-26T16:56:24.933Z,"8 km W of Guayabetal, Colombia",earthquake,,7.9,0.215,7.0,reviewed,us,us,125892541179.41713,1619,14.0,1751.2552083793769,-6063.552701909879,466.6244296921359,57.31847065050701,292.0458425112817,305.534412844505,332.48543479788816,504.15935913645905,57.31847065050701
2014-06-13 23:32:24.560000+00:00,7.7442,-73.226,52.17,4.4,mb,,48.0,1.811,1.17,us,usb000rrrq,2014-09-12T15:47:09.000Z,"18 km E of San Alberto, Colombia",earthquake,,11.6,0.203,7.0,reviewed,us,us,251188643150.95822,1621,13.0,1806.9655461339191,-5994.78884003763,851.4662925478843,350.0007933183396,308.84139907109426,601.3457499187307,70.41301980559382,853.9178533723995,70.41301980559382
2014-06-16 13:26:46.720000+00:00,11.7101,-81.3577,20.9,5.3,mww,,47.0,2.919,0.75,us,usc000rg36,2025-12-22T17:16:27.707Z,"103 km SSE of San Andrés, Colombia",earthquake,,3.7,,,reviewed,us,us,5623413251903.491,1623,13.0,934.3398206789858,-6147.335453047222,1288.8157111093417,1117.022794059284,878.400012536861,1060.9821371706619,1037.3644799163512,1250.8164767818712,878.400012536861
2014-06-21 12:31:28.890000+00:00,4.461,-75.3232,192.26,4.4,mb,,95.0,0.869,1.1,us,usc000rpwl,2014-09-19T17:24:18.000Z,"7 km NNW of Coello, Colombia",earthquake,,6.0,0.12,21.0,reviewed,us,us,251188643150.95822,1628,14.0,1560.741631193045,-5959.022667619578,480.5854711255004,141.42936301584237,200.3293652758019,174.8658754364125,382.914122246749,421.494108595268,141.42936301584237
2014-06-25 07:27:40.390000+00:00,3.8909,-71.4617,31.74,4.6,mb,,36.0,2.584,1.03,us,usc000rlph,2014-09-26T11:49:35.000Z,"83 km SE of Puerto Gaitán, Colombia",earthquake,,4.4,0.048,138.0,reviewed,us,us,501187233627.2715,1632,14.0,2010.849257193479,-5996.4708934477385,430.1621048843198,303.4685148925801,525.958061848192,564.7490317188594,403.3074005749199,711.6471173833896,303.4685148925801
2014-06-27 09:01:19+00:00,6.796,-73.142,142.0,4.3,mb,,,,0.91,us,usc000rmpk,2014-09-26T11:49:40.000Z,"8 km NW of Jordán, Colombia",earthquake,,5.9,0.072,63.0,reviewed,rsnc,us,177827941003.89227,1634,14.0,1793.7222946688328,-5919.432010176091,737.1065096107969,253.64923947101065,276.36818130317187,528.4053732542994,36.0123809432807,771.9687229131354,36.0123809432807
2014-06-27 12:56:38.060000+00:00,2.9819,-79.4752,25.06,4.6,mb,,134.0,4.62,1.09,us,usc000rmrd,2014-09-26T11:49:40.000Z,"125 km WNW of Mosquera, Colombia",earthquake,,4.9,0.054,109.0,reviewed,us,us,501187233627.2715,1634,15.0,1157.586917404987,-6230.727770673165,330.11885740598075,629.5004930993399,563.7436801982396,330.8999982099265,840.5442765228842,313.209195400761,313.209195400761
2014-06-30 04:08:35.190000+00:00,6.7078,-72.9876,162.96,4.1,mb,,81.0,0.78,0.88,us,usb000rvsn,2014-09-26T11:49:49.000Z,"3 km ENE of Aratoca, Colombia",earthquake,,7.0,0.174,10.0,reviewed,us,us,89125093813.3744,1637,16.0,1803.9067493033806,-5895.74922472541,725.1359600567566,252.38036325367665,291.1537464677931,534.0095928524385,48.12566265238478,774.5277178918404,48.12566265238478
2014-07-09 01:34:48.320000+00:00,6.8438,-73.0587,158.65,4.2,mb,,113.0,0.91,0.79,us,usb000rubn,2014-10-10T08:02:09.000Z,"12 km NNE of Jordán, Colombia",earthquake,,6.3,0.264,5.0,reviewed,us,us,125892541179.41713,1646,11.0,1797.3294961946992,-5900.41365337011,740.2823270429301,262.3184130806598,286.52516293635836,538.6944436711096,31.43803803529139,781.7349845223936,31.43803803529139
2014-07-12 22:37:11.470000+00:00,6.873,-73.0569,158.15,4.4,mb,,47.0,0.939,0.72,us,usb000rshr,2014-10-10T08:02:15.000Z,"12 km S of Piedecuesta, Colombia",earthquake,,5.6,0.036,234.0,reviewed,us,us,251188643150.95822,1650,9.0,1797.549346595781,-5900.470380768757,743.4855443945619,265.3403999137285,287.4828731579558,541.1076045360173,28.33378719121956,784.4505641312336,28.33378719121956
2014-07-14 12:34:39.360000+00:00,6.7831,-73.0421,152.5,4.3,mb,,95.0,0.851,0.83,us,usb000rsse,2014-10-10T08:02:18.000Z,"8 km NE of Jordán, Colombia",earthquake,,6.7,0.08,51.0,reviewed,us,us,177827941003.89227,1651,9.0,1801.0478608771339,-5906.480947702001,734.4737349035545,257.0441465789669,286.84014345033654,535.3303005170859,38.427723080913516,777.4645256872567,38.427723080913516
2014-07-22 06:18:51.900000+00:00,4.0272,-78.9273,10.0,4.1,mb,,161.0,2.186,1.09,us,usb000rw58,2014-10-17T21:12:14.000Z,"175 km W of Santa Genoveva de Docordó, Colombia",earthquake,,1.9,0.198,12.0,reviewed,us,us,89125093813.3744,1659,8.0,1218.6414422653447,-6227.171381407554,446.7332781114166,543.6440061926301,445.0619651319179,273.3749649679874,728.5437444470947,362.36766211847436,273.3749649679874
2014-07-24 16:23:50.200000+00:00,6.8441,-73.077,158.84,4.3,mb,,113.0,0.91,1.05,us,usb000s0a9,2014-10-25T01:49:34.000Z,"12 km N of Jordán, Colombia",earthquake,,5.9,0.376,2.0,reviewed,us,us,177827941003.89227,1662,9.0,1795.3887998514915,-5900.803225468502,740.2919810914763,261.48990094702054,284.5671865152809,537.2729671681263,31.013751822723417,780.5482607143357,31.013751822723417
2014-07-26 09:56:00.180000+00:00,6.7243,-72.9602,158.53,4.5,mb,,34.0,0.8,0.83,us,usb000rxjg,2014-10-25T01:49:38.000Z,"3 km SSE of Cepitá, Colombia",earthquake,,5.0,0.039,211.0,reviewed,us,us,354813389233.57605,1663,9.0,1807.9539607585123,-5898.8923778722865,727.4301966222215,255.44108919560236,294.4560653262088,537.480262597413,47.44358303385167,777.8398603215094,47.44358303385167
2014-08-03 09:38:06.800000+00:00,3.5848,-77.6941,62.43,5.0,mwr,,55.0,3.589,0.96,us,usb000rzmp,2022-07-26T21:21:35.810Z,"77 km W of Buenaventura, Colombia",earthquake,,4.3,,,reviewed,us,rsnc,1995262314968.8828,1671,7.0,1341.9209905676992,-6151.561933013521,394.4480755089912,420.7538045736391,377.1323611190543,129.82369960457316,640.7156819405301,267.62738816535403,129.82369960457316
2014-08-09 00:30:53.650000+00:00,3.6613,-71.3338,15.45,4.3,mb,,97.0,2.842,1.16,us,usb000s4w4,2014-11-07T21:47:36.000Z,"109 km SE of Puerto Gaitán, Colombia",earthquake,,5.0,0.114,23.0,reviewed,us,us,177827941003.89227,1677,7.0,2029.9685038174594,-6008.953812094911,405.8543582606341,325.3279705852102,551.2190707653237,577.3702642781491,432.4996091072449,714.5273957810941,325.3279705852102
2014-08-10 02:27:12.900000+00:00,6.7624,-72.9962,159.54,4.1,mb,,100.0,0.833,0.77,us,usb000s4zg,2014-11-07T21:47:37.000Z,"2 km WNW of Cepitá, Colombia",earthquake,,7.0,0.261,9.0,reviewed,us,us,89125093813.3744,1678,8.0,1803.812060578237,-5898.604177196892,731.413797017717,257.293398075134,291.3429319444509,537.4368394232787,42.07021792799408,778.7314152022834,42.07021792799408
2014-08-19 06:06:26.760000+00:00,6.8001,-73.014,164.89,4.5,mb,,29.0,0.869,1.15,us,usb000s421,2014-11-15T04:07:16.000Z,"6 km NW of Cepitá, Colombia",earthquake,,6.3,0.039,211.0,reviewed,us,us,354813389233.57605,1687,7.0,1800.2865336768505,-5893.622116840658,734.83880725532,260.12312938200677,290.2686476688906,538.8811166698026,37.466390100304686,780.8513638109089,37.466390100304686
2014-09-16 09:25:44.980000+00:00,6.7917,-73.0411,158.16,4.4,mb,,52.0,2.315,1.28,us,usb000scx3,2014-12-08T23:31:03.040Z,"8 km WNW of Cepitá, Colombia",earthquake,6.9,7.3,0.043,177.0,reviewed,us,us,251188643150.95822,1715,2.0,1799.4794159626726,-5900.968117238699,734.7312273607259,257.950167586014,287.1470187921666,536.0702459378834,37.52440060671812,778.2916019446471,37.52440060671812
2014-09-16 20:12:52.600000+00:00,3.968,-78.2161,37.79,4.7,mb,,72.0,3.712,0.9,us,usb000sd61,2014-12-08T23:31:04.040Z,"99 km WSW of Santa Genoveva de Docordó, Colombia",earthquake,8.9,5.6,0.05,124.0,reviewed,us,us,707945784384.1403,1716,3.0,1290.2739708102213,-6184.874742452444,438.2538129023555,466.8356962911854,386.2780144129435,195.4934541757135,663.6808485089127,323.4031176541882,195.4934541757135
2014-09-20 03:59:50.660000+00:00,3.6983,-77.0039,98.37,4.0,mb,,68.0,2.907,0.99,us,usb000shcg,2014-12-19T00:05:22.040Z,"12 km N of Buenaventura, Colombia",earthquake,7.5,6.2,0.299,7.0,reviewed,us,us,63095734448.019424,1719,3.0,1407.6811398798911,-6099.230975841829,404.60156778982866,344.0682566941527,323.99812820033947,59.12019172362583,573.7971161929611,277.9966734404293,59.12019172362583
2014-09-20 06:50:01.300000+00:00,3.0295,-79.3361,24.61,4.8,mb,,65.0,2.91,0.74,us,usb000sefx,2014-12-19T00:05:23.040Z,"114 km WNW of Mosquera, Colombia",earthquake,3.6,4.0,0.048,144.0,reviewed,us,us,1000000000000.0,1719,4.0,1172.7421592097423,-6228.0690189665465,335.40744640085757,613.1752507003632,548.5601930384775,314.8206810009732,824.7473066059611,304.8115454227847,304.8115454227847
2014-10-01 15:37:29.080000+00:00,6.7047,-72.9661,168.68,4.6,mb,,40.0,2.287,0.63,us,usb000shsx,2022-07-27T03:39:20.337Z,"5 km S of Cepitá, Colombia",earthquake,7.4,5.3,0.036,242.0,reviewed,us,us,501187233627.2715,1731,5.0,1804.4663246810726,-5889.6777349385275,724.1345483136139,253.21821290087075,293.4324762060799,535.530005224122,49.23580748339448,775.7247635067545,49.23580748339448
2014-10-02 12:09:38.780000+00:00,6.8371,-72.923,175.01,4.1,mb,,66.0,3.045,0.85,us,usb000sm09,2014-12-23T01:41:57.040Z,"8 km WSW of Guaca, Colombia",earthquake,12.3,8.1,0.197,8.0,reviewed,us,us,89125093813.3744,1731,6.0,1806.5544021667429,-5880.695510725888,737.6134368626576,268.42032069723984,300.96246992164635,549.0134804490558,38.346648142844565,790.2490444332741,38.346648142844565
2014-10-03 10:11:51.570000+00:00,6.7732,-73.002,169.33,4.3,mb,,80.0,2.322,0.73,us,usb000smdy,2014-12-23T01:41:59.040Z,"3 km NW of Cepitá, Colombia",earthquake,10.0,8.7,0.079,49.0,reviewed,us,us,177827941003.89227,1732,7.0,1800.3325870378155,-5889.357813194608,731.4218434756713,258.0631259253269,290.9522057450066,537.7904787086941,40.725371483866084,779.2891729664802,40.725371483866084
2014-10-04 03:22:18.320000+00:00,5.4118,-77.6988,44.29,4.5,mb,,60.0,3.411,1.14,us,usb000sipr,2014-12-23T01:42:01.040Z,"57 km SW of Nuquí, Colombia",earthquake,8.5,7.0,0.071,78.0,reviewed,us,us,354813389233.57605,1733,8.0,1341.9027100974574,-6153.902321077768,596.6931903137169,409.1837195967743,251.87056073894001,253.45475329177074,540.2415417352893,469.11471660406374,251.87056073894001
2014-10-04 03:36:33.210000+00:00,6.7622,-72.9688,166.92,4.7,mb,,46.0,2.332,0.94,us,usb000sipu,2022-07-27T04:02:27.668Z,"1 km NE of Cepitá, Colombia",earthquake,5.6,5.7,0.042,208.0,reviewed,us,us,707945784384.1403,1733,9.0,1804.486924753418,-5890.736059546984,730.5232792641325,258.69010383649555,294.30656520557017,539.6362682053258,43.18884036162245,780.5712147131389,43.18884036162245
2014-10-07 06:05:56.520000+00:00,6.2099,-77.5713,25.22,4.7,mb,,56.0,3.507,1.37,us,usb000sjfh,2014-12-23T01:42:06.040Z,"18 km W of Bahía Solano, Colombia",earthquake,6.7,4.2,0.044,170.0,reviewed,us,us,707945784384.1403,1736,10.0,1357.7535538702116,-6160.70147596078,686.4301999821039,421.65435216186506,220.016315211807,327.60998485501307,501.6103397727638,556.4950373386298,220.016315211807
2014-10-11 21:42:27.770000+00:00,6.5521,-72.7581,179.8,4.2,mb,,103.0,2.301,0.73,us,usb000sq0x,2015-01-06T23:49:51.040Z,"5 km NNW of Covarachía, Colombia",earthquake,5.8,11.1,0.199,7.0,reviewed,us,us,125892541179.41713,1741,11.0,1823.126267217964,-5874.358393493852,706.4570182029686,251.10036508571912,313.8315048061469,541.8238800705875,74.82061088430444,777.1587880058237,74.82061088430444
2014-10-14 23:57:48.010000+00:00,5.2079,-77.9364,18.05,4.5,mb,,64.0,3.619,1.27,us,usb000sm92,2022-07-27T04:56:07.803Z,"69 km WNW of Pizarro, Colombia",earthquake,5.5,4.3,0.127,29.0,reviewed,us,us,354813389233.57605,1744,12.0,1322.268527058011,-6187.006289063805,576.6565909939611,431.630911435546,284.91745817384157,249.7689170511527,573.0119998231715,450.06245755347726,249.7689170511527
2014-10-15 15:24:38.620000+00:00,6.7463,-73.0239,164.56,4.5,mb,,54.0,2.287,0.77,us,usb000smg6,2015-01-15T20:03:25.040Z,"5 km W of Cepitá, Colombia",earthquake,8.7,6.3,0.04,192.0,reviewed,us,us,354813389233.57605,1745,13.0,1799.5645150971477,-5894.903871439791,729.0907872736626,254.2963564907892,287.9958445379422,533.9803115478146,42.885532528654906,775.4437110420396,42.885532528654906
2014-10-18 11:03:53.030000+00:00,6.6854,-72.8986,181.63,4.2,mb,,81.0,2.312,1.12,us,usb000ss0d,2015-01-15T20:03:31.040Z,"10 km W of Molagavita, Colombia",earthquake,9.3,10.1,0.104,27.0,reviewed,us,us,125892541179.41713,1747,12.0,1807.6930795674975,-5875.487351914234,720.5519443313204,255.06192779245308,300.42635049677693,539.6383136617112,54.21986521215127,778.6900717177401,54.21986521215127
2014-10-19 02:20:34.390000+00:00,4.9021,-75.8767,131.28,4.4,mb,,61.0,1.551,0.96,us,usb000sny7,2015-01-15T20:03:32.040Z,"0 km ENE of La Virginia, Colombia",earthquake,7.5,6.0,0.064,94.0,reviewed,us,us,251188643150.95822,1748,13.0,1516.9811042165638,-6028.977181452985,533.2055451410058,201.08245264629355,152.77571980798444,176.90365293386031,391.81570631656456,438.7774028601286,152.77571980798444
2014-10-21 08:01:03.310000+00:00,7.4408,-73.0289,153.36,4.3,mb,,53.0,2.77,1.23,us,usc000stxd,2015-01-15T20:03:36.040Z,"9 km NNW of Suratá, Colombia",earthquake,8.5,7.4,0.154,12.0,reviewed,us,us,177827941003.89227,1750,12.0,1799.580030662548,-5896.797410646364,805.1951196045135,324.71338980696703,311.6110056411562,589.1211711444301,37.21616003297286,837.5734080531438,37.21616003297286
2014-10-29 14:52:13.420000+00:00,0.8593,-77.8412,10.0,4.7,mb,,51.0,5.294,1.05,us,usb000srdg,2015-01-20T09:03:00.040Z,"7 km SW of Cumbal, Colombia",earthquake,7.4,1.8,0.041,203.0,reviewed,us,us,707945784384.1403,1758,13.0,1339.6152705892441,-6217.608180214491,95.39624800775856,598.8316840642409,649.1475089194989,322.8734979370483,870.7468243950239,73.68598885063285,73.68598885063285
2014-10-31 21:24:30.200000+00:00,4.8804,-76.2802,120.79,4.5,mb,,62.0,1.952,0.97,us,usc000st8z,2015-01-20T09:03:07.040Z,"5 km WSW of San José del Palmar, Colombia",earthquake,8.2,6.0,0.04,193.0,reviewed,us,us,354813389233.57605,1761,13.0,1477.012071401031,-6049.860275437297,531.7433899179114,245.39376502312635,170.23857760843288,161.31064329978315,428.8179988659082,422.5999509483842,161.31064329978315
2014-11-03 18:13:29.040000+00:00,6.7291,-72.9289,169.26,4.5,mb,,150.0,2.328,0.85,us,usc000sxc8,2015-01-20T09:03:15.040Z,"5 km ESE of Cepitá, Colombia",earthquake,12.1,10.4,0.14,16.0,reviewed,us,us,354813389233.57605,1764,10.0,1808.0301085229953,-5887.658967618077,726.6897792736279,257.5912305719135,297.95226519391747,540.3948063594145,48.37534790426088,780.4007749258699,48.37534790426088
2014-11-07 21:58:56.920000+00:00,6.7936,-73.2467,146.58,4.7,mb,,86.0,2.211,1.07,us,usc000syxe,2015-01-31T02:50:08.040Z,"3 km SE of Zapatoca, Colombia",earthquake,9.2,11.8,0.208,8.0,reviewed,us,us,707945784384.1403,1768,10.0,1781.6003505540823,-5918.3746528360025,736.3056403246578,248.92735471364085,265.04152310718166,520.042658334057,38.716103002088964,764.9080705984406,38.716103002088964
2014-11-09 12:46:26.850000+00:00,12.8854,-72.5905,37.38,4.4,mb,,51.0,2.545,1.18,us,usc000svu7,2015-01-31T02:50:13.040Z,"123 km N of Manaure, Colombia",earthquake,7.0,6.2,0.091,41.0,reviewed,us,us,251188643150.95822,1769,11.0,1847.2926992361072,-5891.294862676314,1412.4081664846935,923.391326649324,807.9231288684645,1134.9604421790336,643.8018003438373,1396.913777164817,643.8018003438373
2014-11-14 11:22:06.060000+00:00,6.8119,-73.0035,167.47,4.3,mb,,146.0,2.353,0.75,us,usb000t0hd,2015-02-12T01:42:41.040Z,"7 km NNW of Cepitá, Colombia",earthquake,11.9,11.6,0.168,10.0,reviewed,us,us,177827941003.89227,1774,10.0,1800.573444913331,-5890.6973487223195,735.8019272390941,261.81738221492765,291.67994931712917,540.625348064828,36.62592686257501,782.5980375953516,36.62592686257501
2014-11-14 13:30:20.880000+00:00,6.6177,-73.5204,136.77,4.5,mb,,121.0,1.932,0.75,us,usb000t0h8,2015-02-12T01:42:41.040Z,"8 km S of El Carmen de Chucurí, Colombia",earthquake,10.9,10.9,0.242,5.0,reviewed,us,us,354813389233.57605,1774,11.0,1756.7055317078623,-5938.301765137484,718.4577328778864,220.6283315256304,231.46444686712746,484.9643242859881,70.98250052790382,731.4446007270402,70.98250052790382
2014-11-20 05:40:10.550000+00:00,6.712,-72.9385,169.14,4.7,mb,,70.0,2.309,0.69,us,usb000sy5r,2015-02-18T03:30:47.040Z,"6 km SE of Cepitá, Colombia",earthquake,8.3,6.1,0.038,241.0,reviewed,us,us,707945784384.1403,1780,9.0,1807.1421149980615,-5888.2828303150945,724.8656054861403,255.4142638553068,296.5747403696393,538.3322953319721,49.644626919471776,778.2521133782774,49.644626919471776
2014-11-25 20:20:16.320000+00:00,6.7588,-72.949,165.91,5.1,mwr,,33.0,2.34,1.11,us,usb000szzw,2025-12-22T17:01:49.675Z,"2 km E of Cepitá, Colombia",earthquake,7.0,4.6,,,reviewed,us,rsnc,2818382931264.449,1786,9.0,1806.8293141534548,-5891.11245016345,730.276548401317,259.39910976800223,296.3798049559452,540.9853473940478,44.43506412847172,781.6204853989532,44.43506412847172
2014-11-26 06:19:37.580000+00:00,5.5524,-77.8586,14.33,4.5,mb,,70.0,3.592,1.46,us,usb000t05s,2015-02-24T00:35:04.040Z,"67 km WSW of Nuquí, Colombia",earthquake,4.6,5.1,0.15,15.0,reviewed,us,us,354813389233.57605,1786,10.0,1330.693874064636,-6185.3233820786845,615.0463084496657,429.657621479984,263.3769920597025,276.02749310300464,551.6119097504948,486.69055088884306,263.3769920597025
2014-11-27 19:43:30.890000+00:00,9.1923,-75.2228,26.29,4.4,mb,,56.0,4.41,1.09,us,usb000t0rq,2015-02-24T00:35:08.040Z,"9 km SSE of San Juan de Betulia, Colombia",earthquake,8.3,4.7,0.101,30.0,reviewed,us,us,251188643150.95822,1788,11.0,1597.505635342359,-6056.073049785876,1013.5580618823027,514.2217552157834,330.1833681432721,654.5159358082697,326.43761925695634,915.954987362484,326.43761925695634
2014-11-30 04:49:47.960000+00:00,6.7097,-72.8977,170.35,4.1,mb,,70.0,2.331,0.31,us,usc000t6tf,2015-02-24T00:35:13.040Z,"9 km ESE of Cepitá, Colombia",earthquake,11.4,9.3,0.261,11.0,reviewed,us,us,89125093813.3744,1790,11.0,1810.9898268797401,-5885.873714107674,724.4769775599649,257.4401382168021,300.97024417320705,541.5103577834163,51.877315196443156,780.8597827919018,51.877315196443156
2014-11-30 23:22:00.210000+00:00,4.2444,-71.446,15.54,4.3,mb,,104.0,2.927,1.12,us,usc000t6u5,2015-02-24T00:35:14.040Z,"61 km S of Orocué, Colombia",earthquake,5.7,5.4,0.177,10.0,reviewed,us,us,177827941003.89227,1791,11.0,2016.7501972576692,-6008.605385611156,470.3740782247423,295.7040171091809,509.00554333859805,571.1019009702759,369.59917761815467,730.415363484967,295.7040171091809
2014-12-03 20:15:32.010000+00:00,6.6982,-72.9049,167.62,4.3,mb,,151.0,2.318,0.29,us,usc000t7df,2015-02-28T02:16:06.040Z,"9 km SE of Cepitá, Colombia",earthquake,9.9,11.1,0.129,19.0,reviewed,us,us,177827941003.89227,1794,11.0,1811.0899097485624,-5888.831684788863,723.5593627572703,255.93486480186783,299.97215105966427,540.0653475447594,52.63590717668385,779.3646317490726,52.63590717668385
2014-12-14 01:49:30.580000+00:00,5.3759,-73.5845,152.31,4.7,mb,,54.0,0.903,0.79,us,usc000t6fp,2022-07-27T10:28:08.127Z,"7 km W of Ventaquemada, Colombia",earthquake,4.1,3.9,0.032,316.0,reviewed,us,us,707945784384.1403,1804,10.0,1749.6777735779501,-5938.9628434409915,582.6262515323205,91.55912063942866,241.06019607523757,390.58387553422614,200.46444922501806,618.4916379050759,91.55912063942866
2014-12-21 20:06:19.820000+00:00,6.1883,-77.9047,55.85,4.4,mb,,122.0,3.808,1.4,us,usc000tcv5,2015-03-06T02:59:08.040Z,"55 km W of Bahía Solano, Colombia",earthquake,10.6,5.0,0.19,8.0,reviewed,us,us,251188643150.95822,1812,8.0,1315.5554617424366,-6138.974887787195,680.7500838764871,454.920105615632,256.91730864764133,340.19405372339344,538.1946671340128,557.4698666180165,256.91730864764133
2014-12-23 19:08:44.360000+00:00,6.7649,-72.9786,160.03,4.1,mb,,94.0,2.328,1.15,us,usc000td75,2015-03-06T02:59:12.040Z,"1 km NNW of Cepitá, Colombia",earthquake,11.0,5.1,0.37,2.0,reviewed,us,us,89125093813.3744,1814,9.0,1805.472114210526,-5897.554012263265,731.6252169968186,258.44543193574293,293.30323832473573,539.0477413316308,42.49636117437447,780.1429807707809,42.49636117437447
2015-01-10 06:17:55.370000+00:00,8.4627,-77.1279,39.86,4.4,mb,,94.0,2.767,1.12,us,usc000tef8,2015-04-10T18:56:28.040Z,"17 km ESE of Acandí, Colombia",earthquake,6.9,8.4,0.126,20.0,reviewed,us,us,251188643150.95822,1831,4.0,1395.065602188786,-6104.835231651326,931.7255280276241,536.5871656807276,299.9074393353218,561.0901274468787,465.834842246341,806.2416054999669,299.9074393353218
2015-01-14 18:51:06.200000+00:00,6.723,-72.911,167.08,4.0,mb,,77.0,2.334,1.05,us,usc000tfrv,2015-04-10T18:56:33.040Z,"7 km ESE of Cepitá, Colombia",earthquake,9.9,5.9,0.163,12.0,reviewed,us,us,63095734448.019424,1836,4.0,1810.5283344405402,-5889.237167792545,726.289266118401,257.98127730811433,299.77803479090517,541.4056845408945,49.879273732537065,781.0990006558645,49.879273732537065
2015-01-25 10:15:46.630000+00:00,6.7651,-73.0564,165.9,4.5,mb,,66.0,2.285,1.12,us,usc000tiwy,2022-07-27T20:48:55.995Z,"5 km NE of Jordán, Colombia",earthquake,9.7,7.0,0.09,45.0,reviewed,us,us,354813389233.57605,1846,3.0,1795.7628343947729,-5894.421621519472,730.955265642304,254.5501275708707,284.8866718204406,532.8065819864497,40.05936684680914,774.9154751346966,40.05936684680914
2015-02-05 23:42:21.090000+00:00,5.143,-78.1049,32.29,4.2,mb,,65.0,3.781,0.85,us,usb000tnkr,2015-05-04T22:47:42.040Z,"84 km WNW of Pizarro, Colombia",earthquake,7.6,3.3,0.176,10.0,reviewed,us,us,125892541179.41713,1858,4.0,1301.2780534915123,-6177.625232187201,568.2133245933024,449.3431600575255,304.9014090025285,256.491165955761,593.0165287271444,446.3957269553574,256.491165955761
2015-02-09 13:55:48.670000+00:00,6.4165,-73.2849,138.92,4.3,mb,,167.0,1.871,0.27,us,usb000tp3j,2015-05-04T22:47:50.040Z,"1 km NNE of Palmas del Socorro, Colombia",earthquake,15.0,13.4,0.533,1.0,reviewed,us,us,177827941003.89227,1861,4.0,1781.1986833238816,-5931.364629995126,696.4667996165024,208.69550126081924,254.5019002130797,487.9149829155221,80.17385248093328,728.7975633184315,80.17385248093328
2015-02-13 04:45:27.570000+00:00,6.7625,-73.0108,166.02,4.3,mwr,,46.0,2.308,0.76,us,usb000tny3,2022-07-27T21:10:04.459Z,northern Colombia,earthquake,8.3,6.0,,,reviewed,us,car,177827941003.89227,1865,5.0,1800.4283303434613,-5892.908312212546,730.6615164034158,256.56004166653304,289.76416384384527,536.267709174092,41.55254093164482,777.7535760530957,41.55254093164482
2015-02-20 17:54:57.310000+00:00,6.7741,-73.0392,166.14,4.4,mb,,80.0,2.302,1.22,us,usc000tss4,2015-05-12T20:29:35.040Z,"7 km WNW of Cepitá, Colombia",earthquake,4.9,6.4,0.107,26.0,reviewed,us,us,251188643150.95822,1873,5.0,1797.4291989263231,-5893.544418633942,731.8948558609932,256.29079327041546,286.9487953691375,534.8726303617232,39.47549548846744,776.864167784916,39.47549548846744
2015-02-21 02:14:10.990000+00:00,6.7199,-72.9878,172.73,4.3,mb,,68.0,2.286,0.65,us,usc000tt1p,2015-05-12T20:29:36.040Z,"4 km SSW of Cepitá, Colombia",earthquake,6.9,6.8,0.13,19.0,reviewed,us,us,177827941003.89227,1873,6.0,1801.0025012171773,-5886.330646490199,725.2947702139836,253.55374447429165,291.3698227709134,534.903508914179,46.8412053701105,775.5731628469564,46.8412053701105
2015-02-21 22:26:45.600000+00:00,4.67,-76.18,95.0,5.1,mb,,,,0.94,us,usc000ts6w,2025-12-22T17:03:57.356Z,"8 km SW of Argelia, Colombia",earthquake,6.9,4.4,0.035,279.0,reviewed,rsnc,us,2818382931264.449,1874,7.0,1494.1863956581685,-6074.083609845616,510.9709538074573,233.6472008095594,187.17119420804912,140.99308392910373,434.17441825346896,403.31059069773994,140.99308392910373
2015-02-22 12:56:24.400000+00:00,2.7299,-76.5012,149.0,5.5,mww,,29.0,3.024,0.96,us,usc000tsa5,2022-07-27T22:36:01.079Z,"7 km SSW of Caldono, Colombia",earthquake,7.5,1.9,,,reviewed,us,us,11220184543019.652,1874,8.0,1450.7221275423672,-6043.250128224402,296.3396638566667,348.0923960763985,403.8573918748931,80.32221228002041,615.0123882071139,189.575253467687,80.32221228002041
2015-02-23 06:51:49.980000+00:00,5.0445,-78.2416,33.96,4.4,mb,,156.0,3.911,1.26,us,usc000ttd7,2015-05-12T20:29:41.040Z,"97 km W of Pizarro, Colombia",earthquake,7.1,5.9,0.241,5.0,reviewed,us,us,251188643150.95822,1875,9.0,1286.3935452660635,-6180.030908260004,557.2123304888657,463.4328447924031,323.1980931080062,259.44028112131195,611.1743948768809,439.1180492515595,259.44028112131195
2015-02-24 04:29:58+00:00,6.842,-73.117,152.5,4.7,mwr,,,,0.51,us,usc000tsl9,2022-07-27T22:54:54.686Z,"12 km N of Jordán, Colombia",earthquake,7.5,5.9,,,reviewed,rsnc,rsnc,707945784384.1403,1876,10.0,1793.1048429946954,-5908.104704978798,740.8212112489512,259.44492245013623,280.21851759008155,533.9637768431822,30.840770366738862,777.7204268630647,30.840770366738862
2015-02-27 19:00:10.680000+00:00,1.0649,-77.5007,113.46,4.0,mb,,93.0,1.256,1.32,us,usc000tttf,2015-05-19T00:29:00.040Z,"1 km NNW of Imués, Colombia",earthquake,11.2,18.7,0.173,9.0,reviewed,us,us,63095734448.019424,1880,10.0,1354.070994922224,-6108.172707916154,116.29601273720806,556.1470312737827,614.0148007381441,286.3808757491104,829.9267234800661,29.485900578095382,29.485900578095382
2015-03-02 06:13:45.910000+00:00,6.7569,-72.9547,165.22,4.4,mb,,81.0,2.335,0.59,us,usc000tvif,2015-05-19T00:29:35.040Z,"2 km E of Cepitá, Colombia",earthquake,8.0,9.0,0.178,9.0,reviewed,us,us,251188643150.95822,1882,11.0,1806.4511860883158,-5891.970429637774,730.1533927567355,258.912095776256,295.7216908994027,540.3793371266142,44.35908629531368,781.0659124708317,44.35908629531368
2015-03-10 20:55:44.370000+00:00,6.7757,-72.9875,155.0,6.2,mww,,13.0,2.332,1.18,us,us10001ldx,2023-08-19T18:45:26.795Z,"2 km NNW of Cepitá, Colombia",earthquake,5.6,1.7,,,reviewed,us,us,125892541179417.14,1891,11.0,1805.9770190535214,-5902.47871264134,733.3812470103018,259.0491573444758,292.57654667495666,539.1486340701157,41.01759107534977,780.4888191255466,41.01759107534977
2015-03-14 08:05:57+00:00,6.811,-73.157,151.2,4.5,mb,,,,1.94,us,us10001mbq,2015-06-04T00:46:19.040Z,"10 km NW of Jordán, Colombia",earthquake,8.6,6.5,0.127,18.0,reviewed,rsnc,us,354813389233.57605,1894,11.0,1789.4696647494445,-5910.973304105504,737.6347043717259,254.50948392540246,275.12598014654986,528.4009961375025,34.489804951066354,772.3215588623739,34.489804951066354
2015-03-22 22:27:37+00:00,6.804,-73.147,154.6,5.1,mwr,,,,0.58,us,us10001pn4,2022-07-28T03:36:45.011Z,"9 km NW of Jordán, Colombia",earthquake,6.5,4.5,,,reviewed,rsnc,rsnc,2818382931264.449,1903,10.0,1789.5486343018479,-5907.51603831396,736.4773605018132,254.23909821417527,276.0267387710419,528.6372233244142,35.162203063703934,772.3533901849421,35.162203063703934
2015-03-24 20:52:27.540000+00:00,6.8316,-73.0317,160.71,4.3,mb,,55.0,2.353,1.43,us,us10001qei,2015-06-09T21:30:05.040Z,"10 km NW of Cepitá, Colombia",earthquake,8.5,7.7,0.129,17.0,reviewed,us,us,177827941003.89227,1905,8.0,1799.558835608198,-5897.760327697662,738.7238985710673,262.38951035940795,289.1207137556379,539.890690486601,33.5304126963449,782.4505744669989,33.5304126963449
2015-03-25 08:04:50.150000+00:00,6.7571,-72.9683,173.35,4.3,mb,,52.0,2.328,0.66,us,us10001qkp,2015-06-09T21:30:06.040Z,"0 km ENE of Cepitá, Colombia",earthquake,9.8,7.7,0.065,67.0,reviewed,us,us,177827941003.89227,1905,8.0,1802.6870999628902,-5884.6771684219975,729.2183250441896,258.2166738458017,294.2517524131511,539.2913669600318,43.73230821548635,780.15815924097,43.73230821548635
2015-04-06 22:20:35.630000+00:00,6.6213,-72.8412,170.25,4.2,mb,,176.0,2.298,0.83,us,us200026fv,2015-06-16T01:00:30.040Z,"6 km SSW of Molagavita, Colombia",earthquake,13.7,7.8,0.141,14.0,reviewed,us,us,125892541179.41713,1918,6.0,1817.1499802310325,-5885.240946807698,714.9863704046302,252.32792039049158,305.64492775468005,539.7302986867032,63.49919835127089,777.1650592253827,63.49919835127089
2015-04-07 14:00:20.320000+00:00,5.4632,-76.5652,89.71,4.5,mb,,57.0,2.317,0.77,us,us10001vc2,2015-06-16T01:00:31.040Z,"4 km SSW of Lloró, Colombia",earthquake,8.1,7.1,0.093,34.0,reviewed,us,us,354813389233.57605,1918,7.0,1452.7575662267654,-6081.650493023128,598.0190620560833,288.51569893518626,139.24384180536944,223.70998939826282,422.69106841065,479.16677427519966,139.24384180536944
2015-04-11 04:29:02.740000+00:00,6.3864,-73.1375,51.04,4.5,mb,,58.0,1.932,0.58,us,us200025t7,2022-07-28T07:24:08.473Z,"4 km SE of Páramo, Colombia",earthquake,7.6,6.4,0.051,112.0,reviewed,us,us,354813389233.57605,1922,7.0,1821.8914544596312,-6010.691579085511,702.9883860189324,213.08303075795766,270.54024362794183,497.8799090519702,81.51114638595779,736.2419942251792,81.51114638595779
2015-04-15 05:56:58.480000+00:00,7.1046,-72.0262,56.73,4.4,mb,,45.0,2.241,0.74,us,us200026md,2015-06-22T23:19:02.040Z,"14 km NE of Cubará, Colombia",earthquake,5.7,7.7,0.084,41.0,reviewed,us,us,251188643150.95822,1926,7.0,1933.51015079285,-5960.004330808985,780.9561488452151,349.33718060680565,404.102799280303,643.2773945139286,120.99817354568582,876.59349488558,120.99817354568582
2015-04-27 06:36:47.230000+00:00,6.7933,-72.9588,160.71,4.3,mb,,167.0,2.362,0.51,us,us20002bwh,2015-07-03T00:23:44.040Z,"4 km NNE of Cepitá, Colombia",earthquake,7.2,13.0,0.266,4.0,reviewed,us,us,177827941003.89227,1938,5.0,1807.2056743059393,-5895.936704738408,734.6018707945325,262.26026087086547,296.07490474303887,542.8001244453875,40.51298312769845,783.9779344952179,40.51298312769845
2015-04-27 22:28:00.350000+00:00,6.7256,-72.9039,170.99,4.3,mb,,70.0,2.34,0.85,us,us20002bwe,2015-07-03T00:23:45.040Z,"8 km ESE of Cepitá, Colombia",earthquake,9.3,3.4,0.087,38.0,reviewed,us,us,177827941003.89227,1939,6.0,1810.1068812533601,-5885.269746229436,726.1109368793076,258.6235364281521,300.60061392070276,542.1817023750968,49.99785664833314,781.8136960341757,49.99785664833314
2015-05-02 09:51:43.340000+00:00,6.7731,-73.0066,153.92,4.6,mb,,36.0,0.877,0.86,us,us20002aue,2022-07-31T03:34:27.407Z,northern Colombia,earthquake,6.1,5.1,0.031,316.0,reviewed,us,us,501187233627.2715,1943,7.0,1804.33244505022,-5904.137879271534,733.2285160099311,257.8201804153633,290.45229813334964,537.4127208681848,40.57265987887438,778.9699320635317,40.57265987887438
2015-05-04 02:10:29.070000+00:00,6.7844,-73.0325,164.1,4.3,mb,,83.0,0.852,1.42,us,us20002eky,2015-07-09T22:00:09.040Z,"7 km WNW of Cepitá, Colombia",earthquake,3.1,5.7,0.101,28.0,reviewed,us,us,177827941003.89227,1945,8.0,1798.6710977069977,-5895.145789192374,733.24349055476,257.6459969186928,287.90716314297856,536.1978107134217,38.547102945712865,778.2232775091396,38.547102945712865
2015-05-07 11:49:43.270000+00:00,6.8609,-73.1039,149.68,4.3,mb,,100.0,0.961,0.81,us,us20002dcu,2015-07-17T07:05:56.040Z,"14 km N of Jordán, Colombia",earthquake,7.9,9.2,0.067,64.0,reviewed,us,us,177827941003.89227,1948,8.0,1795.1982202333975,-5910.139381154578,743.1947172825041,261.95414409483703,282.12290001394564,536.4705718830241,28.80759153025741,780.2699148386324,28.80759153025741
2015-05-09 14:31:50.920000+00:00,11.4829,-72.1176,38.65,4.7,mb,,41.0,0.249,1.41,us,us20002e2t,2022-07-31T05:26:14.988Z,"17 km NE of Maicao, Colombia",earthquake,6.5,6.2,0.101,30.0,reviewed,us,us,707945784384.1403,1950,8.0,1905.5190186331015,-5905.802425502936,1260.6155254680875,783.1019375698693,695.7182249400536,1016.8496177731231,497.58117502986113,1276.1811005631848,497.58117502986113
2015-05-16 09:00:56.430000+00:00,5.4487,-72.9153,10.0,4.4,mwr,,74.0,0.471,0.86,us,us100029qy,2022-07-31T07:17:03.193Z,"8 km SSW of Aquitania, Colombia",earthquake,7.8,2.0,,,reviewed,us,rsnc,251188643150.95822,1957,7.0,1860.323112655005,-6052.825482214303,604.0054622093921,152.13306773910213,307.87083422656286,458.3175126370884,187.1711751932875,675.6696128917004,152.13306773910213
2015-05-22 09:45:25.360000+00:00,5.013,-78.3497,35.0,4.4,mb,,68.0,3.041,0.67,us,us20002l9m,2015-07-29T01:35:33.040Z,"109 km W of Pizarro, Colombia",earthquake,5.3,2.0,0.24,5.0,reviewed,us,us,251188643150.95822,1963,8.0,1274.5838503115472,-6181.7313671766715,553.6508941463321,475.1227626044806,335.5508499522651,266.0278982295263,623.5801043610012,438.81239046018004,266.0278982295263
2015-06-06 22:13:22.100000+00:00,7.0544,-76.7643,20.38,4.1,mb,,95.0,1.457,1.06,us,us20002mm3,2015-08-10T13:08:22.040Z,"10 km NE of Murindó, Colombia",earthquake,4.9,6.7,0.184,8.0,reviewed,us,us,89125093813.3744,1979,4.0,1443.0147814324027,-6135.1276702649475,779.930249776863,395.6771399031913,158.71524103067634,401.4377211135145,401.89765614546957,651.9892989109351,158.71524103067634
2015-06-07 13:03:52.560000+00:00,10.3309,-73.3414,93.75,4.2,mb,,31.0,1.861,1.01,us,us20002mqv,2015-08-10T13:08:23.040Z,"17 km W of San Diego, Colombia",earthquake,5.5,6.7,0.054,97.0,reviewed,us,us,125892541179.41713,1979,5.0,1770.316452442475,-5916.300262415485,1125.716849680218,630.0702179502472,516.9232202805534,842.0438647310787,357.92143423689555,1103.331068271522,357.92143423689555
2015-06-10 23:46:00.600000+00:00,6.78,-73.06,151.0,4.3,mb,,,,0.75,us,us20002nuh,2015-08-10T13:08:29.040Z,"6 km NE of Jordán, Colombia",earthquake,7.8,6.2,0.116,21.0,reviewed,rsnc,us,177827941003.89227,1983,5.0,1799.6480808660858,-5908.506218775947,734.3167216678221,255.86258524384402,284.83510175169835,533.6627666333978,38.35793265878766,775.9919355409241,38.35793265878766
2015-06-19 09:07:24.100000+00:00,6.9134,-73.1901,137.98,4.1,mb,,122.0,1.019,0.67,us,us10002n9c,2015-09-01T00:53:50.040Z,"10 km E of Betulia, Colombia",earthquake,9.7,10.0,0.185,8.0,reviewed,us,us,89125093813.3744,1991,5.0,1789.4658582031077,-5923.297769787437,750.2624828395773,263.6143989673268,274.407435045212,533.9412172469465,24.0730676438183,779.3644471207574,24.0730676438183
2015-06-22 00:25:27.760000+00:00,6.8163,-73.033,152.26,4.3,mb,,49.0,0.918,0.87,us,us10002ks8,2015-09-01T00:53:53.040Z,"9 km NW of Cepitá, Colombia",earthquake,6.2,7.8,0.051,110.0,reviewed,us,us,177827941003.89227,1994,5.0,1801.9309780984906,-5906.014695691534,738.0801799565161,260.7990041959689,288.60531206312686,538.6079100852538,35.11659379385738,781.009341471292,35.11659379385738
2015-07-01 05:55:25.260000+00:00,6.8576,-73.0132,143.7,4.6,mb,,41.0,0.96,0.95,us,us10002mr1,2022-07-31T16:15:46.150Z,"12 km NNW of Cepitá, Colombia",earthquake,7.5,6.8,0.036,237.0,reviewed,us,us,501187233627.2715,2003,6.0,1806.298867441309,-5913.009271998545,743.5529844869704,265.8846598050268,291.7669255303503,543.3679488638071,31.50951532000286,785.9882463012384,31.50951532000286
2015-07-05 08:54:22.470000+00:00,6.8078,-73.0116,156.64,4.5,mb,,60.0,0.911,1.01,us,us10002ni1,2015-09-30T00:20:56.040Z,"7 km NW of Cepitá, Colombia",earthquake,6.1,6.8,0.054,98.0,reviewed,us,us,354813389233.57605,2007,7.0,1802.8980070999971,-5901.28657527617,736.6449226459864,261.0068818573764,290.7089190281824,539.66311032626,36.74382476395226,781.6921236817353,36.74382476395226
2015-07-14 23:26:57.360000+00:00,6.8063,-73.011,150.02,4.7,mwr,,42.0,0.91,1.22,us,us20002xih,2015-10-09T20:19:18.040Z,"7 km NW of Cepitá, Colombia",earthquake,7.5,5.2,,,reviewed,us,rsnc,707945784384.1403,2017,5.0,1804.8860927795304,-5907.572627109577,737.267934957629,260.88783292119035,290.738163918858,539.5961553059215,36.92316307836711,781.6000250122755,36.92316307836711
2015-07-19 11:16:21.470000+00:00,2.7567,-78.8985,10.0,4.9,mb,,54.0,0.931,0.82,us,us20002yi3,2025-12-22T17:08:19.964Z,"56 km WNW of Mosquera, Colombia",earthquake,6.6,1.8,0.037,235.0,reviewed,us,us,1412537544622.7554,2021,5.0,1223.3782726977909,-6234.747172334139,305.9318534615516,577.9174034478307,534.3829848102265,273.88090992235453,802.8273718043885,248.48626968723005,248.48626968723005
2015-07-26 10:13:06.320000+00:00,6.8911,-73.1014,147.8,4.2,mb,,58.0,0.991,0.56,us,us2000307a,2015-10-22T20:05:00.040Z,"12 km SSW of Piedecuesta, Colombia",earthquake,7.8,8.1,0.067,61.0,reviewed,us,us,125892541179.41713,2028,5.0,1795.8845083845968,-5911.471237002762,746.6758912896894,265.13292036831973,283.21682008061197,539.0367375895589,25.483340038620728,783.1326507545656,25.483340038620728
2015-07-26 13:09:22.620000+00:00,6.7602,-73.075,155.7,4.2,mb,,33.0,0.861,0.71,us,us2000307f,2015-10-22T20:05:01.040Z,"3 km NE of Jordán, Colombia",earthquake,7.3,6.1,0.039,183.0,reviewed,us,us,125892541179.41713,2028,6.0,1796.8161939779905,-5904.754414672895,731.6289752732672,253.15817457436862,282.76528019366134,530.9441252785197,40.27572891078108,773.236872481614,40.27572891078108
2015-07-29 06:54:00.190000+00:00,8.3075,-77.2832,25.91,4.4,mb,,91.0,2.609,1.41,us,us1000333k,2015-10-22T20:05:13.040Z,"22 km S of Acandí, Colombia",earthquake,5.9,7.8,0.309,3.0,reviewed,us,us,251188643150.95822,2031,7.0,1382.1025008161666,-6124.498630564474,916.7749503294577,534.5453220440158,296.4387005743303,546.3032863467956,477.0894250356129,788.8057244037734,296.4387005743303
2015-08-04 15:55:47.120000+00:00,6.804,-73.0847,157.01,4.1,mb,,98.0,2.302,0.91,us,us100033zv,2015-10-30T02:47:48.040Z,"7 km N of Jordán, Colombia",earthquake,9.1,8.8,0.131,16.0,reviewed,us,us,89125093813.3744,2038,6.0,1795.2747847746205,-5903.277203567293,736.1918398727016,257.09087436704556,282.7362437726266,533.5509527384656,35.30975119207614,776.4729122270569,35.30975119207614
2015-08-09 19:36:18.300000+00:00,10.9,-72.29,127.8,4.7,mwr,,,,1.95,us,us100030m1,2022-07-31T23:09:49.402Z,"43 km SE of Albania, Colombia",earthquake,6.6,5.7,,,reviewed,car,car,707945784384.1403,2043,7.0,1864.9136366750342,-5840.027386319453,1180.5606696744894,715.6135774275784,631.5786174954642,951.1306002372382,430.2225400416727,1209.9275990400965,430.2225400416727
2015-08-10 16:59:43.010000+00:00,5.2914,-72.5448,10.0,4.4,mb,,73.0,0.802,1.34,us,us100030uq,2015-11-06T18:06:25.040Z,"13 km N of Aguazul, Colombia",earthquake,6.1,2.0,0.239,5.0,reviewed,us,us,251188643150.95822,2044,8.0,1899.9144540698458,-6042.228452937764,586.61860669928,181.0723468252934,352.2299732834972,487.09017875095356,213.05527527993866,694.226955216929,181.0723468252934
2015-08-10 19:17:26.970000+00:00,6.828,-73.0643,141.86,4.0,mwr,,103.0,0.929,0.72,us,us100035b6,2015-11-06T18:06:30.040Z,"11 km NNE of Jordán, Colombia",earthquake,6.0,7.8,,,reviewed,us,car,63095734448.019424,2044,9.0,1801.668398297899,-5916.73229506791,740.5775250945063,260.4660830262583,285.5233355039441,537.025985207167,33.026197403555834,779.9597234412533,33.026197403555834
2015-08-12 20:16:42.500000+00:00,6.8306,-73.0128,159.89,4.2,mb,,37.0,0.934,0.83,us,us100031p4,2015-11-06T18:06:27.040Z,"9 km NNW of Cepitá, Colombia",earthquake,7.8,5.0,0.072,53.0,reviewed,us,us,125892541179.41713,2046,10.0,1801.7458512604412,-5897.957378209964,738.7138041111976,263.2137993199951,291.1303757372896,541.3181525272013,34.31720528807983,783.6257887661712,34.31720528807983
2015-08-21 14:16:22.200000+00:00,4.4812,-75.666,42.37,4.3,mb,,105.0,1.388,1.37,us,us100034d6,2022-07-31T23:14:43.983Z,"6 km SSW of Calarcá, Colombia",earthquake,7.2,9.2,0.119,20.0,reviewed,us,us,177827941003.89227,2054,9.0,1562.0145276145367,-6112.869154027606,494.46839955548154,178.50190950668042,196.26130249968705,149.44959726703127,406.44303297931265,405.19238491061327,149.44959726703127
2015-08-22 10:00:19+00:00,6.0298,-77.513,13.09,4.5,mb,,51.0,1.964,0.71,us,us1000346t,2015-11-24T02:09:28.040Z,"24 km SSW of Bahía Solano, Colombia",earthquake,6.9,4.2,0.057,88.0,reviewed,us,us,354813389233.57605,2055,10.0,1367.089535180967,-6173.170489135803,667.8711574559261,408.17397589066996,214.90153862624268,306.59847366307724,499.86229126263135,536.1546042888239,214.90153862624268
2015-08-24 02:15:50.620000+00:00,3.8666,-71.2033,10.0,4.4,mb,,52.0,2.749,1.11,us,us100034e9,2015-11-24T02:09:31.040Z,"103 km S of Orocué, Colombia",earthquake,7.2,1.8,0.081,44.0,reviewed,us,us,251188643150.95822,2057,11.0,2044.9199108762548,-6008.04703274555,428.9456963524019,331.6674080032754,552.262808056913,593.112194471141,419.44792303640565,736.7350911714467,331.6674080032754
2015-08-24 07:04:46.460000+00:00,6.8097,-73.0025,154.29,4.1,mb,,28.0,0.914,0.68,us,us20003hab,2015-11-24T02:09:32.040Z,"6 km NNW of Cepitá, Colombia",earthquake,6.5,3.9,0.077,46.0,reviewed,us,us,89125093813.3744,2057,12.0,1804.510243067229,-5903.208283536907,737.1281896296537,261.6492534347386,291.73560039860973,540.5369051131445,36.893890141758696,782.4711642684139,36.893890141758696
2015-08-30 15:13:11.790000+00:00,6.7752,-73.0271,153.24,4.3,mb,,39.0,0.878,0.75,us,us1000365x,2015-12-01T00:36:04.040Z,"6 km WNW of Cepitá, Colombia",earthquake,7.1,4.0,0.046,137.0,reviewed,us,us,177827941003.89227,2064,10.0,1802.4091459869746,-5905.403209692235,733.5350155371965,256.9996141817689,288.28193658214394,535.9264224104977,39.6905817672362,777.7742034579708,39.6905817672362
2015-08-31 17:42:19.580000+00:00,3.9102,-71.1105,15.42,4.1,mb,,41.0,2.782,0.79,us,us20003f5n,2015-12-01T00:36:06.040Z,"100 km SSE of Orocué, Colombia",earthquake,7.8,5.3,0.197,7.0,reviewed,us,us,89125093813.3744,2065,11.0,2052.791374325455,-5999.3003289459,433.40543721165017,340.23917023798793,559.0273479913402,603.7544907548192,420.6166960628122,748.1092592661272,340.23917023798793
2015-09-01 11:32:27.140000+00:00,6.9407,-73.1794,143.25,4.2,mb,,106.0,1.045,1.01,us,us20003jcl,2015-12-01T00:36:08.040Z,"12 km ENE of Betulia, Colombia",earthquake,4.8,10.4,0.372,2.0,reviewed,us,us,125892541179.41713,2065,12.0,1788.954518778013,-5917.61306618594,752.5738443163995,266.8715706215492,276.3733769186214,536.9459795792268,20.821882061928598,782.5182901023098,20.821882061928598
2015-09-05 23:14:53.500000+00:00,3.9474,-76.358,134.76,4.6,mb,,33.0,1.474,1.07,us,us20003guc,2022-08-01T03:41:48.041Z,"8 km NW of Guadalajara de Buga, Colombia",earthquake,6.3,4.7,0.046,138.0,reviewed,us,us,501187233627.2715,2070,12.0,1467.3561503109693,-6045.928463901395,429.30673781282974,267.29757523717876,269.49268639195105,58.413585527932,502.57210192744833,320.8101090123584,58.413585527932
2015-09-07 15:55:45.700000+00:00,6.8311,-73.0622,145.22,4.2,mb,,68.0,0.932,0.71,us,us20003las,2015-12-05T01:40:34.040Z,"11 km NNE of Jordán, Colombia",earthquake,7.9,6.3,0.071,56.0,reviewed,us,us,125892541179.41713,2072,13.0,1800.9016493948477,-5913.436485983797,740.5125143051444,260.8769199471038,285.8269077338044,537.4324993700521,32.73468012617215,780.3745440803401,32.73468012617215
2015-09-07 17:35:31.490000+00:00,6.841,-73.0673,151.89,4.4,mb,,27.0,0.942,0.92,us,us20003h4k,2015-12-05T01:40:34.040Z,"12 km NNE of Jordán, Colombia",earthquake,7.5,6.8,0.04,178.0,reviewed,us,us,251188643150.95822,2072,14.0,1798.4091890333807,-5907.138860670321,740.7861106006462,261.631486892418,285.52953566352113,537.797423047414,31.54385022243817,780.915419057176,31.54385022243817
2015-09-18 04:35:09.680000+00:00,4.1776,-75.7522,15.52,4.7,mb,,64.0,0.974,1.08,us,us20003l3i,2022-08-01T06:13:33.586Z,"15 km S of Génova, Colombia",earthquake,5.0,3.8,0.038,210.0,reviewed,us,us,707945784384.1403,2082,11.0,1560.0298164975184,-6143.620847524286,462.9858355324658,195.47170200437827,230.57420686333228,118.33065025149035,437.76537376430235,370.750251014299,118.33065025149035
2015-09-19 20:45:45.960000+00:00,6.0444,-74.2489,18.49,4.7,mb,,37.0,1.169,1.18,us,us20003lzl,2022-08-01T06:32:24.561Z,"37 km WNW of La Belleza, Colombia",earthquake,3.9,3.6,0.057,92.0,reviewed,us,us,707945784384.1403,2084,12.0,1714.8586609933059,-6079.983353462501,668.9136674752067,149.55357194705024,148.9599487017353,383.55863571333805,172.51469394453122,633.7967479478119,148.9599487017353
2015-09-20 14:29:21.790000+00:00,6.8915,-73.1521,143.17,4.2,mb,,67.0,0.994,0.91,us,us10003kf5,2015-12-21T23:16:27.040Z,"14 km E of Betulia, Colombia",earthquake,6.7,7.8,0.264,4.0,reviewed,us,us,125892541179.41713,2084,12.0,1791.9835681109646,-5917.452332699467,747.2745752064174,262.9525708349936,277.81498513247436,535.1273077600712,25.537178378908248,779.8555254668064,25.537178378908248
2015-09-23 18:47:23.230000+00:00,6.5415,-73.4908,136.56,4.4,mb,,68.0,0.761,0.7,us,us20003nfc,2022-08-01T07:30:46.287Z,"17 km S of El Carmen de Chucurí, Colombia",earthquake,5.5,5.7,0.044,146.0,reviewed,us,us,251188643150.95822,2088,10.0,1760.1023837394341,-5938.5043233235,710.245108552578,213.4642216492017,233.34960434903513,481.15328604721776,76.0229159886923,726.4077940978012,76.0229159886923
2015-10-07 14:35:47.480000+00:00,6.8568,-73.024,146.92,4.1,mb,,75.0,0.959,0.63,us,us10003nvi,2016-01-04T22:29:33.040Z,"12 km NNW of Cepitá, Colombia",earthquake,9.7,7.4,0.151,12.0,reviewed,us,us,89125093813.3744,2101,7.0,1804.2538677417265,-5910.30190697105,743.0822266703663,265.2805095435186,290.5864208509099,542.4491733786281,31.15516925511218,785.1970069472586,31.15516925511218
2015-10-12 04:35:40.770000+00:00,7.5362,-77.476,10.0,5.2,mb,,24.0,1.112,1.33,us,us10003mxh,2022-08-01T10:45:03.191Z,"40 km WNW of Riosucio, Colombia",earthquake,5.6,1.8,0.03,352.0,reviewed,us,us,3981071705534.9854,2106,6.0,1367.4588348543975,-6156.003986942394,834.2614984092268,490.1918888271007,253.75107246951785,466.04525608664966,482.341251075667,703.3727063457033,253.75107246951785
2015-10-14 07:47:18.980000+00:00,7.6522,-73.3038,125.68,5.0,mww,,31.0,1.761,1.24,us,us10003niy,2025-12-22T17:10:01.688Z,"15 km SE of San Alberto, Colombia",earthquake,6.5,4.9,,,reviewed,us,us,1995262314968.8828,2108,7.0,1778.2831079639407,-5928.75486361391,831.6230260788305,337.8929187391945,296.1385230908662,588.0097733621454,62.53045556664879,840.7034674980488,62.53045556664879
2015-10-17 05:53:45+00:00,6.828,-73.141,150.0,4.1,mb,,,,1.14,us,us10003paz,2016-01-15T20:50:53.040Z,"11 km NNW of Jordán, Colombia",earthquake,5.1,6.3,0.185,8.0,reviewed,rsnc,us,89125093813.3744,2111,8.0,1791.4022504531408,-5911.403925441401,739.6097669361941,256.9487004163351,277.27877239758914,530.9864938871885,32.45399572696184,774.8918445332347,32.45399572696184
2015-10-29 00:34:23.010000+00:00,6.8083,-73.0203,154.83,4.5,mb,,37.0,0.911,0.83,us,us200040cm,2016-01-30T02:10:53.040Z,"7 km NW of Cepitá, Colombia",earthquake,6.8,6.0,0.063,73.0,reviewed,us,us,354813389233.57605,2123,5.0,1802.5248881988055,-5903.2730092922675,736.9133423173332,260.6254081908251,289.78236055092094,539.0060038673599,36.38174911631806,781.1524868800882,36.38174911631806
2015-10-29 22:40:25.090000+00:00,6.8498,-73.0719,146.37,4.5,mb,,31.0,0.95,0.74,us,us200040ls,2016-01-30T02:10:55.040Z,"13 km NNE of Jordán, Colombia",earthquake,5.7,4.4,0.048,128.0,reviewed,us,us,354813389233.57605,2124,6.0,1799.497571942895,-5912.417440756358,742.3928419049263,262.30218407476707,285.26230487869753,538.1187334907329,30.48703014644381,781.3931194853142,30.48703014644381
2015-11-02 14:31:15.970000+00:00,6.9812,-73.175,148.57,4.0,mb,,56.0,1.258,0.87,us,us20004205,2016-01-30T02:11:03.040Z,"9 km S of Girón, Colombia",earthquake,7.7,7.3,0.15,12.0,reviewed,us,us,63095734448.019424,2127,7.0,1787.7260753395183,-5911.910482412594,756.2969207865707,271.2367543061019,278.1228214803384,540.5345617955152,16.404810035984315,786.4615722400978,16.404810035984315
2015-11-16 13:11:55.110000+00:00,8.4345,-77.1074,36.31,4.6,mb,,28.0,0.329,0.85,us,us10003ynb,2016-02-13T02:08:25.040Z,"20 km ESE of Acandí, Colombia",earthquake,4.8,5.8,0.052,110.0,reviewed,us,us,501187233627.2715,2141,4.0,1398.1354518733312,-6108.205052477614,929.1639743349394,532.7320008115207,296.04579086576445,557.7133931666491,462.7100937608845,803.1577654650417,296.04579086576445
2015-11-28 10:59:11.390000+00:00,3.8856,-71.1716,15.38,4.7,mb,,52.0,3.281,0.62,us,us100041vi,2016-11-10T22:02:33.006Z,"101 km S of Orocué, Colombia",earthquake,1.8,4.4,0.078,51.0,reviewed,us,us,707945784384.1403,2153,4.0,2046.4653240034186,-6001.69935121414,430.685685491581,334.45041812082366,554.3393332584767,596.779967777212,419.4211992705309,740.802338732502,334.45041812082366
2015-11-28 11:00:19.860000+00:00,4.0152,-71.2338,16.12,4.7,mb,,56.0,3.186,1.24,us,us100042pv,2016-02-25T22:32:58.040Z,"86 km S of Orocué, Colombia",earthquake,6.3,3.8,0.11,25.0,reviewed,us,us,707945784384.1403,2153,5.0,2039.392605177683,-6002.280747188415,444.9757839229774,324.05928673488023,541.4946691991825,591.2103570010253,403.5151487021289,740.3889138470396,324.05928673488023
2015-11-28 17:45:03.440000+00:00,6.7085,-72.9931,167.26,4.8,mb,,34.0,2.274,1.21,us,us100041x9,2022-08-01T20:51:13.456Z,"3 km ENE of Aratoca, Colombia",earthquake,7.2,5.6,0.032,306.0,reviewed,us,us,1000000000000.0,2154,6.0,1802.089115838718,-5891.830082155071,724.7089686130521,252.16015815838506,290.5693229154416,533.6147024691226,47.86671491908329,774.2142626949388,47.86671491908329
2015-11-30 21:51:48.400000+00:00,6.8172,-73.0172,144.58,4.4,mb,,80.0,1.445,0.9,us,us100042a9,2016-02-25T22:33:03.040Z,"8 km NW of Cepitá, Colombia",earthquake,7.2,7.2,0.07,58.0,reviewed,us,us,251188643150.95822,2156,6.0,1805.78352768852,-5912.79964196537,739.0888048827347,261.66364982198,290.3297984395842,539.9369842480063,35.552969684481475,782.1466371079562,35.552969684481475
2015-12-09 18:10:22.120000+00:00,6.9051,-73.0808,153.83,4.0,mb,,97.0,1.347,1.29,us,us20004gi6,2016-03-02T03:36:42.040Z,"9 km SSW of Piedecuesta, Colombia",earthquake,8.1,7.2,0.233,5.0,reviewed,us,us,63095734448.019424,2165,6.0,1796.2145009116875,-5904.923286185624,747.4605406824788,267.4824981393281,285.81083087378835,541.7455370920113,24.262692944300767,785.7366358772074,24.262692944300767
2015-12-12 01:33:18.550000+00:00,5.5999,-77.5719,38.15,4.5,mb,,57.0,2.109,0.77,us,us20004gnc,2016-03-05T01:42:03.040Z,"35 km WSW of Nuquí, Colombia",earthquake,7.2,5.7,0.073,56.0,reviewed,us,us,354813389233.57605,2167,7.0,1356.4154281615704,-6154.936495249375,617.9668665815456,399.985968837656,231.53594433324866,265.2348258994977,519.8855323047088,488.80070687696366,231.53594433324866
2015-12-29 02:54:06+00:00,6.862,-76.701,5.7,5.0,mwr,,,,0.91,us,us10004a6p,2022-08-02T01:28:27.556Z,"18 km SE of Murindó, Colombia",earthquake,5.2,3.7,,,reviewed,rsnc,rsnc,1995262314968.8828,2184,4.0,1453.738923884324,-6150.227877657532,760.5158013268261,376.5360341338044,141.49675990001367,379.6806066810305,395.9645910895329,631.3580444721104,141.49675990001367
2016-01-01 05:28:57+00:00,6.816,-73.152,150.8,4.3,mb,,,,0.88,us,us10004apg,2016-03-28T22:09:31.040Z,"11 km NW of Jordán, Colombia",earthquake,7.4,6.0,0.079,45.0,reviewed,rsnc,us,177827941003.89227,2187,4.0,1790.081938139467,-5911.1356157339305,738.2211234777162,255.23957146733483,275.7900074814422,529.1844738400882,33.88011876542208,773.0968278474322,33.88011876542208
2016-01-04 21:05:55.280000+00:00,6.8216,-73.0316,147.44,4.4,mb,,41.0,1.437,1.11,us,us10004bcw,2016-03-28T22:09:37.040Z,"9 km NW of Cepitá, Colombia",earthquake,7.5,7.3,0.062,75.0,reviewed,us,us,251188643150.95822,2191,5.0,1803.4520865544753,-5910.482866381248,739.2238709051722,261.3960430728019,288.8851006649261,539.1276056992061,34.59614475216859,781.5719452364059,34.59614475216859
2016-01-06 01:28:21.830000+00:00,2.8738,-75.7731,40.45,4.5,mb,,78.0,2.435,1.12,us,us10004bnl,2022-08-02T03:13:13.308Z,"16 km WSW of Santa María, Colombia",earthquake,8.8,6.7,0.078,48.0,reviewed,us,us,354813389233.57605,2192,6.0,1553.855231769603,-6128.675289886015,317.39000038249384,278.1161850790081,375.3743484521732,105.9579744404887,555.8893540916454,249.31668846753809,105.9579744404887
2016-01-08 14:55:19.370000+00:00,5.2702,-72.5096,35.0,4.5,mb,,61.0,1.853,0.93,us,us10004cd2,2016-03-30T02:27:49.040Z,"11 km NNE of Aguazul, Colombia",earthquake,7.6,2.0,0.105,27.0,reviewed,us,us,354813389233.57605,2194,7.0,1896.2093917558218,-6017.523310898248,581.9786468704879,183.91299161504847,356.6603796594779,489.66244098277735,216.4920400186932,695.6643691725227,183.91299161504847
2016-01-10 10:33:51.930000+00:00,5.9528,-76.4526,45.07,4.4,mb,,53.0,0.942,1.06,us,us10004d9z,2016-03-30T02:27:52.040Z,"36 km NE of Quibdó, Colombia",earthquake,5.9,6.4,0.126,18.0,reviewed,us,us,251188643150.95822,2196,7.0,1473.8566678477096,-6116.7578316475965,656.0567936685419,297.5307364902758,101.64942462512752,278.25988673427344,390.05263057995825,534.931429124521,101.64942462512752
2016-01-14 17:35:13.800000+00:00,6.9293,-76.2439,8.28,4.6,mb,,45.0,0.977,0.85,us,us10004ekg,2016-03-30T02:28:00.040Z,"8 km SSE of Dabeiba, Colombia",earthquake,5.2,2.8,0.072,57.0,reviewed,us,us,501187233627.2715,2201,7.0,1501.9355729809652,-6135.074885303094,767.6271782171209,344.3177442724263,105.649771658255,388.0160260361132,345.10318897464,645.8758609690552,105.649771658255
2016-01-22 02:41:15.230000+00:00,4.8653,-78.2208,37.26,4.9,mb,,51.0,2.988,0.96,us,us10004g9b,2025-12-22T17:12:44.332Z,"95 km W of Pizarro, Colombia",earthquake,6.5,5.1,0.034,275.0,reviewed,us,us,1412537544622.7554,2208,8.0,1288.3152144207997,-6178.02046352199,537.1866046314082,460.0236979088777,329.91773644673236,244.51379024532127,616.9492562228979,419.2382845513046,244.51379024532127
2016-01-24 09:28:53.530000+00:00,6.8158,-73.0647,149.32,4.4,mb,,42.0,1.437,0.77,us,us10004gq7,2016-04-08T23:06:10.040Z,"9 km NNE of Jordán, Colombia",earthquake,6.5,5.9,0.074,53.0,reviewed,us,us,251188643150.95822,2210,9.0,1799.5153066409491,-5909.809534712257,738.3752074582645,259.22222863039343,285.17824604486174,536.0496738575127,34.34946795568498,778.8502980238854,34.34946795568498
2016-02-02 01:14:53.850000+00:00,6.8618,-73.1043,149.3,4.0,mb,,47.0,1.385,0.94,us,us20004y3a,2016-04-14T22:51:39.040Z,"14 km N of Jordán, Colombia",earthquake,6.3,7.0,0.183,8.0,reviewed,us,us,63095734448.019424,2219,8.0,1795.2632150624452,-5910.501736043003,743.3371421342409,262.02735622703096,282.10414007997923,536.5097491502579,28.704619706576374,780.3239471293015,28.704619706576374
2016-02-06 12:05:31.140000+00:00,6.8302,-73.0439,145.4,4.3,mwr,,49.0,1.427,1.02,us,us20004ybp,2016-04-19T01:33:21.040Z,"11 km NW of Cepitá, Colombia",earthquake,5.9,5.9,,,reviewed,us,rsnc,177827941003.89227,2223,7.0,1802.7415507100402,-5912.701157291931,740.3940072030739,261.6601855067774,287.77307102996554,538.813465769248,33.30221666056157,781.5126894231591,33.30221666056157
2016-02-10 23:41:42.030000+00:00,6.7957,-73.0323,154.39,4.4,mb,,42.0,1.463,0.99,us,us20004zeh,2016-04-19T01:33:29.040Z,"7 km NW of Cepitá, Colombia",earthquake,6.9,7.0,0.095,32.0,reviewed,us,us,251188643150.95822,2228,6.0,1801.4632238294828,-5904.2231481657,735.6080219479582,258.78026699008865,288.19037794933985,537.0802359884383,37.34050566667466,779.2347643415134,37.34050566667466
2016-02-11 07:14:37+00:00,6.818,-73.135,154.2,4.8,mb,,,,1.53,us,us20004zge,2016-04-19T01:33:29.040Z,"10 km NNW of Jordán, Colombia",earthquake,6.6,2.9,0.083,45.0,reviewed,rsnc,us,1000000000000.0,2228,7.0,1790.8488270288756,-5907.348803913443,738.0330803098988,256.1986432777895,277.66827497722744,530.6739192421012,33.530525940493185,774.393085143518,33.530525940493185
2016-02-14 16:37:14.750000+00:00,12.3341,-73.3571,28.03,4.4,mb,,61.0,1.478,0.97,us,us10004qjt,2016-04-26T23:28:21.040Z,"100 km NNW of Riohacha, Colombia",earthquake,3.4,5.5,0.179,9.0,reviewed,us,us,251188643150.95822,2232,7.0,1774.732461188471,-5936.981410489122,1354.93351999665,851.2831369944558,719.7645090047124,1047.6409772367338,580.4276544383935,1310.0219299140524,580.4276544383935
2016-02-17 14:49:55.540000+00:00,3.6211,-72.9565,14.89,4.4,mb,,73.0,1.824,1.06,us,us10004qmg,2022-08-07T09:47:57.679Z,"33 km ESE of San Carlos de Guaroa, Colombia",earthquake,7.2,2.5,0.149,13.0,reviewed,us,us,251188643150.95822,2234,8.0,1859.2416633385012,-6064.8331445388585,401.43953256895276,173.18726390271615,411.83485281133056,397.2673717046928,389.41687322067423,549.9617512177756,173.18726390271615
2016-02-17 15:27:41.650000+00:00,6.878,-73.0318,156.03,4.0,mb,,96.0,1.383,1.02,us,us10004qn4,2022-08-02T10:31:13.712Z,"12 km S of Piedecuesta, Colombia",earthquake,8.0,6.6,0.082,40.0,reviewed,us,us,63095734448.019424,2235,9.0,1800.729346436797,-5901.633386262565,744.2777008162756,267.0287752681828,290.3061787134566,543.4758647198034,28.64555135846751,786.55927966294,28.64555135846751
2016-02-28 05:28:13.270000+00:00,6.7738,-72.9644,154.62,4.3,mwr,,47.0,2.344,0.88,us,us10004t9s,2022-08-02T12:21:18.916Z,"2 km NNE of Cepitá, Colombia",earthquake,7.8,5.4,,,reviewed,us,rsnc,177827941003.89227,2245,8.0,1808.4742545874092,-5902.134155317389,733.221376891319,260.05647467223264,295.0347133125302,540.8698809423836,42.20466651542231,781.887143922957,42.20466651542231
2016-02-28 14:29:50.620000+00:00,6.6966,-72.9795,164.92,4.1,mb,,69.0,2.272,0.71,us,us10004udb,2016-05-06T23:34:17.040Z,"4 km E of Aratoca, Colombia",earthquake,9.3,8.4,0.105,25.0,reviewed,us,us,89125093813.3744,2245,9.0,1804.2118751268035,-5893.768204756543,723.7021657092445,251.7151653610687,291.8204953738358,533.8294973815723,49.589046725734214,774.1013480783968,49.589046725734214
2016-03-06 04:59:16.100000+00:00,6.8753,-73.239,159.5,4.2,mb,,80.0,1.358,0.57,us,us10004whl,2016-05-16T18:01:45.040Z,"5 km ESE of Betulia, Colombia",earthquake,6.7,9.6,0.199,7.0,reviewed,us,us,125892541179.41713,2252,9.0,1778.3920396384683,-5904.841688115592,743.5715444008987,257.7011572001301,268.081880560983,527.1441468170319,30.01458553317767,772.7741687743455,30.01458553317767
2016-03-09 05:23:56.300000+00:00,6.8552,-73.0687,145.04,4.5,mb,,41.0,1.398,1.32,us,us10004w84,2016-05-16T18:01:49.040Z,"13 km NNE of Jordán, Colombia",earthquake,6.4,8.2,0.093,34.0,reviewed,us,us,354813389233.57605,2255,9.0,1800.1919561705852,-5913.513220918228,743.1340582721499,262.9956947030452,285.7465144291187,538.7913849024287,29.96525906592101,782.0854724029041,29.96525906592101
2016-03-09 06:27:17.070000+00:00,6.8264,-73.0422,148.86,5.0,mb,,24.0,1.431,1.33,us,us10004w8b,2022-08-02T13:36:12.096Z,"10 km NW of Cepitá, Colombia",earthquake,6.6,5.6,0.025,518.0,reviewed,us,us,1995262314968.8828,2255,10.0,1801.9292869530095,-5909.408526307999,739.5727777706239,261.3618231197107,287.86173147900104,538.6548870856394,33.75917919294595,781.2892510288978,33.75917919294595
2016-03-13 13:17:49.310000+00:00,3.5663,-74.4325,52.64,4.5,mb,,82.0,1.275,1.14,us,us10004x75,2016-05-21T00:05:28.040Z,"44 km SSE of Villarrica, Colombia",earthquake,8.1,6.8,0.089,37.0,reviewed,us,us,354813389233.57605,2259,9.0,1692.3963078124245,-6074.783939508065,393.02406440032655,133.41284598801587,323.81918112425683,233.3647765662041,420.83938649694574,410.5858414927819,133.41284598801587
2016-03-17 02:20:24.970000+00:00,6.8131,-73.1316,153.54,4.0,mwr,,94.0,1.429,0.66,us,us20005bh3,2016-05-21T00:05:34.040Z,"9 km NNW of Jordán, Colombia",earthquake,8.0,6.8,,,reviewed,us,rsnc,63095734448.019424,2263,9.0,1791.407844255404,-5907.930045089655,737.5834661020754,255.85339878916804,277.91062548232566,530.5579985452234,34.06205434309254,774.1796804647889,34.06205434309254
2016-03-17 08:46:03.160000+00:00,5.4641,-74.4619,44.39,4.0,mb,,87.0,0.63,1.13,us,us20005aep,2022-08-02T17:35:41.417Z,"13 km NNE of Caparrapí, Colombia",earthquake,5.2,20.4,0.259,4.0,reviewed,us,us,63095734448.019424,2263,10.0,1687.0656877644808,-6067.691344098017,602.4327431554154,94.21475802538252,151.17336759309907,320.5256733547394,236.18062866534964,566.8106591769136,94.21475802538252
2016-03-23 04:38:01.890000+00:00,6.8819,-73.0951,158.41,4.3,mwr,,71.0,1.367,0.98,us,us20005byt,2016-06-09T21:41:57.040Z,"12 km SSW of Piedecuesta, Colombia",earthquake,7.7,8.5,,,reviewed,us,rsnc,177827941003.89227,2269,9.0,1793.5063476175878,-5901.309981410838,744.4125149782461,264.4822913652758,283.63499927960436,538.806023269974,26.57284308764058,782.7241102092056,26.57284308764058
2016-03-24 21:27:00.730000+00:00,6.9559,-73.1948,154.53,4.6,mb,,155.0,1.281,1.06,us,us20005dep,2016-06-09T21:41:59.040Z,"11 km ENE of Betulia, Colombia",earthquake,6.2,9.2,0.244,5.0,reviewed,us,us,501187233627.2715,2271,10.0,1784.0688736981538,-5907.183567634146,752.8478020652844,267.82008550254324,275.218158407248,536.9903872263505,19.8351090340047,782.902104449131,19.8351090340047
2016-03-30 22:15:02.090000+00:00,3.2542,-79.3272,10.0,4.2,mb,,140.0,2.953,0.68,us,us20005fm3,2016-06-10T23:32:58.040Z,"127 km NW of Mosquera, Colombia",earthquake,4.3,1.9,0.159,11.0,reviewed,us,us,125892541179.41713,2277,9.0,1176.158353646532,-6240.880364659722,361.08835643400874,605.0019056080012,531.7996836926801,311.0551866617051,810.3132339080393,321.1930107331694,311.0551866617051
2016-04-01 14:02:44.530000+00:00,6.9231,-73.0895,155.6,4.3,mb,,96.0,1.328,0.72,us,us20005g2g,2016-06-17T21:44:51.040Z,"8 km SSW of Piedecuesta, Colombia",earthquake,7.8,6.0,0.1,28.0,reviewed,us,us,177827941003.89227,2278,10.0,1794.7383628448013,-5903.2898840605085,749.1861675725402,268.9181793791989,285.4001935901836,542.4846013672994,22.12198109029982,786.775716082736,22.12198109029982
2016-04-03 20:34:48.730000+00:00,7.8486,-75.0879,32.44,4.2,mb,,41.0,0.421,1.34,us,us20005ecy,2016-06-17T21:45:20.040Z,"19 km SE of Caucasia, Colombia",earthquake,5.3,5.7,0.167,10.0,reviewed,us,us,125892541179.41713,2281,11.0,1615.8652284007055,-6067.710838485679,865.5678007926102,366.5011286152848,186.52152090269706,514.3624822299702,231.33653781343327,776.7575183379532,186.52152090269706
2016-04-08 09:11:45.090000+00:00,7.2689,-76.7914,43.53,4.5,mb,,36.0,1.607,0.82,us,us20005gb1,2016-06-21T01:14:03.040Z,"32 km N of Murindó, Colombia",earthquake,6.5,6.5,0.052,110.0,reviewed,us,us,354813389233.57605,2285,9.0,1434.1883407183354,-6110.567482557592,800.5906852801648,413.902851616952,175.61339999447898,425.43439202686653,405.0698586796978,675.5027900289157,175.61339999447898
2016-04-08 10:47:27.080000+00:00,6.8417,-73.0933,149.89,4.3,mb,,49.0,1.407,1.28,us,us20005ieh,2016-06-21T01:14:03.040Z,"12 km N of Jordán, Colombia",earthquake,7.7,5.0,0.065,67.0,reviewed,us,us,177827941003.89227,2285,10.0,1796.3032836786188,-5909.845617801226,741.099803603436,260.49329682165876,282.75484553230365,535.802054100186,31.037799009498997,779.2565211757156,31.037799009498997
2016-04-11 09:29:11.300000+00:00,7.0036,-76.5241,48.54,4.0,mb,,106.0,1.235,1.41,us,us2000658v,2016-06-21T01:14:08.040Z,"28 km W of Dabeiba, Colombia",earthquake,5.3,13.9,0.183,8.0,reviewed,us,us,63095734448.019424,2288,11.0,1462.3694341584974,-6102.513942935521,770.9083382066307,372.21038923354627,134.07661518169937,394.96534788149467,375.5691062009616,649.2652109414236,134.07661518169937
2016-04-11 09:29:28.390000+00:00,7.0249,-76.6152,21.94,5.1,mwr,,32.0,1.319,1.26,us,us20005gx4,2022-08-02T17:50:43.353Z,"23 km ENE of Murindó, Colombia",earthquake,5.8,3.8,0.052,36.0,reviewed,us,us,2818382931264.449,2288,12.0,1458.709585236012,-6130.235374792128,776.4943523219024,381.2054033524545,143.4526342373448,397.4395878849902,385.53570242893187,650.3901267241137,143.4526342373448
2016-04-11 19:33:10.800000+00:00,6.9378,-73.142,153.56,4.1,mb,,89.0,1.305,1.11,us,us20005jt6,2016-06-21T01:14:08.040Z,"11 km WSW of Piedecuesta, Colombia",earthquake,5.9,9.0,0.174,9.0,reviewed,us,us,89125093813.3744,2289,13.0,1789.8599069919314,-5906.685811214127,751.0155754340545,268.1320832032131,280.2532598109224,539.58593289084,20.29396134167064,784.6741237658705,20.29396134167064
2016-04-20 05:35:25.010000+00:00,6.8362,-72.9767,150.63,4.2,mb,,46.0,1.435,0.97,us,us20005k29,2016-06-27T23:02:24.040Z,"9 km N of Cepitá, Colombia",earthquake,7.4,6.7,0.121,19.0,reviewed,us,us,125892541179.41713,2297,11.0,1808.1321263447303,-5905.543258004595,740.4187858344425,265.56953591769195,295.1550763652313,544.6315730860056,35.364003534493555,786.5431763748759,35.364003534493555
2016-04-26 01:50:15.110000+00:00,6.587,-73.5013,127.42,4.3,mwr,,38.0,1.619,0.84,us,us10005bk0,2022-08-02T20:11:02.155Z,"12 km S of El Carmen de Chucurí, Colombia",earthquake,6.2,6.9,,,reviewed,us,rsnc,177827941003.89227,2303,10.0,1761.431899524906,-5946.989927073646,716.2120405443294,217.95346081711492,232.96501478835458,483.962708299107,72.45945279326665,729.8625132515665,72.45945279326665
2016-04-30 16:11:46.330000+00:00,6.6808,-72.9867,170.93,4.4,mwr,,49.0,2.255,0.95,us,us10005cqm,2016-07-19T20:03:07.040Z,"3 km ESE of Aratoca, Colombia",earthquake,9.4,7.8,,,reviewed,us,rsnc,251188643150.95822,2308,10.0,1801.783004995591,-5888.477534101707,721.3032220838425,249.79246659571265,290.742887165871,532.0588247461558,51.01790011525788,772.2292681726608,51.01790011525788
2016-05-06 13:56:40.820000+00:00,7.3933,-73.0789,139.94,4.2,mb,,85.0,0.874,0.8,us,us10005h5l,2016-07-20T18:10:45.040Z,"10 km NW of Matanza, Colombia",earthquake,4.5,6.1,0.121,19.0,reviewed,us,us,125892541179.41713,2313,9.0,1798.5005697444335,-5911.734460206404,801.8105114283833,317.83138838872003,304.3866587414218,581.5143764056724,30.848092067745856,830.101106340594,30.848092067745856
2016-05-11 14:46:09.380000+00:00,6.8225,-72.9845,157.13,4.4,mb,,47.0,1.447,0.71,us,us10005gje,2016-07-20T18:10:53.040Z,northern Colombia,earthquake,7.6,7.1,0.127,18.0,reviewed,us,us,251188643150.95822,2318,6.0,1805.4912818096589,-5899.787023032449,738.1698253567652,263.82098928864957,293.9820959322569,542.958221577627,36.357189625885574,784.8105807830132,36.357189625885574
2016-05-13 13:25:24.320000+00:00,6.9191,-73.0666,146.5,4.2,mb,,109.0,1.336,1.19,us,us10005iv2,2016-07-22T19:39:04.040Z,"7 km SSW of Piedecuesta, Colombia",earthquake,7.3,5.2,0.121,19.0,reviewed,us,us,125892541179.41713,2320,6.0,1799.74404055818,-5911.264172090153,749.8516694911286,269.5469012895122,287.72519693616783,543.9546989868236,23.106147477741924,787.9206574519228,23.106147477741924
2016-05-15 13:35:32.310000+00:00,6.9476,-73.1265,150.37,4.2,mb,,52.0,1.298,1.2,us,us10005ix9,2016-07-22T19:39:07.040Z,"9 km WSW of Piedecuesta, Colombia",earthquake,7.5,7.3,0.118,20.0,reviewed,us,us,125892541179.41713,2322,7.0,1792.3395714313567,-5909.108628639046,752.4570901551954,269.7983793468027,282.1971164679892,541.5605151210511,19.096773995355107,786.5613472901161,19.096773995355107
2016-05-20 17:27:30.610000+00:00,6.8685,-73.1168,153.34,4.2,mb,,41.0,1.377,1.33,us,us20005y4r,2016-08-03T22:33:39.040Z,"15 km SSW of Piedecuesta, Colombia",earthquake,5.8,6.6,0.159,11.0,reviewed,us,us,125892541179.41713,2328,7.0,1792.7835612614808,-5906.971916848702,743.5763253569663,262.1467762244859,280.9463889460891,536.0577035815437,27.89528884043289,780.1012381779829,27.89528884043289
2016-05-22 13:57:56.860000+00:00,6.8835,-73.072,151.55,4.3,mb,,54.0,1.37,1.36,us,us20005yjl,2016-08-03T22:33:42.040Z,"11 km SSW of Piedecuesta, Colombia",earthquake,5.3,6.6,0.133,16.0,reviewed,us,us,177827941003.89227,2329,8.0,1797.8624124785106,-5907.081983208875,745.4069304387032,265.6983856475967,286.15013676755285,540.7407430916365,26.810186095383678,784.3880668493564,26.810186095383678
2016-05-30 23:43:26.640000+00:00,6.935,-73.1317,156.58,4.4,mb,,80.0,1.309,1.24,us,us200061r3,2016-08-10T22:30:28.040Z,"10 km WSW of Piedecuesta, Colombia",earthquake,6.9,10.4,0.239,5.0,reviewed,us,us,251188643150.95822,2338,7.0,1790.0624537991778,-5903.530152038986,750.3493132301879,268.2843888917383,281.26279094308825,540.1571901984324,20.517280250666822,785.0907485124472,20.517280250666822
2016-05-31 06:30:21.980000+00:00,6.8562,-73.0544,149.25,4.4,mb,,42.0,1.399,1.11,us,us20005zbf,2016-08-10T22:30:29.040Z,"14 km NW of Cepitá, Colombia",earthquake,7.2,6.5,0.081,44.0,reviewed,us,us,251188643150.95822,2338,8.0,1800.445739530975,-5909.052922320755,742.739363920688,263.76775031251253,287.307196784736,539.9972400353229,30.210957445025926,783.1221976679334,30.210957445025926
2016-06-06 07:24:07.130000+00:00,6.8371,-73.0254,150.45,4.2,mb,,56.0,1.424,1.2,us,us200063kd,2016-08-18T00:36:32.040Z,northern Colombia,earthquake,7.6,7.4,0.083,40.0,reviewed,us,us,125892541179.41713,2344,8.0,1803.1606888001409,-5907.237801674364,740.5372288651217,263.2447913937848,289.9356450166216,540.8159051510141,33.16599482584635,783.3582891030052,33.16599482584635
2016-06-12 07:00:36.660000+00:00,6.8819,-73.0507,151.7,4.2,mb,,90.0,1.375,1.31,us,us2000652r,2016-08-25T01:22:52.040Z,"11 km S of Piedecuesta, Colombia",earthquake,8.1,10.0,0.166,10.0,reviewed,us,us,125892541179.41713,2350,8.0,1800.020930077313,-5906.290668985711,745.2165287592142,266.526978788118,288.38652051314085,542.2894802936058,27.567764507351498,785.6529640267361,27.567764507351498
2016-06-15 02:54:36.270000+00:00,5.7368,-77.5702,9.44,4.6,mb,,47.0,2.071,1.25,us,us200064h0,2022-08-03T01:53:15.567Z,"33 km W of Nuquí, Colombia",earthquake,6.5,4.0,0.073,56.0,reviewed,us,us,501187233627.2715,2353,7.0,1362.425044338569,-6181.333375163318,635.8941242464113,403.7947980375601,227.07887956135642,278.94058316590923,514.9001057027015,503.97886076275705,227.07887956135642
2016-06-23 05:35:36.950000+00:00,6.7846,-72.9697,141.92,4.5,mwr,,28.0,2.001,0.98,us,us20006664,2016-08-27T02:15:35.040Z,"3 km N of Cepitá, Colombia",earthquake,2.8,7.4,,,reviewed,us,rsnc,354813389233.57605,2361,6.0,1811.5812705892013,-5914.227235515799,735.885285308485,260.84106094758636,294.7004227901024,541.2602194046291,40.86925335336879,782.4755369126211,40.86925335336879
2016-06-23 22:28:55.450000+00:00,6.8285,-73.0238,148.57,4.4,mb,,38.0,1.935,1.0,us,us200066cn,2022-08-03T02:34:47.529Z,"9 km NNW of Cepitá, Colombia",earthquake,5.7,5.7,0.032,278.0,reviewed,us,us,251188643150.95822,2362,7.0,1803.90310116833,-5909.079015488185,739.8336942938444,262.4648984265851,289.8943562088617,540.2801691175647,34.12826317091654,782.7040018273713,34.12826317091654
2016-06-28 03:29:09.800000+00:00,6.8513,-73.0154,146.71,4.4,mwr,,30.0,1.936,0.7,us,us200067eh,2016-08-31T03:08:20.040Z,"11 km NNW of Cepitá, Colombia",earthquake,5.4,6.4,,,reviewed,us,rsnc,251188643150.95822,2366,8.0,1805.2227082487423,-5910.29862356985,742.5140792950754,265.1488815439098,291.36930350662544,542.7066434090457,32.06715655923813,785.2834500608759,32.06715655923813
2016-07-04 02:08:28.920000+00:00,6.8989,-73.0952,143.49,4.4,mb,,107.0,1.845,1.11,us,us100062ke,2016-09-02T21:36:36.040Z,"11 km SSW of Piedecuesta, Colombia",earthquake,8.1,9.2,0.218,6.0,reviewed,us,us,251188643150.95822,2372,7.0,1797.7388039673942,-5915.273461405059,748.0346713935772,266.20350729693394,284.0981857695124,540.134053042152,24.694575280251645,784.2369409182028,24.694575280251645
2016-07-09 12:55:51+00:00,6.541,-74.1,15.4,4.5,mb,,,,1.31,us,us20006ewa,2016-09-08T01:50:24.040Z,"13 km SSW of Puerto Parra, Colombia",earthquake,6.9,4.9,0.151,13.0,reviewed,rsnc,us,354813389233.57605,2377,7.0,1729.8411953141067,-6072.654698148022,723.9928977932173,203.51013405161015,166.97166284252984,436.5401919792937,125.6073976845075,689.4708369371685,125.6073976845075
2016-07-11 00:50:38.580000+00:00,3.7039,-76.7513,101.6,4.3,mb,,56.0,2.708,0.9,us,us20006fq2,2016-09-08T01:50:27.040Z,"8 km NW of Dagua, Colombia",earthquake,4.1,11.0,0.096,32.0,reviewed,us,us,177827941003.89227,2379,8.0,1433.8092929500065,-6089.78968917618,405.0047074463153,317.5103045649799,310.78409855149135,37.13984176943332,552.7470386662138,283.0936615847817,37.13984176943332
2016-07-13 02:15:43.930000+00:00,5.3471,-73.6464,148.76,4.2,mb,,69.0,2.086,0.96,us,us20006ftf,2016-09-08T01:50:29.040Z,"6 km SE of Guachetá, Colombia",earthquake,8.3,7.2,0.056,89.0,reviewed,us,us,125892541179.41713,2381,8.0,1744.3379859123518,-5944.521470009824,579.8448939979401,85.00771995527899,236.14162184826702,383.0957166000848,205.38575755785223,611.5501242167977,85.00771995527899
2016-07-13 10:33:24.280000+00:00,6.8015,-73.0183,136.67,4.2,mwr,,42.0,1.95,1.0,us,us10006381,2016-09-08T01:50:30.040Z,"7 km NW of Cepitá, Colombia",earthquake,7.1,6.4,,,reviewed,us,rsnc,125892541179.41713,2381,9.0,1808.0230774856752,-5920.539648476057,738.3314777267996,260.04848674529387,289.83737298658787,538.644299429747,37.169074385540256,780.6861610077709,37.169074385540256
2016-07-26 04:32:20.400000+00:00,6.8164,-73.0401,157.27,4.9,mwr,,66.0,2.336,0.67,us,us20006hnk,2016-09-24T22:47:20.040Z,"9 km NW of Cepitá, Colombia",earthquake,7.7,8.4,,,reviewed,us,rsnc,1412537544622.7554,2394,7.0,1799.7476260256572,-5901.478472378944,737.4963291860425,260.4637482321664,287.8427293576078,538.0503362577172,34.89302204612692,780.5436822902988,34.89302204612692
2016-08-02 14:15:10.430000+00:00,4.9125,-78.4709,10.0,4.2,mb,,133.0,4.135,1.11,us,us10006aet,2016-10-19T04:52:13.040Z,"122 km W of Pizarro, Colombia",earthquake,5.5,1.9,0.159,11.0,reviewed,us,us,125892541179.41713,2401,7.0,1266.674991900782,-6209.7613394937725,544.7197182236571,487.914038423655,352.4105171584785,269.48111754048324,640.2664522542415,431.9883343392506,269.48111754048324
2016-08-07 08:20:13.240000+00:00,6.9284,-76.2137,27.77,4.6,mwr,,48.0,2.797,0.8,us,us10006bxf,2016-10-26T03:10:21.040Z,"5 km NW of Uramita, Colombia",earthquake,7.1,6.5,,,reviewed,us,rsnc,501187233627.2715,2406,7.0,1500.5613949420067,-6115.503792526455,765.1769053651875,341.92335900208195,103.29271449829078,388.205560067439,341.78316768992903,646.3820016415868,103.29271449829078
2016-08-13 09:29:44+00:00,6.8,-73.14,145.0,4.2,mwr,,,,0.97,us,us10006djk,2016-11-15T02:21:47.040Z,"8 km NNW of Jordán, Colombia",earthquake,8.7,7.5,,,reviewed,rsnc,rsnc,125892541179.41713,2412,4.0,1793.0500095847542,-5916.469279085223,737.1831066762749,254.1453784771742,276.6815669371961,528.8748302555877,35.55585098465289,772.4573809932356,35.55585098465289
2016-08-20 16:13:41.170000+00:00,3.9611,-78.807,10.0,4.7,mb,,140.0,3.71,1.4,us,us10006ffm,2016-11-19T04:58:32.040Z,"163 km WSW of Santa Genoveva de Docordó, Colombia",earthquake,6.3,1.9,0.096,33.0,reviewed,us,us,707945784384.1403,2420,5.0,1231.8127320805536,-6225.10039375085,439.41265435492846,531.5661423622965,438.26316360565664,258.71765942589906,720.4173978382843,349.3703883006941,258.71765942589906
2016-08-21 21:17:57.370000+00:00,3.873,-77.3886,75.82,3.7,mwr,,139.0,3.207,0.85,us,us20006tx8,2016-11-19T04:58:34.040Z,"39 km W of Buenaventura, Colombia",earthquake,8.8,16.9,,,reviewed,us,rsnc,22387211385.683468,2421,6.0,1371.334319155424,-6129.268382587199,425.20878603743216,379.36207156807114,331.0437651252721,105.97665809726239,594.2886852860499,295.95276562953774,105.97665809726239
2016-08-24 01:57:59.060000+00:00,3.833,-71.1255,13.49,4.0,mb,,74.0,3.341,0.74,us,us20006v9m,2016-11-19T04:58:37.040Z,"108 km SSE of Orocué, Colombia",earthquake,8.0,6.0,0.196,7.0,reviewed,us,us,63095734448.019424,2423,7.0,2052.030691626366,-6002.206801888151,424.99052706034655,341.0073854308535,561.6274716779214,601.4560928363037,427.06860105602215,743.1991991236333,341.0073854308535
2016-08-26 04:55:15.530000+00:00,6.721,-72.927,170.88,4.5,mwr,,63.0,2.323,0.94,us,us20006u4m,2016-11-29T01:28:40.040Z,"6 km SE of Cepitá, Colombia",earthquake,8.8,8.5,,,reviewed,us,rsnc,354813389233.57605,2425,7.0,1807.783145996715,-5886.159188370845,725.6294650906162,256.91104019395897,297.99950655391336,539.945414087036,49.27644878299231,779.8253869075669,49.27644878299231
2016-08-28 12:23:30.790000+00:00,7.3145,-73.014,19.86,4.5,mb,,68.0,2.776,1.1,us,us20006usr,2016-11-29T01:28:44.040Z,"0 km S of Matanza, Colombia",earthquake,7.0,3.6,0.055,98.0,reviewed,us,us,354813389233.57605,2427,8.0,1840.3106558175846,-6024.649621097991,808.5993647586513,312.2441069452862,307.4294951069725,579.7574965730752,24.79727756431242,826.9719739866088,24.79727756431242
2016-09-13 08:12:14.630000+00:00,6.7882,-72.9375,156.04,4.2,mb,,63.0,2.371,1.26,us,us10006p84,2016-12-07T02:56:13.040Z,"5 km NE of Cepitá, Colombia",earthquake,5.5,12.0,0.136,15.0,reviewed,us,us,125892541179.41713,2443,6.0,1810.7772138273385,-5899.760100972358,734.6049512890187,262.87696305408923,298.2637889294502,544.1363279076286,42.110946233056566,784.9771436609061,42.110946233056566
2016-09-14 01:58:31.570000+00:00,7.3736,-76.1686,18.0,6.0,mww,,32.0,3.112,1.18,us,us10006pdp,2022-05-03T17:59:10.554Z,"32 km ENE of Mutatá, Colombia",earthquake,6.6,1.8,,,reviewed,us,us,63095734448019.43,2444,7.0,1506.2242506406174,-6117.771292194774,815.3354666513628,376.0170505602049,141.34103035961866,437.9572234984659,337.1703387029353,695.9693304921846,141.34103035961866
2016-09-14 05:29:21.410000+00:00,7.3659,-76.1177,10.0,4.1,mb,,87.0,3.076,0.63,us,us10006rdb,2016-12-07T02:56:14.040Z,"37 km ENE of Mutatá, Colombia",earthquake,7.3,2.0,0.234,6.0,reviewed,us,us,89125093813.3744,2444,8.0,1513.5883773838461,-6124.239342036784,815.5143808035451,371.8950359668696,138.07851039717104,437.65899305160735,331.5067834844834,696.149568260747,138.07851039717104
2016-09-14 06:46:58.900000+00:00,7.358,-76.1468,10.0,4.9,mb,,83.0,3.086,1.07,us,us10006pfi,2017-05-15T04:16:37.778Z,"34 km ENE of Mutatá, Colombia",earthquake,5.5,1.8,0.04,197.0,reviewed,us,us,1412537544622.7554,2444,9.0,1510.5046460718895,-6125.116404749307,814.6445497676638,373.1684257047008,138.70233711674055,436.4590685870484,334.63793335273283,694.6956315679525,138.70233711674055
2016-09-14 12:02:51.430000+00:00,7.3321,-76.1716,10.0,4.7,mwr,,52.0,3.08,0.87,us,us10006pgh,2017-06-28T03:01:49.820Z,"30 km ENE of Mutatá, Colombia",earthquake,7.2,1.9,,,reviewed,us,rsnc,707945784384.1403,2444,10.0,1507.941162788499,-6126.126593099434,811.7927167005031,372.60700665358985,137.4154215333603,433.33179361088105,337.16034405789,691.3697431566502,137.4154215333603
2016-09-14 14:43:58.500000+00:00,7.2557,-76.3188,10.0,4.3,mb,,89.0,3.111,1.08,us,us10006rdm,2016-12-07T02:56:15.040Z,"12 km E of Mutatá, Colombia",earthquake,8.5,2.0,0.201,7.0,reviewed,us,us,177827941003.89227,2444,11.0,1492.4521191353638,-6131.026767100307,803.3793955460375,376.54642886337547,138.86707744959278,423.65439769739885,352.92270819149593,680.2646859622366,138.86707744959278
2016-09-14 15:59:34.140000+00:00,7.3934,-76.2278,10.0,4.8,mb,,83.0,3.162,1.49,us,us10006pht,2016-12-07T02:56:15.040Z,"28 km NE of Mutatá, Colombia",earthquake,6.9,1.9,0.059,88.0,reviewed,us,us,1000000000000.0,2445,12.0,1501.7238508011442,-6126.7556847250835,818.5421526249296,381.80166929369994,146.37425745225667,439.5992857658511,343.858485937048,697.007139162605,146.37425745225667
2016-09-16 02:37:40.600000+00:00,6.807,-73.149,152.0,4.2,mwr,,,,0.93,us,us10006q02,2016-12-12T23:01:25.040Z,"10 km NW of Jordán, Colombia",earthquake,10.2,8.5,,,reviewed,rsnc,rsnc,125892541179.41713,2446,13.0,1790.0796262023887,-5910.012407990422,737.108722817995,254.455506063762,275.8861682198496,528.7148712823895,34.84729297804267,772.4897391202309,34.84729297804267
2016-09-19 20:17:41.320000+00:00,7.9345,-74.8188,87.52,4.1,mb,,138.0,3.109,1.0,us,us10006ttv,2016-12-12T23:01:31.040Z,"16 km NNW of San Carlos, Colombia",earthquake,10.5,9.5,0.213,6.0,reviewed,us,us,89125093813.3744,2450,13.0,1629.717874944359,-6006.146585016458,867.3775174524561,367.8115741247645,205.9199977987031,533.2841363871311,207.78552974207162,795.5514186598342,205.9199977987031
2016-09-22 04:32:52.630000+00:00,6.817,-73.1,151.4,4.2,mwr,,,,0.86,us,us10006rid,2016-12-12T23:01:36.040Z,"9 km N of Jordán, Colombia",earthquake,7.9,7.3,,,reviewed,rsnc,rsnc,125892541179.41713,2452,13.0,1795.269042670896,-5908.926196269112,738.257699907143,257.6886752867434,281.40783532556264,533.3502908194762,33.70747144539374,776.6140686737845,33.70747144539374
2016-09-22 10:42:17.580000+00:00,6.7735,-72.9705,151.48,4.8,mb,,35.0,2.34,1.14,us,us10006rl0,2016-12-12T23:01:36.040Z,"2 km NNE of Cepitá, Colombia",earthquake,7.0,8.3,0.027,416.0,reviewed,us,us,1000000000000.0,2452,14.0,1808.7601719288266,-5905.311700092329,733.5594015460845,259.70970817497084,294.3678068752779,540.3539552641823,41.96096148593138,781.4469564539058,41.96096148593138
2016-10-10 17:59:51.440000+00:00,2.9771,-78.5736,10.0,4.7,mb,,72.0,2.379,1.19,us,us20007euh,2017-01-07T00:20:49.040Z,"53 km NNW of Mosquera, Colombia",earthquake,7.4,1.9,0.068,65.0,reviewed,us,us,707945784384.1403,2471,12.0,1258.4705613194542,-6226.510133116484,330.37010834824576,535.3227964769947,491.879765521751,232.71774624096267,759.2810629315907,243.0600774990795,232.71774624096267
2016-10-10 22:38:54.430000+00:00,4.31,-78.5687,10.0,4.4,mb,,135.0,3.654,0.65,us,us20007eum,2017-01-07T00:20:49.040Z,"133 km W of Santa Genoveva de Docordó, Colombia",earthquake,9.6,1.9,0.13,17.0,reviewed,us,us,251188643150.95822,2471,13.0,1257.1393042617897,-6217.185301379527,478.0467529337937,500.43915840175083,394.5447553492212,245.28289447565848,678.6602099441518,372.8157457304018,245.28289447565848
2016-10-18 12:27:46.040000+00:00,7.646,-74.5105,74.38,4.2,mb,,73.0,2.789,1.21,us,us20007gd1,2017-01-15T01:13:52.040Z,"33 km ESE of San Carlos, Colombia",earthquake,9.4,15.6,0.235,5.0,reviewed,us,us,125892541179.41713,2478,6.0,1666.6356059012724,-6013.973383195804,837.7788059831296,329.9352335935553,195.6089320027118,517.2582349988277,163.86020733107193,778.3488459840448,163.86020733107193
2016-10-28 11:55:37.090000+00:00,6.5538,-72.7878,175.03,4.3,mb,,115.0,2.282,0.68,us,us100073qa,2017-01-24T02:02:07.040Z,"8 km NW of Covarachía, Colombia",earthquake,10.4,8.8,0.16,11.0,reviewed,us,us,177827941003.89227,2488,4.0,1821.477043877316,-5879.809222155821,707.1839439490401,249.36697608817875,310.58977646895977,539.4106859831328,72.9457407990781,775.1814455232322,72.9457407990781
2016-10-30 12:56:35.090000+00:00,6.7163,-72.9182,165.14,4.3,mb,,73.0,2.324,0.59,us,us1000743i,2017-01-24T02:02:10.040Z,"7 km SE of Cepitá, Colombia",earthquake,9.9,9.4,0.083,41.0,reviewed,us,us,177827941003.89227,2490,5.0,1810.3791300677117,-5891.387475728866,725.7956708608319,256.9391434825283,298.8654255945136,540.3162882772251,50.17619571538479,780.0209219385745,50.17619571538479
2016-10-31 00:20:11.640000+00:00,3.4466,-74.4951,33.0,5.6,mww,,35.0,1.399,0.98,us,us1000735j,2022-05-03T18:56:14.765Z,"34 km ENE of Colombia, Colombia",earthquake,1.3,1.7,,,reviewed,us,us,15848931924611.11,2491,6.0,1691.2146346234292,-6096.298354286379,381.0294413306026,148.21594577006846,333.53890450530787,226.08332590272755,435.73066538209713,396.80025577997657,148.21594577006846
2016-10-31 02:05:58.040000+00:00,3.4027,-74.5019,36.16,5.0,mww,,73.0,1.444,0.97,us,us1000735x,2022-05-03T18:03:06.469Z,"33 km E of Colombia, Colombia",earthquake,6.1,3.5,,,reviewed,us,us,1995262314968.8828,2491,7.0,1689.7257290207172,-6093.738836664418,375.994384018152,153.0877641437425,337.8300999821937,225.39866159112054,440.5710309496126,393.17491647243276,153.0877641437425
2016-11-06 21:31:00.930000+00:00,6.7389,-73.0345,148.47,4.4,mwr,,91.0,2.547,0.87,us,us100075wy,2017-02-02T02:21:02.040Z,"5 km NNW of Aratoca, Colombia",earthquake,9.4,11.5,,,reviewed,us,rsnc,251188643150.95822,2498,8.0,1803.163918296467,-5910.610165509698,730.1828237004434,253.03050513939553,286.6900955894962,532.563625650736,43.40451616895147,774.0771139185941,43.40451616895147
2016-11-14 05:48:49.680000+00:00,6.7653,-73.0234,145.03,4.2,mb,,63.0,3.167,0.83,us,us100077kl,2017-02-09T03:02:25.040Z,"5 km WNW of Cepitá, Colombia",earthquake,8.0,9.2,0.054,97.0,reviewed,us,us,125892541179.41713,2505,7.0,1805.2079505916852,-5913.205504246319,733.4353145108389,256.20251899467564,288.4616739666747,535.467539092256,40.86052736086861,777.1504934921718,40.86052736086861
2016-11-24 08:37:28.870000+00:00,7.5507,-73.2753,153.02,4.4,mb,,66.0,2.882,0.85,us,us10007c1n,2017-02-15T23:21:39.040Z,"11 km NW of El Playón, Colombia",earthquake,4.3,13.1,0.138,15.0,reviewed,us,us,251188643150.95822,2515,7.0,1773.8536191062722,-5903.314744457127,817.0640404880565,327.81598925097416,293.08215746558994,581.0571670072526,50.83603396705057,832.8121057244385,50.83603396705057
2016-11-25 19:21:16.430000+00:00,9.6063,-73.6008,135.04,4.1,mb,,78.0,2.614,1.09,us,us10007ecw,2017-02-23T00:11:47.040Z,"16 km ESE of El Paso, Colombia",earthquake,9.1,8.8,0.26,5.0,reviewed,us,us,89125093813.3744,2517,8.0,1735.8990203521846,-5898.38296060099,1040.639304866109,546.8088609579011,432.8035010187542,757.0462214575398,281.4983853449419,1018.1285995561232,281.4983853449419
2016-11-26 19:32:38.630000+00:00,5.5127,-73.9445,124.03,4.3,mb,,52.0,0.762,0.56,us,us10007cl9,2017-02-23T00:11:49.040Z,"8 km ESE of Maripí, Colombia",earthquake,8.4,6.6,0.089,36.0,reviewed,us,us,177827941003.89227,2518,9.0,1719.723446478101,-5975.53653086635,600.1238345668553,90.25817071162953,198.46786473574917,367.1397020901288,200.40706316306475,604.6752677974168,90.25817071162953
2016-11-29 13:19:36.570000+00:00,6.6168,-72.8662,169.5,4.2,mb,,149.0,2.279,0.6,us,us10007gkw,2022-08-07T11:34:43.878Z,"8 km SW of Molagavita, Colombia",earthquake,12.2,13.7,0.093,32.0,reviewed,us,us,125892541179.41713,2520,8.0,1814.8179057290895,-5886.798852879263,714.5890320908121,250.4224050446178,302.84139496941464,537.3097183473815,62.64107009942189,775.0247492609819,62.64107009942189
2016-11-30 17:42:26+00:00,6.3,-75.86,28.0,3.6,mwr,,,,1.93,us,us10007dvx,2022-08-07T11:26:32.628Z,"10 km WSW of Ebéjico, Colombia",earthquake,9.0,6.9,,,reviewed,rsnc,rsnc,15848931924.611109,2522,7.0,1540.1867098636371,-6113.672842513695,696.0447352505001,265.2849180293511,31.43402545178825,325.35889721179257,315.71582690096744,587.136398608496,31.43402545178825
2016-12-06 04:51:01.910000+00:00,4.7443,-77.2476,36.23,4.7,mwr,,62.0,2.561,0.82,us,us10007f3m,2017-03-03T07:06:04.040Z,"26 km SSE of Pizarro, Colombia",earthquake,6.4,4.6,,,reviewed,us,rsnc,707945784384.1403,2527,8.0,1393.5352609737188,-6157.341493121545,523.9429037659247,351.91731865523934,248.6635118959813,164.19690525513795,527.1054591268253,392.6135456793555,164.19690525513795
2016-12-10 23:50:14.830000+00:00,6.764,-72.9395,152.16,4.4,mb,,72.0,0.877,0.6,us,us20007zve,2017-03-09T02:14:26.040Z,"4 km ENE of Cepitá, Colombia",earthquake,8.6,6.1,0.134,16.0,reviewed,us,us,251188643150.95822,2532,8.0,1811.7925361049763,-5903.802845522625,732.4552634210884,260.4106120682278,297.5199650598662,542.1487322621614,44.38195903937191,782.7229669768635,44.38195903937191
2016-12-12 22:36:09.010000+00:00,6.7664,-72.9778,156.38,4.2,mwr,,70.0,0.874,0.88,us,us200080bv,2017-03-09T02:14:29.040Z,"1 km NNW of Cepitá, Colombia",earthquake,7.9,7.6,,,reviewed,us,rsnc,125892541179.41713,2534,9.0,1806.6099183264803,-5900.97627500785,732.2167364919075,258.63417248147726,293.42241698734614,539.226037110992,42.374979020578365,780.328867715527,42.374979020578365
2016-12-13 20:32:19.120000+00:00,6.7816,-72.9809,152.5,4.3,mb,,65.0,0.888,0.99,us,us200080jj,2017-03-09T02:14:30.040Z,"3 km NNW of Cepitá, Colombia",earthquake,7.7,8.1,0.074,52.0,reviewed,us,us,177827941003.89227,2535,10.0,1807.3614170513792,-5904.572189056639,734.3120742388171,259.96871071818975,293.4219279574407,540.1290050815664,40.68184987354272,781.453796332939,40.68184987354272
2016-12-16 19:45:20.340000+00:00,3.3938,-74.2744,61.75,4.5,mb,,65.0,1.442,0.99,us,us200081nl,2017-03-16T02:31:23.040Z,"25 km W of Mesetas, Colombia",earthquake,5.5,9.7,0.132,19.0,reviewed,us,us,354813389233.57605,2538,10.0,1707.000591893923,-6062.448711168887,373.497210458802,148.1746946470968,348.4519123390457,250.66822500502604,433.4342647277036,412.7386193547329,148.1746946470968
2016-12-18 12:50:07.350000+00:00,7.128,-76.7766,62.02,4.3,mb,,97.0,3.332,1.16,us,us2000829w,2017-03-16T02:31:28.040Z,"17 km NNE of Murindó, Colombia",earthquake,7.0,16.0,0.218,6.0,reviewed,us,us,177827941003.89227,2539,11.0,1432.01585042855,-6094.234288621084,782.8586589649897,402.10908130305535,164.579110371187,409.6928252230468,403.1589921365313,660.0247686009226,164.579110371187
2016-12-19 10:24:20.130000+00:00,6.8093,-72.9854,158.85,4.6,mb,,64.0,0.915,0.85,us,us200082j5,2017-03-16T02:31:29.040Z,"6 km NNW of Cepitá, Colombia",earthquake,8.2,9.1,0.119,21.0,reviewed,us,us,501187233627.2715,2540,12.0,1804.9485745044306,-5898.344730249522,736.544437920832,262.470658231298,293.5711646995613,541.8770427062608,37.65456488687183,783.5869027374086,37.65456488687183
2016-12-19 21:02:08.470000+00:00,7.495,-73.3608,123.28,4.5,mb,,36.0,1.615,1.42,us,us10007rdj,2017-03-16T02:31:30.040Z,"17 km W of El Playón, Colombia",earthquake,6.4,8.6,0.097,31.0,reviewed,us,us,354813389233.57605,2541,13.0,1773.7121103006898,-5934.964713869963,814.9505465309594,319.39826744434583,281.8288614332357,570.353329789428,49.344093392925124,822.5459092591607,49.344093392925124
2016-12-21 09:13:00.530000+00:00,12.7955,-81.637,10.0,4.4,mb,,64.0,0.635,0.61,us,us10007lni,2017-03-16T02:31:32.040Z,"24 km NNE of San Andrés, Colombia",earthquake,5.2,2.0,0.088,37.0,reviewed,us,us,251188643150.95822,2542,14.0,902.1952803789202,-6137.075497620857,1408.7828124177636,1223.953806516945,985.4784406192134,1180.9124265033063,1125.6433999059211,1374.3503163102557,985.4784406192134
2016-12-22 08:59:29.290000+00:00,4.7048,-77.2213,48.33,4.9,mb,,55.0,2.893,0.89,us,us10007ly9,2017-03-16T02:31:33.040Z,"31 km SSE of Pizarro, Colombia",earthquake,7.0,7.6,0.062,82.0,reviewed,us,us,1412537544622.7554,2543,15.0,1393.7736969949278,-6145.291438871976,518.5980541728646,348.9939849334685,249.50890517367716,158.9435097076031,526.8280960604833,388.26050280275024,158.9435097076031
2016-12-23 03:43:51.310000+00:00,2.6595,-75.5794,10.0,4.4,mb,,100.0,2.507,1.05,us,us10007m63,2017-03-23T22:51:59.040Z,"6 km E of Íquira, Colombia",earthquake,7.7,1.9,0.112,23.0,reviewed,us,us,251188643150.95822,2544,16.0,1582.4252075931188,-6153.95290296234,295.15272401802815,282.85887040453923,398.6005034746739,137.64280149897127,565.6560099811514,248.21508728751138,137.64280149897127
2016-12-24 11:46:41.380000+00:00,6.8272,-72.9695,153.23,4.4,mb,,91.0,0.934,0.85,us,us10007ses,2017-03-23T22:52:01.040Z,"8 km N of Cepitá, Colombia",earthquake,9.8,10.2,0.127,18.0,reviewed,us,us,251188643150.95822,2545,16.0,1808.1521752997273,-5902.958766885204,739.1395540166872,265.0455075735821,295.71205590003046,544.5200602070375,36.617868733950246,786.235056212728,36.617868733950246
2016-12-26 08:47:55.160000+00:00,6.7446,-72.912,157.41,4.0,mb,,66.0,0.863,0.86,us,us10007t1x,2017-03-23T22:52:03.040Z,"6 km E of Cepitá, Colombia",earthquake,8.8,9.1,0.072,52.0,reviewed,us,us,63095734448.019424,2547,16.0,1813.166734229465,-5898.185777775886,729.7476363962522,260.01100347675634,300.0990343850592,542.9350468275327,47.71645719213198,782.9106845044976,47.71645719213198
2016-12-27 03:00:31.440000+00:00,6.7541,-72.8891,155.6,4.4,mwr,,67.0,0.876,0.71,us,us10007myt,2017-03-23T22:52:04.040Z,"7 km SW of San Andrés, Colombia",earthquake,9.2,9.2,,,reviewed,us,rsnc,251188643150.95822,2548,16.0,1816.0171999855575,-5899.06277611382,730.9836200797599,262.18509624856136,302.7787716405883,545.5182083320552,48.103067064605604,785.310741338281,48.103067064605604
2016-12-28 05:05:04.970000+00:00,1.6873,-76.9221,138.08,4.7,mb,,42.0,1.295,1.38,us,us10007n50,2017-03-23T22:52:06.040Z,"10 km E of San Pablo, Colombia",earthquake,7.0,5.5,0.053,108.0,reviewed,us,us,707945784384.1403,2549,17.0,1409.7462645623377,-6068.626308397651,183.52636044019752,461.66739355133615,528.0739780835902,200.90971191561644,736.291792461262,66.08285378993783,66.08285378993783
2017-01-01 06:35:49.360000+00:00,2.5444,-79.0252,14.98,4.7,mb,,134.0,0.765,0.73,us,us10007p1x,2017-03-27T23:53:16.040Z,"63 km W of Mosquera, Colombia",earthquake,6.9,5.0,0.066,69.0,reviewed,us,us,707945784384.1403,2553,16.0,1208.8485556623064,-6233.623147715209,282.1663731600321,600.1037719038746,561.2407122813132,294.6544166567571,828.4061932576514,243.8569841765678,243.8569841765678
2017-01-01 07:38:33.620000+00:00,2.3138,-78.5497,18.22,4.4,mb,,127.0,0.506,0.5,us,us10007p2b,2017-03-27T23:53:16.040Z,"24 km SSW of Mosquera, Colombia",earthquake,7.8,9.8,0.13,17.0,reviewed,us,us,251188643150.95822,2553,17.0,1260.1119864906884,-6221.266020602349,256.4773104995733,563.8935158104209,547.0911691052654,257.3212499375016,804.3658016475531,186.66882652838785,186.66882652838785
2017-01-10 10:05:43.180000+00:00,6.828,-72.9816,140.32,4.3,mb,,91.0,0.934,1.03,us,us10007vkb,2017-04-01T00:26:07.040Z,"8 km N of Cepitá, Colombia",earthquake,9.9,11.8,0.154,12.0,reviewed,us,us,177827941003.89227,2562,16.0,1810.6541833571966,-5915.58774786855,740.7606144758087,264.5112843817376,294.4273856722436,543.6114204578422,35.9404592760263,785.4905711321514,35.9404592760263
2017-01-10 13:32:16.260000+00:00,6.7894,-73.0015,153.52,4.1,mb,,68.0,0.894,0.72,us,us10007vk7,2017-04-01T00:26:07.040Z,"4 km NW of Cepitá, Colombia",earthquake,9.3,9.0,0.093,32.0,reviewed,us,us,89125093813.3744,2562,17.0,1804.9130392673392,-5904.1573703910935,735.0321195289768,259.6894744101037,291.3711957315043,539.0653728878775,39.0463737318804,780.749101517213,39.0463737318804
2017-01-12 16:06:32.150000+00:00,6.0601,-77.9396,5.96,5.2,mww,,37.0,3.614,0.79,us,us10007svx,2025-12-22T16:52:23.677Z,"62 km WSW of Bahía Solano, Colombia",earthquake,6.4,2.9,0.054,33.0,reviewed,us,us,3981071705534.9854,2565,17.0,1322.496719725159,-6189.765451592958,671.967471074615,453.65772640134827,261.5338772672108,329.32555722740767,544.9459938242319,543.8350394897848,261.5338772672108
2017-01-19 12:01:04.900000+00:00,5.899,-76.1462,64.45,4.7,mb,,79.0,2.097,1.25,us,us10007u36,2017-12-16T02:00:46.494Z,"14 km WNW of Ciudad Bolívar, Colombia",earthquake,7.0,7.3,0.078,50.0,reviewed,us,us,707945784384.1403,2571,13.0,1502.0769203303612,-6090.667501100609,648.1567857761867,264.9217632392709,73.32255182415909,275.47623779255423,360.5327350909344,535.9929025615284,73.32255182415909
2017-01-21 06:34:05.780000+00:00,4.509,-74.1107,31.99,4.0,mb,,72.0,0.394,1.29,us,us10007ula,2023-03-27T04:27:53.895Z,"10 km NW of Chipaque, Colombia",earthquake,7.5,5.9,0.212,6.0,reviewed,us,us,63095734448.019424,2573,13.0,1730.120324356305,-6077.942337693871,498.34564613087304,22.86518491103421,252.4427159868586,293.1914913485316,310.14456274879706,508.1408547882224,22.86518491103421
2017-01-24 14:52:13.780000+00:00,6.8107,-72.9933,152.04,4.3,mb,,74.0,0.916,0.86,us,us20008ih4,2017-04-19T18:30:58.040Z,"6 km NNW of Cepitá, Colombia",earthquake,8.6,8.5,0.074,52.0,reviewed,us,us,177827941003.89227,2576,11.0,1806.1077805716739,-5905.042578755104,737.5027522984059,262.2100488376658,292.7517709423381,541.350425596354,37.16840032514693,783.1781805854648,37.16840032514693
2017-01-24 19:35:38.100000+00:00,4.0115,-76.7031,101.4,4.3,mb,,57.0,2.515,1.04,us,us10007v8x,2017-04-19T18:30:58.040Z,"25 km WNW of Darien, Colombia",earthquake,1.9,7.6,0.068,61.0,reviewed,us,us,177827941003.89227,2577,12.0,1438.45687760394,-6086.571741963692,438.6005029671122,301.8965366169291,277.6177247281413,65.08836473259815,525.7282986848292,317.6667530421638,65.08836473259815
2017-01-28 15:49:35.240000+00:00,6.6236,-76.9979,10.0,4.4,mb,,102.0,3.196,1.24,us,us10007vy1,2017-05-15T02:07:49.638Z,"11 km WNW of Vigía del Fuerte, Colombia",earthquake,2.6,1.9,0.131,17.0,reviewed,us,us,251188643150.95822,2581,10.0,1421.5884432534729,-6156.546547038561,733.717869590039,387.33578441568363,162.1225303953858,356.4645890268039,431.34111407255597,602.3837498711755,162.1225303953858
2017-02-01 00:18:25.480000+00:00,6.8088,-72.9613,156.06,4.7,mb,,43.0,0.917,0.94,us,us10007wjr,2017-04-27T01:38:40.040Z,"6 km NNE of Cepitá, Colombia",earthquake,6.6,7.0,0.036,231.0,reviewed,us,us,707945784384.1403,2584,9.0,1808.2430388016369,-5900.239873752643,736.8213816148472,263.65329412189385,296.1607730184061,543.7762211605137,38.85100307446131,785.170066537718,38.85100307446131
2017-02-03 20:33:08.160000+00:00,2.4226,-77.7205,92.3,4.2,mb,,88.0,1.161,0.77,us,us20008k90,2017-04-27T01:38:43.040Z,"24 km SE of Guapí, Colombia",earthquake,8.8,7.5,0.215,7.0,reviewed,us,us,125892541179.41713,2587,10.0,1334.1653980894894,-6129.570924051296,265.3990722773167,478.19350453945395,486.63989916565896,174.6725547276257,729.4966494310469,143.02934904478258,143.02934904478258
2017-02-06 13:02:45.140000+00:00,3.4493,-74.6715,37.95,5.5,mww,,47.0,1.429,1.04,us,us20008hx7,2022-05-03T18:10:51.164Z,"16 km ENE of Colombia, Colombia",earthquake,6.3,3.3,0.044,49.0,reviewed,us,us,11220184543019.652,2589,11.0,1671.1266802306643,-6096.693714455532,381.0297537458838,155.24873343965928,326.7115449189432,206.50326203950317,442.6410067386486,381.90606097485033,155.24873343965928
2017-02-12 09:32:26.520000+00:00,12.2926,-72.9907,7.37,5.2,mww,,23.0,1.142,1.15,us,us20008jbe,2025-12-22T16:52:08.519Z,"82 km NW of Manaure, Colombia",earthquake,6.3,3.3,0.083,14.0,reviewed,us,us,3981071705534.9854,2595,9.0,1818.8538893040343,-5945.75111650994,1354.84352114345,851.3694019870197,730.1127843450254,1057.4803197276603,575.4264841693542,1319.6084929981982,575.4264841693542
2017-02-24 10:54:15.260000+00:00,6.8171,-73.0117,152.26,4.4,mb,,42.0,0.92,0.84,us,us20008m02,2017-05-17T01:19:38.040Z,"8 km NNW of Cepitá, Colombia",earthquake,7.8,8.3,0.038,200.0,reviewed,us,us,251188643150.95822,2607,6.0,1804.123433585138,-5905.33455407868,738.1663961420405,261.92563960293955,290.920209215897,540.3684762608062,35.7668412595692,782.5065622197576,35.7668412595692
2017-02-28 09:24:38.470000+00:00,6.8309,-73.0154,153.64,4.2,mb,,81.0,0.934,0.94,us,us20008mwt,2017-05-24T02:48:10.040Z,"9 km NNW of Cepitá, Colombia",earthquake,7.0,5.7,0.055,92.0,reviewed,us,us,125892541179.41713,2611,6.0,1803.289835471947,-5903.970398658857,739.489466215387,263.115742969077,290.8578509853495,541.1340257692881,34.18553002961353,783.4782541504484,34.18553002961353
2017-03-02 19:28:24.220000+00:00,6.8048,-73.0026,154.71,4.2,mb,,54.0,0.909,0.62,us,us1000886z,2017-05-24T02:48:13.040Z,"6 km NNW of Cepitá, Colombia",earthquake,8.7,8.7,0.132,16.0,reviewed,us,us,125892541179.41713,2614,7.0,1804.3964488199028,-5902.872873574307,736.5505128684151,261.1586473465772,291.6092373228665,540.1538576826229,37.398922226027565,782.0322821722648,37.398922226027565
2017-03-03 22:59:02.720000+00:00,7.4887,-76.3631,10.0,4.5,mb,,100.0,1.486,1.25,us,us10008889,2017-05-24T02:48:15.040Z,"28 km NNE of Mutatá, Colombia",earthquake,4.3,1.9,0.163,11.0,reviewed,us,us,354813389233.57605,2615,7.0,1486.9287189339727,-6128.95323696582,829.0332948052072,399.4355432793318,163.0962520779067,449.2940005464372,359.7435428346855,705.1363026977943,163.0962520779067
2017-03-07 17:11:13.900000+00:00,7.2863,-71.9714,39.39,4.4,mb,,38.0,1.77,1.07,us,us100087hy,2017-05-31T01:58:57.040Z,"34 km NNE of Cubará, Colombia",earthquake,6.0,10.6,0.1,29.0,reviewed,us,us,251188643150.95822,2619,7.0,1943.7566618004128,-5972.122834598942,803.0218429584695,368.7273222391474,415.09187711529245,660.7814197747138,128.35871210815165,895.7161246022489,128.35871210815165
2017-03-10 06:18:12.250000+00:00,4.3692,-77.5674,44.88,4.4,mb,,102.0,2.734,0.9,us,us1000885w,2017-05-31T01:59:00.040Z,"25 km WNW of Santa Genoveva de Docordó, Colombia",earthquake,7.8,12.1,0.138,15.0,reviewed,us,us,251188643150.95822,2621,7.0,1357.9986291967036,-6159.818574540379,481.94305290895903,389.29880602837,303.02421329311653,153.6355723643628,579.0313730229906,352.324135762332,153.6355723643628
2017-03-13 07:52:28.190000+00:00,9.4395,-74.9681,73.88,4.1,mb,,46.0,3.236,1.07,us,us20008tib,2017-06-07T00:33:37.040Z,"11 km ENE of San Pedro, Colombia",earthquake,6.3,12.5,0.151,12.0,reviewed,us,us,89125093813.3744,2624,8.0,1611.0862189651598,-5999.292963529398,1032.7659111372748,534.9952799734067,361.6611375441493,687.8610474235603,328.3117842821813,949.7891368431766,328.3117842821813
2017-03-16 15:38:10.600000+00:00,4.8928,-72.6021,17.47,5.2,mb,,42.0,1.102,1.01,us,us20008shs,2022-05-03T18:12:50.229Z,"17 km NNW of Ubalá, Colombia",earthquake,5.0,3.7,0.027,460.0,reviewed,us,us,3981071705534.9854,2628,8.0,1892.8198111470406,-6040.771244785392,541.9034891964006,164.1323766527598,362.3199989659383,464.34458142272933,254.18013518341456,661.2110959283821,164.1323766527598
2017-03-21 08:31:20.990000+00:00,6.2863,-77.5221,7.11,5.0,mb,,50.0,3.492,1.09,us,us20008thb,2022-05-03T18:13:09.593Z,"14 km WNW of Bahía Solano, Colombia",earthquake,6.9,4.1,0.044,168.0,reviewed,us,us,1995262314968.8828,2632,9.0,1366.7336571288079,-6176.210046752125,696.8245840736628,420.1047638267589,214.58016419765337,333.7433230664592,494.591913606889,564.6915822064883,214.58016419765337
2017-03-21 10:30:17.460000+00:00,7.1088,-73.8618,86.17,4.7,mb,,37.0,2.295,0.96,us,us20008thx,2017-06-12T19:46:52.040Z,"4 km N of Barrancabermeja, Colombia",earthquake,7.6,5.6,0.034,269.0,reviewed,us,us,707945784384.1403,2632,10.0,1733.4723891027018,-5990.762230755462,777.772138657852,267.6357124212113,212.84020820106122,502.74648844192564,81.5598320343617,757.2120690677972,81.5598320343617
2017-03-22 01:50:07.150000+00:00,6.5268,-72.7996,175.11,4.2,mb,,113.0,2.254,0.64,us,us20008vlw,2017-06-12T19:46:53.040Z,"7 km WNW of Covarachía, Colombia",earthquake,10.2,9.2,0.128,17.0,reviewed,us,us,125892541179.41713,2633,11.0,1820.340907029182,-5880.425997152974,704.2740704467462,246.1586454465432,308.98230240869566,536.495273984378,74.9205854015201,772.0473284365529,74.9205854015201
2017-03-24 09:00:55.960000+00:00,3.3117,-79.4066,9.49,5.2,mww,,29.0,1.616,0.9,us,us20008u8i,2025-12-22T17:22:01.742Z,"138 km NW of Mosquera, Colombia",earthquake,6.3,2.9,0.053,34.0,reviewed,us,us,3981071705534.9854,2635,12.0,1167.5350631046654,-6242.6454096804455,367.4910141987715,611.8161323438852,534.759014980177,319.4631478908785,814.4132641915909,331.954101201862,319.4631478908785
2017-03-28 16:56:59.920000+00:00,6.7392,-72.9569,162.2,4.3,mb,,80.0,0.85,0.37,us,us10008eb4,2017-06-16T23:08:00.040Z,"2 km SE of Cepitá, Colombia",earthquake,7.9,12.7,0.53,1.0,reviewed,us,us,177827941003.89227,2640,12.0,1807.169992186411,-5895.122587940254,728.603961351826,257.0685645657824,295.11486715439196,538.8680958048176,46.057448330199875,779.3674878658339,46.057448330199875
2017-04-01 22:52:44.220000+00:00,6.8604,-73.0279,145.68,4.3,mb,,42.0,0.962,1.23,us,us10008dv4,2017-06-16T23:08:07.040Z,"13 km NNW of Cepitá, Colombia",earthquake,8.4,8.9,0.147,13.0,reviewed,us,us,177827941003.89227,2644,11.0,1804.197301476925,-5911.557540238585,743.6186174321534,265.4524224857671,290.26084531028454,542.4188043353047,30.630749676888794,785.2564220785142,30.630749676888794
2017-04-07 00:54:39.930000+00:00,7.7414,-73.2421,118.58,4.2,mb,,72.0,1.843,1.44,us,us10008h72,2017-06-23T07:26:34.040Z,"16 km E of San Alberto, Colombia",earthquake,4.8,20.7,0.304,3.0,reviewed,us,us,125892541179.41713,2649,10.0,1786.319575618621,-5932.32606694618,842.2147384085478,349.2292003019719,307.1792685017632,600.0170142636755,70.41599948381467,852.716202224883,70.41599948381467
2017-04-12 05:07:42.150000+00:00,6.8208,-72.9632,148.07,4.0,mb,,43.0,0.929,0.48,us,us10008gv1,2017-07-05T18:09:57.040Z,"7 km N of Cepitá, Colombia",earthquake,7.2,7.6,0.119,19.0,reviewed,us,us,63095734448.019424,2654,10.0,1810.3265141634158,-5907.737462285055,739.0627671116205,264.73646504085013,296.2381322973541,544.5374045620354,37.57135046876343,786.0968248375018,37.57135046876343
2017-04-12 11:28:02.910000+00:00,7.1971,-72.8957,165.79,4.8,mb,,28.0,1.308,0.66,us,us10008gwg,2017-07-05T18:09:57.040Z,"7 km E of Tona, Colombia",earthquake,3.6,8.0,0.026,451.0,reviewed,us,us,1000000000000.0,2654,10.0,1810.6477616940874,-5884.031229162258,777.4074359147122,305.5230455266482,314.9186337873931,579.2045763965114,26.496543399533635,823.9901594331004,26.496543399533635
2017-04-14 22:16:06.280000+00:00,8.3585,-72.719,179.42,4.6,mb,,33.0,2.476,1.01,us,us10008hqe,2017-07-05T18:10:00.040Z,"31 km S of Tibú, Colombia",earthquake,7.1,6.7,0.03,336.0,reviewed,us,us,501187233627.2715,2657,11.0,1819.7230676479505,-5849.289226565076,900.0479973088462,432.2435468517532,393.5915848563669,689.5306574410926,144.79392131694217,941.4870735130045,144.79392131694217
2017-04-17 07:49:22.970000+00:00,6.7429,-73.002,152.32,4.4,mb,,28.0,0.848,0.96,us,us10008ibd,2017-07-11T01:48:34.040Z,"3 km WSW of Cepitá, Colombia",earthquake,5.4,6.0,0.037,218.0,reviewed,us,us,251188643150.95822,2659,11.0,1805.3836910863579,-5905.881292971469,730.162189988678,255.0755945778715,290.29834763072364,535.4896586894176,43.92315589855237,776.6257490051794,43.92315589855237
2017-04-27 06:13:39.920000+00:00,6.9549,-73.0223,146.22,4.1,mb,,56.0,2.462,0.99,us,us10008nts,2017-07-21T02:32:08.040Z,"4 km SE of Piedecuesta, Colombia",earthquake,5.6,11.0,0.233,5.0,reviewed,us,us,89125093813.3744,2669,8.0,1804.2579745068272,-5909.687441688634,753.746344187594,275.207791743146,293.4887414667284,550.2279892162071,21.376112750030504,794.0323748391666,21.376112750030504
2017-04-28 02:34:20.340000+00:00,7.8941,-72.8018,47.33,4.3,mb,,72.0,2.007,0.88,us,us10008p7w,2017-07-21T02:32:09.040Z,"0 km NNW of Gramalote, Colombia",earthquake,4.2,10.8,0.168,10.0,reviewed,us,us,177827941003.89227,2670,8.0,1852.0516738851225,-5983.677720869113,868.5089515565946,380.7661605640117,357.3781693348278,643.6552217286672,93.13414373257636,893.3295537185635,93.13414373257636
2017-04-29 10:06:33.260000+00:00,3.816,-75.9283,58.65,4.8,mww,,64.0,1.9,1.22,us,us10008lzv,2017-07-21T02:32:11.040Z,"14 km NE of La Cumbre, Colombia",earthquake,5.0,4.9,0.098,10.0,reviewed,us,us,1000000000000.0,2671,9.0,1531.3564387777656,-6109.355410344463,420.10290407080134,228.6235824886858,272.72670522873716,78.29384833575192,480.96765823358845,326.063159159615,78.29384833575192
2017-04-30 15:01:19.210000+00:00,6.9336,-73.0095,146.12,4.3,mb,,32.0,1.036,0.81,us,us10008prv,2017-07-29T03:16:08.040Z,"7 km SE of Piedecuesta, Colombia",earthquake,7.1,7.7,0.119,20.0,reviewed,us,us,177827941003.89227,2673,10.0,1805.6889299317347,-5909.646725537587,751.4612977824349,273.6684292266507,294.23067300482364,549.5637898227099,24.133901648132145,792.980702393094,24.133901648132145
2017-05-03 16:45:37.940000+00:00,6.892,-76.3217,7.88,4.3,mb,,44.0,1.009,0.75,us,us10008nw5,2017-07-29T03:16:18.040Z,"13 km SSW of Dabeiba, Colombia",earthquake,5.9,1.4,0.187,8.0,reviewed,us,us,177827941003.89227,2676,10.0,1493.8153399570274,-6137.978761115726,763.5630901250521,347.4752068896004,108.99398350032723,383.2630460877551,353.95946631744516,640.3062703754521,108.99398350032723
2017-05-06 02:52:40.680000+00:00,3.7583,-76.7291,74.95,4.4,mb,,84.0,2.632,0.85,us,us10008pzu,2017-07-29T03:16:24.040Z,"12 km NNW of Dagua, Colombia",earthquake,7.8,11.8,0.09,36.0,reviewed,us,us,251188643150.95822,2678,11.0,1442.1843305617572,-6114.739218113394,412.6914751338411,313.1005485785317,304.2588402623023,40.51519864641966,546.8005663921201,289.52516738752166,40.51519864641966
2017-05-07 02:10:07.670000+00:00,6.8701,-73.0792,151.21,4.3,mb,,42.0,0.97,0.74,us,us10008q7n,2017-08-01T23:02:08.040Z,"13 km SSW of Piedecuesta, Colombia",earthquake,7.8,8.2,0.068,61.0,reviewed,us,us,177827941003.89227,2679,11.0,1797.2690287082564,-5907.797430464944,744.003496724229,264.0126487919514,285.01595213832456,539.1278057733958,28.12260725097581,782.7183985798266,28.12260725097581
2017-05-24 00:55:46.730000+00:00,6.8156,-73.0095,155.0,4.3,mb,,54.0,0.919,1.06,us,us10008ujp,2017-08-10T01:34:00.040Z,"7 km NNW of Cepitá, Colombia",earthquake,7.3,5.8,0.061,76.0,reviewed,us,us,177827941003.89227,2696,8.0,1803.5608213727633,-5902.681865993596,737.6795730393801,261.8857489090312,291.1213294534126,540.4291473820414,36.00713169348522,782.5216985478385,36.00713169348522
2017-05-24 02:15:59.390000+00:00,6.831,-73.0859,150.12,4.4,mb,,42.0,0.931,1.21,us,us10008wmz,2017-08-10T01:34:00.040Z,"10 km N of Jordán, Colombia",earthquake,7.5,8.1,0.076,49.0,reviewed,us,us,251188643150.95822,2696,9.0,1797.0403450014853,-5909.527390089925,739.9189135397927,259.75485374778566,283.2759977736866,535.5517213850994,32.3137805211684,778.7933549655115,32.3137805211684
2017-05-27 12:15:48.070000+00:00,6.7984,-73.0164,155.49,4.7,mb,,39.0,0.901,0.87,us,us10008vse,2017-08-10T01:34:04.040Z,"6 km NW of Cepitá, Colombia",earthquake,7.6,8.0,0.043,168.0,reviewed,us,us,707945784384.1403,2699,9.0,1802.772443687246,-5902.645211813889,735.7686999543354,259.83496851329727,289.9698408309797,538.5588044048776,37.561936330155554,780.5401200016416,37.561936330155554
2017-05-31 21:14:42.710000+00:00,12.0713,-73.8903,10.0,4.4,mb,,30.0,3.816,1.34,us,us10008wyh,2017-08-15T02:26:49.040Z,"97 km NNE of Santa Marta, Colombia",earthquake,7.0,1.9,0.098,30.0,reviewed,us,us,251188643150.95822,2704,7.0,1726.004933677833,-5976.086928488169,1330.2680151280128,818.6719664952049,673.9845536240051,1001.5994291564151,557.0272664351352,1263.9001293215065,557.0272664351352
2017-06-09 10:50:38.010000+00:00,6.8434,-73.0518,143.54,4.2,mb,,63.0,0.944,0.97,us,us20009mr1,2017-08-16T02:42:21.040Z,"13 km NW of Cepitá, Colombia",earthquake,7.1,6.4,0.072,53.0,reviewed,us,us,125892541179.41713,2712,5.0,1802.4148530020682,-5914.552883532258,742.0397140165575,262.6053861033154,287.25632523983205,539.2091712037097,31.660955875756727,782.1578670428445,31.660955875756727
2017-06-09 21:17:40.390000+00:00,11.6675,-72.2633,54.77,4.9,mb,,42.0,2.355,0.87,us,us20009lmm,2022-05-03T18:31:36.305Z,"5 km S of Uribia, Colombia",earthquake,6.0,6.2,0.03,345.0,reviewed,us,us,1412537544622.7554,2713,6.0,1884.4382322060815,-5891.693277727693,1277.3426647060344,798.7022248971007,704.533456902313,1027.425367158268,514.4446051023677,1287.5281223734316,514.4446051023677
2017-06-19 16:13:13.880000+00:00,8.4913,-73.4929,159.43,4.4,mb,,80.0,2.853,0.56,us,us20009pb3,2017-08-23T16:35:49.040Z,"5 km WSW of El Carmen, Colombia",earthquake,10.3,15.4,0.268,6.0,reviewed,us,us,251188643150.95822,2723,7.0,1745.5726890488197,-5890.274183979473,917.1956659796319,425.18913809716247,339.7938341795369,653.3933067974059,157.91627652185466,911.4802001577297,157.91627652185466
2017-06-19 20:02:34.460000+00:00,4.9142,-76.7041,99.14,4.3,mb,,102.0,1.744,0.85,us,us20009nm7,2017-08-23T16:35:45.040Z,"11 km WSW of Nóvita, Colombia",earthquake,6.7,11.9,0.16,11.0,reviewed,us,us,177827941003.89227,2723,8.0,1437.1008388905123,-6081.308097475314,537.271683640005,292.5068783484784,193.16668672553155,163.74969640662502,465.77673596445715,416.44395513245337,163.74969640662502
2017-07-02 19:26:28.710000+00:00,3.5937,-73.9848,27.64,5.1,mb,,64.0,1.287,0.98,us,us1000969j,2022-05-03T18:32:38.292Z,"8 km NNE of Lejanías, Colombia",earthquake,6.5,4.2,0.028,429.0,reviewed,us,us,2818382931264.449,2736,5.0,1746.6432363606493,-6085.175623006371,397.6067550288879,124.61475962374273,343.70643473897246,283.1416345092745,403.47606062248644,451.8098329603878,124.61475962374273
2017-07-08 22:23:35.820000+00:00,6.8382,-73.0105,158.22,4.3,mb,,45.0,2.371,1.09,us,us1000989h,2017-10-03T00:47:56.040Z,"10 km NNW of Cepitá, Colombia",earthquake,7.7,8.9,0.086,38.0,reviewed,us,us,177827941003.89227,2742,6.0,1802.4384586026788,-5899.377041499281,739.7306628639835,264.0834549893185,291.5661499578051,542.0863691801201,33.62064261560397,784.4517704509165,33.62064261560397
2017-07-09 05:56:30.720000+00:00,6.9017,-73.075,136.75,4.4,mb,,55.0,2.389,0.95,us,us100098br,2017-10-06T23:56:10.040Z,"9 km SSW of Piedecuesta, Colombia",earthquake,8.0,11.3,0.064,71.0,reviewed,us,us,251188643150.95822,2742,7.0,1801.7614443985283,-5921.0056535865915,749.1467213934535,267.4018510128282,286.33418666791613,541.9318262981368,24.762077411288303,785.8143145061701,24.762077411288303
2017-07-19 18:56:53.620000+00:00,6.9895,-71.6042,10.0,4.1,mwr,,113.0,1.829,0.79,us,us20009y9g,2017-10-11T01:03:57.040Z,"19 km WSW of Arauquita, Colombia",earthquake,6.6,2.0,,,reviewed,us,car,89125093813.3744,2753,5.0,1992.4830074575982,-5991.091143862694,774.0538553115822,372.4280837992029,447.021312528772,672.6230402564005,168.19161437278765,899.2063131122767,168.19161437278765
2017-07-24 13:25:03.430000+00:00,6.7983,-72.9907,165.12,4.7,mb,,64.0,2.349,0.74,us,us2000a0ep,2022-08-07T12:48:44.277Z,"5 km NNW of Cepitá, Colombia",earthquake,8.7,7.4,0.032,289.0,reviewed,us,us,707945784384.1403,2757,5.0,1802.6230393749136,-5892.693202042219,734.6179816204948,261.11537317367845,292.74249281747814,540.6118793037366,38.55261231785327,782.2609163968852,38.55261231785327
2017-07-26 14:39:29.630000+00:00,6.721,-72.9232,163.31,4.3,mb,,91.0,2.325,0.5,us,us2000a19y,2017-10-14T00:19:41.040Z,"6 km ESE of Cepitá, Colombia",earthquake,9.3,10.7,0.119,20.0,reviewed,us,us,177827941003.89227,2759,6.0,1810.3812057002885,-5893.225803699687,726.515418112612,257.11861901083086,298.41265436635575,540.2566306522704,49.46177315270063,780.0863301268438,49.46177315270063
2017-07-30 05:40:41.090000+00:00,4.8565,-74.9998,10.0,4.7,mb,,80.0,0.676,1.19,us,us2000a2mh,2022-08-07T13:12:16.291Z,"8 km NNE of Junín, Colombia",earthquake,5.1,1.8,0.04,194.0,reviewed,us,us,707945784384.1403,2763,7.0,1640.4586953118255,-6122.189716647536,538.525154798713,104.06154993044471,167.18327172777302,230.81834383124868,326.1814224737438,477.7332547620173,104.06154993044471
2017-07-30 05:57:05.060000+00:00,4.7693,-75.1486,10.0,4.5,mb,,80.0,0.827,0.87,us,us2000a2mj,2017-10-18T01:54:09.040Z,"11 km SSE of Murillo, Colombia",earthquake,4.6,1.9,0.055,98.0,reviewed,us,us,354813389233.57605,2763,8.0,1624.76174024047,-6127.214539897335,528.8783125837617,119.46792307430195,170.84762542095643,212.15252449058406,344.2046132207014,460.84501689297565,119.46792307430195
2017-08-08 20:43:42.230000+00:00,6.5362,-72.0903,49.06,5.1,mb,,56.0,2.742,0.87,us,us2000a62q,2022-08-07T14:12:32.233Z,"36 km ENE of Güicán, Colombia",earthquake,6.1,5.8,0.029,393.0,reviewed,us,us,2818382931264.449,2773,6.0,1931.4721017930442,-5976.493130677841,719.632366250812,298.79857310029126,387.12151356889575,599.7216343713853,131.1337190712213,825.6309905948743,131.1337190712213
2017-08-14 17:09:16.910000+00:00,9.3705,-76.8531,50.82,4.4,mb,,76.0,2.952,1.01,us,us2000a846,2017-11-14T01:42:07.040Z,"74 km NW of Arboletes, Colombia",earthquake,8.2,9.3,0.24,5.0,reviewed,us,us,251188643150.95822,2779,7.0,1418.3333599999385,-6072.403522754219,1029.0389541477296,602.1417005342261,374.7980270116554,659.106489262609,480.7897391660563,908.2408722362258,374.7980270116554
2017-08-17 21:03:49.920000+00:00,6.768,-72.9476,154.94,4.5,mb,,61.0,0.879,1.45,us,us2000aax0,2017-11-14T01:42:12.040Z,"3 km ENE of Cepitá, Colombia",earthquake,5.5,8.9,0.205,7.0,reviewed,us,us,354813389233.57605,2782,8.0,1810.1333445187302,-5901.370759337844,732.5587754533545,260.3710318878075,296.7280214892616,541.7925138981622,43.582666774945274,782.5210150422439,43.582666774945274
2017-08-24 22:22:20.640000+00:00,3.9163,-73.5145,34.41,4.0,mb,,84.0,1.223,0.98,us,us2000acv8,2017-11-22T03:43:31.040Z,"21 km ENE of Castilla La Nueva, Colombia",earthquake,4.7,9.0,0.212,6.0,reviewed,us,us,63095734448.019424,2789,7.0,1793.9522719510635,-6061.9144261823085,432.78350673798656,107.84771693086213,345.5332000986185,338.79988111046646,358.7868688009925,515.1193978792687,107.84771693086213
2017-08-31 18:47:04.470000+00:00,6.6414,-72.9379,159.56,4.3,mb,,44.0,0.757,0.85,us,us2000adl4,2017-11-28T18:33:55.040Z,"10 km ESE of Aratoca, Colombia",earthquake,5.9,5.9,0.082,42.0,reviewed,us,us,177827941003.89227,2796,5.0,1810.2564578891277,-5898.21020599687,718.3834603782732,248.6430211639929,295.3849292708937,533.1446632361443,56.92150062571922,772.1574353267223,56.92150062571922
2017-09-04 20:28:22.740000+00:00,6.7475,-73.0026,155.72,4.9,mb,,38.0,0.852,1.02,us,us2000afmq,2022-08-07T16:27:37.312Z,"3 km WSW of Cepitá, Colombia",earthquake,6.9,4.9,0.031,335.0,reviewed,us,us,1412537544622.7554,2800,6.0,1804.3176703224144,-5902.615158892952,730.2585220108092,255.4977884513778,290.3301476474921,535.7897617049563,43.41574658077369,776.9891229459645,43.41574658077369
2017-09-13 03:07:03.040000+00:00,9.5423,-73.0706,125.15,4.7,mb,,55.0,2.492,0.98,us,us2000al90,2017-12-13T02:29:41.040Z,"29 km E of La Jagua de Ibirico, Colombia",earthquake,7.5,7.7,0.055,98.0,reviewed,us,us,707945784384.1403,2808,6.0,1793.583414487306,-5892.505955559291,1035.4102189346806,548.456066975551,459.2751755267102,777.6723807588643,269.48626726206476,1036.608527431329,269.48626726206476
2017-09-23 05:17:45.250000+00:00,9.791,-74.7068,45.56,4.5,mb,,60.0,4.119,1.36,us,us2000atgp,2022-08-07T18:22:04.615Z,"8 km E of Plato, Colombia",earthquake,6.4,10.5,0.124,19.0,reviewed,us,us,354813389233.57605,2818,5.0,1644.08830700814,-6012.5782347485965,1075.6708620142863,569.1893771980066,405.96409851778674,733.1411451724758,344.3925158082028,995.3359805345069,344.3925158082028
2017-09-29 22:52:03.560000+00:00,6.7514,-72.9693,162.39,4.3,mb,,43.0,2.323,0.9,us,us2000ax0h,2022-08-07T19:05:46.716Z,"0 km ESE of Cepitá, Colombia",earthquake,6.4,10.8,0.053,99.0,reviewed,us,us,177827941003.89227,2825,5.0,1805.7933809912404,-5895.184678623846,729.8945144244369,257.60628511990376,294.02276271966593,538.7799235690563,44.274405491623256,779.590728656342,44.274405491623256
2017-10-01 01:35:25.240000+00:00,7.5275,-73.148,128.61,5.1,mww,,30.0,2.83,0.9,us,us2000axct,2025-12-22T17:26:58.811Z,"8 km NE of El Playón, Colombia",earthquake,4.9,3.6,0.052,35.0,reviewed,us,us,2818382931264.449,2826,5.0,1794.0764913566863,-5922.835600192515,817.7658028760192,329.42148281524106,304.1532515254162,587.9117589259083,45.47545247127343,838.2586264195821,45.47545247127343
2017-10-14 08:35:43.800000+00:00,7.2692,-71.9426,33.43,5.1,mwr,,53.0,2.062,0.77,us,us1000as2n,2022-05-03T18:39:09.658Z,"34 km NNE of Cubará, Colombia",earthquake,7.2,5.6,,,reviewed,us,car,2818382931264.449,2839,4.0,1948.665104525461,-5976.993539651783,801.9015165627433,369.27761528585467,417.6305402137084,662.0050865869318,131.2506721345571,896.392799125732,131.2506721345571
2017-10-26 07:59:30.300000+00:00,10.1361,-73.5644,86.02,4.8,mb,,54.0,3.147,0.76,us,us1000ax2t,2022-08-07T20:29:04.814Z,"37 km WNW of Agustín Codazzi, Colombia",earthquake,6.3,8.0,0.081,47.0,reviewed,us,us,1000000000000.0,2851,4.0,1750.5021274800765,-5934.080772717628,1106.074719424816,605.8334666201752,486.3451062956272,812.2227948455386,338.94839274891007,1073.8302596745302,338.94839274891007
2017-11-04 00:16:35.270000+00:00,2.4828,-76.0318,157.28,5.1,mww,,24.0,1.65,0.82,us,us2000bi7p,2025-12-22T17:27:51.038Z,"8 km SSE of Inzá, Colombia",earthquake,6.2,4.0,0.052,35.0,reviewed,us,us,2818382931264.449,2860,3.0,1498.4804362954821,-6024.318832368304,269.1750850511558,329.664259295782,421.2207243932943,121.20232017692726,607.9832742923556,197.9748047380193,121.20232017692726
2017-11-04 01:22:34.110000+00:00,1.9325,-79.0226,40.3,4.2,mb,,130.0,1.728,0.72,us,us2000bi8p,2018-01-24T01:25:08.040Z,"29 km WNW of Tumaco, Colombia",earthquake,8.7,13.4,0.11,23.0,reviewed,us,us,125892541179.41713,2860,4.0,1204.8175510491542,-6211.328484796324,213.484455269516,630.3913371399767,612.7650427623759,324.12323863331096,871.8044069662456,209.4280197705272,209.4280197705272
2017-11-04 23:57:23+00:00,6.769,-72.8931,154.55,4.2,mb,,70.0,2.381,0.5,us,us2000bna1,2018-01-24T01:25:10.040Z,"6 km SW of San Andrés, Colombia",earthquake,8.8,13.6,0.167,10.0,reviewed,us,us,125892541179.41713,2861,5.0,1815.8560945880527,-5900.00420938461,732.712478050773,263.4016923628284,302.65537656427745,546.304226714291,46.470369388945265,786.3332823203938,46.470369388945265
2017-11-11 14:45:22.240000+00:00,2.7641,-74.9148,46.1,4.7,mb,,100.0,0.925,1.15,us,us2000bm1j,2022-08-07T21:10:20.662Z,"38 km E of Rivera, Colombia",earthquake,6.7,7.3,0.063,77.0,reviewed,us,us,707945784384.1403,2867,6.0,1644.1724030821517,-6099.838117763007,305.0115670405086,235.81390877456064,393.9551346840024,195.1549422323569,523.3725179125764,314.43476230261103,195.1549422323569
2017-11-15 02:12:17.850000+00:00,3.7278,-76.1191,162.11,4.4,mb,,78.0,1.215,0.98,us,us2000bnnm,2018-02-06T02:45:34.040Z,"10 km W of La Cumbre, Colombia",earthquake,6.7,5.2,0.086,39.0,reviewed,us,us,251188643150.95822,2871,6.0,1486.3886512063914,-6014.81554777262,403.6802397165205,251.95164678705575,286.0838788400769,55.16256719850139,502.1997851479642,307.92601455678715,55.16256719850139
2017-11-16 00:56:07.710000+00:00,4.7377,-76.1183,105.19,4.5,mb,,80.0,1.595,0.72,us,us2000bpce,2018-02-06T02:45:36.040Z,"1 km N of Argelia, Colombia",earthquake,4.3,7.2,0.061,80.0,reviewed,us,us,354813389233.57605,2872,7.0,1498.144204262824,-6062.022101800604,517.519986681394,226.7733811453664,177.75058874888316,150.18812817470268,424.12613195509147,412.5813136131696,150.18812817470268
2017-11-23 20:44:40.960000+00:00,7.4948,-76.076,42.05,4.4,mb,,81.0,1.357,1.28,us,us2000btmv,2022-08-07T21:28:37.809Z,"48 km NE of Mutatá, Colombia",earthquake,6.7,11.2,0.109,24.0,reviewed,us,us,251188643150.95822,2880,8.0,1509.9534299568975,-6090.497388715329,825.5242576164314,380.6531834347963,149.40373319613704,452.4065406871529,328.3890895934266,711.0904387253063,149.40373319613704
2017-11-24 13:26:44.090000+00:00,6.7846,-72.9665,161.53,4.1,mb,,67.0,2.351,0.77,us,us2000btx0,2018-02-14T02:01:13.040Z,"3 km NNE of Cepitá, Colombia",earthquake,8.8,10.8,0.087,36.0,reviewed,us,us,89125093813.3744,2880,9.0,1806.2074338302475,-5895.507566835048,733.5686172860966,261.0067706845351,295.0465283872835,541.518527472925,41.01646443369772,782.6923580133492,41.01646443369772
2017-11-26 13:45:51.140000+00:00,4.4736,-76.2508,131.99,4.3,mb,,94.0,1.958,0.79,us,us2000buhq,2018-02-20T09:06:03.040Z,"4 km SSW of El Dovio, Colombia",earthquake,7.2,5.9,0.058,85.0,reviewed,us,us,177827941003.89227,2882,9.0,1478.3223911785803,-6041.770358591435,486.64116336985666,242.92092380705682,210.37425782728712,117.84447055858566,454.175578360748,380.121083493893,117.84447055858566
2017-11-28 19:55:00.800000+00:00,6.8214,-73.0132,175.72,4.0,mb,,75.0,2.355,1.17,us,us1000bmqu,2018-02-20T09:06:06.040Z,"8 km NNW of Cepitá, Colombia",earthquake,7.7,14.7,0.3,3.0,reviewed,us,us,63095734448.019424,2885,10.0,1797.1472874672659,-5883.051119327715,735.8433480884117,262.27886370039585,290.86244866388176,540.5789276707916,35.260899965108834,782.785853182387,35.260899965108834
2017-11-29 20:08:51.570000+00:00,7.5127,-75.301,77.05,4.0,mb,,99.0,1.293,0.88,us,us2000c1jb,2018-02-20T09:06:07.040Z,"9 km SE of Cáceres, Colombia",earthquake,6.0,17.3,0.298,3.0,reviewed,us,us,63095734448.019424,2886,11.0,1583.3244727632873,-6035.703096417762,822.9084689939026,339.8690789988898,144.4025656591983,471.6738432601166,244.19332183275105,733.9940459185515,144.4025656591983
2017-11-30 06:26:49.320000+00:00,2.6919,-78.886,10.0,4.4,mb,,105.0,0.865,0.8,us,us1000bj7l,2018-02-20T09:06:08.040Z,"52 km WNW of Mosquera, Colombia",earthquake,6.2,1.9,0.12,20.0,reviewed,us,us,251188643150.95822,2886,12.0,1224.8043668139694,-6234.815648623926,298.7458630803684,579.4028508050243,538.7012157504375,274.68667664225086,806.1258261203802,242.54620730344433,242.54620730344433
2017-12-10 05:33:09.080000+00:00,6.7699,-73.0058,150.71,4.3,mb,,67.0,2.317,0.84,us,us2000c2jb,2018-03-06T00:49:34.040Z,"3 km WNW of Cepitá, Colombia",earthquake,7.8,11.5,0.089,36.0,reviewed,us,us,177827941003.89227,2896,10.0,1805.3585092593978,-5907.200268368948,733.2621131127014,257.5444639835962,290.46793336125637,537.2334194279989,40.93818283107856,778.7422722211851,40.93818283107856
2017-12-11 11:18:04.630000+00:00,6.7772,-73.0024,165.28,4.3,mb,,92.0,2.325,0.78,us,us2000c2tp,2018-03-06T00:49:36.040Z,"4 km NW of Cepitá, Colombia",earthquake,10.8,9.5,0.081,43.0,reviewed,us,us,177827941003.89227,2897,11.0,1801.4522102598503,-5893.167555958506,732.3297139594678,258.4379540425507,290.9980615758721,538.0628797932507,40.290736346383966,779.6141955012513,40.290736346383966
2017-12-15 07:04:35.150000+00:00,6.7093,-72.9882,160.29,4.1,mb,,66.0,2.278,0.65,us,us1000buhv,2018-03-06T00:49:42.040Z,"3 km ENE of Aratoca, Colombia",earthquake,9.0,5.9,0.114,21.0,reviewed,us,us,89125093813.3744,2901,10.0,1804.6152630012416,-5898.285647466108,725.6093146716643,252.49549946550775,291.1176631727564,534.0734964085102,47.946550733498114,774.6180709945584,47.946550733498114
2017-12-21 19:26:40.150000+00:00,4.1427,-76.2035,156.27,4.6,mb,,91.0,2.002,0.76,us,us1000bung,2018-03-14T00:58:26.040Z,"5 km SW of Andalucía, Colombia",earthquake,7.8,6.3,0.051,114.0,reviewed,us,us,501187233627.2715,2908,10.0,1478.1800805962,-6019.658655307303,448.9568974996066,244.59661374312904,243.62456557940016,85.05189914522043,475.1277077340753,346.99337099822,85.05189914522043
2018-01-03 01:32:19.090000+00:00,1.9851,-79.2032,38.13,4.2,mb,,169.0,0.5,0.46,us,us1000bz7e,2018-03-23T23:16:49.040Z,"50 km WNW of Tumaco, Colombia",earthquake,10.0,16.9,0.199,7.0,reviewed,us,us,125892541179.41713,2920,5.0,1185.602130687925,-6217.030454228407,219.3680829217927,645.159246869658,620.9532187256534,338.5422321337271,883.1027739232698,230.22308861063925,230.22308861063925
2018-01-06 07:32:13.770000+00:00,6.7578,-73.0621,155.13,4.2,mb,,63.0,2.276,0.78,us,us1000c1dr,2018-03-23T23:16:52.040Z,"4 km NE of Jordán, Colombia",earthquake,9.6,12.0,0.146,13.0,reviewed,us,us,125892541179.41713,2923,6.0,1798.319423013854,-5904.920513900893,731.4375121796297,253.54382332971085,284.10785262844547,531.7910852131857,40.749717473786355,773.888349693856,40.749717473786355
2018-01-06 07:56:49.420000+00:00,5.4667,-77.705,36.89,4.5,mb,,102.0,3.426,1.23,us,us1000c1du,2018-03-23T23:16:52.040Z,"55 km WSW of Nuquí, Colombia",earthquake,7.6,15.1,0.139,15.0,reviewed,us,us,354813389233.57605,2923,7.0,1342.6830471479257,-6160.683427978439,603.4330345890882,411.04505939938304,250.32474035293436,259.0649927042016,538.7466139495853,475.2572856043968,250.32474035293436
2018-01-06 14:00:02.860000+00:00,3.6044,-78.0778,31.37,4.8,mb,,119.0,1.872,1.21,us,us1000c1f1,2018-03-23T23:16:52.040Z,"102 km NNW of Timbiquí, Colombia",earthquake,8.3,5.3,0.111,25.0,reviewed,us,us,1000000000000.0,2923,8.0,1307.07108714358,-6190.608046245775,398.5545480989663,460.9604901914614,403.29438835300766,172.39858631101185,673.4885979107389,280.1900714646341,172.39858631101185
2018-01-08 12:58:27.190000+00:00,6.7908,-72.9803,153.38,4.9,mww,,29.0,2.348,1.01,us,us1000c201,2025-12-22T17:29:49.261Z,"4 km N of Cepitá, Colombia",earthquake,6.8,4.8,0.083,14.0,reviewed,us,us,1412537544622.7554,2925,9.0,1807.1329448430467,-5903.604884757958,735.1995298725984,260.9053958960402,293.69420703396224,540.8768424065333,39.76561621238932,782.3030775513745,39.76561621238932
2018-01-16 01:01:51.730000+00:00,6.8863,-73.0674,152.84,4.1,mb,,97.0,2.38,0.79,us,us2000cqx7,2018-04-10T01:11:41.040Z,"11 km S of Piedecuesta, Colombia",earthquake,6.5,15.2,0.234,5.0,reviewed,us,us,89125093813.3744,2933,7.0,1797.9530483941617,-5905.677593841232,745.5540080851084,266.19341717230895,286.7189773225365,541.3206760619134,26.617573497680567,784.9411785167032,26.617573497680567
2018-01-21 17:51:58.320000+00:00,6.8149,-72.9797,152.9,4.7,mb,,43.0,2.368,1.16,us,us2000cm5z,2022-08-07T23:21:21.062Z,"6 km N of Cepitá, Colombia",earthquake,8.0,6.5,0.036,238.0,reviewed,us,us,707945784384.1403,2939,7.0,1807.2435970186864,-5903.74547333162,737.8533574846502,263.31286569938385,294.318338884631,542.7621381060789,37.34683743440449,784.4642910391323,37.34683743440449
2018-01-23 05:31:34.170000+00:00,8.229,-74.9986,54.81,4.5,mb,,93.0,3.428,1.23,us,us2000cmwp,2022-08-07T23:41:52.366Z,"4 km WSW of Pueblo Nuevo, Colombia",earthquake,8.0,8.5,0.065,69.0,reviewed,us,us,354813389233.57605,2940,8.0,1618.0662732403773,-6038.1153819161145,904.0355558107232,404.35144787906415,229.8653002232636,557.6303951905123,240.74567628154816,820.0107133641208,229.8653002232636
2018-01-26 15:03:15.940000+00:00,9.3213,-74.9536,16.41,4.4,mb,,78.0,4.288,1.27,us,us1000cier,2018-04-20T07:05:26.040Z,"14 km SE of San Pedro, Colombia",earthquake,7.7,5.8,0.123,19.0,reviewed,us,us,251188643150.95822,2944,9.0,1627.8763729645793,-6055.696664001824,1029.2572545485734,521.7860588347728,349.07247136862054,675.5644453633414,317.09147685965553,937.5862079079347,317.09147685965553
2018-02-04 15:11:18.180000+00:00,6.7188,-72.9886,169.81,4.5,mb,,81.0,2.285,0.72,us,us1000cfp3,2022-08-07T23:55:21.447Z,"4 km SSW of Cepitá, Colombia",earthquake,9.0,8.9,0.036,227.0,reviewed,us,us,354813389233.57605,2953,9.0,1801.7727998814803,-5889.142170719385,725.51821945545,253.40416876233905,291.2610295269484,534.7556753218489,46.9292669000816,775.4223922020185,46.9292669000816
2018-02-19 01:50:36.640000+00:00,4.0967,-76.6247,103.17,4.8,mb,,52.0,2.413,1.0,us,us2000d4he,2018-05-22T02:00:16.040Z,Colombia,earthquake,7.3,3.5,0.033,280.0,reviewed,us,us,1000000000000.0,2967,5.0,1446.2231374505761,-6082.238914717708,447.77374855629984,291.1236122922978,265.2803200600783,72.46548507469323,512.9457503961563,328.77071186004133,72.46548507469323
2018-02-25 00:38:05.840000+00:00,6.5126,-73.3959,132.15,4.4,mb,,65.0,1.895,1.03,us,us2000d7jp,2022-08-08T00:36:28.141Z,"10 km NW of Simacota, Colombia",earthquake,7.5,7.2,0.098,30.0,reviewed,us,us,251188643150.95822,2973,4.0,1771.2902159854618,-5940.122286051938,707.6210285196956,213.84718944337902,243.3269020559326,486.32083283618715,73.898305197254,729.9570303673701,73.898305197254
2018-03-01 10:26:43.730000+00:00,6.8318,-72.9728,156.74,4.4,mb,,66.0,2.386,0.53,us,us2000d9nv,2018-05-27T01:06:07.040Z,"8 km N of Cepitá, Colombia",earthquake,5.2,9.6,0.123,19.0,reviewed,us,us,251188643150.95822,2977,4.0,1806.7742834375367,-5899.673827118881,739.2176742457107,265.33196614558716,295.46775385498705,544.6071303178074,35.996049297014295,786.4178847296704,35.996049297014295
2018-03-16 02:05:05.170000+00:00,5.5357,-77.5563,35.0,4.3,mb,,110.0,3.294,0.77,us,us1000d531,2018-06-11T21:53:47.040Z,"37 km WSW of Nuquí, Colombia",earthquake,4.7,1.9,0.161,11.0,reviewed,us,us,177827941003.89227,2992,4.0,1358.9151407715647,-6158.300911823747,611.2082457007693,396.6204605419354,232.23128762905475,258.0610162333724,520.653973473155,481.5649937780859,232.23128762905475
2018-03-17 10:16:09.190000+00:00,12.0428,-72.133,29.59,4.5,mb,,71.0,2.124,0.84,us,us1000d5ly,2018-06-11T21:53:49.040Z,"39 km NNE of Uribia, Colombia",earthquake,7.3,7.2,0.113,23.0,reviewed,us,us,354813389233.57605,2993,5.0,1902.7797171485688,-5902.741094928494,1323.0864304157824,842.6656291501274,747.5975575485862,1071.0011608481907,558.1119839501122,1331.2782196503747,558.1119839501122
2018-03-20 16:16:49.390000+00:00,6.5655,-72.7018,165.66,4.1,mb,,106.0,2.349,0.98,us,us1000d9nh,2018-06-19T01:35:45.040Z,"4 km N of Capitanejo, Colombia",earthquake,11.2,10.5,0.109,23.0,reviewed,us,us,89125093813.3744,2997,6.0,1833.0253553088808,-5885.818118217656,709.5122561700588,255.9561238383647,320.17499553689436,547.585944729624,77.14518170475833,782.3326796336493,77.14518170475833
2018-03-26 08:22:54.920000+00:00,6.7888,-72.9836,149.1,4.1,mb,,43.0,3.122,0.58,us,us1000ddse,2018-06-22T21:32:09.040Z,"3 km NNW of Cepitá, Colombia",earthquake,9.4,9.5,0.046,129.0,reviewed,us,us,89125093813.3744,3002,6.0,1808.0441682656349,-5907.7974256581065,735.4899543760514,260.539459941648,293.29210957123405,540.4589630889392,39.82818113149201,781.9041941971627,39.82818113149201
2018-04-01 15:16:58.700000+00:00,4.2525,-76.3511,98.22,4.3,mb,,53.0,3.794,1.35,us,us1000dc4l,2022-08-08T01:45:47.278Z,"5 km NW of Trujillo, Colombia",earthquake,8.8,5.4,0.125,22.0,reviewed,us,us,177827941003.89227,3009,5.0,1476.1226437124844,-6078.854858465101,465.13920371701835,257.7304812124501,237.3066066288348,91.28943582645685,478.7397910294995,353.3417690668013,91.28943582645685
2018-04-08 14:48:19.970000+00:00,12.1926,-77.3864,14.12,4.5,mb,,68.0,3.853,0.96,us,us2000dwg5,2018-06-30T01:11:35.040Z,"284 km NW of Cartagena, Colombia",earthquake,8.3,5.4,0.066,68.0,reviewed,us,us,354813389233.57605,3015,6.0,1356.8699365691054,-6063.5261627895725,1342.5638840670915,908.1656406886385,690.4434426112241,976.4921031276326,732.4807643007427,1220.864306638431,690.4434426112241
2018-04-12 04:32:53.860000+00:00,7.7652,-75.0172,35.0,4.5,mb,,114.0,2.982,0.85,us,us2000e25t,2018-07-07T02:25:19.040Z,"27 km W of San Carlos, Colombia",earthquake,3.2,2.0,0.102,28.0,reviewed,us,us,354813389233.57605,3019,7.0,1623.0194764168598,-6064.472699271655,856.0809885520806,355.31239884681924,180.2176832058677,508.0858967575221,220.8852116100014,770.4744959887661,180.2176832058677
2018-04-15 02:41:28.910000+00:00,6.7456,-72.9178,150.11,4.4,mb,,82.0,2.348,0.71,us,us2000e0h2,2018-07-07T02:25:23.040Z,"6 km E of Cepitá, Colombia",earthquake,9.5,10.2,0.154,12.0,reviewed,us,us,251188643150.95822,3022,7.0,1814.6953978866297,-5905.286767752603,730.7127996655778,259.7916291960773,299.48977002984714,542.5357957633264,47.30999972638785,782.6000622353691,47.30999972638785
2018-04-23 01:45:43.070000+00:00,6.7387,-72.8998,165.4,4.2,mb,,96.0,2.353,0.87,us,us1000dvyh,2018-07-25T21:35:53.040Z,"8 km ESE of Cepitá, Colombia",earthquake,11.8,13.6,0.121,19.0,reviewed,us,us,125892541179.41713,3030,6.0,1812.111502957678,-5890.287338006131,728.1746607601273,260.111369015926,301.3049454891217,543.4934284133128,48.953240580539585,783.2351169745197,48.953240580539585
2018-04-23 06:49:34.250000+00:00,7.3432,-73.0316,150.8,4.3,mb,,61.0,2.793,0.88,us,us1000dqiv,2018-07-25T21:35:57.040Z,"2 km NW of Matanza, Colombia",earthquake,7.9,7.8,0.052,102.0,reviewed,us,us,177827941003.89227,3030,7.0,1800.4408258611018,-5900.614012716055,795.0189592151424,314.48682004878737,306.8874471870348,580.8177505873889,26.848201785989907,828.4751554212827,26.848201785989907
2018-04-23 15:42:09.790000+00:00,5.1865,-75.5438,110.03,5.3,mww,,21.0,1.264,0.95,us,us1000dqpz,2025-12-22T17:46:24.209Z,"3 km NW of Neira, Colombia",earthquake,6.8,4.1,0.048,42.0,reviewed,us,us,5623413251903.491,3031,8.0,1556.5881647557417,-6037.9174158356755,565.9787149624935,171.39427089014134,117.68364519736576,221.85556135304608,343.25790983278563,482.02100167798557,117.68364519736576
2018-04-23 23:28:56.760000+00:00,6.7576,-73.0624,163.69,4.1,mb,,147.0,2.275,1.18,us,us1000dvzr,2018-07-25T21:36:12.040Z,"4 km NE of Jordán, Colombia",earthquake,9.2,12.7,0.234,5.0,reviewed,us,us,89125093813.3744,3031,9.0,1795.8127883001239,-5896.800570691215,730.4087177556715,253.50924347151013,284.0709704013819,531.7517549877322,40.76623553227706,773.8505683824031,40.76623553227706
2018-04-24 23:25:30.340000+00:00,5.3035,-75.9188,10.0,3.7,mb,,101.0,1.655,0.46,us,us1000drr4,2018-07-25T21:36:31.040Z,"3 km WNW of Mistrató, Colombia",earthquake,8.1,2.0,0.504,1.0,reviewed,us,us,22387211385.683468,3032,10.0,1540.9854675344814,-6143.451169919554,587.9562157691614,214.90685785322975,111.06887847968568,216.85360050683647,369.1787569072708,479.253404553726,111.06887847968568
2018-04-29 01:08:17.130000+00:00,5.41,-76.1413,119.61,4.1,mb,,102.0,1.897,0.85,us,us1000du57,2018-07-25T21:37:48.040Z,"24 km NNW of Pueblo Rico, Colombia",earthquake,4.6,17.1,0.185,8.0,reviewed,us,us,89125093813.3744,3036,10.0,1490.714551883877,-6042.372198092821,589.3939909912398,242.00724165241093,111.5480945855594,222.0295946574319,383.9758389611572,483.4613794242337,111.5480945855594
2018-05-01 01:58:31.460000+00:00,1.859,-75.7791,35.86,4.5,mb,,72.0,2.306,0.86,us,us1000dv4s,2018-07-27T20:20:33.040Z,"13 km S of Suaza, Colombia",earthquake,6.2,6.3,0.118,21.0,reviewed,us,us,354813389233.57605,3038,11.0,1555.4777120419985,-6137.772625723787,205.51180466415053,369.4212560061576,488.1055622277978,195.84138086182267,654.8140882049911,181.72461304453535,181.72461304453535
2018-05-01 19:19:51.510000+00:00,3.3148,-74.1082,46.79,4.4,mb,,81.0,1.534,0.91,us,us1000dvhz,2018-07-27T20:20:32.040Z,"10 km SW of Mesetas, Colombia",earthquake,6.5,11.4,0.087,38.0,reviewed,us,us,251188643150.95822,3039,11.0,1728.8078471734027,-6072.325357318209,365.6778726173589,155.30198580703194,364.33217667781673,269.4740888381913,436.8848171195745,422.9134477600476,155.30198580703194
2018-05-20 11:17:41.600000+00:00,6.7626,-72.966,160.16,4.5,mb,,47.0,2.334,1.0,us,us1000e8yh,2018-08-15T19:46:59.040Z,"1 km NE of Cepitá, Colombia",earthquake,2.5,6.2,0.044,151.0,reviewed,us,us,354813389233.57605,3057,9.0,1806.7397952402057,-5897.061469516792,731.362319671879,258.8755820644515,294.6185143880211,539.8932572192144,43.270559900519345,780.7964961830622,43.270559900519345
2018-05-25 12:53:49.220000+00:00,7.262,-73.4769,102.64,4.5,mb,,69.0,1.415,1.06,us,us1000ebyi,2018-08-21T21:23:50.040Z,"14 km S of Sabana de Torres, Colombia",earthquake,7.6,8.5,0.04,185.0,reviewed,us,us,354813389233.57605,3062,5.0,1768.4332292618278,-5961.303719809443,792.3628988214141,291.19382089820766,258.456787167057,542.101393191835,42.17428817661316,793.7981078948193,42.17428817661316
2018-05-25 17:36:47.310000+00:00,7.0283,-72.1113,46.66,4.3,mb,,85.0,2.353,1.07,us,us1000ec86,2018-08-21T21:23:51.040Z,"2 km NNW of Cubará, Colombia",earthquake,7.3,11.0,0.091,34.0,reviewed,us,us,177827941003.89227,3063,6.0,1928.0434687008162,-5973.365129569865,773.8435547569754,336.7915677884813,393.03868399190804,630.6413252245788,112.06425548142404,864.0086904244517,112.06425548142404
2018-05-25 21:54:20.740000+00:00,1.6617,-78.7266,35.0,4.4,mwr,,124.0,1.328,0.87,us,us1000ecfs,2018-08-21T21:23:52.040Z,"16 km SSE of Tumaco, Colombia",earthquake,6.0,2.0,0.098,10.0,reviewed,us,us,251188643150.95822,3063,7.0,1238.1092386867376,-6211.1371058583,183.7317754464965,618.0126106820722,617.5123250516824,314.70390677987,868.3239958214939,168.2294310616834,168.2294310616834
2018-05-29 14:15:41.800000+00:00,1.2764,-77.4896,10.0,3.4,ml,,183.0,0.631,1.01,us,us1000eea0,2018-08-28T16:28:22.040Z,"2 km WSW of Sandoná, Colombia",earthquake,9.2,1.9,0.148,6.0,reviewed,us,us,7943282347.242789,3066,7.0,1377.5577056612397,-6208.428011726753,141.69470978110456,538.3534379616904,591.5639064880011,264.23298120779367,810.2010292196344,24.207715962410976,24.207715962410976
2018-05-31 03:02:11.150000+00:00,6.7598,-72.934,160.29,4.6,mww,,60.0,2.35,0.73,us,us1000efau,2018-08-28T16:29:07.040Z,"4 km E of Cepitá, Colombia",earthquake,7.8,6.4,0.103,9.0,reviewed,us,us,501187233627.2715,3068,7.0,1810.0056543306287,-5895.962224436706,731.0456096622991,260.29533169123727,298.0270652777086,542.2799640056489,45.0755238533572,782.7311164205237,45.0755238533572
2018-06-08 09:43:47.950000+00:00,6.7417,-72.8204,163.27,4.1,mb,,80.0,2.404,0.7,us,us1000eq2m,2018-08-29T16:35:38.040Z,"7 km N of Molagavita, Colombia",earthquake,7.5,7.7,0.062,70.0,reviewed,us,us,89125093813.3744,3076,7.0,1820.8859894831148,-5889.754936417037,728.7473877519134,264.88511888177294,309.99243284963137,550.2534766301867,53.63194554347593,788.9854206111231,53.63194554347593
2018-06-12 09:35:25.480000+00:00,1.0673,-77.2722,11.55,4.9,mwr,,42.0,0.621,1.06,us,us1000ep1l,2020-07-10T15:49:21.856Z,"13 km ESE of Tangua, Colombia",earthquake,4.8,3.3,0.098,10.0,reviewed,us,us,1412537544622.7554,3080,8.0,1400.8678187411379,-6202.10784749475,118.45634199774051,538.8962844889713,605.4376074002287,277.5834213708964,815.1514042925113,16.29787972598537,16.29787972598537
2018-06-19 16:27:06.350000+00:00,6.7098,-73.0523,161.29,4.2,mb,,66.0,2.241,1.25,us,us1000eyr0,2018-09-19T15:15:54.040Z,"4 km WNW of Aratoca, Colombia",earthquake,4.0,10.5,0.132,16.0,reviewed,us,us,125892541179.41713,3088,8.0,1797.7240443092098,-5899.344803360929,725.5463015348748,249.2550145853703,284.1610210530518,528.9171623801038,46.192700789438774,770.3145755698569,46.192700789438774
2018-06-20 20:12:15.450000+00:00,6.9233,-76.2432,59.71,4.7,mb,,103.0,2.814,1.16,us,us1000ewt5,2022-08-08T05:05:46.116Z,"8 km WNW of Uramita, Colombia",earthquake,11.3,8.2,0.04,190.0,reviewed,us,us,707945784384.1403,3089,9.0,1489.8886973079905,-6085.544159114885,760.766338106912,343.7869697301732,105.11622799838274,387.3575230632472,345.06978442652036,645.2332921587664,105.11622799838274
2018-06-22 20:08:53.150000+00:00,3.8892,-76.2331,81.78,4.4,mb,,93.0,2.129,0.98,us,us1000ez04,2022-08-08T05:09:00.355Z,"7 km E of Guadalajara de Buga, Colombia",earthquake,7.4,7.9,0.074,52.0,reviewed,us,us,251188643150.95822,3091,10.0,1493.2140251696371,-6094.475307027198,426.5803739888104,256.44687935876004,271.6349631374667,58.88801829506171,497.48380310703686,319.47528268167514,58.88801829506171
2018-06-26 07:03:37.990000+00:00,11.2856,-74.6138,14.96,4.0,mb,,96.0,4.588,1.39,us,us2000frf9,2018-09-21T16:25:56.040Z,"39 km NNE of Barranquilla, Colombia",earthquake,5.8,7.1,0.232,5.0,reviewed,us,us,63095734448.019424,3094,8.0,1653.8007120954587,-6009.738982894671,1243.875011304869,733.4887025883886,570.5634108560519,896.37592636791,491.3197607809475,1158.0116478318548,491.3197607809475
2018-07-02 07:48:00.760000+00:00,7.0533,-75.9749,70.21,4.1,mb,,101.0,2.742,1.32,us,us2000fycd,2018-09-27T14:03:42.040Z,"8 km WNW of Peque, Colombia",earthquake,5.4,15.8,0.165,10.0,reviewed,us,us,89125093813.3744,3100,7.0,1515.4215329598828,-6066.700521870558,773.6904933350406,334.85133675691895,99.92471261999071,405.2120478371013,314.8126467485929,665.2941903139341,99.92471261999071
2018-07-06 22:02:50.140000+00:00,6.4556,-73.9347,99.64,4.0,mb,,127.0,1.645,0.7,us,us2000g2zl,2018-09-27T14:03:47.040Z,"15 km N of Cimitarra, Colombia",earthquake,7.5,10.4,0.212,6.0,reviewed,us,us,63095734448.019424,3105,8.0,1724.4862947092472,-5988.23213931612,705.1092926784102,194.58564851639954,183.4711363772399,440.8441660212847,116.12414803275298,691.011615545845,116.12414803275298
2018-07-07 00:19:52.490000+00:00,2.9425,-75.621,65.81,4.5,mb,,85.0,2.292,0.6,us,us2000fyt3,2022-08-08T05:42:41.904Z,"3 km ESE of Santa María, Colombia",earthquake,5.9,10.7,0.127,18.0,reviewed,us,us,354813389233.57605,3105,9.0,1563.7340947877894,-6099.622529402012,323.66899096082903,261.1496270129663,367.1587835180528,115.90528163872213,540.5989160280228,266.4318074155148,115.90528163872213
2018-07-14 17:09:25.370000+00:00,7.374,-73.8624,112.38,4.1,mb,,124.0,2.553,0.91,us,us2000g8uz,2018-10-02T16:40:45.040Z,"4 km NE of Puerto Wilches, Colombia",earthquake,9.2,7.8,0.106,24.0,reviewed,us,us,89125093813.3744,3113,8.0,1725.1657940556156,-5962.289049085668,803.2661965834182,297.0184407017418,227.5856786745575,526.8073124450818,86.36926141116716,782.8084448675319,86.36926141116716
2018-07-18 01:28:54.680000+00:00,2.3132,-79.3951,10.0,4.6,mb,,145.0,2.258,1.19,us,us2000g7l1,2018-10-04T14:15:34.040Z,"87 km WNW of Salahonda, Colombia",earthquake,8.2,1.9,0.056,97.0,reviewed,us,us,501187233627.2715,3116,9.0,1169.6953184549543,-6247.256765339441,256.74261411996474,648.1166835066113,608.1440223479206,342.22561806369697,876.6221485935173,264.8621701304114,264.8621701304114
2018-07-18 18:18:07.020000+00:00,2.7213,-79.6595,10.0,4.1,mb,,158.0,2.747,0.66,us,us2000gbw8,2018-10-04T14:15:34.040Z,"134 km NW of Salahonda, Colombia",earthquake,10.5,2.0,0.12,19.0,reviewed,us,us,89125093813.3744,3117,10.0,1140.4968763236325,-6250.630377594566,302.0062214393103,658.2470300129693,598.1460539098285,356.6237810107904,873.6849576217513,312.98854005695824,312.98854005695824
2018-07-19 05:39:34.580000+00:00,3.4257,-74.5982,47.77,5.1,mb,,40.0,1.436,0.83,us,us2000g8gz,2018-10-04T14:15:30.040Z,"23 km ENE of Colombia, Colombia",earthquake,5.4,6.0,0.023,609.0,reviewed,us,us,2818382931264.449,3117,11.0,1676.3631133046067,-6085.251183409592,377.8390928210509,154.3717374935436,331.78540499210055,214.66089165815313,441.99989540311435,386.4507330047575,154.3717374935436
2018-07-24 01:59:14.240000+00:00,4.8949,-76.0266,128.08,4.4,mb,,93.0,1.7,0.73,us,us2000gf70,2018-10-09T16:43:32.040Z,"2 km SE of El Águila, Colombia",earthquake,8.4,7.0,0.071,58.0,reviewed,us,us,251188643150.95822,3122,9.0,1501.9886859061037,-6036.08429727676,532.697353080513,217.53043586991802,157.9247351418369,169.99292140909432,405.322430989741,432.38569291235643,157.9247351418369
2018-07-24 20:15:58.570000+00:00,4.2587,-73.662,49.03,4.3,mb,,81.0,0.878,1.33,us,us2000gf7t,2018-10-09T16:43:27.040Z,"11 km W of Restrepo, Colombia",earthquake,3.4,14.3,0.177,9.0,reviewed,us,us,177827941003.89227,3123,10.0,1773.4802034385164,-6049.931532399985,469.4689576362335,67.79499661800132,306.42839183884274,330.8106198768051,323.63182137108384,525.5364934213796,67.79499661800132
2018-07-27 06:01:04.550000+00:00,6.129,-77.4093,10.0,4.5,mb,,107.0,3.328,1.13,us,us2000geyk,2022-08-08T06:30:27.606Z,"10 km S of Bahía Solano, Colombia",earthquake,5.4,1.7,0.094,33.0,reviewed,us,us,354813389233.57605,3125,10.0,1378.6757459548664,-6172.546759250627,679.1470329614867,401.65323702172077,202.49703987250302,313.1794109495013,486.09529064994695,546.7525308586755,202.49703987250302
2018-08-03 01:51:20.610000+00:00,10.3299,-76.8826,10.0,4.5,mb,,94.0,3.133,0.68,us,us1000g59l,2018-10-16T15:34:12.040Z,"148 km NW of San Bernardo del Viento, Colombia",earthquake,4.3,1.9,0.164,11.0,reviewed,us,us,354813389233.57605,3132,10.0,1420.211761743846,-6094.611568093724,1140.626751335689,697.335529094816,476.33307476469514,765.8094778152761,546.0514425249726,1014.6424638299061,476.33307476469514
2018-08-05 11:04:26.010000+00:00,7.5804,-73.6932,215.34,4.3,mb,,129.0,2.788,1.18,us,us1000g5t1,2018-10-16T15:34:15.040Z,"30 km NW of Sabana de Torres, Colombia",earthquake,5.9,12.0,0.169,10.0,reviewed,us,us,177827941003.89227,3134,11.0,1713.2851491894614,-5856.398057964942,812.0380655063498,321.80022009040204,255.94585179297076,556.2830715691367,81.16126245854815,811.9519711131344,81.16126245854815
2018-08-07 15:53:59.180000+00:00,6.7814,-72.9952,146.36,5.3,mww,,30.0,2.332,0.79,us,us1000g4v6,2025-12-22T17:49:49.038Z,"3 km NW of Cepitá, Colombia",earthquake,6.7,4.5,0.055,32.0,reviewed,us,us,5623413251903.491,3137,10.0,1807.6715265400608,-5910.856024035289,735.0155405582013,259.21813285367926,291.87090308658253,538.9620114276843,40.12189196845977,780.4697644271263,40.12189196845977
2018-08-08 18:02:52.180000+00:00,6.8586,-72.9701,148.36,4.3,mb,,66.0,2.41,0.79,us,us1000g8wc,2018-10-17T18:11:56.040Z,"11 km N of Cepitá, Colombia",earthquake,7.1,7.5,0.106,25.0,reviewed,us,us,177827941003.89227,3138,11.0,1809.387527747603,-5907.212641870498,743.1043989620772,268.11831710867676,296.4235831513,546.8769559295371,33.526042272311585,788.9626532291625,33.526042272311585
2018-08-22 13:06:20.890000+00:00,6.2832,-74.1118,10.0,4.5,mb,,106.0,1.094,1.33,us,us1000gftc,2018-11-01T17:50:55.040Z,"18 km W of Cimitarra, Colombia",earthquake,4.1,1.9,0.15,13.0,reviewed,us,us,354813389233.57605,3151,8.0,1730.9342295137467,-6081.244982104328,696.1660439353402,174.8758749490499,162.472262415507,413.54857769920017,143.4389546640207,664.3443798624518,143.4389546640207
2018-09-11 06:08:33.640000+00:00,1.2493,-77.3936,10.0,3.2,ml,,161.0,0.659,0.18,us,us2000hd3f,2018-11-21T18:19:09.040Z,"5 km SSE of La Florida, Colombia",earthquake,5.5,1.1,0.128,8.0,reviewed,us,us,3981071705.5349855,3171,2.0,1387.9725599987864,-6206.175887577539,138.6867879127786,533.0695250916482,590.671108911779,262.9269704366369,806.329627394369,13.12142256986555,13.12142256986555
2018-09-11 06:20:26.040000+00:00,6.7218,-72.9768,150.58,4.1,mb,,67.0,2.294,1.1,us,us2000hcfu,2022-08-08T09:02:21.909Z,"3 km S of Cepitá, Colombia",earthquake,9.0,11.4,0.184,8.0,reviewed,us,us,89125093813.3744,3171,3.0,1808.5655557708114,-5906.9957114678555,728.0915269248646,254.31742333058253,292.6027602133388,535.9408289397968,47.042671702935365,776.4886765655322,47.042671702935365
2018-09-16 17:43:41.550000+00:00,6.7762,-72.9383,167.86,4.2,mb,,65.0,2.36,0.78,us,us2000hfi3,2022-08-08T08:14:20.644Z,"4 km ENE of Cepitá, Colombia",earthquake,9.5,7.1,0.077,47.0,reviewed,us,us,125892541179.41713,3177,4.0,1807.29616052638,-5888.711477577862,731.9177423654673,261.6635716771125,297.9128894200053,543.1655342185583,43.24086291765925,783.8720809362665,43.24086291765925
2018-09-20 07:38:14.640000+00:00,6.736,-73.0257,161.11,4.3,mb,,66.0,2.278,0.64,us,us1000h3aa,2018-11-27T15:51:55.040Z,"4 km N of Aratoca, Colombia",earthquake,8.3,8.8,0.137,15.0,reviewed,us,us,177827941003.89227,3180,5.0,1800.4178054064494,-5898.362592407937,728.3874426142651,253.18699973749762,287.5836428144281,533.0524938713361,43.945350582509214,774.4159783714456,43.945350582509214
2018-09-20 22:04:09.560000+00:00,13.0376,-81.1616,10.0,4.3,mb,,49.0,3.176,0.89,us,us1000h3as,2018-11-27T15:51:55.040Z,"42 km SSE of Mountain, Colombia",earthquake,6.7,2.0,0.082,42.0,reviewed,us,us,177827941003.89227,3181,6.0,952.1616364477733,-6123.441804504047,1434.9807263267778,1209.4354711347762,971.7858921323921,1181.1368275596144,1098.5641895112835,1382.481334160616,971.7858921323921
2018-09-21 02:07:28.320000+00:00,13.0831,-81.086,10.0,4.6,mb,,54.0,3.259,1.08,us,us2000hhz5,2018-11-27T15:52:01.040Z,"43 km SE of Mountain, Colombia",earthquake,4.1,1.9,0.057,93.0,reviewed,us,us,501187233627.2715,3181,7.0,960.0636177009985,-6121.0524061247,1439.9014867142469,1207.9726319823885,970.5274566059687,1182.1479461491806,1094.9540618780513,1384.7434363560844,970.5274566059687
2018-09-23 04:37:46.130000+00:00,13.1048,-81.1478,10.0,4.6,mb,,46.0,0.341,1.18,us,us2000hive,2018-11-27T15:52:03.040Z,"37 km SE of Mountain, Colombia",earthquake,7.5,1.9,0.047,135.0,reviewed,us,us,501187233627.2715,3183,7.0,953.3768217652776,-6121.545096408177,1442.2479912836534,1214.1425245076166,976.6178853226359,1187.2132560478958,1101.7716987227107,1389.110435529343,976.6178853226359
2018-09-25 15:37:14.720000+00:00,13.1504,-81.1488,6.54,4.7,mb,,46.0,0.306,0.72,us,us2000hjs8,2018-12-01T16:45:13.040Z,"33 km SE of Mountain, Colombia",earthquake,4.7,4.9,0.038,213.0,reviewed,us,us,707945784384.1403,3186,8.0,953.611486543812,-6123.7547657194855,1447.9653979496857,1218.0783161497307,980.622649521204,1191.831146390681,1104.8738796849484,1393.9628687118357,980.622649521204
2018-09-25 16:06:02.650000+00:00,13.1491,-81.1419,10.0,4.5,mb,,56.0,3.225,0.94,us,us2000hjsk,2018-12-01T16:45:13.040Z,"34 km SE of Mountain, Colombia",earthquake,6.6,1.9,0.069,61.0,reviewed,us,us,354813389233.57605,3186,9.0,953.8351794472591,-6120.343242673105,1447.0376782635856,1217.4853510787193,980.0404137883885,1191.3781787037797,1104.1878821625794,1393.5935082377125,980.0404137883885
2018-09-25 16:28:10.840000+00:00,7.4492,-73.0569,155.27,4.4,mb,,90.0,2.79,0.4,us,us1000h54i,2018-12-01T16:43:48.040Z,"12 km NW of Suratá, Colombia",earthquake,11.6,12.5,0.161,11.0,reviewed,us,us,251188643150.95822,3186,10.0,1796.1117580055304,-5895.751484504481,805.8513626081957,324.5026711977913,309.2198880535121,587.7906482819994,37.39424932964681,836.6036561387658,37.39424932964681
2018-09-28 06:22:55.640000+00:00,3.3497,-79.1988,10.0,4.1,mb,,143.0,3.18,1.05,us,us1000h725,2018-12-01T16:44:08.040Z,"124 km NW of Mosquera, Colombia",earthquake,7.0,2.0,0.184,8.0,reviewed,us,us,89125093813.3744,3188,11.0,1190.0267761337943,-6237.629061075448,371.67320122876964,588.4409691345431,514.0380213668012,296.2291255486613,792.5925566225671,319.07790104948464,296.2291255486613
2018-10-02 10:37:23.600000+00:00,7.0175,-72.272,10.0,4.4,mb,,87.0,1.378,0.72,us,us1000h9fu,2018-12-14T20:32:44.040Z,"18 km W of Cubará, Colombia",earthquake,7.3,1.9,0.068,63.0,reviewed,us,us,251188643150.95822,3192,12.0,1922.4058238299247,-6013.545664752401,777.1392323402507,324.68207118170403,375.4796185159439,616.1660591286936,94.55459639227496,851.3882451865775,94.55459639227496
2018-10-04 19:59:41.540000+00:00,13.0591,-81.0833,13.89,4.7,mb,,43.0,3.255,0.6,us,us1000h78n,2022-05-03T19:33:44.887Z,"45 km SE of Mountain, Colombia",earthquake,6.8,6.0,0.049,126.0,reviewed,us,us,707945784384.1403,3195,13.0,959.8581166562548,-6117.858876682513,1436.4270649726964,1205.7469535889466,968.2688419750027,1179.6127555222683,1093.1332312057457,1382.1143247234177,968.2688419750027
2018-10-08 14:45:44.670000+00:00,6.5258,-72.7411,172.7,4.1,mb,,115.0,2.293,0.28,us,us1000hb5v,2018-12-21T21:15:51.040Z,"2 km NNW of Covarachía, Colombia",earthquake,12.2,13.2,0.198,7.0,reviewed,us,us,89125093813.3744,3198,14.0,1827.0580121858873,-5880.862644980262,704.4405304801165,249.82825391335143,315.4032347412268,541.4338595971128,78.29611080263935,776.1552379096428,78.29611080263935
2018-10-12 04:56:51.120000+00:00,6.7486,-73.025,162.03,4.5,mb,,70.0,2.289,1.01,us,us1000haxx,2018-12-21T21:15:50.040Z,"5 km W of Cepitá, Colombia",earthquake,8.8,9.7,0.037,210.0,reviewed,us,us,354813389233.57605,3202,13.0,1800.176321318613,-5897.313430046972,729.635512328866,254.46845331648413,287.92569016896016,534.0666598939908,42.60734045933185,775.5719072056335,42.60734045933185
2018-10-23 10:43:41.130000+00:00,6.7716,-72.9271,162.13,4.4,mb,,62.0,2.363,0.82,us,us1000hg2l,2019-01-10T17:18:34.040Z,"5 km ENE of Cepitá, Colombia",earthquake,8.1,7.4,0.045,140.0,reviewed,us,us,251188643150.95822,3213,9.0,1810.1350041163694,-5893.853513793235,732.0988333003781,261.8122939671364,299.02629653037616,543.7286158231055,44.282264281488146,784.2334425713193,44.282264281488146
2018-10-23 20:54:35.890000+00:00,7.2094,-77.007,43.4,4.8,mb,,83.0,3.41,0.89,us,us1000hg9i,2022-05-03T19:36:30.180Z,"28 km SSE of Riosucio, Colombia",earthquake,5.6,7.3,0.043,164.0,reviewed,us,us,1000000000000.0,3214,10.0,1411.399763554598,-6116.853435108206,794.08848426543,427.2165185841361,190.54843035017615,421.1434455366922,428.6580499596133,667.3944502010913,190.54843035017615
2018-10-24 20:02:45.100000+00:00,4.7859,-76.2596,96.71,4.7,mb,,77.0,3.348,0.76,us,us1000hgnp,2022-08-08T09:27:14.509Z,"4 km WNW of El Cairo, Colombia",earthquake,8.0,7.5,0.082,45.0,reviewed,us,us,707945784384.1403,3215,11.0,1485.0930463823063,-6073.481860698123,523.4804059922279,242.54695778293814,178.6950965061977,151.41189369641737,433.1988257750727,413.09464400870206,151.41189369641737
2018-10-25 05:25:59.840000+00:00,5.1271,-72.5868,47.89,4.4,mb,,69.0,4.205,0.77,us,us1000hgvg,2019-01-10T17:18:35.040Z,"6 km SW of Aguazul, Colombia",earthquake,8.3,11.5,0.086,39.0,reviewed,us,us,251188643150.95822,3215,12.0,1884.6867567472975,-6009.190869736196,565.067245662392,170.9302769311925,353.8380696316841,475.46303415917663,229.30843218037393,678.8891896539988,170.9302769311925
2018-10-25 08:18:52.570000+00:00,7.262,-77.1418,35.69,4.4,mb,,95.0,3.271,1.11,us,us2000i4m0,2019-01-10T17:18:42.040Z,"20 km S of Riosucio, Colombia",earthquake,7.8,10.4,0.134,16.0,reviewed,us,us,251188643150.95822,3215,13.0,1398.5439168848523,-6126.90017051596,800.8258294884616,442.36225143934604,206.16524218168553,429.03988237401194,443.6709862963424,672.728597386903,206.16524218168553
2018-10-29 21:31:16.790000+00:00,8.6839,-77.2051,10.0,5.0,mb,,41.0,2.644,0.75,us,us1000hirk,2022-08-08T09:38:13.143Z,"20 km NNE of Acandí, Colombia",earthquake,4.5,1.8,0.032,313.0,reviewed,us,us,1995262314968.8828,3220,10.0,1392.5688083680673,-6131.940871398956,960.4031776433027,561.0887580875664,325.02929520709375,586.5428839411405,482.1014155144965,830.7020653924889,325.02929520709375
2018-11-05 22:45:00.680000+00:00,5.0188,-75.4271,133.68,4.4,mb,,42.0,1.115,1.14,us,us1000hqxx,2019-01-21T16:42:59.040Z,"10 km ESE of Villamaría, Colombia",earthquake,6.5,6.7,0.126,18.0,reviewed,us,us,251188643150.95822,3227,9.0,1563.3652448276644,-6013.510479481296,545.6570414038187,153.97810706392383,137.32111443683002,213.02418892806674,345.64249526930956,470.5192452494596,137.32111443683002
2018-11-09 11:11:59.230000+00:00,6.4397,-72.668,190.13,4.3,mb,,101.0,2.284,1.0,us,us1000hsrb,2019-01-21T16:42:53.040Z,"3 km NE of Tipacoque, Colombia",earthquake,8.9,10.5,0.1,28.0,reviewed,us,us,177827941003.89227,3230,9.0,1829.713051418907,-5862.997111931617,693.2308214792703,247.17154440701228,322.68319551424804,541.8376376607432,90.7261035635264,774.2480387375754,90.7261035635264
2018-11-15 02:51:22.300000+00:00,6.7828,-73.0085,159.16,4.1,mb,,66.0,2.326,0.62,us,us1000hvgw,2019-01-30T18:36:27.040Z,"4 km NW of Cepitá, Colombia",earthquake,9.6,9.6,0.093,32.0,reviewed,us,us,89125093813.3744,3236,9.0,1802.5797872450537,-5899.1027203071835,733.6548176628944,258.68374212302416,290.46448548457045,537.9995538046603,39.48325660721862,779.6960432439123,39.48325660721862
2018-11-15 13:19:12.780000+00:00,6.3239,-77.5772,35.0,4.6,mb,,102.0,3.558,1.1,us,us1000hs53,2019-01-30T18:36:24.040Z,"21 km WNW of Bahía Solano, Colombia",earthquake,5.2,2.0,0.146,14.0,reviewed,us,us,501187233627.2715,3236,10.0,1354.731545085762,-6150.002365844714,697.9035326275098,427.38119985723193,220.7892885078168,339.72529003779454,499.79533456761266,569.1877450405915,220.7892885078168
2018-11-17 08:56:39.320000+00:00,7.1417,-76.7067,10.0,4.5,mb,,87.0,3.291,1.19,us,us1000ht4m,2019-01-30T18:36:25.040Z,"21 km NE of Murindó, Colombia",earthquake,3.6,1.9,0.121,20.0,reviewed,us,us,354813389233.57605,3238,11.0,1451.2750439428635,-6142.533759731994,790.8228356473879,397.4242208489644,159.40181039794683,410.77590145051306,395.4472914681579,662.2426349794318,159.40181039794683
2018-11-20 16:55:22.150000+00:00,6.7308,-72.9062,164.6,4.1,mb,,69.0,2.343,0.56,us,us1000hx42,2019-02-02T20:02:31.040Z,"7 km ESE of Cepitá, Colombia",earthquake,9.2,8.9,0.112,22.0,reviewed,us,us,89125093813.3744,3242,12.0,1811.7165635345111,-5891.345015934532,727.4186941769099,258.99739694540114,300.4526384474584,542.3801988535391,49.3689091380242,782.1076862592505,49.3689091380242
2018-11-23 17:40:46.500000+00:00,7.0604,-77.9383,10.0,4.9,mb,,54.0,2.813,1.12,us,us1000hvw2,2019-02-02T20:02:29.040Z,"20 km WSW of Juradó, Colombia",earthquake,6.3,1.8,0.047,140.0,reviewed,us,us,1412537544622.7554,3245,11.0,1319.1464186798555,-6173.399315727582,781.8661104424077,501.09086842028665,275.6969767703832,430.4242788553894,531.4139371926968,654.2038522486966,275.6969767703832
2018-11-25 01:19:06.590000+00:00,13.1429,-81.2054,10.0,4.6,mb,,31.0,3.163,0.74,us,us1000hw9h,2019-02-02T20:02:29.040Z,"30 km SE of Mountain, Colombia",earthquake,5.7,1.9,0.044,155.0,reviewed,us,us,501187233627.2715,3246,9.0,947.0754511803632,-6121.551311717124,1446.3673903216543,1221.4132797949571,983.8444403930332,1193.741651452503,1109.3064453489133,1395.0880503229635,983.8444403930332
2018-11-25 03:40:50.810000+00:00,13.1817,-81.0931,10.0,6.0,mww,,25.0,0.326,0.94,us,us1000hwaj,2022-05-03T19:39:47.110Z,"36 km SE of Mountain, Colombia",earthquake,6.4,1.8,0.045,47.0,reviewed,us,us,63095734448019.43,3246,10.0,958.9200245796121,-6118.714227910329,1450.5618165483152,1216.857878684988,979.5590774103661,1192.3854472883422,1102.1253095878744,1395.414443054422,979.5590774103661
2018-11-25 05:16:15.110000+00:00,13.0359,-81.1559,10.0,4.3,mb,,44.0,4.057,0.74,us,us1000hwax,2019-02-02T20:02:30.040Z,"43 km SSE of Mountain, Colombia",earthquake,2.9,2.0,0.188,8.0,reviewed,us,us,177827941003.89227,3246,11.0,952.7773603961917,-6123.389117392432,1434.796856184315,1208.8896687601764,971.2472807999836,1180.6970230779264,1097.953643624628,1382.1079333438072,971.2472807999836
2018-11-25 05:28:35.440000+00:00,13.0394,-81.1389,10.0,4.2,mb,,49.0,3.198,1.14,us,us1000hwaz,2019-02-02T20:02:30.040Z,"43 km SE of Mountain, Colombia",earthquake,5.1,1.9,0.098,29.0,reviewed,us,us,125892541179.41713,3246,12.0,954.5806617050433,-6123.019541044142,1435.1754109830417,1207.9860277114337,970.3780506827912,1180.2443713432879,1096.694345706636,1381.900702394665,970.3780506827912
2018-11-25 10:45:17.380000+00:00,13.1278,-81.1577,10.0,4.4,mb,,38.0,3.204,0.68,us,us1000hwcf,2019-02-02T20:02:30.040Z,"34 km SE of Mountain, Colombia",earthquake,4.5,1.8,0.067,64.0,reviewed,us,us,251188643150.95822,3246,13.0,952.2300093949722,-6121.137168835828,1444.7348440126168,1216.7852940859184,979.27821308322,1189.9826955236138,1104.1527732419001,1391.8747002645218,979.27821308322
2018-11-25 12:28:21.860000+00:00,13.1016,-81.0905,10.0,4.2,mb,,67.0,3.259,1.38,us,us1000hybi,2019-02-02T20:02:32.040Z,"41 km SE of Mountain, Colombia",earthquake,4.3,2.0,0.216,6.0,reviewed,us,us,125892541179.41713,3246,14.0,959.51081367409,-6120.668157168461,1441.9019759562443,1209.8584669703187,972.4343223536653,1184.215009626778,1096.5703504683386,1386.8507189142254,972.4343223536653
2018-11-25 15:45:59.010000+00:00,13.0623,-81.2039,10.0,4.9,mb,,28.0,3.142,0.51,us,us1000hwdk,2022-05-03T19:39:52.507Z,"38 km SSE of Mountain, Colombia",earthquake,6.8,1.9,0.032,311.0,reviewed,us,us,1412537544622.7554,3247,15.0,947.5459120590407,-6123.531183784783,1437.652108736855,1214.5064119136491,976.8217802484488,1185.6136243111976,1103.885461345107,1386.5332905086682,976.8217802484488
2018-11-25 16:19:46.610000+00:00,13.0131,-81.2118,10.0,4.5,mb,,45.0,3.122,0.76,us,us1000hwds,2022-08-08T10:12:24.158Z,"42 km SSE of Mountain, Colombia",earthquake,7.6,1.9,0.111,24.0,reviewed,us,us,354813389233.57605,3247,16.0,946.8898473376902,-6124.8795376788885,1432.330711089883,1210.9293406540037,973.1624446344995,1181.079611452671,1101.373977903485,1381.6176765130556,973.1624446344995
2018-11-25 20:56:36.490000+00:00,13.1647,-81.046,10.0,5.7,mww,,30.0,3.318,1.07,us,us1000hwg8,2022-05-03T20:03:51.283Z,"41 km ESE of Mountain, Colombia",earthquake,2.4,1.8,0.057,30.0,reviewed,us,us,22387211385683.47,3247,17.0,964.0165336631582,-6118.348756460538,1448.7241342442833,1212.1389915528603,974.906063676024,1188.506685327742,1096.9144501141016,1392.0616353325752,974.906063676024
2018-11-25 21:29:42.440000+00:00,13.1052,-81.1825,10.0,4.3,mb,,49.0,0.321,0.87,us,us1000hyc3,2019-02-02T20:02:33.040Z,"35 km SE of Mountain, Colombia",earthquake,3.3,2.0,0.154,12.0,reviewed,us,us,177827941003.89227,3247,18.0,949.667716936093,-6122.111416669219,1442.2912428832815,1216.6153961317234,979.0300129869709,1188.8876322371234,1104.8257852749043,1390.3287027203858,979.0300129869709
2018-11-25 22:09:53.650000+00:00,13.054,-81.2056,10.0,5.0,mb,,127.0,0.355,0.69,us,us1000hyc5,2019-02-02T20:02:33.040Z,"38 km SSE of Mountain, Colombia",earthquake,2.8,1.9,0.171,11.0,reviewed,us,us,1995262314968.8828,3247,19.0,947.3960538380094,-6123.765044257874,1436.7544675056772,1213.9279239997243,976.2285995308102,1184.865635091534,1103.4924311119084,1385.7163121121707,976.2285995308102
2018-11-26 01:50:38.510000+00:00,13.0851,-81.3659,10.0,4.4,mb,,67.0,2.997,0.59,us,us1000hwjr,2019-02-09T19:02:09.040Z,"31 km S of Mountain, Colombia",earthquake,3.1,1.9,0.17,10.0,reviewed,us,us,251188643150.95822,3247,20.0,930.142312793376,-6125.619732440423,1440.1177630624186,1227.9428860209275,990.0392878964354,1195.6945950546897,1119.6053251347134,1394.5898471649132,990.0392878964354
2018-11-26 01:57:06.680000+00:00,13.157,-81.2516,10.0,4.4,mb,,80.0,0.243,0.81,us,us1000hwjt,2019-02-09T19:02:09.040Z,"26 km SSE of Mountain, Colombia",earthquake,7.8,1.3,0.107,25.0,reviewed,us,us,251188643150.95822,3247,21.0,942.0849139079605,-6121.961005459193,1447.8917302837567,1225.8579418581503,988.2306113409857,1197.3426151481096,1114.2660659952815,1398.1585424695038,988.2306113409857
2018-11-26 03:43:05.400000+00:00,13.2022,-81.0372,10.0,4.7,mb,,46.0,0.361,0.89,us,us1000hwjz,2019-02-09T19:02:09.040Z,"40 km ESE of Mountain, Colombia",earthquake,5.4,1.8,0.045,147.0,reviewed,us,us,707945784384.1403,3247,22.0,964.8083053650198,-6117.262701560055,1452.777675351898,1214.7385779663916,977.5881144785733,1191.88331867015,1098.671491162543,1395.748783692867,977.5881144785733
2018-11-26 06:36:12.830000+00:00,13.0679,-81.2105,10.0,4.4,mwr,,26.0,3.138,0.74,us,us1000hwku,2019-02-09T19:02:09.040Z,"37 km SSE of Mountain, Colombia",earthquake,7.1,1.9,0.098,10.0,reviewed,us,us,251188643150.95822,3247,23.0,946.8190499125343,-6123.501399629194,1438.2577291508028,1215.4448474460655,977.7573345354208,1186.4871727162335,1104.829815845455,1387.3504599965763,977.7573345354208
2018-11-26 09:13:13.610000+00:00,13.1173,-81.0402,10.0,4.6,mb,,37.0,3.311,1.38,us,us1000hwlf,2022-05-03T19:40:04.631Z,"44 km SE of Mountain, Colombia",earthquake,5.0,1.8,0.045,145.0,reviewed,us,us,501187233627.2715,3247,24.0,964.8222110848012,-6119.4329296874985,1443.5995705366918,1207.6900955362416,970.3890845519098,1183.4673292751313,1093.2460134526134,1386.8486560028002,970.3890845519098
2018-11-27 01:17:44.810000+00:00,13.1525,-81.0207,10.0,4.5,mb,,28.0,3.339,0.85,us,us1000hww7,2019-02-09T19:02:10.040Z,"44 km ESE of Mountain, Colombia",earthquake,5.0,1.9,0.046,140.0,reviewed,us,us,354813389233.57605,3248,25.0,966.7662329079584,-6118.227038776768,1447.4052483288256,1209.344339721173,972.1424123065484,1186.1191008908847,1093.9106821330931,1389.9409654990147,972.1424123065484
2018-11-27 04:51:13.330000+00:00,13.145,-81.1133,10.0,4.3,mb,,38.0,3.25,0.81,us,us1000hye4,2019-02-09T19:02:12.040Z,"36 km SE of Mountain, Colombia",earthquake,7.7,2.0,0.143,14.0,reviewed,us,us,177827941003.89227,3248,26.0,956.9061102497259,-6119.968649025602,1446.5944252313705,1215.1391831190854,977.741416917734,1189.6335112486777,1101.431169412376,1392.2023421350648,977.741416917734
2018-11-27 13:10:54.460000+00:00,6.8501,-72.5916,170.71,4.3,mb,,110.0,1.069,0.4,us,us1000hyei,2019-02-09T19:02:12.040Z,"11 km E of Cerrito, Colombia",earthquake,10.8,11.3,0.237,5.0,reviewed,us,us,177827941003.89227,3248,27.0,1841.7652362593055,-5874.0619623820185,739.5221164396785,288.78872647434787,337.06031940213205,577.2155462817497,65.81802210193129,814.3451265630235,65.81802210193129
2018-11-29 04:49:29.330000+00:00,12.9872,-81.2784,10.0,4.6,mb,,36.0,3.053,0.88,us,us1000hxrz,2019-02-09T19:02:11.040Z,"43 km SSE of Mountain, Colombia",earthquake,6.1,1.9,0.085,42.0,reviewed,us,us,501187233627.2715,3250,27.0,939.8677971952465,-6126.615412642051,1429.5289816482266,1213.508651164149,975.6060120885421,1181.7102366214065,1105.5693087305729,1381.2085599310597,975.6060120885421
2018-11-29 05:31:55.740000+00:00,6.7467,-72.9588,162.65,4.6,mb,,62.0,2.325,0.72,us,us1000hxs5,2019-02-09T19:02:11.040Z,"1 km ESE of Cepitá, Colombia",earthquake,8.5,9.4,0.035,239.0,reviewed,us,us,501187233627.2715,3250,28.0,1806.815572335505,-5894.664012560214,729.3582035553137,257.6995629470829,295.0632783354022,539.2779112666503,45.20897193294396,779.893969412222,45.20897193294396
2018-12-05 14:11:15.720000+00:00,13.0309,-81.3065,10.0,4.6,mb,,36.0,3.038,0.74,us,us1000i2sg,2019-02-16T19:52:23.040Z,"37 km S of Mountain, Colombia",earthquake,6.8,1.9,0.048,130.0,reviewed,us,us,501187233627.2715,3256,29.0,936.6978901445551,-6125.996052334985,1434.256054327443,1219.1683835782371,981.2811845045201,1187.4184955771718,1110.8671340397868,1386.7927200478202,981.2811845045201
2018-12-06 18:26:54.420000+00:00,12.8299,-81.2444,10.0,4.2,mb,,177.0,3.05,0.79,us,us2000isyg,2019-02-16T19:52:27.040Z,"57 km ENE of San Andrés, Colombia",earthquake,5.3,2.0,0.166,10.0,reviewed,us,us,125892541179.41713,3258,29.0,944.0970894072885,-6129.912411420813,1412.506819127526,1197.971339808991,959.9213360073261,1164.4295600086919,1092.502560443561,1363.4687237112837,959.9213360073261
2018-12-09 06:19:25.340000+00:00,7.6467,-75.3357,76.57,4.1,mb,,83.0,2.835,0.93,us,us2000itjk,2019-02-16T19:52:33.040Z,"7 km N of Cáceres, Colombia",earthquake,9.3,16.4,0.197,7.0,reviewed,us,us,89125093813.3744,3260,30.0,1579.297683573008,-6035.242745925202,837.5636389661083,355.0613347771334,158.28753402385252,484.89101992044317,250.98066640240359,747.1004106972132,158.28753402385252
2018-12-13 09:28:17.900000+00:00,5.018,-73.0393,10.0,4.8,mb,,40.0,1.288,1.17,us,us2000it6l,2022-05-03T19:41:15.576Z,"7 km ESE of Campohermoso, Colombia",earthquake,7.5,1.9,0.043,164.0,reviewed,us,us,1000000000000.0,3264,30.0,1848.4914911632095,-6061.0091683511,556.3884149235373,119.41173484684185,312.5813929014684,424.6605964481558,233.83578497810592,632.9960435110562,119.41173484684185
2018-12-14 07:41:44.970000+00:00,12.9949,-81.1925,10.0,4.6,mb,,69.0,3.136,1.05,us,us2000ivbu,2019-02-16T22:29:08.040Z,"45 km SSE of Mountain, Colombia",earthquake,4.7,1.9,0.274,4.0,reviewed,us,us,501187233627.2715,3265,31.0,949.0225667774866,-6125.009537513332,1430.3619587774922,1208.0303358292394,970.2688469378039,1178.3406774156563,1098.4947578871008,1379.03398781902,970.2688469378039
2018-12-16 04:42:31.670000+00:00,13.1604,-81.2007,10.0,4.2,mb,,53.0,0.266,1.04,us,us2000ivvl,2019-02-16T22:29:10.040Z,"29 km SE of Mountain, Colombia",earthquake,5.2,1.9,0.236,5.0,reviewed,us,us,125892541179.41713,3267,30.0,947.5099786763589,-6121.036748261665,1448.2592885043023,1222.5634395039388,985.0292788367955,1195.2708341538244,1110.0517105867764,1396.7750470660492,985.0292788367955
2018-12-20 09:16:51.020000+00:00,4.5507,-73.3727,10.0,4.5,mb,,67.0,0.989,1.37,us,us2000ivat,2019-02-23T20:21:40.040Z,"5 km NNW of Medina, Colombia",earthquake,6.6,2.0,0.164,11.0,reviewed,us,us,354813389233.57605,3271,30.0,1814.4299872328925,-6075.808862680018,504.689494252639,79.53878290773105,308.5913000679673,371.1359518315445,286.9507682861188,570.9927225666509,79.53878290773105
2018-12-21 15:48:08.160000+00:00,6.6876,-72.8824,193.8,4.5,mb,,79.0,2.323,0.71,us,us2000j20z,2019-02-23T20:23:19.040Z,"8 km W of Molagavita, Colombia",earthquake,9.2,12.2,0.192,8.0,reviewed,us,us,354813389233.57605,3273,30.0,1805.7884464531594,-5863.397794811603,719.3707155943474,256.18865813060734,302.23152084664326,541.1394381710993,54.84451843710696,780.0028062484414,54.84451843710696
2018-12-21 18:57:21.510000+00:00,2.3449,-79.528,10.0,4.9,mb,,42.0,2.354,1.01,us,us2000iw19,2019-02-23T20:22:13.040Z,"102 km NW of Tumaco, Colombia",earthquake,6.1,1.5,0.055,103.0,reviewed,us,us,1412537544622.7554,3273,31.0,1155.175412049784,-6249.812476592842,260.25905329124373,660.1665411210204,615.9868242741943,354.7373905398085,886.2115508027983,279.61417249922005,279.61417249922005
2018-12-28 08:51:32.530000+00:00,6.6657,-72.931,162.42,4.5,mb,,62.0,0.782,0.64,us,us2000iykc,2019-03-05T17:46:36.040Z,"10 km ESE of Aratoca, Colombia",earthquake,8.8,8.0,0.08,46.0,reviewed,us,us,354813389233.57605,3279,12.0,1810.0433584643608,-5894.984829464674,720.6681047891672,251.3605486640339,296.54679057981207,535.5087439998665,54.69755268158815,774.7420382532833,54.69755268158815
2019-01-10 02:04:22.540000+00:00,8.4648,-73.3433,128.95,4.6,mb,,78.0,2.568,0.94,us,us2000j8tk,2019-04-02T20:53:25.040Z,"9 km NNE of González, Colombia",earthquake,4.9,9.4,0.122,20.0,reviewed,us,us,501187233627.2715,3292,8.0,1769.709218219535,-5914.9851217560845,918.8408430478959,425.093094070801,349.0978565678968,659.562786035247,151.57372659191287,916.631903309943,151.57372659191287
2019-01-19 22:03:36.720000+00:00,2.5739,-74.8939,10.0,4.4,mb,,87.0,1.242,0.68,us,us2000j6gh,2019-04-05T21:41:01.040Z,"46 km ESE of Rivera, Colombia",earthquake,5.9,1.8,0.162,11.0,reviewed,us,us,251188643150.95822,3302,5.0,1656.050585334842,-6134.999285234531,285.65928828572885,254.53067394067605,415.16868264980997,206.42352647663037,542.1678759707381,305.384420783541,206.42352647663037
2019-01-20 14:05:29.580000+00:00,13.135,-81.0719,10.0,4.5,mb,,61.0,0.371,1.43,us,us2000j6mc,2019-04-05T21:41:01.040Z,"40 km SE of Mountain, Colombia",earthquake,5.6,1.9,0.057,90.0,reviewed,us,us,354813389233.57605,3302,6.0,961.3671119409548,-6119.524949437424,1445.5132892129357,1211.4031815952703,974.0689552296157,1186.7096351982145,1097.1736425041622,1389.7685336406594,974.0689552296157
2019-01-21 13:44:07.800000+00:00,2.6434,-79.12,10.0,4.6,mb,,149.0,2.481,0.89,us,us2000jdmm,2019-04-05T21:41:05.040Z,"75 km WNW of Mosquera, Colombia",earthquake,3.6,1.9,0.098,31.0,reviewed,us,us,501187233627.2715,3303,5.0,1199.3780994252245,-6240.0119274851695,293.36720924798453,605.4621997613234,560.5094607244397,301.08756618077507,830.0390880688861,258.9165091513839,258.9165091513839
2019-01-22 11:10:32.160000+00:00,6.7516,-72.9118,163.39,4.4,mb,,86.0,2.356,0.67,us,us2000j76k,2019-04-12T17:13:53.040Z,"6 km E of Cepitá, Colombia",earthquake,5.5,8.7,0.044,149.0,reviewed,us,us,251188643150.95822,3304,6.0,1811.4161132659663,-5892.417820234362,729.7984711445688,260.6986969305034,300.26398703537876,543.4748390479193,47.04917452501476,783.5344162220548,47.04917452501476
2019-01-22 15:00:49.430000+00:00,6.7852,-72.9828,157.0,4.4,mb,,101.0,0.891,0.64,us,us2000je34,2019-04-12T17:16:26.040Z,"3 km NNW of Cepitá, Colombia",earthquake,9.5,8.6,0.155,12.0,reviewed,us,us,251188643150.95822,3305,7.0,1805.8443661871913,-5900.315151952699,734.1683953612968,260.22570757065273,293.29724369275044,540.2495313779377,40.23167203092515,781.6417252271408,40.23167203092515
2019-01-24 03:04:57.770000+00:00,6.7506,-73.0062,159.2,5.2,mb,,62.0,2.301,0.69,us,us2000j832,2019-04-12T17:14:29.040Z,"3 km W of Cepitá, Colombia",earthquake,7.5,6.5,0.028,433.0,reviewed,us,us,3981071705534.9854,3306,8.0,1802.925201994479,-5899.38574361236,730.1834044104368,255.61921230161923,290.005748611188,535.7342270403939,42.96702405110113,777.0178896677896,42.96702405110113
2019-01-26 11:06:03.330000+00:00,3.6249,-78.0978,10.0,4.5,mb,,124.0,3.175,0.81,us,us2000j95x,2019-04-12T17:15:23.040Z,"105 km NNW of Timbiquí, Colombia",earthquake,7.1,1.0,0.097,31.0,reviewed,us,us,354813389233.57605,3308,9.0,1309.2791528306664,-6211.7927255974855,402.1694097978976,462.4925679479233,403.1643598500412,174.84220763138478,673.9692359203574,283.05780401574435,174.84220763138478
2019-01-26 12:32:26.830000+00:00,3.0345,-75.7383,10.0,5.6,mww,,67.0,1.444,0.82,us,us2000j967,2025-12-22T17:53:40.482Z,"13 km NW of Santa María, Colombia",earthquake,6.4,1.8,0.046,46.0,reviewed,us,us,15848931924611.11,3308,10.0,1564.842795239094,-6156.313694008247,336.73391150109705,262.52388543528883,357.3267003861867,99.57461744465364,538.6981327710387,265.2980896785246,99.57461744465364
2019-01-28 21:07:09.960000+00:00,3.0835,-75.6461,13.06,5.5,mww,,73.0,1.49,1.13,us,us2000j9um,2025-12-22T17:53:42.138Z,"12 km S of Planadas, Colombia",earthquake,5.3,3.4,0.05,39.0,reviewed,us,us,11220184543019.652,3311,10.0,1573.9179887140301,-6150.54616621341,342.0015580079903,251.47313556658702,351.52737833162143,106.52473401077647,528.640389987842,276.10744804864265,106.52473401077647
2019-01-29 06:10:56.080000+00:00,2.8793,-75.5748,27.74,4.3,mb,,94.0,1.29,0.95,us,us2000j9z4,2019-04-18T19:09:24.040Z,"11 km SE of Santa María, Colombia",earthquake,7.6,7.6,0.137,15.0,reviewed,us,us,177827941003.89227,3311,11.0,1578.2118224846383,-6135.524946520087,318.6353740553608,263.2090958652615,374.16048096029897,123.8692338377314,544.0823584390292,265.0570256437987,123.8692338377314
2019-02-06 00:34:22.470000+00:00,6.8571,-72.9948,149.88,4.4,mb,,76.0,0.961,0.87,us,us2000jdz7,2022-08-08T12:02:43.541Z,"11 km N of Cepitá, Colombia",earthquake,8.6,6.5,0.051,111.0,reviewed,us,us,251188643150.95822,3319,12.0,1806.405113878844,-5906.567569350522,742.7611780707379,266.73793408062085,293.730837313875,544.7922265582849,32.392873783058334,787.173923679146,32.392873783058334
2019-02-10 02:21:48.270000+00:00,4.7911,-75.4567,151.94,4.6,mb,,103.0,1.132,1.33,us,us2000jnh7,2019-04-25T15:32:02.040Z,"20 km ESE of Santa Rosa de Cabal, Colombia",earthquake,8.5,9.1,0.141,15.0,reviewed,us,us,501187233627.2715,3323,12.0,1556.2212899207693,-5998.755703412303,519.4348767417365,153.68974692757743,162.1638275291392,190.80558959862358,365.57027435987544,446.3991260187304,153.68974692757743
2019-02-14 21:09:47.720000+00:00,5.7132,-76.1371,68.11,4.5,mb,,102.0,2.003,1.09,us,us2000ji5i,2019-05-01T22:00:44.040Z,"18 km WSW of Betania, Colombia",earthquake,6.1,8.9,0.096,32.0,reviewed,us,us,354813389233.57605,3328,13.0,1502.6673734370029,-6088.901723948049,627.4463427341176,254.37465578182693,85.23879180822541,255.25871805272223,367.94862527419457,516.1850325219157,85.23879180822541
2019-02-19 11:06:30.290000+00:00,4.1984,-76.781,69.32,4.6,mb,,105.0,2.535,0.68,us,us2000jjyi,2019-05-11T17:40:39.040Z,"44 km NW of Darien, Colombia",earthquake,8.5,7.9,0.048,131.0,reviewed,us,us,501187233627.2715,3332,13.0,1437.1615673024028,-6118.242828637505,461.34817838010537,305.6661559444632,263.4343780162025,87.51503026347275,518.9562983539655,336.50966756696556,87.51503026347275
2019-03-05 17:52:34.670000+00:00,6.6645,-72.911,163.72,4.4,mb,,90.0,0.785,1.03,us,us1000jfj4,2019-05-24T21:21:36.040Z,northern Colombia,earthquake,8.8,7.1,0.13,17.0,reviewed,us,us,251188643150.95822,3347,5.0,1811.7259885092471,-5893.1328642704275,720.3880794516342,252.3644744383241,298.7084517015985,537.0717998706718,55.71014101901061,776.0208942635994,55.71014101901061
2019-03-06 01:48:09.360000+00:00,10.9848,-74.7834,47.23,4.5,mb,,51.0,4.589,1.11,us,us1000jb2l,2019-05-24T21:21:07.040Z,"1 km N of Barranquilla, Colombia",earthquake,3.1,6.6,0.124,19.0,reviewed,us,us,354813389233.57605,3347,6.0,1629.3809556293252,-5990.258343825332,1204.9853478625603,701.9963593159678,534.3736358686914,859.5438545613258,466.89483190935744,1120.9692102380627,466.89483190935744
2019-03-08 04:32:03.670000+00:00,6.8063,-73.0291,150.05,4.3,mb,,77.0,0.908,1.33,us,us1000jgmj,2019-05-24T21:21:40.040Z,"8 km NW of Cepitá, Colombia",earthquake,8.8,5.6,0.147,13.0,reviewed,us,us,177827941003.89227,3349,6.0,1803.011078547803,-5908.114012759171,737.2643795631335,259.99302083933475,288.7856613651281,538.1497287437904,36.304963231682635,780.385974124746,36.304963231682635
2019-03-09 23:33:42.340000+00:00,4.9707,-73.0395,10.0,4.4,mb,,66.0,0.917,0.99,us,us1000jif9,2019-05-24T21:21:42.040Z,"9 km SE of Campohermoso, Colombia",earthquake,5.1,1.8,0.179,9.0,reviewed,us,us,251188643150.95822,3351,7.0,1848.6036940392548,-6061.452898995674,551.1570879897694,117.99827948913752,314.901198946974,422.521783064005,239.09046667902652,629.4861783517076,117.99827948913752
2019-03-11 14:54:25.280000+00:00,5.8662,-78.163,10.0,4.5,mb,,146.0,3.675,1.06,us,us1000jjc6,2019-05-24T21:21:44.040Z,"92 km WSW of Bahía Solano, Colombia",earthquake,9.0,1.9,0.172,10.0,reviewed,us,us,354813389233.57605,3352,8.0,1297.9870885475652,-6193.131737600055,650.1306012600425,470.80426689264414,288.55814480080136,323.66137203538716,574.0157545774524,526.5175312469592,288.55814480080136
2019-03-21 18:38:57.208000+00:00,6.8116,-72.8719,151.62,4.3,mb,,96.0,0.936,0.48,us,us1000jjx4,2019-06-06T18:54:12.040Z,"2 km W of San Andrés, Colombia",earthquake,9.8,7.6,0.168,10.0,reviewed,us,us,177827941003.89227,3363,6.0,1818.734905367252,-5901.589959400072,737.6495641610804,268.676018085321,305.88304982320693,551.2265941709642,44.0105414952145,791.500027417615,44.0105414952145
2019-03-23 19:21:17.998000+00:00,4.5595,-76.223,122.0,6.1,mww,,20.0,1.916,1.09,us,us1000jkrq,2025-12-22T18:56:25.569Z,"3 km WSW of Versalles, Colombia",earthquake,5.4,1.8,0.057,30.0,reviewed,us,us,89125093813374.4,3365,7.0,1483.449806858205,-6050.008855315788,496.76002368637444,238.98125298513187,200.34970282979975,127.87196635342966,445.6584823767137,390.15736584867346,127.87196635342966
2019-03-31 13:28:32.210000+00:00,5.6738,-78.2892,10.0,4.6,mb,,112.0,3.794,0.82,us,us2000k7zx,2025-12-22T18:06:53.998Z,"112 km W of Nuquí, Colombia",earthquake,2.4,1.9,0.051,117.0,reviewed,us,us,501187233627.2715,3372,8.0,1284.778800260453,-6198.078432401875,628.8785098856755,479.1039485681747,306.12967759331696,314.62449287550146,593.0892826719388,508.41095118103476,306.12967759331696
2019-04-08 02:07:34.647000+00:00,6.8088,-73.0399,151.76,4.4,mb,,42.0,0.911,1.03,us,us2000kc2d,2019-06-18T15:50:50.040Z,"9 km NW of Cepitá, Colombia",earthquake,3.1,5.8,0.042,164.0,reviewed,us,us,251188643150.95822,3380,6.0,1801.3927088999174,-5906.798898311387,737.3311744593387,259.7145211713521,287.68078337555926,537.480804763403,35.71509155603346,779.8843390926305,35.71509155603346
2019-04-09 11:39:52.540000+00:00,3.7455,-78.7363,10.0,5.0,mww,,52.0,1.909,1.03,us,us2000kcv2,2025-12-22T18:07:36.050Z,"140 km NNW of Mosquera, Colombia",earthquake,6.3,1.7,0.083,14.0,reviewed,us,us,1995262314968.8828,3381,6.0,1239.807430520668,-6225.153227409987,415.53078164290906,528.2415067045065,446.4594075255779,246.79665567392178,725.7809731984989,324.639964467205,246.79665567392178
2019-04-15 08:55:14.135000+00:00,6.8341,-73.0238,150.87,4.1,mb,,92.0,0.937,0.75,us,us70003bdb,2019-06-20T19:03:41.040Z,"10 km NNW of Cepitá, Colombia",earthquake,7.7,4.7,0.075,48.0,reviewed,us,us,89125093813.3744,3387,6.0,1803.2152100013018,-5906.825677569206,740.163858972495,263.02338567752474,290.0329834368607,540.7117584351029,33.53885222465287,783.199590012526,33.53885222465287
2019-04-17 10:23:56.778000+00:00,5.2349,-73.5971,158.21,4.2,mb,,87.0,0.818,1.19,us,us70003cd0,2019-06-26T20:54:47.040Z,"2 km N of Villapinzón, Colombia",earthquake,5.0,6.4,0.186,9.0,reviewed,us,us,125892541179.41713,3389,7.0,1747.112127691575,-5935.068664592437,566.8498425032651,78.50071833689357,246.5384828187659,381.0545073520676,215.99860543359569,605.9272086440682,78.50071833689357
2019-04-27 06:49:50.341000+00:00,6.8591,-73.0333,154.61,4.5,mb,,133.0,0.961,0.53,us,us70003cw3,2019-07-13T18:42:43.040Z,"13 km NNW of Cepitá, Colombia",earthquake,11.5,12.9,0.075,52.0,reviewed,us,us,354813389233.57605,3399,6.0,1801.057800735245,-5903.263505907838,742.4118872481985,265.06281968693014,289.6474173727627,541.8904867858713,30.569110621150532,784.7816714110411,30.569110621150532
2019-04-29 02:44:20.622000+00:00,6.8466,-72.9779,145.68,4.1,mb,,58.0,0.953,0.73,us,us70003dpn,2019-07-13T18:42:50.040Z,"10 km N of Cepitá, Colombia",earthquake,5.9,6.4,0.077,46.0,reviewed,us,us,89125093813.3744,3401,7.0,1809.4077996773067,-5910.1519172537455,742.1299292231814,266.53823129265965,295.28306895222573,545.3328418823735,34.2766169055131,787.3797867856072,34.2766169055131
2019-04-30 13:11:27.942000+00:00,6.7377,-72.9229,160.23,4.3,mb,,64.0,0.854,0.58,us,us70003ekn,2019-07-25T18:54:02.040Z,"5 km ESE of Cepitá, Colombia",earthquake,9.2,6.6,0.051,107.0,reviewed,us,us,177827941003.89227,3402,8.0,1811.2480222846063,-5895.93752357177,728.6736668828504,258.74975647302136,298.7758956585107,541.5281906065966,47.82125773251384,781.5617780610736,47.82125773251384
2019-05-06 14:32:28.397000+00:00,7.1364,-72.1693,36.16,4.5,mb,,101.0,1.533,0.54,us,us70003llx,2019-07-25T18:54:26.040Z,"16 km NNW of Cubará, Colombia",earthquake,6.7,8.8,0.108,25.0,reviewed,us,us,354813389233.57605,3408,8.0,1924.7354642237258,-5983.831498399201,786.9890832311742,342.0774804141099,389.6393403676657,633.3439013735513,105.21110946486614,868.801373532734,105.21110946486614
2019-05-06 18:56:32.594000+00:00,6.991,-76.2643,20.21,4.5,mb,,88.0,2.877,0.98,us,us70003hlq,2019-07-25T18:54:27.040Z,"1 km SSE of Dabeiba, Colombia",earthquake,5.4,7.2,0.18,9.0,reviewed,us,us,354813389233.57605,3409,9.0,1496.7423134888065,-6123.300047590093,772.9764539074534,350.81154409736973,112.1984823989841,394.6777575526169,346.97766919534195,652.2324815321156,112.1984823989841
2019-05-11 09:56:46.040000+00:00,6.8258,-72.9874,147.27,4.3,mb,,74.0,0.932,0.66,us,us70003mm5,2019-08-01T17:15:22.040Z,"8 km N of Cepitá, Colombia",earthquake,7.7,10.0,0.153,12.0,reviewed,us,us,177827941003.89227,3413,8.0,1808.0446330739578,-5909.199436884439,739.6970547711304,264.00146238924725,293.7491240724761,542.978613016945,35.89005210937448,784.9064284866672,35.89005210937448
2019-05-12 07:28:08.579000+00:00,3.9341,-73.9292,10.0,4.5,mb,,65.0,0.985,1.14,us,us70003jzm,2019-08-01T17:15:13.040Z,"18 km NNW of Cubarral, Colombia",earthquake,5.7,1.9,0.087,39.0,reviewed,us,us,354813389233.57605,3414,9.0,1756.7343243372463,-6098.011246576968,436.4222156537946,87.8283458765415,315.3668179234389,293.7572470403651,365.2501552969307,479.7074712144363,87.8283458765415
2019-05-14 08:00:10.484000+00:00,10.9719,-72.3079,102.51,4.4,mb,,66.0,1.891,0.83,us,us70003kuu,2019-08-07T22:03:33.040Z,"37 km SE of Albania, Colombia",earthquake,7.3,7.2,0.053,104.0,reviewed,us,us,251188643150.95822,3416,10.0,1870.1825348238651,-5862.847169311406,1193.0663166132115,722.7680436070167,637.0139214263844,957.1175641803744,437.63012797931395,1216.1348409159584,437.63012797931395
2019-05-24 16:12:45.126000+00:00,6.9952,-77.5132,10.0,4.9,mb,,94.0,3.154,1.06,us,us60003rpc,2019-08-13T14:30:34.040Z,"30 km ESE of Juradó, Colombia",earthquake,7.0,1.9,0.046,147.0,reviewed,us,us,1412537544622.7554,3427,9.0,1365.1040652009683,-6164.306915167596,774.6819649306061,457.5770272279177,229.15226806818228,408.731175326432,484.69723835442613,643.3993166207372,229.15226806818228
2019-05-25 15:13:36.186000+00:00,6.8325,-73.0636,151.32,4.2,mb,,83.0,0.934,1.29,us,us60003s3s,2019-08-13T14:30:36.040Z,"11 km NNE of Jordán, Colombia",earthquake,8.8,9.5,0.079,45.0,reviewed,us,us,125892541179.41713,3428,10.0,1798.9875136754124,-5907.669184470996,739.9378588042119,260.95128989813446,285.7115530013813,537.4302309032308,32.550977582251505,780.4058360659827,32.550977582251505
2019-06-07 10:59:07.448000+00:00,6.5335,-73.0598,185.75,4.1,mb,,88.0,2.095,0.71,us,us70003wnm,2019-08-27T17:47:46.040Z,"7 km S of Curití, Colombia",earthquake,13.9,7.4,0.052,100.0,reviewed,us,us,89125093813.3744,3440,6.0,1790.5130867400069,-5878.441086338487,703.7832359188109,231.5508174934805,280.4759822704916,515.1097426377216,65.50713100540428,754.3773112000305,65.50713100540428
2019-06-09 19:43:17.036000+00:00,6.8764,-73.0401,135.34,4.7,mb,,64.0,0.978,1.09,us,us70003xh9,2019-08-27T17:48:01.040Z,"12 km S of Piedecuesta, Colombia",earthquake,8.5,6.7,0.048,131.0,reviewed,us,us,707945784384.1403,3443,7.0,1805.8723730160518,-5921.56187851317,746.5825653716665,266.47368565254504,289.37399915188405,542.6963970581427,28.506243521019876,785.866215272264,28.506243521019876
2019-06-16 16:18:35.241000+00:00,6.7518,-72.9741,154.59,4.2,mb,,62.0,0.86,0.58,us,us600041eu,2019-09-06T14:25:14.040Z,"0 km S of Cepitá, Colombia",earthquake,7.7,7.5,0.059,80.0,reviewed,us,us,125892541179.41713,3450,5.0,1807.5660404832556,-5902.737488746169,730.8545931594476,257.3943933592583,293.5107600691901,538.4210287553603,44.03321196198483,779.2994951303843,44.03321196198483
2019-06-24 00:30:41.412000+00:00,8.7699,-73.3396,126.4,4.4,mb,,139.0,2.676,1.03,us,us600044z0,2019-09-11T15:19:39.040Z,"31 km NNE of El Carmen, Colombia",earthquake,14.5,11.6,0.077,49.0,reviewed,us,us,251188643150.95822,3457,5.0,1769.3858660289382,-5912.513950273086,952.0932753271455,458.5170102798542,374.0732065308192,688.6255377768554,185.08607986503353,946.7420876400565,185.08607986503353
2019-06-24 15:36:47.889000+00:00,5.4425,-78.6127,10.0,4.4,mb,,134.0,5.172,0.72,us,us700049du,2019-09-11T15:19:42.040Z,"148 km WNW of Pizarro, Colombia",earthquake,13.2,1.9,0.101,28.0,reviewed,us,us,251188643150.95822,3458,5.0,1250.2543539324001,-6207.671845034601,603.320242357071,509.44184071023324,346.9795800303389,319.7027855292013,634.7714599067805,492.908024256197,319.7027855292013
2019-06-28 06:48:47.655000+00:00,3.8732,-78.7685,10.0,4.7,mb,,131.0,2.036,0.96,us,us700046fu,2019-09-14T16:08:15.040Z,"154 km NNW of Mosquera, Colombia",earthquake,7.2,1.9,0.123,20.0,reviewed,us,us,707945784384.1403,3461,6.0,1236.1252675608234,-6224.925156547872,429.6767602223048,529.0129956420398,440.59077956090397,252.56781388987326,721.576122432915,338.75375497589806,252.56781388987326
2019-07-03 07:40:08.833000+00:00,6.8198,-73.106,153.8,4.5,mb,,63.0,0.921,1.19,us,us7000494j,2019-09-26T14:30:05.040Z,"9 km N of Jordán, Colombia",earthquake,8.4,8.2,0.034,249.0,reviewed,us,us,354813389233.57605,3466,7.0,1793.9472549812692,-5906.799458492538,738.2745041631994,257.6955373696133,280.832278680707,533.0951190284769,33.35385066884589,776.4664882550377,33.35385066884589
2019-07-13 02:39:02.626000+00:00,10.0982,-73.132,130.36,4.6,mb,,72.0,1.508,1.31,us,us70004jg6,2019-09-28T20:01:17.040Z,"13 km ENE of Agustín Codazzi, Colombia",earthquake,7.9,7.3,0.033,284.0,reviewed,us,us,501187233627.2715,3476,6.0,1782.780376536403,-5879.625115055916,1094.2075877274974,607.9257587974035,506.25263316315045,828.85387010027,331.2401446576539,1089.192104687064,331.2401446576539
2019-07-14 16:21:42.415000+00:00,6.043,-73.1646,175.58,4.3,mb,,86.0,0.17,0.63,us,us70004k4j,2019-09-28T20:01:23.040Z,"12 km SW of Encino, Colombia",earthquake,8.8,4.5,0.046,135.0,reviewed,us,us,177827941003.89227,3478,7.0,1784.3666463852796,-5896.937469282472,652.2216885692975,178.96893224904255,268.10509287502197,471.4335306188709,119.76856011064946,704.9325901794429,119.76856011064946
2019-07-15 03:49:54.119000+00:00,6.815,-73.012,148.53,4.4,mb,,44.0,0.919,0.96,us,us70004kbz,2019-09-28T20:01:24.040Z,"7 km NNW of Cepitá, Colombia",earthquake,3.5,6.6,0.046,139.0,reviewed,us,us,251188643150.95822,3478,8.0,1805.1825162054242,-5908.911911692351,738.3826947772404,261.7021092246641,290.8374131838962,540.1833327332532,35.97506300278593,782.3009697203166,35.97506300278593
2019-08-01 18:12:10.979000+00:00,6.7727,-72.9539,156.19,4.2,mb,,102.0,0.883,0.58,us,us60004ypr,2019-10-19T21:42:03.040Z,"3 km NE of Cepitá, Colombia",earthquake,9.1,8.7,0.093,32.0,reviewed,us,us,125892541179.41713,3496,5.0,1809.1029530890514,-5900.325539147214,732.9177125105005,260.4982882041705,296.1474941355352,541.6366221562594,42.8076197393044,782.5040036303534,42.8076197393044
2019-08-02 00:07:43.705000+00:00,6.8896,-73.0482,141.75,4.3,mb,,108.0,0.991,0.78,us,us600052u6,2019-10-19T21:42:19.040Z,"10 km S of Piedecuesta, Colombia",earthquake,7.0,8.7,0.104,26.0,reviewed,us,us,177827941003.89227,3496,6.0,1803.1295665822363,-5915.565221210238,747.2398826513629,267.41934908049205,288.8636030964204,543.0867763936443,26.832281594545687,786.503722269333,26.832281594545687
2019-08-03 11:06:16.644000+00:00,6.7475,-72.963,158.92,4.1,mb,,91.0,0.857,0.8,us,us6000504r,2019-10-19T21:42:07.040Z,"1 km ESE of Cepitá, Colombia",earthquake,6.0,8.6,0.117,20.0,reviewed,us,us,89125093813.3744,3497,6.0,1807.4657623117403,-5898.328315787229,729.8825409978164,257.55596530373066,294.6243251139203,538.9970169535933,44.94360639591903,779.6778921997372,44.94360639591903
2019-08-04 16:46:49.003000+00:00,6.8016,-72.9363,149.53,4.5,mb,,81.0,0.914,0.79,us,us600050kq,2019-10-19T21:42:10.040Z,"6 km NE of Cepitá, Colombia",earthquake,8.5,6.8,0.072,56.0,reviewed,us,us,354813389233.57605,3499,7.0,1812.7471306113562,-5905.737396250925,736.8192504838881,264.2494568617958,298.695347152937,545.2470035670907,40.88102416916654,786.2328091868955,40.88102416916654
2019-08-07 04:12:24.659000+00:00,4.0032,-78.7875,10.0,4.5,mb,,137.0,3.755,0.81,us,us600051qf,2019-10-29T20:33:40.040Z,"160 km W of Santa Genoveva de Docordó, Colombia",earthquake,8.0,1.9,0.067,64.0,reviewed,us,us,354813389233.57605,3501,8.0,1233.8681911468964,-6224.362408260308,444.0753286457357,528.6998211307011,433.7898602541971,257.67490827165886,716.2400178164481,352.4363300232755,257.67490827165886
2019-08-07 20:39:05.213000+00:00,6.8251,-73.0014,154.03,4.3,mb,,119.0,0.93,0.9,us,us600055gq,2019-10-29T20:33:41.040Z,"8 km NNW of Cepitá, Colombia",earthquake,9.3,7.7,0.533,1.0,reviewed,us,us,177827941003.89227,3502,9.0,1804.6410611764995,-5903.230834126349,738.818205132831,263.23164937608834,292.223649740255,541.8053440561064,35.34713234406992,783.9041006287508,35.34713234406992
2019-08-11 11:00:09.768000+00:00,6.7753,-72.976,149.39,4.5,mb,,66.0,0.883,0.75,us,us600053pi,2019-10-29T20:33:59.040Z,"2 km N of Cepitá, Colombia",earthquake,8.4,8.3,0.096,32.0,reviewed,us,us,354813389233.57605,3505,10.0,1808.7941672334496,-5907.447727587428,733.9999989811851,259.6015970104872,293.81212695291657,540.0460930341527,41.53721619971193,781.2321395037009,41.53721619971193
2019-08-18 13:45:56.569000+00:00,6.8157,-72.9968,160.89,4.2,mb,,106.0,0.921,0.73,us,us700058g4,2019-11-02T15:26:24.040Z,"7 km NNW of Cepitá, Colombia",earthquake,7.9,8.8,0.167,10.0,reviewed,us,us,125892541179.41713,3512,8.0,1803.1585583384563,-5896.687984399829,736.9913433857051,262.52929527651645,292.49305889292833,541.4526766413996,36.506919039844405,783.3835971983972,36.506919039844405
2019-08-24 08:35:13.148000+00:00,13.1309,-81.1868,10.0,4.1,mb,,129.0,0.298,1.02,us,us700059sr,2019-11-08T22:13:53.040Z,"32 km SE of Mountain, Colombia",earthquake,7.5,2.0,0.197,7.0,reviewed,us,us,89125093813.3744,3518,9.0,949.1090396512764,-6121.54275448453,1445.0700107158088,1219.0907387155437,981.536466508373,1191.6625248354699,1106.8934054982524,1393.1880685426393,981.536466508373
2019-08-25 20:30:20.180000+00:00,2.7344,-78.0396,61.45,5.0,mww,,72.0,2.514,1.33,us,us7000582j,2025-12-22T18:15:21.756Z,"24 km NW of Guapí, Colombia",earthquake,8.3,6.9,0.069,20.0,reviewed,us,us,1995262314968.8828,3520,10.0,1306.0745676654842,-6165.548373205827,301.0044582001994,492.0302616261754,475.98026922168816,185.41854246270734,730.9562898605361,188.94758073485323,185.41854246270734
2019-09-11 17:44:27.448000+00:00,6.859,-73.0785,147.99,4.2,mb,,78.0,0.96,0.74,us,us60005l0w,2019-12-05T18:30:50.040Z,"14 km N of Jordán, Colombia",earthquake,5.7,9.4,0.236,7.0,reviewed,us,us,125892541179.41713,3537,4.0,1798.313634378455,-5910.971798504596,743.1917180592699,262.92360910675296,284.79517950845576,538.3159842020227,29.352259444727263,781.7755279524667,29.352259444727263
2019-09-14 04:06:22.079000+00:00,6.7638,-72.9877,153.57,4.2,mb,,66.0,0.87,0.63,us,us70005g8v,2019-12-05T18:31:04.040Z,"1 km NW of Cepitá, Colombia",earthquake,8.2,8.8,0.07,58.0,reviewed,us,us,125892541179.41713,3539,5.0,1806.4164147827473,-5903.988452075801,732.2676416850815,257.8674969853157,292.2938449772915,538.2291439433924,42.24514470884343,779.4297513397763,42.24514470884343
2019-09-22 00:36:45.031000+00:00,6.7979,-73.0169,157.95,4.9,mb,,35.0,0.901,0.86,us,us60005lvz,2019-12-10T17:27:02.040Z,"6 km NW of Cepitá, Colombia",earthquake,6.6,7.1,0.053,111.0,reviewed,us,us,1412537544622.7554,3547,5.0,1802.0093196849477,-5900.330902560526,735.4236565122756,259.76046695485326,289.9041930065951,538.4804867829165,37.59757996765697,780.4624089414913,37.59757996765697
2019-09-27 13:44:44.129000+00:00,0.7964,-77.9091,33.5,4.3,mb,,116.0,2.387,0.64,us,us70005mh3,2019-12-20T19:03:17.040Z,"18 km SW of Cumbal, Colombia",earthquake,8.4,8.7,0.084,40.0,reviewed,us,us,177827941003.89227,3552,4.0,1327.345199953423,-6196.3135510125485,88.08715967072389,609.109873763207,658.5246223887973,332.5369021234441,880.8716010142153,83.8262826221386,83.8262826221386
2019-09-29 11:19:59.671000+00:00,11.9723,-73.6923,10.0,4.9,mww,,68.0,0.958,1.2,us,us70005ngk,2019-12-20T19:03:43.040Z,"87 km NNW of Dibulla, Colombia",earthquake,6.0,1.9,0.075,17.0,reviewed,us,us,1412537544622.7554,3554,5.0,1747.289272222003,-5972.283760886028,1319.518047862533,808.4986747089063,669.8193964494684,997.6953774571231,543.2293336144262,1260.0912219826414,543.2293336144262
2019-10-09 03:14:02.291000+00:00,6.7757,-72.9948,155.82,4.3,mb,,77.0,0.881,0.67,us,us70005sf9,2019-12-28T20:45:56.040Z,"3 km NW of Cepitá, Colombia",earthquake,7.9,6.2,0.076,49.0,reviewed,us,us,177827941003.89227,3564,6.0,1804.9868342742498,-5901.930091161158,733.2845010929034,258.6760711173304,291.7867337155096,538.5604167442941,40.731352004102355,779.9953560943619,40.731352004102355
2019-10-10 19:08:28.497000+00:00,7.1349,-77.1082,40.25,4.5,mb,,100.0,3.372,0.77,us,us70005t5l,2019-12-28T20:45:58.040Z,"34 km S of Riosucio, Colombia",earthquake,7.5,8.7,0.131,17.0,reviewed,us,us,354813389233.57605,3566,7.0,1401.5200738148396,-6123.38496060626,786.3165198665897,430.5643857866727,195.56985234975238,414.5015685625446,439.7452421865639,658.6974109666347,195.56985234975238
2019-10-23 12:29:14.754000+00:00,6.8341,-73.0033,151.29,4.4,mb,,35.0,0.938,0.96,us,us70005xmv,2020-01-11T21:26:28.040Z,"9 km NNW of Cepitá, Colombia",earthquake,6.7,5.6,0.045,140.0,reviewed,us,us,251188643150.95822,3578,5.0,1805.2066117793077,-5905.781321373242,740.113881106957,264.03111146363614,292.2394039801685,542.3448812508885,34.34196083587063,784.5715779186114,34.34196083587063
2019-10-26 01:01:26.789000+00:00,5.7484,-75.9089,73.29,4.8,mb,,62.0,1.818,1.04,us,us60006330,2020-01-11T21:26:40.040Z,"5 km S of Hispania, Colombia",earthquake,3.1,5.8,0.038,215.0,reviewed,us,us,1000000000000.0,3581,6.0,1525.5575793817068,-6077.494667397433,630.7803768720025,233.82436451552834,65.97452303512438,264.56434758089273,343.52580174051064,526.733214775239,65.97452303512438
2019-11-05 16:04:50.773000+00:00,6.7317,-73.0004,155.0,4.3,mb,,91.0,0.837,0.56,us,us700063ei,2020-02-01T23:21:37.040Z,"3 km SW of Cepitá, Colombia",earthquake,5.9,5.7,0.103,27.0,reviewed,us,us,177827941003.89227,3592,5.0,1804.812171891183,-5903.422022077827,728.6408260864661,254.05627429945977,290.23984319720284,534.771617449838,45.163968765305626,775.75117402421,45.163968765305626
2019-11-07 01:14:33.757000+00:00,7.6659,-77.0953,35.0,4.4,mb,,48.0,3.095,0.99,us,us60006bx4,2020-02-01T23:21:44.040Z,"24 km N of Riosucio, Colombia",earthquake,6.8,1.9,0.149,13.0,reviewed,us,us,251188643150.95822,3593,6.0,1402.3730000066632,-6120.774782109795,845.1994057860543,468.6423000410789,230.04163590180733,472.7355015516262,442.25434606433555,717.7583259320219,230.04163590180733
2019-11-10 09:50:58.345000+00:00,5.3086,-75.6187,126.88,4.6,mb,,87.0,1.372,1.34,us,us600069x0,2020-02-01T23:22:16.040Z,"6 km WNW of Filadelfia, Colombia",earthquake,8.4,8.8,0.146,14.0,reviewed,us,us,501187233627.2715,3596,5.0,1544.2235259219783,-6022.513077115191,577.706250931744,183.75221127642953,104.11665767514822,229.9780635755158,341.5533906114966,491.3063366679177,104.11665767514822
2019-11-27 04:03:41.911000+00:00,7.1888,-77.0113,35.0,4.5,mb,,61.0,3.418,0.92,us,us60006pcg,2020-02-19T18:57:54.040Z,"30 km SSE of Riosucio, Colombia",earthquake,7.2,1.9,0.205,7.0,reviewed,us,us,354813389233.57605,3613,4.0,1412.8779070249013,-6125.357886537558,792.8825774810934,426.0981420926543,189.6657666129241,418.93099108002474,429.09466280997594,665.0846378544487,189.6657666129241
2019-12-08 04:39:58.262000+00:00,6.7551,-72.9621,150.42,4.3,mb,,71.0,0.865,1.05,us,us60006r9u,2020-02-29T19:52:59.040Z,"1 km E of Cepitá, Colombia",earthquake,8.1,7.4,0.201,7.0,reviewed,us,us,177827941003.89227,3624,3.0,1810.0032761459897,-5906.277832829176,731.7006479233676,258.34619463587273,294.8814123791019,539.6430817542009,44.20717165760605,780.4045804378893,44.20717165760605
2019-12-21 15:45:23.608000+00:00,6.7991,-73.0086,153.68,4.2,mb,,60.0,0.903,1.25,us,us70006x1b,2020-03-07T17:48:03.040Z,"6 km NW of Cepitá, Colombia",earthquake,6.6,8.0,0.264,4.0,reviewed,us,us,125892541179.41713,3638,3.0,1804.0985737847523,-5904.109955895236,736.0583857049409,260.2933592722157,290.82822378732925,539.2370310441181,37.76630458051438,781.1260981488298,37.76630458051438
2019-12-24 19:03:52.492000+00:00,3.5359,-74.0176,11.0,6.0,mww,,36.0,1.335,0.68,us,us70006qnn,2025-12-22T18:24:35.093Z,"1 km NE of Lejanías, Colombia",earthquake,6.5,1.7,0.041,58.0,reviewed,us,us,63095734448019.43,3641,4.0,1747.8419063769566,-6102.523378313832,392.24620768811326,130.8048833392696,347.4108450772853,279.2261704830304,410.58539040327753,445.1097748796261,130.8048833392696
2019-12-24 19:11:01.700000+00:00,3.542,-73.9247,10.0,5.1,mb,,54.0,1.353,0.94,us,us70006x57,2025-12-22T19:05:21.825Z,"11 km E of Lejanías, Colombia",earthquake,8.1,1.8,0.082,55.0,reviewed,us,us,2818382931264.449,3641,5.0,1757.9991003269486,-6100.600288882424,392.983814599705,131.01077122499316,352.07544045274926,289.5531742695538,407.5641456012392,453.94115029906635,131.01077122499316
2019-12-24 19:15:43.628000+00:00,3.4917,-74.1248,10.0,5.0,mb,,77.0,1.358,0.86,us,us70006x58,2025-12-22T18:26:28.262Z,"11 km WSW of Lejanías, Colombia",earthquake,7.1,1.8,0.082,58.0,reviewed,us,us,1995262314968.8828,3641,6.0,1736.7763660121611,-6107.032204123571,387.41000536793507,135.70590142542784,345.98723030022256,267.21435179940977,418.3465667791009,432.57342953195905,135.70590142542784
2019-12-24 19:19:03.273000+00:00,3.4502,-74.1034,10.0,5.7,mww,,51.0,1.402,0.7,us,us70006qp1,2025-12-22T18:24:36.318Z,"9 km NW of Mesetas, Colombia",earthquake,7.1,1.7,0.046,46.0,reviewed,us,us,22387211385683.47,3641,7.0,1739.1336264384279,-6106.651364118074,382.81111073998574,140.23753777035301,351.1770267052614,269.5583055559186,422.18319083818324,431.83375277386165,140.23753777035301
2019-12-24 20:11:15.897000+00:00,3.6387,-74.0515,10.0,4.5,mb,,78.0,1.228,0.84,us,us70006qq5,2020-03-14T22:25:09.040Z,"12 km NNW of Lejanías, Colombia",earthquake,7.0,1.8,0.069,61.0,reviewed,us,us,354813389233.57605,3641,8.0,1744.3089767582449,-6103.829517919239,403.6984143867678,119.25620312725606,335.6326368309954,276.07600997853086,400.44679846782304,448.80850474203294,119.25620312725606
2019-12-25 00:25:01.178000+00:00,3.4416,-74.098,10.0,4.6,mb,,77.0,1.411,0.91,us,us70006qs6,2020-03-14T22:25:06.040Z,"8 km NW of Mesetas, Colombia",earthquake,6.0,1.6,0.046,141.0,reviewed,us,us,501187233627.2715,3641,9.0,1739.724880882681,-6106.542619161447,381.858061591743,141.1800674678618,352.3023762449302,270.161134000722,422.9545529003922,431.77595787238164,141.1800674678618
2019-12-25 02:11:23.210000+00:00,3.419,-73.9867,10.0,5.0,mb,,65.0,1.455,0.78,us,us70006qsp,2020-03-14T22:25:05.040Z,"7 km ENE of Mesetas, Colombia",earthquake,6.4,1.8,0.048,142.0,reviewed,us,us,1995262314968.8828,3641,10.0,1751.6252785913725,-6103.295897166755,379.35349613144035,143.9757560440473,360.4092427568909,282.5390477097344,422.4259479486847,440.5590583995436,143.9757560440473
2019-12-25 04:28:44.138000+00:00,6.8126,-72.9562,156.27,4.5,mb,,83.0,2.38,0.93,us,us70006xsb,2020-03-14T22:25:01.040Z,"6 km NNE of Cepitá, Colombia",earthquake,9.4,9.4,0.118,21.0,reviewed,us,us,354813389233.57605,3641,11.0,1808.69277831453,-5899.832801426044,737.2057526838552,264.2900646122787,296.80000799897846,544.4759843850225,38.73979429521539,785.8490127377665,38.73979429521539
2019-12-25 10:25:55.027000+00:00,3.5986,-74.0042,10.0,4.5,mb,,70.0,1.277,0.75,us,us70006qwx,2020-03-14T22:24:56.040Z,"8 km NNE of Lejanías, Colombia",earthquake,7.3,1.8,0.074,54.0,reviewed,us,us,354813389233.57605,3641,12.0,1749.4247717272617,-6102.657545315046,399.2553727582782,123.92223464431473,342.1367902824386,281.02233445004805,403.4605515946281,450.384911385035,123.92223464431473
2019-12-25 10:39:56.729000+00:00,3.4938,-74.0286,10.0,4.4,mb,,78.0,1.373,1.11,us,us70006qx0,2020-03-14T22:24:55.040Z,"3 km S of Lejanías, Colombia",earthquake,7.1,1.8,0.062,74.0,reviewed,us,us,251188643150.95822,3641,13.0,1747.023753165914,-6104.093882901579,387.64271513549704,135.43242318774801,350.87999059454137,277.8937701695279,415.42292184239,441.41473299293165,135.43242318774801
2019-12-26 03:48:29.883000+00:00,3.3722,-74.0915,10.0,4.8,mb,,62.0,1.48,0.89,us,us70006r41,2020-03-14T22:24:37.040Z,"5 km WSW of Mesetas, Colombia",earthquake,5.1,1.7,0.031,333.0,reviewed,us,us,1000000000000.0,3642,14.0,1740.5431382417264,-6106.7855490500115,374.16686362315187,148.8833180370682,359.48007888789004,271.0339531278163,430.241693916953,428.0009071292016,148.8833180370682
2019-12-26 05:03:56.849000+00:00,3.4785,-73.9698,10.0,4.3,mb,,103.0,1.401,0.91,us,us70006xq1,2020-03-14T22:24:36.040Z,"8 km SE of Lejanías, Colombia",earthquake,6.7,2.0,0.201,7.0,reviewed,us,us,177827941003.89227,3642,15.0,1753.315702754594,-6102.397051119048,385.94724635332244,137.51660365683915,355.5899314876198,284.398435795649,415.55728454985797,445.81634662173093,137.51660365683915
2019-12-26 06:27:48.961000+00:00,5.5346,-75.3256,66.06,4.4,mb,,54.0,1.212,0.61,us,us70006r4u,2020-03-14T22:24:35.040Z,"14 km E of Pácora, Colombia",earthquake,5.4,7.5,0.065,69.0,reviewed,us,us,251188643150.95822,3642,16.0,1589.7576463995658,-6070.845387464018,608.0915316142516,166.310733305442,83.81581376856222,267.45085748022734,300.5305805157856,527.2087766727059,83.81581376856222
2019-12-26 10:52:21.267000+00:00,3.3922,-74.0302,10.0,4.4,mb,,79.0,1.472,1.04,us,us70006r6t,2022-08-08T17:42:11.537Z,"1 km ENE of Mesetas, Colombia",earthquake,7.7,1.8,0.077,49.0,reviewed,us,us,251188643150.95822,3642,17.0,1747.0396693324656,-6104.793929935713,376.38340398957416,146.71749033206447,360.6905061768684,277.7699317693106,426.43834083132083,434.8887852368337,146.71749033206447
2019-12-27 03:20:39.716000+00:00,3.4594,-73.9925,10.0,4.6,mb,,78.0,1.414,1.08,us,us70006rer,2020-03-14T22:24:18.040Z,"8 km SSE of Lejanías, Colombia",earthquake,7.5,1.8,0.056,95.0,reviewed,us,us,501187233627.2715,3643,18.0,1750.9332401162587,-6103.214548646467,383.8306421406126,139.45130857587,356.18007463613174,281.8673757574642,418.1983240121532,442.5381836401335,139.45130857587
2020-01-04 13:52:56.648000+00:00,6.7808,-72.9851,164.34,4.7,mb,,95.0,2.337,0.93,us,us70006upb,2020-03-21T17:13:35.040Z,northern Colombia,earthquake,9.8,7.8,0.03,347.0,reviewed,us,us,707945784384.1403,3651,18.0,1803.49119372559,-5893.471909725915,732.8278918175939,259.6744692494876,292.9497615256793,539.7296791112843,40.58823888892412,781.0994120703502,40.58823888892412
2020-01-05 13:47:51.979000+00:00,4.3433,-76.1039,154.34,4.3,mb,,66.0,1.845,0.62,us,us600079ay,2020-03-21T17:13:27.040Z,"6 km SSW of Zarzal, Colombia",earthquake,10.5,6.5,0.07,58.0,reviewed,us,us,177827941003.89227,3652,19.0,1488.717661336624,-6017.38537587331,470.80199516403576,228.90166416828788,219.14951390254402,109.93956884192274,451.72113999641886,371.75075516165344,109.93956884192274
2020-01-12 23:31:10.615000+00:00,6.7526,-73.0103,158.18,4.5,mb,,42.0,2.3,1.26,us,us60007eu4,2020-04-02T21:27:35.040Z,"3 km W of Cepitá, Colombia",earthquake,6.8,3.9,0.078,48.0,reviewed,us,us,354813389233.57605,3660,19.0,1802.7915737291853,-5900.4590813303475,730.5186675488048,255.607666286506,289.6041820664417,535.5553257700332,42.62093975176664,776.9164943312755,42.62093975176664
2020-01-14 17:57:08.678000+00:00,6.8007,-73.0241,157.09,4.8,mb,,49.0,2.332,0.84,us,us70006zqu,2020-04-02T21:28:32.040Z,"7 km NW of Cepitá, Colombia",earthquake,7.3,5.4,0.029,362.0,reviewed,us,us,1000000000000.0,3662,20.0,1801.5066796336062,-5901.33966301285,735.8269858376283,259.68190981207334,289.1926471843628,538.1191851669204,37.060643457065396,780.2263201312026,37.060643457065396
2020-01-17 04:32:04.935000+00:00,2.2118,-79.6665,10.0,4.8,mb,,136.0,2.307,1.08,us,us700071h9,2020-04-08T19:40:16.040Z,"107 km WNW of Tumaco, Colombia",earthquake,2.3,1.8,0.04,199.0,reviewed,us,us,1000000000000.0,3664,21.0,1140.1698723580919,-6253.164510526964,245.49392345434558,680.2379510873333,637.3342312529444,374.4120592488353,907.4127677700249,287.41917490758294,287.41917490758294
2020-01-30 06:33:44.146000+00:00,6.7813,-72.9965,162.56,4.6,mb,,46.0,2.331,1.0,us,us60007jud,2020-04-18T22:09:55.040Z,"3 km NW of Cepitá, Colombia",earthquake,3.8,8.9,0.059,84.0,reviewed,us,us,501187233627.2715,3677,6.0,1802.833562331751,-5895.51479577655,733.0918584392998,259.1421918668849,291.7280766385094,538.8497955957176,40.08221315857782,780.3732054441373,40.08221315857782
2020-02-01 10:26:51.495000+00:00,6.7604,-72.9662,155.42,4.5,mb,,62.0,2.332,0.74,us,us60007m2t,2020-04-18T22:10:09.040Z,"1 km NE of Cepitá, Colombia",earthquake,9.0,9.1,0.036,224.0,reviewed,us,us,354813389233.57605,3679,7.0,1808.106297061328,-5901.595177471817,731.6834808635259,258.6496863883308,294.54970590142517,539.7108154793876,43.48614644262646,780.5900871125327,43.48614644262646
2020-02-09 02:41:12.337000+00:00,6.7729,-72.9888,159.2,4.2,mb,,106.0,2.329,0.77,us,us70007q7d,2020-04-25T22:19:45.040Z,"2 km NW of Cepitá, Colombia",earthquake,4.5,9.6,0.136,15.0,reviewed,us,us,125892541179.41713,3687,6.0,1804.633407335363,-5898.5657399551865,732.5842726649904,258.7067539652699,292.3739189835786,538.8310932366774,41.256148751474754,780.1547946001579,41.256148751474754
2020-02-13 15:29:11.058000+00:00,3.5396,-74.0313,9.29,4.4,mb,,102.0,1.328,0.69,us,us70007tmz,2020-05-02T22:10:27.040Z,"1 km NNW of Lejanías, Colombia",earthquake,8.1,7.4,0.22,6.0,reviewed,us,us,251188643150.95822,3692,6.0,1746.8452535410843,-6104.557643645058,392.76170854053737,130.33230954319095,346.29907862325473,277.7201367225131,410.5549576962337,444.11001703949034,130.33230954319095
2020-02-14 01:29:41.493000+00:00,5.5129,-73.3156,5.06,4.5,mb,,65.0,1.201,0.84,us,us70007pt2,2020-05-02T22:09:47.040Z,"2 km NE of Soracá, Colombia",earthquake,7.0,6.1,0.115,22.0,reviewed,us,us,354813389233.57605,3692,6.0,1819.2059332827275,-6069.732935691287,611.5749711142079,122.35397693719011,263.459735837254,423.8533797431098,179.89120991180033,649.778065784697,122.35397693719011
2020-02-21 10:34:05.457000+00:00,3.4822,-79.3807,10.0,4.8,mb,,145.0,4.276,0.88,us,us70007u3c,2020-05-09T21:41:06.040Z,"149 km NW of Mosquera, Colombia",earthquake,4.2,1.9,0.03,340.0,reviewed,us,us,1000000000000.0,3699,6.0,1170.056352097108,-6240.514177318362,386.3572642072905,604.4154537509551,521.0549112122645,316.1994679990137,802.1703228434774,343.5705317956314,316.1994679990137
2020-02-21 12:35:45.268000+00:00,6.7795,-72.9879,162.22,4.5,mb,,62.0,2.335,0.83,us,us70007u4y,2020-05-09T21:41:07.040Z,"3 km NNW of Cepitá, Colombia",earthquake,5.0,8.8,0.034,260.0,reviewed,us,us,354813389233.57605,3699,7.0,1803.823965658598,-5895.588996475592,732.938315243248,259.40304965467755,292.6178480228858,539.4052312770829,40.60807889283618,780.7958191307146,40.60807889283618
2020-02-22 10:14:30.853000+00:00,6.2994,-72.0945,10.0,4.5,mb,,79.0,2.645,0.6,us,us70007uqn,2020-05-09T21:41:11.040Z,"27 km NE of Sácama, Colombia",earthquake,8.4,1.9,0.074,53.0,reviewed,us,us,354813389233.57605,3700,8.0,1943.8683217151843,-6016.357496082993,697.9537428498971,281.25201665689787,385.4310368305119,584.7515643643654,145.61788545003841,806.7022529751479,145.61788545003841
2020-02-26 17:14:43.506000+00:00,2.6379,-79.6043,10.0,4.5,mb,,149.0,2.648,1.29,us,us600084nf,2020-05-19T22:13:58.040Z,"124 km WNW of Salahonda, Colombia",earthquake,9.6,1.8,0.066,67.0,reviewed,us,us,354813389233.57605,3705,9.0,1146.5964487594215,-6249.954462147434,292.75724547081126,655.7089949323516,599.7133128066009,352.93379623241435,873.9113241171758,302.881477528162,302.881477528162
2020-02-27 00:49:48.476000+00:00,5.183,-73.5712,155.06,4.1,mb,,80.0,0.819,0.84,us,us600089jg,2020-05-19T22:14:27.040Z,"4 km SE of Villapinzón, Colombia",earthquake,7.2,7.9,0.213,6.0,reviewed,us,us,89125093813.3744,3705,10.0,1750.82659372691,-5937.777399762563,561.5299396893822,76.37865912234476,251.75475845995103,380.568070311899,220.94185180009893,603.6471148784325,76.37865912234476
2020-02-28 04:48:30.169000+00:00,6.699,-72.9774,158.91,4.2,mb,,47.0,2.276,1.06,us,us600085uj,2020-05-19T22:14:04.040Z,"4 km E of Aratoca, Colombia",earthquake,7.4,7.8,0.078,46.0,reviewed,us,us,125892541179.41713,3706,11.0,1806.1664244381639,-5899.3805450575655,724.6614381409847,252.06070689605295,292.0944495107684,534.1806734456127,49.410922957874966,774.4544932090039,49.410922957874966
2020-02-29 08:06:10.519000+00:00,5.8438,-77.6307,10.0,4.7,mb,,106.0,3.441,0.81,us,us600086tp,2022-08-08T18:32:52.925Z,"42 km WNW of Nuquí, Colombia",earthquake,7.2,1.9,0.081,46.0,reviewed,us,us,707945784384.1403,3707,11.0,1355.52118303512,-6181.053639813629,647.6567177832411,413.65832064600187,230.95858083000178,292.5432425111195,517.8510804703443,516.3138848603346,230.95858083000178
2020-02-29 11:18:59.323000+00:00,5.8029,-77.6217,10.0,4.3,mb,,106.0,3.421,1.21,us,us60008ad2,2020-05-19T22:14:29.040Z,"40 km WNW of Nuquí, Colombia",earthquake,5.2,1.9,0.188,8.0,reviewed,us,us,177827941003.89227,3707,12.0,1356.5908443942897,-6181.290639652392,643.1394164963816,411.35682839554914,230.9138981322605,287.9961623552749,518.1798268848307,511.70433689605215,230.9138981322605
2020-03-06 02:38:56.633000+00:00,6.7766,-72.9332,160.52,4.6,mb,,38.0,2.364,1.36,us,us60008ask,2020-05-23T22:03:27.040Z,"5 km ENE of Cepitá, Colombia",earthquake,7.7,5.6,0.098,31.0,reviewed,us,us,501187233627.2715,3713,12.0,1809.9579592827295,-5895.51344817052,732.8268543589525,261.9734783381157,298.4738270522451,543.6095876234556,43.46967214181379,784.2545785662038,43.46967214181379
2020-03-15 18:33:38.048000+00:00,0.362,-69.0619,12.64,4.4,mb,,59.0,6.886,1.24,us,us60008g51,2020-05-30T22:17:11.040Z,"163 km SE of Mitú, Colombia",earthquake,8.0,5.1,0.103,30.0,reviewed,us,us,251188643150.95822,3723,10.0,2272.1727021950487,-5938.380189616203,40.1724354934453,737.203137295842,975.24167817369,898.3600261011983,875.985285076372,918.7314449473172,737.203137295842
2020-03-17 02:54:47.709000+00:00,6.7596,-72.9509,156.88,4.3,mb,,46.0,2.34,0.52,us,us70008gxz,2020-05-30T22:17:25.040Z,"2 km ENE of Cepitá, Colombia",earthquake,6.1,6.4,0.16,11.0,reviewed,us,us,177827941003.89227,3724,11.0,1809.2600789184314,-5899.735769603684,731.4254508088299,259.376566527746,296.19081602458374,540.8913407840669,44.26457319589218,781.5610416895579,44.26457319589218
2020-03-17 12:52:38.636000+00:00,5.9215,-73.5391,135.52,4.1,mb,,122.0,1.323,0.4,us,us70008gya,2020-05-30T22:17:25.040Z,"3 km WSW of Togüí, Colombia",earthquake,11.9,6.1,0.112,22.0,reviewed,us,us,89125093813.3744,3724,12.0,1757.463756918351,-5948.000694233885,643.2882051706208,146.96880838603042,228.62566937732169,430.60786998986794,140.90952745636093,668.1391110392061,140.90952745636093
2020-03-28 05:55:09.624000+00:00,6.7999,-73.0549,155.01,4.9,mb,,75.0,2.315,1.22,us,us70008hq3,2020-06-13T18:44:38.040Z,"8 km NNE of Jordán, Colombia",earthquake,8.8,7.2,0.077,53.0,reviewed,us,us,1412537544622.7554,3735,8.0,1798.9390438391536,-5904.2927578240715,735.9871103200737,258.09864275307115,285.85074831706186,535.6007860690905,36.2955122060256,778.094244113107,36.2955122060256
2020-03-30 21:32:15.092000+00:00,6.737,-72.9452,161.04,4.2,mb,,108.0,2.325,0.66,us,us70008mnx,2020-06-13T18:44:38.040Z,"3 km ESE of Cepitá, Colombia",earthquake,9.9,7.6,0.141,14.0,reviewed,us,us,125892541179.41713,3738,6.0,1808.7198259365234,-5895.881507497861,728.5032892231224,257.47837847021935,296.34021546908605,539.6556502516491,46.807780650301204,779.9741507588573,46.807780650301204
2020-03-31 14:16:28.847000+00:00,6.6873,-72.9791,162.39,4.2,mb,,77.0,2.265,0.4,us,us70008mt2,2020-06-13T18:44:38.040Z,"4 km E of Aratoca, Colombia",earthquake,8.7,8.6,0.096,30.0,reviewed,us,us,125892541179.41713,3738,7.0,1805.022927271674,-5896.2705761444895,722.9963049810972,250.83043230849088,291.69020998390477,533.1660725503618,50.584154419648115,773.3165456456688,50.584154419648115
2020-04-02 03:15:51.206000+00:00,5.724,-76.0317,86.86,4.8,mww,,37.0,1.914,0.96,us,us70008l6q,2020-06-21T00:54:37.040Z,"6 km WSW of Betania, Colombia",earthquake,7.6,4.9,0.093,11.0,reviewed,us,us,1000000000000.0,3740,8.0,1509.3338504601115,-6067.907442412807,626.7584365339875,244.4857921645693,76.34089075252676,258.6917699941916,356.9138170739963,520.3421401612286,76.34089075252676
2020-04-03 18:52:47.964000+00:00,5.0023,-76.3416,134.53,4.0,mb,,92.0,2.019,1.0,us,us70008rr0,2020-06-21T00:54:52.040Z,"16 km NW of San José del Palmar, Colombia",earthquake,7.8,15.3,0.183,8.0,reviewed,us,us,63095734448.019424,3742,9.0,1467.0254259625565,-6037.026007388358,543.7935698369089,253.52811552609424,161.70927241509787,173.71777601253947,426.7084669232786,434.00207117543357,161.70927241509787
2020-04-07 03:29:53.210000+00:00,6.8873,-72.9804,151.53,4.5,mb,,128.0,2.428,0.67,us,us70008qd0,2020-06-21T00:55:14.040Z,"13 km SE of Piedecuesta, Colombia",earthquake,15.1,11.3,0.065,69.0,reviewed,us,us,354813389233.57605,3745,9.0,1807.2952279283325,-5904.171854952934,745.8188434124708,270.45240395320064,296.0628993542212,548.2667666944348,30.20170352524853,790.8085788731927,30.20170352524853
2020-04-07 12:40:45.551000+00:00,6.7669,-73.0082,166.43,4.0,mb,,64.0,2.313,0.89,us,us70008wmh,2020-06-21T00:55:17.040Z,"3 km WNW of Cepitá, Colombia",earthquake,10.1,6.6,0.15,12.0,reviewed,us,us,63095734448.019424,3745,10.0,1800.5603557400725,-5892.383555955026,731.0863969107738,257.1264774563984,290.14205102386796,536.811881637043,41.17282364885849,778.3162744179497,41.17282364885849
2020-04-10 01:11:56.787000+00:00,6.7079,-72.9393,167.78,4.1,mb,,91.0,2.305,0.61,us,us70008ydx,2020-06-30T14:03:12.040Z,"6 km SE of Cepitá, Colombia",earthquake,11.1,9.4,0.131,16.0,reviewed,us,us,89125093813.3744,3748,11.0,1807.4713839944081,-5889.648887208158,724.5837079655018,254.97392706533918,296.40926082315457,537.9608894341276,50.02511421243949,777.8400148945473,50.02511421243949
2020-04-11 03:34:46.771000+00:00,6.5113,-73.991,59.28,4.3,mb,,122.0,1.687,0.63,us,us70008yja,2020-06-30T14:03:13.040Z,"17 km SSE of Puerto Parra, Colombia",earthquake,10.2,4.3,0.169,10.0,reviewed,us,us,177827941003.89227,3749,12.0,1729.4704657618688,-6027.806574709164,715.7437840110107,200.38528614791406,178.21978618095997,441.5460240611941,117.30849177227192,692.9279230685958,117.30849177227192
2020-04-12 02:41:46.006000+00:00,6.7502,-72.9651,163.67,4.6,mb,,62.0,2.324,1.28,us,us70008uic,2020-06-30T14:03:00.040Z,"1 km ESE of Cepitá, Colombia",earthquake,7.0,8.2,0.03,327.0,reviewed,us,us,501187233627.2715,3750,13.0,1805.857611738681,-5893.851547818801,729.6149308363838,257.70933276520276,294.452992437162,539.0300884166726,44.576602293563596,779.7713330691172,44.576602293563596
2020-04-12 12:31:13.698000+00:00,7.3954,-77.1263,47.51,4.8,mb,,90.0,3.208,0.72,us,us70008uu4,2020-06-30T14:03:02.040Z,"5 km S of Riosucio, Colombia",earthquake,9.1,8.4,0.071,62.0,reviewed,us,us,1000000000000.0,3750,14.0,1397.1705124941586,-6113.260295468326,813.9342104662483,450.69818845316456,213.27544513047454,443.4357443238087,442.67755878931797,687.5988558069862,213.27544513047454
2020-04-12 13:02:43.272000+00:00,8.8577,-72.4176,124.49,4.4,mb,,100.0,4.411,0.56,us,us70008ym1,2020-06-30T14:03:14.040Z,"42 km NE of Tibú, Colombia",earthquake,7.6,7.7,0.138,15.0,reviewed,us,us,251188643150.95822,3750,15.0,1864.4236384923247,-5883.678149496991,961.8435992731394,495.947563072313,453.9162153063915,753.7235425317218,208.31053019194437,1006.1015398274297,208.31053019194437
2020-04-13 20:44:19.546000+00:00,4.0085,-76.2402,156.54,4.6,mb,,115.0,2.086,0.93,us,us700090hk,2020-06-30T14:03:17.040Z,"2 km NW of San Pedro, Colombia",earthquake,8.1,4.9,0.122,20.0,reviewed,us,us,501187233627.2715,3752,16.0,1474.505979208069,-6021.347505055307,434.4184989660182,252.75604254518612,259.08924331914733,69.87818746600627,488.52509980913163,331.5860765199757,69.87818746600627
2020-04-15 10:59:28.999000+00:00,9.0335,-74.4338,53.0,5.7,mww,,20.0,4.162,0.99,us,us70008wpb,2025-12-22T18:32:37.495Z,"13 km NNE of Pinillos, Colombia",earthquake,7.3,1.9,0.04,59.0,reviewed,us,us,22387211385683.47,3753,16.0,1674.4162009963468,-6010.772639311195,992.0013429168833,482.29504719151066,334.938394383231,662.5615377996058,257.17170726472045,924.8617173154657,257.17170726472045
2020-04-17 04:49:45.028000+00:00,9.06,-74.3237,47.34,4.5,mb,,33.0,4.187,0.94,us,us70008y5u,2020-07-09T14:31:17.040Z,"12 km SSW of Margarita, Colombia",earthquake,7.7,6.8,0.099,30.0,reviewed,us,us,354813389233.57605,3755,15.0,1687.3495600968029,-6012.483064489425,995.7784175553256,484.3833067439291,342.3949297382675,669.6560736165117,253.075586505439,931.8386043986335,253.075586505439
2020-04-18 13:41:40.467000+00:00,6.7158,-72.9119,163.06,4.4,mb,,62.0,2.328,0.81,us,us70008zdr,2020-07-09T14:31:25.040Z,"8 km ESE of Cepitá, Colombia",earthquake,3.2,10.4,0.053,103.0,reviewed,us,us,251188643150.95822,3756,16.0,1811.6357692966149,-5893.168966920109,725.9851309323285,257.23802076670296,299.5410843948804,540.7960525177488,50.54223495844125,780.4109080586272,50.54223495844125
2020-04-25 15:30:54.918000+00:00,5.0458,-72.6728,50.13,4.7,mb,,56.0,1.654,1.06,us,us60009c8u,2020-07-11T22:19:05.040Z,"8 km ENE of Tauramena, Colombia",earthquake,8.5,8.2,0.113,24.0,reviewed,us,us,707945784384.1403,3764,17.0,1875.2373045372651,-6010.642286358013,555.9333719221487,159.4383485609117,348.3220373111608,463.1926110802348,235.86740194389196,665.7863929381816,159.4383485609117
2020-04-26 03:29:34.006000+00:00,4.8926,-72.7887,47.73,4.4,mb,,57.0,1.527,1.0,us,us700097nv,2020-07-11T22:19:27.040Z,"11 km E of Monterrey, Colombia",earthquake,5.3,6.9,0.112,23.0,reviewed,us,us,251188643150.95822,3764,18.0,1864.2156763601713,-6018.105873134898,539.3005698608588,143.63314021399955,343.64580449154516,444.97199066972456,250.33712804148553,645.0498479304417,143.63314021399955
2020-04-30 06:47:37.916000+00:00,7.0761,-73.0361,156.35,4.3,mb,,55.0,2.558,0.78,us,us700097ct,2020-07-18T21:57:05.040Z,"5 km ENE of Floridablanca, Colombia",earthquake,8.1,5.0,0.074,52.0,reviewed,us,us,177827941003.89227,3768,17.0,1799.4321941243911,-5898.968127914183,765.5673890006833,286.86398983450874,295.91911755004224,558.7617318461764,10.695137205391296,803.9851425140818,10.695137205391296
2020-05-04 20:52:42.904000+00:00,2.6532,-79.7195,10.0,4.6,mb,,135.0,2.714,1.23,us,us70009a3g,2020-07-18T21:57:34.040Z,"136 km WNW of Salahonda, Colombia",earthquake,7.4,1.8,0.041,175.0,reviewed,us,us,501187233627.2715,3773,15.0,1134.013868169683,-6252.170052145841,294.45404709309605,667.100690582765,608.1463137187628,364.8925030972827,883.4601611810074,314.726047328643,314.726047328643
2020-05-05 16:28:11.641000+00:00,6.8361,-73.0526,153.61,4.7,mb,,104.0,2.346,0.85,us,us70009ese,2020-07-18T21:57:48.040Z,"12 km NNE of Jordán, Colombia",earthquake,10.7,6.0,0.318,3.0,reviewed,us,us,707945784384.1403,3774,16.0,1799.4453411303277,-5905.104232109649,740.0532982867327,261.8348977077935,286.98513204627176,538.5801105805187,32.42694928386673,781.4566952037272,32.42694928386673
2020-05-06 04:42:13.846000+00:00,6.8426,-73.0651,150.7,4.0,mb,,90.0,2.345,0.53,us,us70009fec,2020-07-29T22:14:08.040Z,"12 km NNE of Jordán, Colombia",earthquake,9.4,8.2,0.144,13.0,reviewed,us,us,63095734448.019424,3774,17.0,1798.9741392706994,-5908.180299115886,741.100323420644,261.89591001054384,285.80684763541694,538.0955003166179,31.41756209071858,781.2035767698362,31.41756209071858
2020-05-10 23:10:00.210000+00:00,2.4112,-77.3265,92.49,4.5,mb,,82.0,2.434,0.69,us,us70009du7,2020-07-29T22:14:29.040Z,"19 km NNW of Argelia, Colombia",earthquake,8.2,6.7,0.049,121.0,reviewed,us,us,354813389233.57605,3779,15.0,1376.2540218041738,-6120.117743859836,264.1429326327532,442.520809468325,468.06943138567857,145.4909907557194,700.6696207881284,133.2625980940746,133.2625980940746
2020-05-12 06:48:40.445000+00:00,6.7365,-73.0246,156.4,4.4,mb,,62.0,2.279,0.81,us,us70009el5,2020-07-29T22:14:38.040Z,"4 km N of Aratoca, Colombia",earthquake,8.1,6.4,0.039,189.0,reviewed,us,us,251188643150.95822,3780,14.0,1801.8948325705574,-5902.7956318667175,728.9937590752952,253.29207945393833,287.7133895816415,533.1791967389154,43.92120736151062,774.5342762093326,43.92120736151062
2020-05-14 18:40:54.018000+00:00,6.9785,-73.1839,149.86,4.2,mb,,126.0,2.402,1.04,us,us70009mjb,2020-08-02T00:31:59.040Z,"10 km S of Girón, Colombia",earthquake,10.6,8.9,0.303,3.0,reviewed,us,us,125892541179.41713,3783,12.0,1786.44760657567,-5910.996525920237,755.849137803931,270.59849870604376,277.09566505261154,539.639875677876,17.050818115348516,785.6464499872042,17.050818115348516
2020-05-16 19:36:30.779000+00:00,6.705,-72.9513,161.75,4.5,mb,,82.0,2.296,0.89,us,us70009ic3,2020-08-02T00:29:56.040Z,"6 km SSE of Cepitá, Colombia",earthquake,4.1,6.4,0.076,50.0,reviewed,us,us,354813389233.57605,3785,12.0,1808.00437976503,-5895.787956305789,724.9759303108503,254.04263362142268,295.0484089355051,536.7621442265541,49.80202449737191,776.7642492779618,49.80202449737191
2020-05-19 07:19:00.003000+00:00,5.913,-77.5001,10.0,5.0,mww,,51.0,3.338,1.44,us,us70009kin,2025-12-22T18:34:28.908Z,"33 km NW of Nuquí, Colombia",earthquake,3.8,1.8,0.093,11.0,reviewed,us,us,1995262314968.8828,3787,11.0,1369.4364423858187,-6177.179626917899,655.2989295398763,402.37819169823143,215.34433180850536,293.96952831360994,501.8473991504308,523.114035843463,215.34433180850536
2020-05-19 15:04:29.237000+00:00,6.7759,-72.954,163.78,4.2,mb,,59.0,2.351,0.44,us,us6000a01z,2020-08-02T00:28:09.040Z,"3 km NE of Cepitá, Colombia",earthquake,6.1,5.6,0.073,52.0,reviewed,us,us,125892541179.41713,3788,12.0,1806.8712656523378,-5893.083668165567,732.366873745786,260.80606218711245,296.2065633630625,541.8703844658922,42.48268326017724,782.7776128903638,42.48268326017724
2020-05-24 12:22:03.507000+00:00,2.7483,-76.5659,10.0,4.5,mb,,83.0,3.125,1.15,us,us70009pgm,2020-08-08T18:17:55.040Z,"6 km E of Morales, Colombia",earthquake,9.4,1.9,0.061,79.0,reviewed,us,us,354813389233.57605,3792,13.0,1476.1310963814124,-6179.8327459465245,305.00035807003394,352.40718558249546,403.75683631479023,78.29392034890718,617.7847562462463,188.25052369566947,78.29392034890718
2020-05-28 08:52:53.546000+00:00,6.7503,-72.9388,155.03,4.2,mb,,62.0,2.339,1.1,us,us6000a5zr,2020-08-15T20:19:42.040Z,"3 km E of Cepitá, Colombia",earthquake,8.1,7.7,0.159,11.0,reviewed,us,us,125892541179.41713,3796,12.0,1811.079796049054,-5901.223294023158,730.6412576096428,259.1144567150656,297.30767228630157,541.1754119979483,45.77762509019398,781.5732237648142,45.77762509019398
2020-06-09 06:18:28.889000+00:00,6.9545,-73.162,138.61,4.2,mb,,156.0,2.392,0.74,us,us6000acxc,2020-08-18T17:59:09.040Z,"12 km S of Girón, Colombia",earthquake,12.4,20.2,0.265,4.0,reviewed,us,us,125892541179.41713,3808,9.0,1792.0331473276078,-5921.304245926498,754.6246339418907,269.01157376639634,278.64628852386284,539.3835160673133,18.831164884345895,784.8855735162067,18.831164884345895
2020-06-22 20:02:31.296000+00:00,6.8021,-72.998,151.78,4.2,mb,,105.0,2.348,0.79,us,us7000acbg,2020-08-30T00:01:24.040Z,"5 km NNW of Cepitá, Colombia",earthquake,8.3,10.5,0.374,2.0,reviewed,us,us,125892541179.41713,3822,4.0,1805.7312195367485,-5905.543394535527,736.6066701083666,261.12234901453814,292.04253220509656,540.3161343002763,37.86142516187611,782.1038095782782,37.86142516187611
2020-07-06 11:38:06.518000+00:00,6.9035,-73.1327,152.47,4.2,mb,,71.0,2.362,0.59,us,us7000alf4,2020-09-11T22:14:20.040Z,"13 km SW of Piedecuesta, Colombia",earthquake,7.2,9.4,0.083,40.0,reviewed,us,us,125892541179.41713,3835,3.0,1791.262739443355,-5907.859949839053,747.4516521284794,265.0170509819463,280.22827771678095,537.5808622965866,24.021231269652077,782.1964713521509,24.021231269652077
2020-07-09 03:22:51.274000+00:00,6.786,-72.9901,156.01,4.9,mb,,41.0,2.339,1.02,us,us7000akj8,2020-09-19T20:57:59.040Z,"3 km NNW of Cepitá, Colombia",earthquake,3.2,6.0,0.022,655.0,reviewed,us,us,1412537544622.7554,3838,4.0,1805.3771817886113,-5901.4754414331155,734.3715311331335,259.9316189492861,292.52604112227857,539.722651252373,39.846583804419275,781.2188358142982,39.846583804419275
2020-07-09 20:10:56.738000+00:00,6.7795,-73.0182,156.12,4.3,mb,,59.0,2.318,0.79,us,us7000apit,2020-09-19T20:58:26.040Z,"5 km WNW of Cepitá, Colombia",earthquake,9.6,7.2,0.092,34.0,reviewed,us,us,177827941003.89227,3839,4.0,1802.4750780806257,-5902.33532946692,733.6584122225231,257.8702068176214,289.3411890635269,536.9689301261942,39.50541403794542,778.7520765796452,39.50541403794542
2020-07-11 20:26:43.599000+00:00,6.829,-73.079,151.9,4.6,mb,,48.0,2.326,0.87,us,us7000am18,2020-09-19T20:58:09.040Z,"10 km N of Jordán, Colombia",earthquake,3.2,6.7,0.065,73.0,reviewed,us,us,501187233627.2715,3841,5.0,1797.2451205025238,-5907.644783207116,739.4916512548438,259.87490036867894,283.9673437935607,535.9410007127025,32.638243705918356,779.0727023309626,32.638243705918356
2020-07-12 13:36:56.060000+00:00,6.8703,-73.0943,156.06,4.2,mb,,124.0,2.353,0.75,us,us7000aqeq,2020-09-19T20:58:31.040Z,"13 km SSW of Piedecuesta, Colombia",earthquake,9.5,6.8,0.098,29.0,reviewed,us,us,125892541179.41713,3841,6.0,1794.3110021541997,-5903.661316100653,743.4448842551133,263.3423838436399,283.40410112380624,537.9590940899193,27.86439194703724,781.7409386135294,27.86439194703724
2020-07-13 01:41:21.084000+00:00,6.8861,-73.1059,151.07,4.2,mb,,155.0,2.36,0.82,us,us7000arnz,2020-09-19T20:58:32.040Z,"12 km SSW of Piedecuesta, Colombia",earthquake,12.2,10.5,0.096,30.0,reviewed,us,us,125892541179.41713,3842,7.0,1794.4957266681502,-5908.568284401655,745.7446750950588,264.42328630809925,282.59647455408935,538.2923225200614,25.996861271365646,782.3902876247386,25.996861271365646
2020-07-19 19:26:04.780000+00:00,6.8045,-72.9999,160.01,4.6,mb,,59.0,2.349,1.25,us,us7000arb0,2020-09-26T16:58:39.040Z,"6 km NNW of Cepitá, Colombia",earthquake,8.4,6.3,0.028,378.0,reviewed,us,us,501187233627.2715,3849,8.0,1803.1370767145675,-5897.7588131670445,735.8902393616195,261.2643967383257,291.8935919381059,540.3472777952445,37.536695189169954,782.1874723035165,37.536695189169954
2020-07-21 21:40:11.185000+00:00,6.9523,-72.8355,173.3,4.6,mb,,47.0,2.562,1.11,us,us7000asp1,2020-09-26T16:58:44.040Z,"8 km NNE of Guaca, Colombia",earthquake,8.2,6.4,0.028,385.0,reviewed,us,us,501187233627.2715,3851,9.0,1815.5926669164699,-5878.122690364324,750.1881063194928,284.2899782032339,313.3372961697626,564.8256627980791,36.733933034969404,806.290522014933,36.733933034969404
2020-07-22 03:16:36.285000+00:00,11.0149,-72.4162,98.7,5.1,mww,,35.0,2.75,0.89,us,us7000assn,2025-12-22T18:38:29.657Z,"25 km SE of Albania, Colombia",earthquake,7.9,4.1,0.047,44.0,reviewed,us,us,2818382931264.449,3851,10.0,1859.956074215637,-5869.081566667482,1198.4123897024515,724.2791348441925,634.3490229413997,955.5602229389638,440.06006396002994,1215.0558796708933,440.06006396002994
2020-07-22 19:21:57.282000+00:00,6.7749,-73.0218,152.11,4.6,mb,,41.0,2.312,0.81,us,us6000b257,2020-10-03T17:32:15.040Z,"5 km WNW of Cepitá, Colombia",earthquake,7.8,6.0,0.029,362.0,reviewed,us,us,501187233627.2715,3852,11.0,1803.284188820779,-5906.313333895255,733.6359916880589,257.2341608946933,288.848345030266,536.3286997121174,39.88213371702315,778.1042900835668,39.88213371702315
2020-07-25 10:48:02.425000+00:00,2.7258,-79.5197,10.0,4.6,mb,,140.0,2.692,0.73,us,us6000b3ya,2020-10-03T17:32:22.040Z,"121 km WNW of Mosquera, Colombia",earthquake,8.0,1.8,0.04,189.0,reviewed,us,us,501187233627.2715,3854,11.0,1155.7405006023691,-6247.805652360161,302.5052488863695,643.4859289917639,586.1891878606095,341.408183141867,860.6119040529815,300.2647285040012,300.2647285040012
2020-07-29 08:04:19.082000+00:00,6.8524,-73.0498,153.81,4.3,mb,,104.0,2.361,0.7,us,us6000b97s,2020-10-10T17:11:14.040Z,"13 km NW of Cepitá, Colombia",earthquake,7.5,9.8,0.109,24.0,reviewed,us,us,177827941003.89227,3858,12.0,1799.6145724349597,-5904.624712740885,741.7856081573428,263.6037723472181,287.7023492676044,540.0655439593129,30.749246964980188,783.089957625394,30.749246964980188
2020-08-03 04:28:34.203000+00:00,6.7679,-72.9421,158.46,4.3,mb,,107.0,2.352,1.19,us,us6000bakj,2020-10-10T17:11:19.040Z,"3 km ENE of Cepitá, Colombia",earthquake,8.7,7.2,0.093,33.0,reviewed,us,us,177827941003.89227,3863,13.0,1809.674847711398,-5897.856492524076,732.1331782895315,260.65255564145576,297.3217048690515,542.2313368732727,43.865169384717916,782.8868852621631,43.865169384717916
2020-08-11 20:57:08.383000+00:00,6.7127,-72.9893,154.38,4.3,mb,,107.0,2.28,1.03,us,us6000bg1q,2020-10-21T22:04:15.040Z,"3 km ENE of Aratoca, Colombia",earthquake,7.8,5.8,0.108,25.0,reviewed,us,us,177827941003.89227,3872,9.0,1806.2065434531146,-5903.891803779263,726.6661654812298,252.77038522211677,291.0645308130927,534.2396844141058,47.54945420586899,774.8406937477598,47.54945420586899
2020-08-14 02:34:37.500000+00:00,4.2369,-73.6232,10.0,4.4,mb,,73.0,0.921,0.97,us,us6000beig,2021-01-23T21:56:25.260Z,"7 km WSW of Restrepo, Colombia",earthquake,5.3,1.8,0.108,25.0,reviewed,us,us,251188643150.95822,3874,9.0,1788.6015217749687,-6086.244251737723,469.9537259069106,72.49488578562575,311.15973136131487,334.31858816251406,325.2565454187263,527.2937708216821,72.49488578562575
2020-08-15 04:34:02.238000+00:00,6.7784,-73.0629,158.9,4.3,mb,,92.0,2.292,0.92,us,us6000bhqf,2020-10-24T20:09:08.040Z,"6 km NE of Jordán, Colombia",earthquake,9.9,10.4,0.142,14.0,reviewed,us,us,177827941003.89227,3875,10.0,1797.0696409106536,-5901.112400381856,733.211806899445,255.56237481030396,284.4850527338428,533.3084165718184,38.4767380431105,775.6564401409528,38.4767380431105
2020-08-15 17:34:12.687000+00:00,6.7766,-73.0629,155.66,4.3,mb,,98.0,2.291,0.82,us,us6000bhr5,2020-10-24T20:09:09.040Z,"6 km NE of Jordán, Colombia",earthquake,8.9,8.9,0.122,19.0,reviewed,us,us,177827941003.89227,3876,11.0,1798.0136385765375,-5904.2122448204145,733.4003267012166,255.38243125025886,284.44382350170105,533.1700363893282,38.67393921106015,775.497163024167,38.67393921106015
2020-08-20 01:16:24.711000+00:00,5.2484,-78.5237,10.0,5.3,mww,,119.0,4.105,0.62,us,us6000bhhp,2025-12-22T18:40:45.361Z,"132 km WNW of Pizarro, Colombia",earthquake,3.4,1.8,0.047,43.0,reviewed,us,us,5623413251903.491,3880,11.0,1260.294906548572,-6207.689664973424,581.8649086427782,496.7315909564686,343.8582440384176,297.7908581312402,632.2454599718897,469.3706117973842,297.7908581312402
2020-08-22 22:38:23.371000+00:00,6.7594,-72.948,160.93,4.0,mb,,61.0,2.341,1.05,us,us7000be93,2020-10-31T19:06:34.040Z,"2 km E of Cepitá, Colombia",earthquake,7.4,7.2,0.156,11.0,reviewed,us,us,63095734448.019424,3883,9.0,1808.380072722879,-5895.801583398956,730.9272239212055,259.5106423769002,296.50091682354844,541.1117667721234,44.422684978969336,781.7411276869452,44.422684978969336
2020-09-03 03:23:38.808000+00:00,8.2139,-76.9417,43.48,4.5,mb,,85.0,3.015,0.64,us,us7000bh09,2020-11-17T19:44:24.040Z,"25 km NE of Unguía, Colombia",earthquake,7.5,4.5,0.048,129.0,reviewed,us,us,354813389233.57605,3894,7.0,1414.9889906226788,-6100.662854526096,904.0067711151983,502.2017052706851,265.50171234999243,531.4782873910018,438.0964301775451,779.3048599741957,265.50171234999243
2020-09-04 04:58:19.712000+00:00,6.7707,-73.026,157.95,4.4,mb,,41.0,2.306,0.98,us,us7000bhmn,2020-11-17T19:44:33.040Z,"5 km WNW of Cepitá, Colombia",earthquake,7.7,5.8,0.052,105.0,reviewed,us,us,251188643150.95822,3895,8.0,1801.1738976142872,-5900.950285711301,732.4947908460979,256.60790174523197,288.30011581941955,535.670869330776,40.205247499259094,777.4513882579415,40.205247499259094
2020-09-06 12:11:41.640000+00:00,5.9644,-77.4663,10.66,4.4,mb,,109.0,3.322,0.84,us,us7000bix1,2020-11-17T19:44:46.040Z,"29 km SSW of Bahía Solano, Colombia",earthquake,8.6,5.6,0.104,27.0,reviewed,us,us,251188643150.95822,3897,9.0,1372.8096718659738,-6175.153565174992,660.9061710544308,400.78656226395617,210.73405405310154,297.9745573514691,496.7190219879741,528.6642951442074,210.73405405310154
2020-09-13 06:02:15.916000+00:00,6.8111,-73.0107,153.1,4.4,mb,,60.0,2.348,0.6,us,us7000bpfk,2020-11-21T20:10:46.040Z,"7 km NNW of Cepitá, Colombia",earthquake,7.3,8.7,0.088,37.0,reviewed,us,us,251188643150.95822,3904,8.0,1804.005367636795,-5904.579287759259,737.4201503227223,261.37926827496835,290.88437901639134,539.9880766991191,36.43169750230919,782.0438544208803,36.43169750230919
2020-09-19 12:42:26.715000+00:00,6.7621,-72.9752,164.54,4.1,mb,,76.0,2.328,0.31,us,us6000c0hz,2020-11-28T21:31:54.040Z,"0 km N of Cepitá, Colombia",earthquake,9.6,12.1,0.184,8.0,reviewed,us,us,89125093813.3744,3910,6.0,1804.5212675882362,-5893.198678280188,730.7927645635247,258.346963577529,293.61105498434864,539.1107045342345,42.92618400162551,780.1279399708594,42.92618400162551
2020-09-21 14:59:54.325000+00:00,4.4655,-78.4196,10.0,4.7,mb,,67.0,4.102,0.95,us,us7000bqrk,2020-11-28T21:32:01.040Z,"119 km W of Santa Genoveva de Docordó, Colombia",earthquake,4.9,1.8,0.048,132.0,reviewed,us,us,707945784384.1403,3913,7.0,1273.0487877525975,-6212.598932280425,495.2598213359962,482.6422328602632,371.28864955091234,237.81033251677462,656.0378264001714,383.0581313256193,237.81033251677462
2020-09-27 14:21:58.605000+00:00,6.6236,-72.7907,171.49,4.2,mb,,177.0,2.332,0.39,us,us6000c40q,2020-12-05T21:03:10.040Z,"5 km SSE of Molagavita, Colombia",earthquake,11.0,10.7,0.078,46.0,reviewed,us,us,125892541179.41713,3918,7.0,1821.9635590739447,-5882.433040128397,715.0905941993622,255.59977244858558,311.2069355909964,544.1434198843613,66.19265081926127,780.9213447599675,66.19265081926127
2020-09-28 22:59:45.625000+00:00,5.1128,-76.7076,78.11,4.6,mb,,55.0,2.392,1.17,us,us6000c4r3,2020-12-05T21:03:11.040Z,"5 km SSW of Istmina, Colombia",earthquake,7.9,8.6,0.114,23.0,reviewed,us,us,501187233627.2715,3920,8.0,1441.1085307474034,-6099.93209290413,560.802297307442,295.3757238105619,177.08917697470486,185.74035610312734,454.8168577410226,438.2199493726282,177.08917697470486
2020-09-29 22:05:39.109000+00:00,4.0316,-71.4695,25.25,4.4,mb,,62.0,2.955,0.75,us,us6000c2xu,2020-12-05T21:03:08.040Z,"74 km ESE of Puerto Gaitán, Colombia",earthquake,8.3,4.9,0.072,56.0,reviewed,us,us,251188643150.95822,3921,9.0,2011.748609093407,-6001.863228675514,446.14838404220956,298.2776456118889,517.5511715160608,565.4114437229964,389.0311047119422,717.514982348085,298.2776456118889
2020-10-04 21:32:02.527000+00:00,4.0701,-71.3508,16.69,4.6,mb,,50.0,2.501,0.61,us,us6000c5jq,2020-12-12T22:28:39.040Z,"79 km S of Orocué, Colombia",earthquake,3.1,4.2,0.098,31.0,reviewed,us,us,501187233627.2715,3926,8.0,2026.8124099896975,-6005.487291935577,451.00933162413867,310.0073817062574,527.1642168310817,578.9779972197272,391.6627576523645,731.23621927444,310.0073817062574
2020-10-05 06:54:22.066000+00:00,6.8449,-73.0339,148.35,4.2,mb,,99.0,0.947,0.96,us,us6000c71t,2020-12-12T22:28:49.040Z,"11 km NNW of Cepitá, Colombia",earthquake,9.3,8.6,0.124,18.0,reviewed,us,us,125892541179.41713,3926,9.0,1802.8633024462888,-5909.403046730519,741.6283209833074,263.6125868034905,289.2182258660568,540.7434911488671,32.047347049408486,783.4822988556942,32.047347049408486
2020-10-11 13:15:04.213000+00:00,6.7857,-72.9701,153.14,4.8,mb,,59.0,2.35,0.82,us,us6000c8ij,2020-12-19T17:22:54.040Z,"3 km N of Cepitá, Colombia",earthquake,5.1,7.8,0.109,26.0,reviewed,us,us,1000000000000.0,3932,9.0,1808.272852413716,-5903.5734965116735,734.6783256014071,260.9284513914577,294.68181482884444,541.311427415845,40.739619139690944,782.5450389827082,40.739619139690944
2020-10-22 15:39:13.203000+00:00,6.9731,-73.1719,142.47,4.4,mb,,122.0,1.077,1.19,us,us7000c71b,2021-01-09T20:05:38.040Z,"10 km S of Girón, Colombia",earthquake,6.8,4.9,0.31,3.0,reviewed,us,us,251188643150.95822,3944,7.0,1789.8297685683413,-5917.711625404912,756.16432010122,270.5250105408371,278.1884242003794,540.1191367314743,17.13941056566523,785.9280956144664,17.13941056566523
2020-10-29 03:57:39.412000+00:00,6.7952,-73.0287,143.71,4.3,mb,,44.0,0.898,0.69,us,us7000c7d3,2021-01-18T23:01:40.040Z,"7 km NW of Cepitá, Colombia",earthquake,6.5,6.2,0.062,73.0,reviewed,us,us,177827941003.89227,3950,6.0,1804.9315822098617,-5914.259229139987,736.8178188493357,258.90780274037314,288.5673217760173,537.329603816603,37.50206827603961,779.4319868945503,37.50206827603961
2020-10-29 17:39:48.059000+00:00,6.8712,-73.1354,144.54,4.3,mb,,126.0,0.973,0.79,us,us7000c7m3,2021-01-18T23:01:43.040Z,"15 km ENE of Zapatoca, Colombia",earthquake,7.5,7.4,0.094,32.0,reviewed,us,us,177827941003.89227,3951,7.0,1793.3903517514736,-5915.8811110112165,744.9200347858954,261.599663311314,279.0300219474372,534.8196118712802,27.6230461552509,779.1243075018709,27.6230461552509
2020-11-01 22:18:10.610000+00:00,7.0238,-72.9871,171.26,4.4,mb,,58.0,1.128,0.75,us,us7000cb94,2021-01-18T23:01:58.040Z,"7 km ENE of Piedecuesta, Colombia",earthquake,7.2,7.4,0.218,6.0,reviewed,us,us,251188643150.95822,3954,7.0,1800.3503785420764,-5883.942327883165,758.1142817730408,283.79339361293984,299.343611327742,558.393816677332,18.348487454346706,802.4987391767917,18.348487454346706
2020-11-06 10:22:48.718000+00:00,6.917,-73.0665,145.81,4.3,mb,,135.0,1.017,0.65,us,us7000cba1,2021-01-23T22:25:31.040Z,"8 km SSW of Piedecuesta, Colombia",earthquake,9.1,9.0,0.066,67.0,reviewed,us,us,177827941003.89227,3958,6.0,1799.9618690925304,-5911.942598535213,749.7082882946189,269.3388750176054,287.675623820624,543.7975214703215,23.33413671057723,787.7396753074938,23.33413671057723
2020-11-16 13:59:21.031000+00:00,4.7244,-76.5228,72.99,4.8,mb,,58.0,1.761,1.13,us,us7000cfn8,2021-01-27T17:29:55.040Z,"15 km ENE of Sipí, Colombia",earthquake,7.0,7.2,0.082,48.0,reviewed,us,us,1000000000000.0,3968,6.0,1462.8171587283393,-6103.771197584166,518.7225537528817,271.5861123277786,198.54603818059513,141.53258082143316,460.77404203610917,399.35874180431637,141.53258082143316
2020-11-16 23:19:53.836000+00:00,6.885,-73.1113,147.53,4.6,mb,,96.0,0.986,0.79,us,us6000cqfa,2021-01-27T17:28:25.040Z,"13 km SSW of Piedecuesta, Colombia",earthquake,7.2,7.4,0.173,10.0,reviewed,us,us,501187233627.2715,3969,7.0,1794.9640098495383,-5912.113980267455,746.0504866099736,264.0704742027964,281.9887097292207,537.7845321455567,26.083333718841093,781.9377885740491,26.083333718841093
2020-11-20 00:57:00.461000+00:00,6.8332,-73.0682,148.74,4.7,mb,,35.0,0.934,0.76,us,us6000cqlc,2021-02-03T17:50:24.040Z,"11 km NNE of Jordán, Colombia",earthquake,6.2,5.5,0.03,346.0,reviewed,us,us,707945784384.1403,3972,8.0,1799.256621278297,-5910.255579166566,740.3202734740411,260.8045299341534,285.23457970330537,537.1206691372824,32.37656331062845,780.1625282377055,32.37656331062845
2020-11-20 01:03:50.614000+00:00,6.8537,-73.0993,145.96,4.1,mb,,118.0,0.955,0.98,us,us6000cs0r,2021-02-03T17:50:24.040Z,"13 km N of Jordán, Colombia",earthquake,5.3,6.8,0.116,21.0,reviewed,us,us,89125093813.3744,3972,9.0,1796.7735748665211,-5913.618445348568,742.8624402233326,261.433071511591,282.42460021488307,536.2677223139698,29.646080952216874,779.9303435780074,29.646080952216874
2020-11-24 19:05:36.274000+00:00,6.9956,-77.9807,10.0,4.5,mb,,107.0,2.444,1.09,us,us6000cs48,2021-02-03T17:50:00.040Z,"26 km WSW of Juradó, Colombia",earthquake,7.2,1.9,0.181,12.0,reviewed,us,us,354813389233.57605,3977,9.0,1314.7609219697251,-6175.234754818387,774.7260425107825,501.432865414141,277.8891827239883,425.4654217444907,536.2661126683024,647.5902874584557,277.8891827239883
2020-11-25 00:21:50.838000+00:00,5.31,-77.6121,10.0,4.6,mb,,75.0,2.249,1.24,us,us7000cked,2021-02-06T18:28:34.040Z,"47 km NW of Pizarro, Colombia",earthquake,8.2,1.9,0.103,28.0,reviewed,us,us,501187233627.2715,3977,10.0,1358.763195727561,-6186.238405561205,588.674755273059,397.7401358403797,247.5279045105627,238.83252038931127,535.4731984999152,456.9780362085317,238.83252038931127
2020-12-01 04:20:34.830000+00:00,6.9488,-76.9087,51.14,4.4,mb,,44.0,1.563,0.92,us,us7000cli2,2021-02-06T18:29:24.040Z,"10 km WSW of Murindó, Colombia",earthquake,6.8,7.3,0.098,30.0,reviewed,us,us,251188643150.95822,3983,9.0,1420.955223698475,-6110.394137514223,764.5914962094577,400.45566931226995,166.25176591269297,391.1011881889589,418.2440908080767,639.0601936217392,166.25176591269297
2020-12-07 22:40:36.876000+00:00,6.8728,-73.095,144.94,4.0,mb,,71.0,0.974,0.87,us,us7000cpv9,2021-02-12T22:41:05.040Z,"13 km SSW of Piedecuesta, Colombia",earthquake,6.9,9.1,0.138,14.0,reviewed,us,us,63095734448.019424,3990,8.0,1797.4397422424738,-5914.215226895808,745.0447950030058,263.56399462861197,283.3969005956152,538.1001548214841,27.579515092287355,781.918031016416,27.579515092287355
2020-12-08 03:21:59.906000+00:00,4.7546,-77.4135,35.0,5.1,mww,,31.0,2.357,0.77,us,us7000cp26,2025-12-22T18:46:41.468Z,"22 km SSW of Pizarro, Colombia",earthquake,3.8,1.9,0.05,38.0,reviewed,us,us,2818382931264.449,3990,9.0,1375.9474181973842,-6162.454944444528,525.179740705168,370.31124153550286,261.8446036453451,174.7862292561566,542.5017866050074,394.0155415518624,174.7862292561566
2020-12-12 01:07:29.133000+00:00,7.9108,-72.6334,187.26,4.5,mb,,37.0,2.054,1.0,us,us7000cqgi,2021-02-20T16:11:24.040Z,"3 km NNW of San Cayetano, Colombia",earthquake,7.5,3.9,0.028,374.0,reviewed,us,us,354813389233.57605,3994,10.0,1828.1853840307651,-5845.686311916332,851.0758672940467,389.7063334713377,374.35722827471693,657.1490340168511,103.22504551137577,905.3476161119,103.22504551137577
2020-12-12 02:24:10.270000+00:00,5.7554,-77.8605,10.0,5.0,mww,,53.0,2.359,0.88,us,us7000cqgq,2025-12-22T18:46:50.892Z,"65 km W of Nuquí, Colombia",earthquake,7.0,1.8,0.068,21.0,reviewed,us,us,1995262314968.8828,3994,11.0,1330.9281343797525,-6187.410131841309,637.892750784923,435.26673954997864,257.8508025381846,295.4689283499329,545.0090579591791,509.1007759562374,257.8508025381846
2020-12-16 23:32:30.193000+00:00,6.7841,-73.0438,153.59,4.9,mb,,26.0,0.886,0.9,us,us7000crpn,2021-02-27T23:25:04.040Z,"8 km NE of Jordán, Colombia",earthquake,6.2,5.1,0.059,91.0,reviewed,us,us,1412537544622.7554,3999,10.0,1800.5532099862767,-5905.486805202789,734.4527484350958,257.06049144671493,286.67946806903825,535.2711478623743,38.276427127376024,777.4389598093162,38.276427127376024
2020-12-28 21:47:36.989000+00:00,3.4478,-77.253,88.49,4.4,mb,,109.0,3.221,1.14,us,us6000d3tl,2021-03-06T23:20:01.040Z,"31 km WSW of Buenaventura, Colombia",earthquake,5.5,8.0,0.085,41.0,reviewed,us,us,251188643150.95822,4011,7.0,1383.703959182533,-6116.579408217963,377.82482238014205,379.72972739271586,361.9263869312945,80.02738552260774,612.9718961060596,248.45131857217714,80.02738552260774
2021-01-06 03:58:21.932000+00:00,5.1321,-76.2115,105.23,4.3,mb,,61.0,1.252,0.77,us,us7000d0b7,2021-03-13T23:00:26.040Z,"22 km WSW of Pueblo Rico, Colombia",earthquake,6.8,7.2,0.119,20.0,reviewed,us,us,177827941003.89227,4019,7.0,1487.387654075596,-6060.8089616795505,560.4876353929279,241.5937179583463,141.96979866148376,190.21216715910543,406.7364634988922,451.60382994925027,141.96979866148376
2021-01-06 15:32:18.180000+00:00,3.7654,-79.1331,10.0,4.4,mb,,163.0,3.57,1.07,us,us7000d0bl,2021-03-13T23:00:28.040Z,"158 km NNW of Mosquera, Colombia",earthquake,5.6,1.9,0.134,16.0,reviewed,us,us,251188643150.95822,4020,8.0,1196.6386724254332,-6233.448008166468,417.7353434190105,570.9760234747752,480.3620614660216,290.7565375649113,762.6204615591006,350.4765717003234,290.7565375649113
2021-01-07 04:37:35.909000+00:00,6.8167,-73.0503,149.56,4.6,mb,,40.0,0.918,0.95,us,us6000d6cd,2021-03-13T22:59:42.040Z,"10 km NNE of Jordán, Colombia",earthquake,5.8,5.4,0.032,287.0,reviewed,us,us,501187233627.2715,4020,7.0,1800.9276923225873,-5909.118033483985,738.4437602011357,260.0011583222317,286.7512104043351,537.2623856724258,34.58347468765846,779.8894659724805,34.58347468765846
2021-01-09 18:34:54.562000+00:00,5.3231,-73.7168,158.64,4.1,mb,,66.0,0.766,1.1,us,us7000d154,2021-03-20T21:23:24.040Z,"1 km NNW of Lenguazaque, Colombia",earthquake,4.1,4.8,0.303,3.0,reviewed,us,us,89125093813.3744,4023,8.0,1734.3422567352561,-5937.450101878434,576.3332315650613,78.6217977858678,230.28451023449696,375.1203540072627,210.2470756130755,604.4079453466309,78.6217977858678
2021-01-13 01:11:23.039000+00:00,2.5119,-79.8007,10.0,4.7,mb,,62.0,2.631,0.75,us,us6000d7wm,2021-03-20T21:24:59.040Z,"137 km WNW of Salahonda, Colombia",earthquake,2.3,1.9,0.063,76.0,reviewed,us,us,707945784384.1403,4026,7.0,1125.2772738151607,-6254.466580467438,278.78280228713686,681.0952087956393,625.307866524947,377.7073595001736,899.8191371820687,315.03675584379306,315.03675584379306
2021-01-18 17:15:23.244000+00:00,6.8733,-73.0737,154.12,4.3,mb,,82.0,2.366,0.82,us,us7000d3pp,2021-03-27T21:06:21.040Z,"12 km SSW of Piedecuesta, Colombia",earthquake,7.5,8.2,0.118,20.0,reviewed,us,us,177827941003.89227,4032,7.0,1796.9828951037312,-5904.821184301915,744.0001280402772,264.58950426950923,285.6912048973641,539.8098169142512,27.88341631716675,783.3666523169301,27.88341631716675
2021-01-19 04:29:59.564000+00:00,7.0221,-73.1158,150.93,4.1,mb,,86.0,1.122,0.78,us,us7000d3qi,2021-03-27T21:06:24.040Z,"5 km SW of Floridablanca, Colombia",earthquake,7.5,4.1,0.234,5.0,reviewed,us,us,89125093813.3744,4032,8.0,1792.995961918891,-5907.300747506356,760.4170986724272,277.8986129086329,285.7107285162347,548.336450481754,10.83493350080459,793.9650892698335,10.83493350080459
2021-01-19 14:51:18.043000+00:00,6.8519,-73.1146,146.2,4.4,mb,,127.0,0.953,0.62,us,us7000d3qv,2021-03-27T21:06:26.040Z,"13 km N of Jordán, Colombia",earthquake,3.4,8.0,0.154,13.0,reviewed,us,us,251188643150.95822,4032,9.0,1795.1319311191837,-5913.892352440655,742.6396391388337,260.55813505758863,280.736352506461,534.927204135747,29.746960092311788,778.762316649384,29.746960092311788
2021-01-23 08:24:16.930000+00:00,6.0582,-77.4439,32.79,4.5,mb,,108.0,1.908,0.69,us,us7000d2mv,2021-04-13T17:07:11.040Z,"19 km SSW of Bahía Solano, Colombia",earthquake,6.4,6.1,0.109,25.0,reviewed,us,us,354813389233.57605,4036,10.0,1370.2026129738485,-6152.071914557761,668.9259761806534,402.20151398982205,206.96608960158616,306.9476630786949,491.68026227081793,538.9976133137669,206.96608960158616
2021-01-23 21:12:18.130000+00:00,3.1222,-74.8254,25.07,4.9,mww,,66.0,1.783,0.88,us,us7000d2ra,2021-04-13T17:05:14.040Z,"25 km E of Baraya, Colombia",earthquake,8.1,4.3,0.086,13.0,reviewed,us,us,1412537544622.7554,4037,11.0,1658.6534948001404,-6115.572926115823,345.6355514793482,195.433177418787,357.11002367054533,192.96099612953242,482.79222575241846,345.6718626259846,192.96099612953242
2021-01-27 07:57:33.358000+00:00,4.4075,-75.856,159.4,4.9,mb,,86.0,1.59,0.88,us,us7000d3m3,2025-12-22T18:48:59.829Z,"8 km NNW of Caicedonia, Colombia",earthquake,6.9,6.7,0.026,452.0,reviewed,us,us,1412537544622.7554,4040,12.0,1513.3762310121158,-6005.480472014729,477.3586111691355,200.59190179931815,206.48525875368904,130.08209542332722,427.02343607211037,388.80869653837976,130.08209542332722
2021-01-29 19:23:38.754000+00:00,7.0716,-72.0803,24.39,4.6,mb,,63.0,1.538,0.63,us,us6000dd2a,2021-04-16T19:02:21.040Z,"7 km NNE of Cubará, Colombia",earthquake,2.6,5.5,0.074,57.0,reviewed,us,us,501187233627.2715,4043,12.0,1937.8945927678437,-5992.791397941894,781.3285481631799,342.67754626613504,397.447897342433,636.3283471270968,115.14412578477068,869.878567683093,115.14412578477068
2021-02-01 18:26:19.298000+00:00,12.7969,-71.7962,10.0,4.5,mb,,85.0,1.105,1.13,us,us6000dfw8,2021-04-16T19:03:53.040Z,"130 km NNE of Uribia, Colombia",earthquake,6.2,1.8,0.163,11.0,reviewed,us,us,354813389233.57605,4046,13.0,1937.804713035702,-5892.549346833673,1408.93438075259,933.1931856048557,838.4389226224397,1162.306299181701,647.8056115023643,1422.7021911772415,647.8056115023643
2021-02-05 07:53:34.702000+00:00,6.8018,-73.0451,156.28,4.4,mb,,43.0,0.904,1.21,us,us6000dem5,2021-04-22T21:50:19.040Z,"9 km NW of Cepitá, Colombia",earthquake,7.1,7.3,0.097,31.0,reviewed,us,us,251188643150.95822,4049,13.0,1799.5740335068378,-5902.755379245198,736.0413773150336,258.7628856485442,286.9529454218989,536.5276481063552,36.328517338659296,778.9172402648767,36.328517338659296
2021-02-07 23:05:20.195000+00:00,6.0518,-74.3282,104.65,4.1,mb,,133.0,1.199,0.68,us,us6000dh2f,2021-04-22T21:51:14.040Z,"29 km ENE of Puerto Boyacá, Colombia",earthquake,9.1,20.5,0.301,3.0,reviewed,us,us,89125093813.3744,4052,12.0,1683.2742923289209,-5999.773074958404,660.6459174843588,151.7618047972141,140.16811372450462,378.44843252106165,178.38481559925717,629.873486398395,140.16811372450462
2021-02-11 05:39:36.975000+00:00,6.8276,-73.0564,145.13,4.1,mb,,59.0,0.929,0.56,us,us6000dj4s,2021-04-22T21:53:10.040Z,"11 km NNE of Jordán, Colombia",earthquake,4.7,8.9,0.096,30.0,reviewed,us,us,89125093813.3744,4055,12.0,1801.5394742961676,-5913.382895515316,740.1456008648493,260.8012323209591,286.36330395940354,537.6208506472615,33.25077430796381,780.4496115892607,33.25077430796381
2021-02-12 01:57:26.949000+00:00,6.8531,-73.0407,147.02,4.5,mb,,70.0,0.955,1.13,us,us6000dgv4,2021-04-23T21:04:21.040Z,"13 km NW of Cepitá, Colombia",earthquake,8.0,7.1,0.118,21.0,reviewed,us,us,354813389233.57605,4056,12.0,1802.5161481242592,-5910.778460951334,742.6712339286257,264.10737480082724,288.697592652641,540.8396642924007,30.95275177872253,783.756951176677,30.95275177872253
2021-02-15 00:17:28.359000+00:00,11.4374,-77.0161,10.0,4.6,mb,,57.0,2.367,0.82,us,us6000dhpp,2022-08-09T02:50:07.906Z,"200 km NW of Cartagena, Colombia",earthquake,7.0,1.9,0.114,23.0,reviewed,us,us,501187233627.2715,4059,13.0,1400.791406750018,-6075.282248381571,1261.368319435316,815.0688444158527,598.5774029857878,889.5804565748133,642.6528158844607,1137.2108411557863,598.5774029857878
2021-02-19 04:13:18.273000+00:00,6.605,-73.499,117.51,4.2,mb,,98.0,0.819,0.54,us,us6000dkqy,2021-05-04T14:14:45.040Z,"10 km S of El Carmen de Chucurí, Colombia",earthquake,8.0,5.1,0.16,11.0,reviewed,us,us,125892541179.41713,4063,11.0,1764.4027057112,-5956.1419707161585,719.3004218352891,219.9427948868278,233.54717600474856,485.579186942254,70.68392464853117,731.644931668823,70.68392464853117
2021-02-19 15:55:40.380000+00:00,3.4642,-74.3272,10.0,4.4,mb,,138.0,1.371,1.16,us,us6000dkrn,2021-05-04T14:15:00.040Z,"32 km WNW of Mesetas, Colombia",earthquake,9.3,1.9,0.071,58.0,reviewed,us,us,251188643150.95822,4064,12.0,1715.2422335449726,-6113.307655996117,384.3625676401278,141.4954021607705,338.9045962248605,244.7201831728482,427.7426877933081,412.69745766695917,141.4954021607705
2021-02-22 07:29:56.832000+00:00,6.8919,-73.1569,145.44,4.5,mb,,44.0,0.995,0.69,us,us6000dk12,2021-05-04T14:16:12.040Z,"14 km E of Betulia, Colombia",earthquake,6.9,8.8,0.067,67.0,reviewed,us,us,354813389233.57605,4066,13.0,1790.833326734839,-5915.440521064728,747.0453474865392,262.78855866,277.3143373874199,534.7874772537743,25.565887405924215,779.5791902204218,25.565887405924215
2021-02-23 14:27:39.875000+00:00,6.9172,-73.133,140.54,4.4,mb,,120.0,1.019,0.6,us,us7000ddy0,2021-05-04T14:16:35.040Z,"12 km SW of Piedecuesta, Colombia",earthquake,5.9,8.9,0.061,77.0,reviewed,us,us,251188643150.95822,4067,12.0,1794.616204672976,-5919.031806712646,750.3645518340982,266.4056350882822,280.59506494833784,538.6432202584507,22.501225791983185,783.40680936214,22.501225791983185
2021-02-24 07:55:08.057000+00:00,5.022,-76.0609,93.13,4.5,mb,,94.0,1.276,1.15,us,us6000dkm1,2021-05-04T14:16:51.040Z,"6 km WNW of La Celia, Colombia",earthquake,3.9,11.1,0.156,12.0,reviewed,us,us,354813389233.57605,4068,13.0,1506.4733841398167,-6069.611220514847,549.5537385721092,223.04404584456594,145.90108749633097,182.2669704171081,399.901973259531,444.6106941749387,145.90108749633097
2021-02-27 08:30:17.942000+00:00,7.5998,-73.4299,111.0,4.4,mb,,57.0,1.73,1.3,us,us7000dfic,2021-05-13T22:36:17.040Z,"18 km SSW of San Alberto, Colombia",earthquake,5.9,8.7,0.134,16.0,reviewed,us,us,251188643150.95822,4071,13.0,1769.5964048661535,-5947.3275189627875,827.9033434361252,328.9708082674034,281.26584578974746,574.9654885569049,63.26424771392798,828.4742589285232,63.26424771392798
2021-02-27 20:16:17.174000+00:00,6.8501,-73.0533,143.81,4.4,mb,,59.0,0.951,0.72,us,us7000dfik,2021-05-13T22:36:50.040Z,"13 km NW of Cepitá, Colombia",earthquake,6.7,7.6,0.134,16.0,reviewed,us,us,251188643150.95822,4072,14.0,1802.1565666360405,-5914.260592259808,742.7305381316037,263.20686415685657,287.26710424144204,539.610339648358,30.898140744214228,782.6532110939393,30.898140744214228
2021-03-01 22:57:40.994000+00:00,6.2035,-76.254,10.0,5.1,mww,,65.0,0.721,1.04,us,us7000deqh,2025-12-22T18:51:51.303Z,"18 km SW of Urrao, Colombia",earthquake,6.0,1.8,0.071,19.0,reviewed,us,us,2818382931264.449,4074,14.0,1502.637876441119,-6142.6315713907925,687.3701989740375,293.03410163635004,74.50856253878517,307.5434416103968,360.51072803475296,566.4282045150609,74.50856253878517
2021-03-03 06:45:17.990000+00:00,6.8353,-73.0135,149.97,4.4,mb,,37.0,0.939,0.88,us,us7000df2q,2021-05-13T22:41:44.040Z,"9 km NNW of Cepitá, Colombia",earthquake,7.4,7.9,0.048,129.0,reviewed,us,us,251188643150.95822,4075,15.0,1804.533578167781,-5907.341211592942,740.4003214347086,263.64723188890997,291.17121806298246,541.6241193028685,33.80118179354643,783.9945330117137,33.80118179354643
2021-03-09 08:01:16.518000+00:00,6.879,-72.969,146.4,4.3,mb,,78.0,0.986,0.78,us,us7000dhdg,2021-05-21T19:48:42.040Z,"12 km W of Guaca, Colombia",earthquake,8.8,10.1,0.068,62.0,reviewed,us,us,177827941003.89227,4081,14.0,1809.9932604903338,-5908.785107497028,745.5388054292816,270.1945129503642,297.06679314153683,548.5332950525191,31.649945172883537,790.8377764663056,31.649945172883537
2021-03-14 18:14:25.073000+00:00,6.4702,-74.4627,79.01,4.8,mb,,59.0,1.095,1.14,us,us7000djca,2021-05-26T22:07:18.040Z,"7 km WSW of Puerto Berrío, Colombia",earthquake,4.8,6.7,0.036,241.0,reviewed,us,us,1000000000000.0,4087,12.0,1674.6729543615902,-6023.445573888467,709.0219139302084,200.33279957928102,126.13533461595456,406.4462585634077,164.62014379494485,662.8367773736936,126.13533461595456
2021-03-18 13:07:11.664000+00:00,4.0071,-71.3188,10.0,4.4,mb,,110.0,2.568,0.76,us,us6000dwn7,2021-05-26T22:08:55.040Z,"86 km S of Orocué, Colombia",earthquake,8.3,1.9,0.108,25.0,reviewed,us,us,251188643150.95822,4090,12.0,2032.461387711035,-6011.142571216888,444.5072507482346,315.1398011691511,533.5647411895992,581.7393201815792,399.50473306256293,731.4546318630534,315.1398011691511
2021-03-20 23:46:01.381000+00:00,3.9648,-71.414,15.3,4.9,mb,,57.0,2.536,0.71,us,us7000dlc1,2025-12-22T18:00:28.588Z,"83 km ESE of Puerto Gaitán, Colombia",earthquake,7.7,3.9,0.049,130.0,reviewed,us,us,1412537544622.7554,4093,13.0,2020.8895831867967,-6009.809166559388,439.4559865400002,306.17556907866583,526.5213689527751,570.7613292518374,398.4836018674319,719.896012093523,306.17556907866583
2021-03-21 00:08:40.448000+00:00,6.0469,-76.8215,45.64,4.3,mb,,95.0,1.293,0.65,us,us6000dxer,2021-06-02T15:23:10.040Z,"43 km NNW of Quibdó, Colombia",earthquake,6.8,9.2,0.187,8.0,reviewed,us,us,177827941003.89227,4093,14.0,1434.0667132155847,-6124.511173335679,666.329257449708,338.6801121406503,138.86633452592392,290.3615149564357,425.614858610162,539.8516312442981,138.86633452592392
2021-03-21 10:36:02.540000+00:00,6.8481,-72.9508,148.73,4.3,mb,,79.0,0.958,0.77,us,us6000dxf9,2021-06-02T15:23:12.040Z,"10 km NNE of Cepitá, Colombia",earthquake,8.3,9.8,0.218,6.0,reviewed,us,us,177827941003.89227,4093,14.0,1811.3094505155352,-5906.38169822584,741.9280707965959,268.0607553167179,298.2365925822671,547.6169447500629,35.627893798008614,789.3361572560549,35.627893798008614
2021-03-21 15:22:59.969000+00:00,3.943,-71.3508,10.0,4.4,mb,,88.0,2.594,0.34,us,us6000dxfw,2021-06-02T15:23:16.040Z,"90 km ESE of Puerto Gaitán, Colombia",earthquake,8.7,1.9,0.11,24.0,reviewed,us,us,251188643150.95822,4094,15.0,2029.2615672748177,-6012.744195869678,437.40796359559675,313.58195655612116,533.8309875105073,577.5121880142601,403.96860359418315,725.244753681519,313.58195655612116
2021-03-21 16:44:41.252000+00:00,6.7799,-72.9547,148.07,4.3,mb,,78.0,0.89,0.64,us,us6000dxfr,2021-06-02T15:23:15.040Z,"3 km NE of Cepitá, Colombia",earthquake,9.1,7.8,0.129,17.0,reviewed,us,us,177827941003.89227,4094,15.0,1811.3571093167614,-5907.971722567624,734.6518445964515,261.16083568540876,296.2187578943311,542.1162451339171,42.04919227870059,783.0806590753818,42.04919227870059
2021-03-22 04:37:41.986000+00:00,3.9157,-71.3594,10.0,5.0,mww,,31.0,2.608,0.87,us,us7000dliw,2025-12-22T18:54:59.314Z,"91 km ESE of Puerto Gaitán, Colombia",earthquake,6.7,1.8,0.046,45.0,reviewed,us,us,1995262314968.8828,4094,16.0,2028.425426901803,-6013.245515271361,434.3842314899349,313.51231453710426,534.4672912219123,576.2914147478799,406.1691838629005,723.1182598677279,313.51231453710426
2021-03-22 05:55:56.144000+00:00,4.0455,-71.2743,10.0,4.4,mb,,80.0,2.571,1.12,us,us6000dxmb,2021-06-02T15:23:19.040Z,"82 km S of Orocué, Colombia",earthquake,7.5,2.0,0.144,14.0,reviewed,us,us,251188643150.95822,4094,17.0,2037.0333590451867,-6009.278711757209,448.75991193366383,318.89608228336874,535.9563511907518,587.1011984644263,398.3147643531741,737.7338119677233,318.89608228336874
2021-03-24 13:07:32.261000+00:00,4.0468,-71.3204,10.0,4.1,mb,,90.0,2.538,0.59,us,us6000dxz7,2021-06-02T15:23:31.040Z,Colombia,earthquake,8.9,2.0,0.261,4.0,reviewed,us,us,89125093813.3744,4096,17.0,2032.1943922879125,-6010.906109699768,448.9038787174321,313.89245367519146,531.3515774927581,582.0348521190667,395.5946174375669,733.1685089356268,313.89245367519146
2021-03-25 01:57:28.780000+00:00,6.8553,-72.9767,144.38,4.4,mb,,78.0,0.962,0.49,us,us6000dw7r,2021-06-02T15:22:44.040Z,"11 km N of Cepitá, Colombia",earthquake,8.3,8.1,0.041,176.0,reviewed,us,us,251188643150.95822,4097,18.0,1809.8764376595811,-5911.240356007109,743.2236260491242,267.4601458691245,295.63055371860406,546.0965854319047,33.487310747622296,788.2282019709543,33.487310747622296
2021-03-28 15:01:15.392000+00:00,5.0712,-72.8726,9.15,4.6,mb,,71.0,0.842,0.61,us,us6000dx6m,2021-06-08T17:58:55.040Z,"15 km WNW of Tauramena, Colombia",earthquake,5.5,5.7,0.04,187.0,reviewed,us,us,501187233627.2715,4101,17.0,1866.2143264361891,-6055.918213678265,562.3469565527847,138.79690641312493,326.8613562182144,443.93724834205,229.41083370049589,650.7528852374976,138.79690641312493
2021-03-29 03:00:07.666000+00:00,5.215,-72.8784,10.0,4.4,mb,,75.0,0.703,0.84,us,us6000dzmr,2021-06-08T18:00:00.040Z,"0 km W of Chámeza, Colombia",earthquake,6.7,1.6,0.077,49.0,reviewed,us,us,251188643150.95822,4101,18.0,1864.930693812617,-6053.930238089878,578.1722750328166,143.6206911789105,320.1826604917935,450.04519880663804,213.4637524591391,660.8952470460708,143.6206911789105
2021-03-31 01:17:23.664000+00:00,6.8986,-73.0525,143.44,4.4,mb,,128.0,1.0,0.75,us,us6000dxst,2021-06-08T17:59:19.040Z,"9 km S of Piedecuesta, Colombia",earthquake,7.4,6.5,0.148,13.0,reviewed,us,us,251188643150.95822,4103,17.0,1802.1623058630018,-5913.983272818826,748.0083059336249,268.1254087150656,288.65168681678637,543.45188899148,25.73463476579314,787.0210039256688,25.73463476579314
2021-04-02 22:44:02.939000+00:00,7.4576,-76.9434,40.95,5.0,mww,,25.0,1.502,0.74,us,us6000dymn,2025-12-22T19:07:01.753Z,"19 km E of Riosucio, Colombia",earthquake,6.3,4.6,0.075,17.0,reviewed,us,us,1995262314968.8828,4106,16.0,1417.94715820095,-6114.24109036477,821.5928115221556,440.5048832250483,202.04006103545083,447.7675755819844,423.0834777899081,695.3090102325475,202.04006103545083
2021-04-07 10:46:01.143000+00:00,13.1089,-81.3343,10.0,4.4,mb,,34.0,2.192,0.87,us,us6000dzmi,2021-06-12T21:38:06.040Z,"28 km S of Mountain, Colombia",earthquake,6.7,1.9,0.089,37.0,reviewed,us,us,251188643150.95822,4110,17.0,933.4303857411747,-6124.513897385571,1442.6913168471176,1227.6768794947727,989.8505379545865,1196.5216563297026,1118.366356924142,1395.973712905827,989.8505379545865
2021-04-13 16:50:48.447000+00:00,2.3265,-79.1617,10.0,4.7,mb,,134.0,2.193,0.88,us,us6000e1a6,2021-06-19T21:25:25.040Z,"64 km WNW of Salahonda, Colombia",earthquake,7.7,1.9,0.046,140.0,reviewed,us,us,707945784384.1403,4117,17.0,1195.1231198701953,-6242.381372972523,258.21797520195935,623.9656382714063,589.3509107744372,317.701987313442,855.3443375283777,242.89708461663116,242.89708461663116
2021-04-14 00:19:11.366000+00:00,7.2025,-72.9353,166.8,4.1,mb,,115.0,1.309,1.05,us,us6000e396,2021-06-19T21:26:19.040Z,"3 km E of Tona, Colombia",earthquake,8.1,8.7,0.157,11.0,reviewed,us,us,89125093813.3744,4117,17.0,1806.2650230144357,-5884.253269336349,777.8610216093514,304.23062021144506,311.00773211054286,576.5997062482254,22.650839753403165,821.8935799795769,22.650839753403165
2021-04-14 02:51:15+00:00,5.9984,-77.6362,10.0,4.3,mb,,111.0,3.106,0.65,us,us6000e399,2021-06-19T21:26:20.040Z,"35 km SW of Bahía Solano, Colombia",earthquake,6.4,1.8,0.168,10.0,reviewed,us,us,177827941003.89227,4117,18.0,1354.5487221623926,-6179.454203680006,664.728895046495,419.73693960948526,228.84045491767688,308.49270492580587,513.9263776647861,533.5020221826069,228.84045491767688
2021-04-17 09:17:13.360000+00:00,6.7812,-73.0701,155.7,4.3,mb,,66.0,0.883,0.88,us,us6000e2cb,2021-07-03T16:47:49.040Z,"6 km NNE of Jordán, Colombia",earthquake,7.4,8.0,0.101,28.0,reviewed,us,us,177827941003.89227,4120,19.0,1797.2429605464738,-5904.343796115103,733.8911145689443,255.4957492778107,283.771783274172,532.9499621393254,38.04066826606241,775.4232689584829,38.04066826606241
2021-04-22 11:51:47.945000+00:00,6.826,-73.08,149.95,4.3,mb,,71.0,0.927,0.81,us,us7000dy9f,2021-07-03T16:50:03.040Z,"10 km N of Jordán, Colombia",earthquake,4.2,8.3,0.238,5.0,reviewed,us,us,177827941003.89227,4125,12.0,1797.716776499505,-5909.565550254814,739.4000955056352,259.52595731194214,283.78439660639845,535.6289885298693,32.952238254669815,778.7396794844127,32.952238254669815
2021-04-23 17:05:32.811000+00:00,6.9124,-73.1087,146.54,4.0,mb,,127.0,1.013,0.73,us,us7000dyke,2021-07-07T18:34:00.040Z,"10 km SW of Piedecuesta, Colombia",earthquake,7.3,8.5,0.196,8.0,reviewed,us,us,63095734448.019424,4127,12.0,1795.4139825835343,-5912.630864605942,749.1242765073839,266.9759418158183,283.04367649409363,540.1472580885995,23.058054578370182,784.5612446552024,23.058054578370182
2021-04-26 08:49:14.439000+00:00,6.8169,-72.9781,153.46,4.1,mb,,131.0,0.924,0.74,us,us7000dyzw,2021-07-07T18:35:21.040Z,"6 km N of Cepitá, Colombia",earthquake,8.7,8.1,0.082,41.0,reviewed,us,us,89125093813.3744,4129,12.0,1807.238145244882,-5903.138689449174,738.002405890474,263.5915878470281,294.5383729643972,543.0432774823188,37.220769651158015,784.7482752232576,37.220769651158015
2021-05-01 06:36:35.562000+00:00,11.867,-73.9181,10.0,4.5,mb,,76.0,0.76,0.53,us,us7000dz7e,2021-07-10T20:14:49.040Z,"75 km NNE of Santa Marta, Colombia",earthquake,5.2,1.9,0.082,43.0,reviewed,us,us,354813389233.57605,4134,10.0,1724.408127151988,-5981.443403606282,1308.0796690060847,795.8910534049432,651.3301854895292,979.0036774219617,535.074387909526,1241.3282678851797,535.074387909526
2021-05-04 16:07:49.410000+00:00,6.8578,-73.1141,147.49,4.2,mb,,102.0,0.959,0.68,us,us7000e22n,2021-07-10T20:16:06.040Z,"13 km N of Jordán, Colombia",earthquake,7.9,7.7,0.105,25.0,reviewed,us,us,125892541179.41713,4138,10.0,1794.789295864189,-5912.5779291530125,743.1220190816558,261.1798667469518,280.94697753798886,535.4288618348926,29.092961001175283,779.3222046366461,29.092961001175283
2021-05-09 19:28:33.611000+00:00,3.9981,-71.5392,16.47,4.5,mb,,74.0,2.43,0.55,us,us7000e1s3,2021-07-23T18:08:28.040Z,"69 km ESE of Puerto Gaitán, Colombia",earthquake,9.0,4.5,0.07,60.0,reviewed,us,us,354813389233.57605,4143,10.0,2007.3016194237669,-6012.860392772146,443.05939397637576,291.80423386897337,512.5878119132141,557.3212314156989,388.78811211928735,708.9331219936231,291.80423386897337
2021-05-10 12:04:40.125000+00:00,6.9105,-73.168,147.66,4.2,mb,,123.0,1.014,1.03,us,us7000e3t3,2021-07-23T18:08:45.040Z,"12 km E of Betulia, Colombia",earthquake,8.8,10.0,0.159,11.0,reviewed,us,us,125892541179.41713,4143,11.0,1788.978799967611,-5913.445460891758,748.7846084990829,264.2304996994869,276.6721980652488,535.4088635723884,23.74966427158535,780.531786093605,23.74966427158535
2021-05-12 22:10:26.120000+00:00,6.8993,-73.0977,148.15,4.1,mb,,128.0,1.0,0.57,us,us7000e4e8,2021-07-23T18:08:49.040Z,"11 km SSW of Piedecuesta, Colombia",earthquake,7.4,6.8,0.262,4.0,reviewed,us,us,89125093813.3744,4146,12.0,1796.1341409208273,-5910.920489462998,747.5180516650589,266.13201671637813,283.84255955182726,539.9705522701288,24.6179872339165,784.1087257074681,24.6179872339165
2021-05-13 23:55:24.860000+00:00,6.7359,-72.9762,156.36,4.3,mb,,70.0,0.844,0.89,us,us7000e2xc,2021-07-23T18:08:41.040Z,"2 km S of Cepitá, Colombia",earthquake,8.1,7.4,0.169,10.0,reviewed,us,us,177827941003.89227,4147,12.0,1806.8943776893518,-5901.31667699683,728.9338209149784,255.7276501977113,292.952496661022,537.051032269944,45.596088768016614,777.7637056213578,45.596088768016614
2021-05-17 18:52:32.764000+00:00,6.8907,-73.2411,148.04,4.3,mb,,119.0,1.004,0.73,us,us7000e52q,2021-07-24T21:07:41.040Z,"4 km ESE of Betulia, Colombia",earthquake,5.6,9.2,0.266,4.0,reviewed,us,us,177827941003.89227,4151,10.0,1781.3984878022816,-5915.609276225042,746.6039648273893,259.21809498339695,268.30779635417,528.218316107705,28.581205985847813,774.0320246016935,28.581205985847813
2021-05-28 16:10:43.587000+00:00,6.7826,-73.0743,154.11,4.7,mb,,60.0,0.884,1.1,us,us6000efla,2021-08-07T22:05:45.040Z,"5 km NNE of Jordán, Colombia",earthquake,6.1,6.1,0.027,409.0,reviewed,us,us,707945784384.1403,4162,8.0,1797.2645827096194,-5905.9688481056055,734.2297031881628,255.4348126834843,283.3506542474463,532.7234060577522,37.81855920809752,775.2669845424774,37.81855920809752
2021-05-29 15:01:11.568000+00:00,8.4863,-77.031,40.7,4.4,mb,,62.0,0.752,1.04,us,us6000efu0,2022-08-09T05:16:41.646Z,"27 km E of Acandí, Colombia",earthquake,7.1,12.6,0.091,35.0,reviewed,us,us,251188643150.95822,4163,9.0,1405.1155466883297,-6101.2830193057025,934.1808758407788,531.984812527177,296.1651601525876,562.5446698011057,456.5915558332774,809.1613094677334,296.1651601525876
2021-05-31 02:36:21.827000+00:00,6.8076,-73.064,147.27,4.1,mb,,59.0,0.909,0.82,us,us7000e9gq,2021-08-07T22:06:27.040Z,"8 km NNE of Jordán, Colombia",earthquake,7.5,8.1,0.079,44.0,reviewed,us,us,89125093813.3744,4164,10.0,1800.2112348417563,-5911.835846468985,737.734062690518,258.43307085890837,285.0541102757792,535.4713300089942,35.259826341527564,778.1696009018702,35.259826341527564
2021-06-14 16:25:35.061000+00:00,6.8245,-73.0833,154.37,4.5,mb,,48.0,0.925,0.77,us,us7000ed00,2021-08-26T21:59:19.040Z,"10 km N of Jordán, Colombia",earthquake,6.7,5.8,0.036,224.0,reviewed,us,us,354813389233.57605,4179,5.0,1796.105015259626,-5905.488819492092,738.7131607823892,259.2206264858652,283.39183672575183,535.251749997981,33.067457639722704,778.3874986689123,33.067457639722704
2021-06-14 20:05:24.265000+00:00,6.809,-73.0231,159.33,4.5,mb,,66.0,0.912,0.89,us,us7000ed1w,2021-08-26T21:59:20.040Z,"8 km NW of Cepitá, Colombia",earthquake,2.4,6.4,0.041,173.0,reviewed,us,us,354813389233.57605,4179,6.0,1800.9290985588157,-5899.078933390469,736.4552318321254,260.55691722341163,289.49705570777513,538.8361160951855,36.212755882432106,781.0266200577903,36.212755882432106
2021-06-18 20:24:15.425000+00:00,6.9061,-73.1082,146.42,4.3,mb,,127.0,1.007,1.19,us,us6000ep4d,2021-08-27T18:57:25.040Z,"11 km SW of Piedecuesta, Colombia",earthquake,6.2,7.8,0.177,9.0,reviewed,us,us,177827941003.89227,4183,6.0,1795.5241179579193,-5912.8079668816945,748.4592607562552,266.356179035273,282.9156221496981,539.6887626844125,23.760707824677638,784.0295794746843,23.760707824677638
2021-06-27 03:34:23.207000+00:00,6.8763,-73.0865,152.51,4.1,mb,,94.0,0.977,1.1,us,us7000ei68,2021-09-09T22:06:35.040Z,"13 km SSW of Piedecuesta, Colombia",earthquake,8.1,4.6,0.261,4.0,reviewed,us,us,89125093813.3744,4191,7.0,1796.1173890972004,-5906.714487626918,744.5160618421415,264.3053233437087,284.4019287769253,539.040247545292,27.3141430729877,782.7900631401111,27.3141430729877
2021-06-30 12:15:03.653000+00:00,6.8959,-73.0946,143.46,4.4,mb,,117.0,0.996,0.68,us,us6000er3h,2021-09-09T22:06:07.040Z,"11 km SSW of Piedecuesta, Colombia",earthquake,7.4,7.9,0.045,142.0,reviewed,us,us,251188643150.95822,4194,5.0,1797.8207961319001,-5915.320597485372,747.7145615547174,265.92578351867706,284.07778834294777,539.9449020540967,25.03378288224295,784.0080754537452,25.03378288224295
2021-07-01 14:07:41.149000+00:00,6.9212,-73.1343,142.32,4.5,mb,,126.0,1.023,0.87,us,us7000ei04,2021-09-09T22:06:28.040Z,"11 km SW of Piedecuesta, Colombia",earthquake,8.7,10.5,0.051,114.0,reviewed,us,us,354813389233.57605,4195,6.0,1793.9540358265663,-5917.331352822003,750.5818547309086,266.7591586612066,280.5746094849854,538.8600872545197,22.064884187890154,783.681534446964,22.064884187890154
2021-07-01 23:05:17.686000+00:00,5.6818,-78.2452,10.0,4.4,mb,,142.0,3.995,0.6,us,us7000ej4a,2021-09-09T22:06:57.040Z,"107 km W of Nuquí, Colombia",earthquake,6.1,1.9,0.162,11.0,reviewed,us,us,251188643150.95822,4196,7.0,1289.5203023439265,-6197.003938645163,629.7623156867647,474.55459727059923,301.1828203278362,312.3343264642737,588.164306924697,508.2284997477414,301.1828203278362
2021-07-06 02:57:24.423000+00:00,6.8036,-73.0454,151.82,4.2,mb,,48.0,0.905,0.95,us,us7000ej0c,2021-09-10T20:08:16.040Z,"9 km NW of Cepitá, Colombia",earthquake,6.5,4.1,0.051,109.0,reviewed,us,us,125892541179.41713,4200,8.0,1800.8278218070407,-5906.978789576434,736.7636039462392,258.9280827735762,286.9634058269372,536.6423014518513,36.12620125591124,779.0564805759507,36.12620125591124
2021-07-06 11:41:27.346000+00:00,6.8865,-73.064,146.21,4.6,mb,,48.0,0.987,0.7,us,us7000ej2x,2021-09-10T20:08:16.040Z,"11 km S of Piedecuesta, Colombia",earthquake,6.2,4.9,0.035,243.0,reviewed,us,us,501187233627.2715,4200,9.0,1800.220144655757,-5911.865106011852,746.3705133478235,266.3708521165687,287.0882183039307,541.6031679863743,26.68453687030759,785.1834183355169,26.68453687030759
2021-07-10 23:38:00.184000+00:00,6.9115,-73.102,139.72,4.3,mb,,96.0,1.012,0.77,us,us7000em7i,2021-09-17T22:50:48.040Z,"10 km SW of Piedecuesta, Colombia",earthquake,8.0,9.7,0.111,23.0,reviewed,us,us,177827941003.89227,4205,10.0,1798.0767518898242,-5918.910250295771,749.8479056828713,267.18102411167456,283.73193860674905,540.5970779384663,23.218964499268075,784.918859283527,23.218964499268075
2021-07-17 23:51:20.370000+00:00,6.8194,-77.6752,10.0,4.4,mb,,105.0,3.87,0.92,us,us7000en10,2021-09-25T21:08:01.040Z,"32 km SSE of Juradó, Colombia",earthquake,7.3,1.9,0.105,26.0,reviewed,us,us,251188643150.95822,4212,9.0,1348.1704874537081,-6170.435139808941,755.3062439632292,462.4311201883768,240.0086977298617,395.29959198533334,503.5773971736466,624.8662327674168,240.0086977298617
2021-07-19 15:29:59.545000+00:00,6.8374,-73.0921,145.75,4.3,mb,,118.0,0.938,0.47,us,us7000enfm,2021-09-25T21:08:12.040Z,"11 km N of Jordán, Colombia",earthquake,8.2,7.7,0.077,47.0,reviewed,us,us,177827941003.89227,4214,9.0,1797.6387196495077,-5913.794064237254,741.1291128468104,260.1139798517952,282.772953353563,535.5612837176259,31.52727122314859,778.9528141676377,31.52727122314859
2021-07-21 16:44:14.693000+00:00,6.9569,-73.0289,140.93,4.2,mb,,152.0,1.058,1.05,us,us6000expn,2021-09-25T21:08:28.040Z,"4 km SSE of Piedecuesta, Colombia",earthquake,5.1,7.2,0.115,21.0,reviewed,us,us,125892541179.41713,4216,10.0,1805.102260610396,-5914.892449879198,754.6027696750809,275.1023316611138,292.84626165624775,549.8692885989567,20.814579203958086,793.7759768458237,20.814579203958086
2021-07-27 11:02:43.101000+00:00,6.9326,-73.0044,142.03,4.2,mb,,78.0,1.036,0.56,us,us6000f1j7,2021-10-03T05:24:20.040Z,"7 km SE of Piedecuesta, Colombia",earthquake,5.0,9.7,0.187,8.0,reviewed,us,us,125892541179.41713,4221,10.0,1807.405543772972,-5913.381297808142,751.8471174192412,273.8109181807604,294.74598182403696,549.8866416113957,24.52405983976389,793.2295816131698,24.52405983976389
2021-07-27 17:51:24.567000+00:00,6.7676,-72.0311,10.0,4.0,mb,,83.0,1.359,0.82,us,us6000f1jj,2021-10-03T05:24:22.040Z,"27 km SSE of Cubará, Colombia",earthquake,5.1,1.8,0.367,2.0,reviewed,us,us,63095734448.019424,4222,11.0,1948.6998498108662,-6008.5768768140915,749.5957649040802,321.37383123890095,396.5033147661115,619.9797197490503,126.67756326340572,848.6878384101228,126.67756326340572
2021-07-28 11:38:35.719000+00:00,7.2538,-72.8955,165.68,4.3,mb,,45.0,1.365,0.7,us,us6000ezsk,2021-10-03T05:22:42.040Z,"6 km SSW of Vetas, Colombia",earthquake,8.0,9.1,0.04,181.0,reviewed,us,us,177827941003.89227,4222,12.0,1810.4732380760263,-5883.391024542238,783.5132474606592,311.245482572949,317.0995572731496,583.755356249322,29.187812386647238,829.0893543781456,29.187812386647238
2021-07-30 10:24:54.463000+00:00,11.8913,-72.6685,45.65,4.3,mb,,71.0,0.687,0.49,us,us6000f2q7,2021-10-14T01:08:02.040Z,near the north coast of Colombia,earthquake,6.9,1.8,0.1,28.0,reviewed,us,us,177827941003.89227,4224,13.0,1843.8831238736157,-5908.583956352163,1303.3738062167358,813.1918971794536,704.6247949992479,1030.3463022626527,532.9535822244106,1291.7238857671657,532.9535822244106
2021-07-31 00:48:51.247000+00:00,6.9039,-72.9706,145.88,4.4,mb,,59.0,1.011,0.98,us,us6000f0v5,2021-10-14T01:04:05.040Z,"11 km SW of Santa Bárbara, Colombia",earthquake,7.4,6.5,0.064,71.0,reviewed,us,us,251188643150.95822,4225,13.0,1809.8843808507181,-5909.018891547929,748.2868979758276,272.5872514628275,297.55842274991835,550.3274170414084,29.248030934557352,792.9326421120684,29.248030934557352
2021-08-01 01:50:56.973000+00:00,4.4828,-78.4767,10.0,4.9,mww,,132.0,3.39,1.17,us,us6000f14a,2021-10-14T01:04:40.040Z,"125 km WNW of Santa Genoveva de Docordó, Colombia",earthquake,7.1,1.8,0.093,11.0,reviewed,us,us,1412537544622.7554,4226,12.0,1266.8268553332898,-6213.717736962292,497.1746212012171,488.8515932100096,375.6432097495949,244.30070533057776,660.8218985543679,387.0032137817904,244.30070533057776
2021-08-09 22:50:22.478000+00:00,6.9103,-73.0035,142.09,4.1,mb,,59.0,1.014,0.97,us,us6000f3qf,2021-10-23T15:45:59.040Z,"9 km SSE of Piedecuesta, Colombia",earthquake,8.1,7.4,0.112,22.0,reviewed,us,us,89125093813.3744,4235,11.0,1807.5664206736944,-5913.575340113132,749.433198996908,271.62029577389666,294.21426692885,548.2205221565893,26.704777444582472,791.3077380933754,26.704777444582472
2021-08-12 12:08:33.564000+00:00,5.6461,-73.9576,122.74,4.3,mb,,62.0,0.874,0.69,us,us6000f4h9,2021-10-23T15:46:09.040Z,"3 km ESE of Pauna, Colombia",earthquake,4.1,6.1,0.067,63.0,reviewed,us,us,177827941003.89227,4237,11.0,1718.3211410757342,-5975.804285072408,614.7264678232409,104.74864019674875,191.48445198997837,375.4513041327284,188.00566926603204,615.5783038909045,104.74864019674875
2021-08-18 12:36:03.721000+00:00,5.0726,-76.3165,91.81,4.4,mb,,84.0,1.359,0.68,us,us6000f7xk,2021-10-29T14:46:27.040Z,"21 km NNW of San José del Palmar, Colombia",earthquake,7.1,9.3,0.114,22.0,reviewed,us,us,251188643150.95822,4243,11.0,1479.5772224670334,-6077.074859200261,555.1931686655216,251.88619069175564,153.59546972984836,181.82399149949075,420.092754984688,442.25932356949687,153.59546972984836
2021-08-28 12:37:21.469000+00:00,6.8607,-73.0284,149.08,4.5,mb,,79.0,0.963,0.35,us,us7000f57u,2021-11-06T20:28:55.040Z,"13 km NNW of Cepitá, Colombia",earthquake,8.1,7.2,0.064,72.0,reviewed,us,us,354813389233.57605,4253,7.0,1803.159231203313,-5908.34091740633,743.2448298026762,265.4583822421357,290.21496675310004,542.4024429156245,30.580573350193998,785.2497424651062,30.580573350193998
2021-09-07 06:13:54.981000+00:00,6.8762,-73.0522,153.61,4.3,mb,,76.0,0.977,0.51,us,us7000f8sd,2021-11-17T17:26:42.040Z,"12 km S of Piedecuesta, Colombia",earthquake,7.8,8.8,0.039,183.0,reviewed,us,us,177827941003.89227,4263,5.0,1799.3351442650608,-5904.59477099527,744.3735897034194,265.8828795375103,288.0722143119863,541.727091107351,28.129037689826408,785.0464676026558,28.129037689826408
2021-09-24 20:42:58.936000+00:00,2.9785,-78.2576,35.0,4.4,mb,,99.0,2.729,0.55,us,us6000fq6n,2021-12-04T14:28:05.040Z,"56 km NNE of Mosquera, Colombia",earthquake,8.9,2.0,0.19,8.0,reviewed,us,us,251188643150.95822,4281,3.0,1287.7093804987705,-6195.023050567736,329.22629650421015,502.71691916262637,468.86354772351444,198.66694491935212,731.6711926422203,224.24664742705139,198.66694491935212
2021-09-25 01:18:57.757000+00:00,6.8914,-72.9662,144.48,4.2,mb,,98.0,0.999,0.67,us,us7000fe9m,2021-12-04T14:29:26.040Z,"12 km W of Guaca, Colombia",earthquake,8.1,6.6,0.101,29.0,reviewed,us,us,125892541179.41713,4281,4.0,1810.7930817520355,-5910.364747933109,747.1066000702708,271.56416752696674,297.69400265232144,549.7117061333262,30.667695992454664,792.1212565640475,30.667695992454664
2021-10-05 19:37:47.920000+00:00,6.9037,-72.9739,149.94,4.7,mb,,47.0,1.01,1.16,us,us6000fs0z,2021-12-10T21:14:12.040Z,"12 km SW of Santa Bárbara, Colombia",earthquake,6.0,4.8,0.027,430.0,reviewed,us,us,707945784384.1403,4292,4.0,1808.364629237447,-5905.2717114542675,747.7773099131197,272.4043827943528,297.1997286253242,550.0501906929,29.05888511605082,792.6944787446986,29.05888511605082
2021-10-11 08:30:08.506000+00:00,6.0015,-73.3101,173.75,4.0,mb,,63.0,0.25,0.57,us,us6000ftnd,2021-12-18T19:58:51.040Z,"7 km NNE of Gámbita, Colombia",earthquake,7.3,4.9,0.097,30.0,reviewed,us,us,63095734448.019424,4297,4.0,1770.0437959622614,-5903.644030276993,647.9503736015001,166.45659711734282,252.5399162457029,455.90451205447096,126.00578692283646,691.0308001771351,126.00578692283646
2021-10-12 04:51:47.707000+00:00,6.8198,-72.9919,151.95,5.0,mb,,68.0,0.925,0.97,us,us6000ftws,2021-12-18T19:58:57.040Z,"7 km NNW of Cepitá, Colombia",earthquake,7.7,5.8,0.024,552.0,reviewed,us,us,1995262314968.8828,4298,5.0,1806.2439215572635,-5904.971814930723,738.4941863083294,263.18126514951956,293.11951672631494,542.1589112751035,36.297428031589774,784.0746794687544,36.297428031589774
2021-10-17 15:51:35.992000+00:00,6.3622,-73.4851,119.01,4.5,mb,,87.0,0.614,0.53,us,us6000fwgx,2021-12-25T22:58:57.040Z,"8 km N of Contratación, Colombia",earthquake,6.1,6.3,0.106,26.0,reviewed,us,us,354813389233.57605,4304,6.0,1766.2744709786227,-5957.153405303482,692.8035500416444,194.75938630459427,232.0377768494786,467.61698998956047,93.21310702673367,710.6478420202266,93.21310702673367
2021-10-26 17:32:17.503000+00:00,6.9354,-73.0916,143.36,4.6,mb,,167.0,1.036,0.9,us,us7000fptx,2022-01-08T17:43:47.040Z,"7 km SW of Piedecuesta, Colombia",earthquake,7.7,7.0,0.129,20.0,reviewed,us,us,501187233627.2715,4313,5.0,1798.0090403187603,-5914.826832498194,751.9886981141391,270.0758754249384,285.53824728088875,543.2927002898318,20.734780706631653,787.7398585831213,20.734780706631653
2021-10-29 05:50:59.898000+00:00,6.9536,-73.0577,135.42,4.3,mb,,72.0,1.054,0.56,us,us7000fpnb,2022-01-14T17:58:41.040Z,"3 km SSW of Piedecuesta, Colombia",earthquake,5.4,14.2,0.267,6.0,reviewed,us,us,177827941003.89227,4315,6.0,1803.7353961327851,-5921.072701016827,754.9136549374405,273.44689078719534,289.68585735941525,547.3644421400681,19.77209791397217,791.588697656145,19.77209791397217
2021-10-29 21:43:50.050000+00:00,2.1847,-76.6147,24.01,4.3,mwr,,90.0,2.666,0.77,us,us7000fpxh,2022-01-14T17:58:43.040Z,"7 km S of Paispamba, Colombia",earthquake,7.4,5.6,0.093,11.0,reviewed,us,us,177827941003.89227,4316,7.0,1468.249503838372,-6170.087843937197,241.953410136749,398.1735765691142,465.7122037759641,141.17193710502517,671.3859839806247,130.94226321313042,130.94226321313042
2021-11-02 19:08:15.281000+00:00,6.963,-73.0158,147.45,4.0,mb,,120.0,1.065,1.11,us,us7000frsj,2022-01-14T17:59:05.040Z,"4 km SE of Piedecuesta, Colombia",earthquake,7.3,13.2,0.299,3.0,reviewed,us,us,63095734448.019424,4320,8.0,1804.5406081745364,-5908.213069215545,754.4707580149881,276.3274860919946,294.42121435023694,551.3719454173561,21.00541828300519,795.1832630228349,21.00541828300519
2021-11-05 04:13:49.802000+00:00,2.1522,-78.9939,24.44,4.5,mb,,81.0,1.977,1.11,us,us7000frle,2022-01-15T20:51:33.040Z,"39 km WNW of Salahonda, Colombia",earthquake,7.1,4.9,0.07,63.0,reviewed,us,us,354813389233.57605,4322,8.0,1210.7893030897847,-6225.432299904361,238.3396241308911,615.9102182256661,591.7779594192981,309.2467821359081,853.3501264841659,217.10243940285713,217.10243940285713
2021-11-09 15:17:15.454000+00:00,6.9146,-72.9885,141.22,4.3,mb,,77.0,1.019,0.55,us,us7000fsq4,2022-01-15T20:51:43.040Z,"10 km SE of Piedecuesta, Colombia",earthquake,7.8,6.5,0.065,71.0,reviewed,us,us,177827941003.89227,4327,9.0,1809.3507480660403,-5913.874000767873,750.0020146070575,272.7756782951111,295.9369858478763,549.7390970015557,27.155917910401037,792.6869362085185,27.155917910401037
2021-11-15 07:23:26.016000+00:00,6.7552,-71.64,10.0,4.3,mb,,60.0,1.671,0.75,us,us7000fvgp,2022-01-22T20:52:08.040Z,"15 km ESE of Fortul, Colombia",earthquake,4.7,1.8,0.079,47.0,reviewed,us,us,177827941003.89227,4332,8.0,1989.7196275033407,-5995.2890369451125,748.228686574977,352.2298087013067,439.11379126510184,654.5332562528611,168.5946742196909,878.0353040734026,168.5946742196909
2021-11-18 06:58:09.429000+00:00,7.1732,-77.4752,54.65,4.2,mb,,128.0,2.165,0.46,us,us7000fwha,2022-01-22T20:52:11.040Z,"32 km ENE of Juradó, Colombia",earthquake,7.9,10.4,0.152,12.0,reviewed,us,us,125892541179.41713,4335,8.0,1359.0564502805516,-6117.774748948571,788.717318548341,465.3948862324482,233.27720057073319,426.7913974885923,480.2519095875667,663.0264637291083,233.27720057073319
2021-11-26 03:20:30.248000+00:00,6.851,-73.001,152.05,4.4,mb,,31.0,0.955,1.17,us,us7000fx5d,2022-02-05T23:04:11.040Z,"11 km NNW of Cepitá, Colombia",earthquake,8.0,4.7,0.088,37.0,reviewed,us,us,251188643150.95822,4343,8.0,1805.1591793250038,-5904.778221392629,741.8447249701113,265.8251639904276,292.90939993417743,543.8287067048436,32.71790617945722,786.2195318133545,32.71790617945722
2021-11-26 12:12:08.686000+00:00,7.3397,-75.2766,64.64,4.3,mb,,89.0,1.168,0.56,us,us7000fx7u,2022-02-05T23:04:13.040Z,"13 km ENE of Valdivia, Colombia",earthquake,7.1,10.7,0.053,102.0,reviewed,us,us,177827941003.89227,4343,9.0,1589.6471554642146,-6049.3080373883395,805.6492037564208,321.20974441630676,126.37149653776858,454.11658406490886,238.85891627200698,716.5035898531036,126.37149653776858
2021-11-27 12:05:18.532000+00:00,5.841,-75.9875,34.83,4.1,mb,,101.0,0.573,0.49,us,us6000g8ey,2022-02-05T23:03:49.040Z,"4 km ESE of Ciudad Bolívar, Colombia",earthquake,3.8,10.2,0.233,6.0,reviewed,us,us,89125093813.3744,4344,10.0,1526.234147872441,-6115.706502587454,644.8205711495343,246.50469183410698,63.47077364574963,272.45533683648654,346.9606816478066,534.1869626203026,63.47077364574963
2021-11-28 09:42:15.997000+00:00,7.5242,-76.9244,27.74,4.7,mb,,94.0,1.916,0.79,us,us7000fxps,2022-02-05T23:04:26.040Z,"23 km ENE of Riosucio, Colombia",earthquake,6.6,8.9,0.166,12.0,reviewed,us,us,707945784384.1403,4345,10.0,1422.720473303138,-6125.592868137745,830.6177798868044,444.1624563176486,205.53283148270418,454.9296086934067,421.6910783428483,702.8191317867648,205.53283148270418
2021-11-29 07:53:37.665000+00:00,3.6391,-74.0114,10.0,4.4,mb,,67.0,1.237,0.62,us,us7000fxxc,2022-02-05T23:04:32.040Z,"12 km N of Lejanías, Colombia",earthquake,4.1,1.9,0.084,44.0,reviewed,us,us,251188643150.95822,4346,10.0,1748.5797029337123,-6102.604511848086,403.7427330115415,119.37977960589733,337.85879789876054,280.51717517633597,399.2872089174844,452.4037670434104,119.37977960589733
2021-11-29 14:41:19.648000+00:00,3.6788,-78.5964,10.0,4.5,mb,,134.0,3.421,1.09,us,us6000g8r4,2022-02-05T23:03:55.040Z,"130 km N of Mosquera, Colombia",earthquake,7.2,1.9,0.156,14.0,reviewed,us,us,354813389233.57605,4346,11.0,1255.0985663680392,-6222.577384171016,408.1412582725362,514.6845881850554,439.22908172428936,230.49504275188218,716.5286777118386,310.6262780338463,230.49504275188218
2021-11-29 20:33:32.090000+00:00,4.2503,-76.3426,123.06,4.9,mb,,72.0,2.091,0.9,us,us6000g7q7,2022-02-23T12:58:18.253Z,"4 km NNW of Trujillo, Colombia",earthquake,6.8,5.1,0.072,60.0,reviewed,us,us,1412537544622.7554,4347,12.0,1471.179675363685,-6054.581890802311,463.05802440461326,256.85594717329155,237.198844532038,91.26331018850452,478.20221511205494,353.3851219236327,91.26331018850452
2021-12-02 13:52:42.417000+00:00,7.3528,-77.0462,35.0,4.8,mwr,,45.0,1.638,1.02,us,us6000g8g5,2022-02-05T23:03:50.040Z,"12 km SE of Riosucio, Colombia",earthquake,3.0,1.9,0.093,11.0,reviewed,us,us,1000000000000.0,4349,13.0,1408.6320527980442,-6123.98052591726,810.8725288330608,440.9419747592054,203.37040540604377,437.5109269489728,433.5751105236896,683.1441422716523,203.37040540604377
2021-12-09 00:07:17.507000+00:00,4.4212,-73.6567,35.97,4.6,mb,,67.0,0.784,0.58,us,us6000gasf,2022-08-06T17:45:21.410Z,"9 km NE of El Calvario, Colombia",earthquake,6.0,7.8,0.081,46.0,reviewed,us,us,501187233627.2715,4356,12.0,1777.3220680944507,-6060.960428972379,488.3544262064363,56.199902786604774,294.083090186704,336.6894501949766,305.7751995643303,537.7717868865944,56.199902786604774
2021-12-09 23:14:40.346000+00:00,6.8146,-72.9486,153.37,4.8,mb,,30.0,0.925,0.85,us,us6000gb0x,2022-02-12T23:07:23.040Z,"7 km NNE of Cepitá, Colombia",earthquake,7.2,6.3,0.028,397.0,reviewed,us,us,1000000000000.0,4357,12.0,1810.312156923409,-5902.3211647041235,737.7652608256128,264.88008187817024,297.66712958890963,545.240297596229,38.95107108380994,786.5391371268822,38.95107108380994
2021-12-20 04:20:40.937000+00:00,6.8648,-72.9781,149.82,4.4,mb,,53.0,0.971,1.03,us,us6000gdr7,2022-03-01T16:38:07.040Z,"12 km N of Cepitá, Colombia",earthquake,7.8,5.4,0.061,77.0,reviewed,us,us,251188643150.95822,4367,11.0,1808.1148252607356,-5906.002265416442,743.5984211711251,268.33191672533417,295.7220498096457,546.7152728493988,32.48900555914145,788.9732173035901,32.48900555914145
2022-01-11 08:28:25.524000+00:00,2.2295,-78.9499,24.56,4.4,mb,,95.0,0.46,0.85,us,us7000gaus,2022-03-19T22:07:40.040Z,"38 km WNW of Salahonda, Colombia",earthquake,6.7,6.6,0.202,7.0,reviewed,us,us,251188643150.95822,4389,2.0,1215.484014217595,-6224.061702284446,246.8910912477749,607.6149099238422,582.0425462559485,300.9499758121856,844.0552815787146,217.16797665411545,217.16797665411545
2022-01-19 04:25:47.723000+00:00,5.3986,-72.5392,10.0,4.6,mb,,35.0,0.73,0.49,us,us7000gd37,2022-08-06T13:30:47.280Z,"17 km WNW of Yopal, Colombia",earthquake,3.9,1.8,0.059,86.0,reviewed,us,us,501187233627.2715,4397,2.0,1900.17235048828,-6040.985168137201,598.4682420865857,186.20767737166574,349.39651789685536,492.7424030686136,201.9101382438257,702.5104006315065,186.20767737166574
2022-01-25 20:08:49.479000+00:00,6.8946,-72.993,147.93,4.2,mb,,154.0,0.999,0.91,us,us7000gh0d,2022-04-09T20:19:03.040Z,"12 km SSE of Piedecuesta, Colombia",earthquake,4.2,8.3,0.176,9.0,reviewed,us,us,125892541179.41713,4404,3.0,1807.014325357687,-5907.895914794265,747.0376916925475,270.56077593772915,294.9083873197961,547.8320956434644,28.79536845069541,790.61386469439,28.79536845069541
2022-01-26 01:19:49.149000+00:00,6.9341,-73.114,146.2,4.2,mb,,159.0,1.035,1.05,us,us7000ghbu,2022-04-09T20:19:04.040Z,"9 km SW of Piedecuesta, Colombia",earthquake,6.2,8.7,0.199,7.0,reviewed,us,us,125892541179.41713,4404,4.0,1794.8825383418525,-5912.847968614001,751.505564592033,268.9576158405702,283.1172093771371,541.4535769178603,20.615670513814425,786.1614233130067,20.615670513814425
2022-01-26 06:52:51.335000+00:00,6.964,-72.9927,142.58,4.3,mb,,154.0,1.068,0.39,us,us7000ghc0,2022-04-09T20:19:06.040Z,"6 km ESE of Piedecuesta, Colombia",earthquake,7.9,6.0,0.265,4.0,reviewed,us,us,177827941003.89227,4404,5.0,1808.3325648967816,-5912.095123140507,755.1690446993038,277.5178435540115,296.9074112892368,553.2589843506936,22.45038991077437,796.7978591938183,22.45038991077437
2022-02-06 07:13:18.004000+00:00,10.5803,-73.2201,69.23,4.7,mww,,28.0,1.144,0.47,us,us7000gie4,2022-04-19T17:38:44.040Z,"13 km NNE of Valledupar, Colombia",earthquake,6.1,4.4,0.069,20.0,reviewed,us,us,707945784384.1403,4415,6.0,1788.3647386710722,-5930.86849547529,1157.0892721638324,659.3500939140495,547.6217788350286,872.782963568088,384.99435212862113,1134.052595965217,384.99435212862113
2022-02-07 00:31:23.897000+00:00,3.448,-74.7357,62.48,4.4,mb,,91.0,1.447,0.89,us,us7000gipv,2022-05-12T21:34:52.783Z,"10 km NE of Colombia, Colombia",earthquake,6.7,7.5,0.067,64.0,reviewed,us,us,251188643150.95822,4416,7.0,1657.8501827768814,-6074.948941158687,379.4110227465881,158.55660595638648,324.7264795422598,199.37787179273317,445.57463905139156,376.4250100840098,158.55660595638648
2022-02-18 06:42:12.497000+00:00,6.8903,-72.9916,143.24,4.4,mb,,154.0,0.995,0.6,us,us7000gn7i,2022-04-30T14:18:25.040Z,"12 km SSE of Piedecuesta, Colombia",earthquake,9.8,11.2,0.149,13.0,reviewed,us,us,251188643150.95822,4427,6.0,1808.5370490519108,-5912.357832106634,747.1366842378621,270.2004536497898,294.9427049379122,547.6100826854928,29.287268446768255,790.3262222264599,29.287268446768255
2022-02-20 18:35:07.326000+00:00,6.9148,-73.0374,148.24,4.3,mb,,60.0,1.016,0.67,us,us7000gmgp,2022-05-04T13:39:00.040Z,"8 km S of Piedecuesta, Colombia",earthquake,8.6,4.2,0.114,22.0,reviewed,us,us,177827941003.89227,4430,7.0,1802.2688657334938,-5908.747804374801,749.178441697084,270.4625815026324,290.71842253903964,545.9037245674002,24.610967340182366,789.4617049793413,24.610967340182366
2022-02-23 12:49:31.002000+00:00,7.8174,-74.2494,50.69,5.5,mww,,45.0,2.055,0.71,us,us7000gn6g,2022-05-04T13:40:05.040Z,"26 km SW of Santa Rosa del Sur, Colombia",earthquake,5.5,4.3,0.038,67.0,reviewed,us,us,11220184543019.652,4432,8.0,1699.7072203745618,-6026.465637176357,859.6660892690586,345.971254098019,228.4767390738935,547.2063830569388,146.47934061416404,807.4780261868334,146.47934061416404
2022-03-01 14:09:02.940000+00:00,6.7961,-73.078,148.31,4.3,mb,,63.0,0.897,0.46,us,us6000h24a,2022-05-07T21:32:53.040Z,"7 km NNE of Jordán, Colombia",earthquake,7.6,6.7,0.1,28.0,reviewed,us,us,177827941003.89227,4438,6.0,1798.5091249823802,-5911.429108048517,736.3706023272711,256.6130669228512,283.2688579055615,533.4711482274103,36.27528990292401,776.2172987152876,36.27528990292401
2022-03-04 05:01:04.372000+00:00,5.6481,-77.8548,10.0,4.4,mb,,115.0,2.375,0.69,us,us6000h1z6,2022-05-07T21:32:50.040Z,"65 km W of Nuquí, Colombia",earthquake,2.8,1.9,0.149,13.0,reviewed,us,us,251188643150.95822,4441,7.0,1331.792672582014,-6188.434712931892,626.0392008783774,431.659696062754,260.0407571636779,284.8670718625199,547.8983255696877,497.1865473664032,260.0407571636779
2022-03-07 18:34:28.862000+00:00,6.7994,-72.9917,151.42,4.9,mb,,52.0,0.905,0.94,us,us6000h2un,2022-05-14T21:52:21.040Z,"5 km NNW of Cepitá, Colombia",earthquake,6.7,5.5,0.025,518.0,reviewed,us,us,1412537544622.7554,4445,8.0,1806.495271630286,-5905.719828556098,736.3582800354425,261.17339825310563,292.65995949726874,540.6155058175432,38.39769057566068,782.290362625691,38.39769057566068
2022-03-19 22:22:52.414000+00:00,6.8581,-73.1023,146.73,4.5,mb,,47.0,0.959,0.67,us,us6000h63b,2022-05-28T18:35:19.040Z,"13 km N of Jordán, Colombia",earthquake,6.4,5.4,0.113,23.0,reviewed,us,us,354813389233.57605,4457,7.0,1796.225139326535,-5912.926430021504,743.2451243732023,261.7426537441588,282.21963943361493,536.3766860331407,29.131253882481207,780.1253009275291,29.131253882481207
2022-03-20 11:02:20.237000+00:00,3.0949,-79.3379,10.0,4.5,mb,,140.0,2.826,0.8,us,us6000h664,2022-05-28T18:35:20.040Z,"118 km WNW of Mosquera, Colombia",earthquake,9.6,1.9,0.057,92.0,reviewed,us,us,354813389233.57605,4457,7.0,1175.1740507239056,-6242.0623849961175,343.4299525693052,611.1677619221666,543.9889499418659,314.0072948818956,820.9015493452623,309.8202059661009,309.8202059661009
2022-03-24 01:34:04.202000+00:00,4.9824,-76.3122,93.71,4.7,mb,,68.0,1.431,0.52,us,us7000gwqz,2022-05-28T18:35:28.040Z,"12 km NW of San José del Palmar, Colombia",earthquake,7.2,2.6,0.079,49.0,reviewed,us,us,707945784384.1403,4461,7.0,1479.790386585907,-6075.96641691737,545.1809391020723,250.02471058499393,161.95439446733985,171.9534013350027,425.2385533782422,432.65456127210894,161.95439446733985
2022-03-26 10:15:17.319000+00:00,6.9022,-73.1458,144.17,4.4,mb,,120.0,1.005,0.45,us,us7000gyqt,2022-06-04T20:42:06.040Z,"14 km SW of Piedecuesta, Colombia",earthquake,7.2,7.0,0.203,8.0,reviewed,us,us,251188643150.95822,4463,7.0,1792.3058860599697,-5916.171485915036,748.3090330476161,264.3190132148928,278.79424145540065,536.4632204253946,24.274662330367,781.2265710914039,24.274662330367
2022-04-01 18:39:00.317000+00:00,6.8993,-73.0593,145.03,4.5,mb,,71.0,1.0,1.06,us,us7000gz2y,2022-06-04T20:42:36.040Z,"9 km S of Piedecuesta, Colombia",earthquake,6.3,6.0,0.063,79.0,reviewed,us,us,354813389233.57605,4470,7.0,1800.9978023122278,-5912.678382569616,747.8928407602798,267.88053713981833,287.94434526104146,542.9731691935942,25.443891724675893,786.6345395006349,25.443891724675893
2022-04-05 13:49:44.129000+00:00,6.843,-73.0655,148.39,4.3,mb,,82.0,0.944,0.64,us,us7000h0qr,2022-06-11T20:21:16.040Z,"12 km NNE of Jordán, Colombia",earthquake,7.3,7.0,0.153,12.0,reviewed,us,us,177827941003.89227,4473,7.0,1799.599444930973,-5910.382001106172,741.4186745047274,261.9173310727992,285.77412399482125,538.0949765782672,31.365088985326068,781.2125931382546,31.365088985326068
2022-04-09 21:34:57.981000+00:00,6.851,-73.0487,150.58,4.4,mb,,30.0,0.952,0.99,us,us7000h0yx,2022-06-20T22:07:37.040Z,"13 km NW of Cepitá, Colombia",earthquake,7.0,4.7,0.083,42.0,reviewed,us,us,251188643150.95822,4478,7.0,1800.668227353521,-5907.675102376527,742.0200780032932,263.51548095210023,287.78431035940764,540.0438763093211,30.931361263565012,783.0387022605535,30.931361263565012
2022-04-13 02:23:45.952000+00:00,11.3434,-76.105,10.0,3.9,mb,,57.0,1.701,0.59,us,us7000h1ll,2022-06-20T22:07:27.040Z,"121 km NW of Clemencia, Colombia",earthquake,5.3,2.0,0.297,3.0,reviewed,us,us,44668359215.09617,4481,8.0,1497.7124590734463,-6054.240846613074,1251.1379464863087,770.670045288201,569.9171731875756,878.7883264560094,572.4536567764945,1133.838392799897,569.9171731875756
2022-04-13 13:18:37.131000+00:00,6.8718,-73.1367,138.53,4.1,mb,,126.0,0.974,0.59,us,us7000h3d8,2022-06-20T22:08:36.040Z,"15 km ENE of Zapatoca, Colombia",earthquake,7.8,10.4,0.1,27.0,reviewed,us,us,89125093813.3744,4481,9.0,1794.9847734038642,-5921.624584863832,745.7038554845618,261.60398711863763,278.907498683398,534.765702528486,27.5640857506282,779.0930370968077,27.5640857506282
2022-04-19 19:32:27.438000+00:00,1.8566,-75.8536,28.88,4.6,mb,,76.0,2.24,0.78,us,us7000h3ef,2022-06-26T01:19:49.040Z,"7 km NE of Acevedo, Colombia",earthquake,7.4,4.8,0.077,52.0,reviewed,us,us,501187233627.2715,4488,8.0,1549.202757532929,-6146.563094357509,205.47271725126194,373.95676025537983,488.813058003738,192.69907068653077,658.8038537709369,174.03769141586682,174.03769141586682
2022-04-20 21:02:55.036000+00:00,2.8283,-79.4273,10.0,4.4,mb,,80.0,2.662,0.75,us,us6000hf3t,2022-06-26T01:20:13.040Z,"114 km WNW of Mosquera, Colombia",earthquake,7.7,1.9,0.118,21.0,reviewed,us,us,251188643150.95822,4489,9.0,1165.713569917158,-6245.391706757783,313.87147381071554,629.9570261923114,570.9386488359771,328.8443204989193,845.6863353258773,298.5205016175244,298.5205016175244
2022-04-23 09:56:57.526000+00:00,6.8684,-76.4688,10.0,4.4,mb,23.0,55.0,1.151,0.5,us,us6000hftr,2022-07-05T03:39:38.040Z,"26 km WSW of Dabeiba, Colombia",earthquake,5.9,1.9,0.17,11.0,reviewed,us,us,251188643150.95822,4491,9.0,1477.6329094187288,-6140.052614948785,760.7074803518937,357.54642662175553,120.13068079758526,379.9952680537532,370.3520843182248,635.2021887695386,120.13068079758526
2022-04-25 01:49:01.541000+00:00,8.2131,-76.5351,37.28,4.4,mb,95.0,66.0,0.661,0.78,us,us6000hg5a,2022-07-05T03:40:26.040Z,"18 km WSW of San Pedro de Urabá, Colombia",earthquake,8.6,5.6,0.061,78.0,reviewed,us,us,251188643150.95822,4493,10.0,1459.6782047820418,-6096.447853700623,904.8050309284006,475.05468411184745,242.9041109399427,529.4547542041985,395.2228258623783,782.6816259209553,242.9041109399427
2022-04-25 05:48:45.474000+00:00,6.8799,-73.1434,151.78,4.0,mb,16.0,97.0,0.982,0.43,us,us7000h6md,2022-07-05T03:40:30.040Z,"15 km ENE of Zapatoca, Colombia",earthquake,7.5,8.9,0.3,3.0,reviewed,us,us,63095734448.019424,4493,11.0,1790.4471821736176,-5909.144107915066,744.991414809061,262.1398020650575,278.4161308915548,534.8840743279344,26.717918753414345,779.38141591562,26.717918753414345
2022-04-28 07:57:56.167000+00:00,5.4306,-76.5299,71.91,4.3,mb,34.0,76.0,1.249,0.49,us,us7000h5ku,2022-07-05T03:41:40.040Z,"7 km SSE of Lloró, Colombia",earthquake,4.1,8.4,0.137,16.0,reviewed,us,us,177827941003.89227,4496,11.0,1460.7109103039456,-6098.3168624014215,596.1458801077929,283.7394164764329,138.55490374430875,220.05488296749678,420.7979851166309,476.2627981811095,138.55490374430875
2022-04-29 23:47:47.572000+00:00,6.9193,-73.1481,142.64,4.1,mb,26.0,112.0,1.022,0.81,us,us7000h5y8,2022-07-05T03:42:15.040Z,"13 km SW of Piedecuesta, Colombia",earthquake,6.8,8.0,0.158,11.0,reviewed,us,us,89125093813.3744,4498,12.0,1792.443885057048,-5917.483055095159,750.3382578432492,265.97427378978597,279.0500360706866,537.6433625682492,22.414956918070498,782.6140624140409,22.414956918070498
2022-05-12 21:23:29.680000+00:00,4.014,-76.4472,69.18,5.0,mww,220.0,52.0,2.274,0.94,us,us6000hkph,2022-07-22T18:30:52.040Z,"10 km NNE of Darien, Colombia",earthquake,5.6,4.3,0.086,13.0,reviewed,us,us,1995262314968.8828,4511,10.0,1473.1543509467438,-6111.313848132407,441.12880240554847,274.50048129434526,265.8851313382867,63.23993460403382,504.5408254740325,324.87276045609684,63.23993460403382
2022-05-14 13:10:43.487000+00:00,6.9193,-73.1647,143.27,4.2,mb,35.0,124.0,1.023,1.01,us,us6000hl48,2022-07-24T02:38:31.040Z,"13 km E of Betulia, Colombia",earthquake,8.6,7.1,0.052,102.0,reviewed,us,us,125892541179.41713,4512,9.0,1790.548236436125,-5917.403514686146,750.2623609614951,265.2740664049027,277.284414875275,536.3641236687673,22.716896289453278,781.5379305782753,22.716896289453278
2022-05-16 11:25:56.202000+00:00,6.8748,-73.099,147.84,4.3,mb,98.0,107.0,0.976,0.88,us,us6000hlfw,2022-07-24T02:39:06.040Z,"13 km SSW of Piedecuesta, Colombia",earthquake,7.4,6.4,0.039,186.0,reviewed,us,us,177827941003.89227,4514,10.0,1796.1822628549503,-5911.561015655833,744.9134328117907,263.5857435196193,283.02318014226717,537.9438679748016,27.31269822467976,781.8334980246752,27.31269822467976
2022-05-18 01:38:08.276000+00:00,3.8914,-79.0132,10.0,3.8,mb,16.0,180.0,3.383,1.07,us,us7000hc7q,2022-07-24T02:39:43.040Z,"165 km NNW of Mosquera, Colombia",earthquake,11.2,2.0,0.255,4.0,reviewed,us,us,31622776601.683792,4516,11.0,1209.502462842207,-6230.0133394525365,431.6926946591608,555.4003222658828,461.4344952656442,279.63917620225885,744.1618816345097,354.50582102256504,279.63917620225885
2022-05-21 15:33:01.013000+00:00,6.9515,-73.138,140.07,4.3,mb,30.0,125.0,1.053,0.9,us,us6000hmxa,2022-08-02T19:50:38.040Z,"10 km WSW of Piedecuesta, Colombia",earthquake,7.7,5.5,0.066,65.0,reviewed,us,us,177827941003.89227,4520,10.0,1794.1043734056075,-5919.203928623685,754.124004121869,269.70816423181856,281.09682294105625,540.9857625584284,18.734750732729136,786.1665180836682,18.734750732729136
2022-05-28 03:01:19.115000+00:00,6.8281,-73.0753,149.97,4.3,mb,35.0,71.0,0.929,0.85,us,us7000hd7k,2022-08-06T22:13:00.040Z,"10 km NNE of Jordán, Colombia",earthquake,3.3,7.2,0.07,60.0,reviewed,us,us,177827941003.89227,4526,8.0,1798.187863381936,-5909.373134128511,739.6241143486894,259.9576115306568,284.3426200267719,536.1635037160914,32.79987884185333,779.2381201577123,32.79987884185333
2022-05-29 02:26:02.891000+00:00,6.9374,-73.1291,136.93,4.2,mb,32.0,126.0,1.039,0.99,us,us7000hdcz,2022-08-06T22:13:03.040Z,"10 km WSW of Piedecuesta, Colombia",earthquake,7.9,9.0,0.152,13.0,reviewed,us,us,125892541179.41713,4527,8.0,1795.9822192747704,-5922.085446612319,752.9811391870585,268.64184623899575,281.61136415436397,540.5486436123019,20.23868531070501,785.4754116518732,20.23868531070501
2022-05-30 01:23:25.370000+00:00,6.8191,-73.056,146.23,4.5,mb,77.0,66.0,0.921,1.01,us,us7000hdii,2022-08-06T22:13:05.040Z,"10 km NNE of Jordán, Colombia",earthquake,7.1,6.3,0.039,191.0,reviewed,us,us,354813389233.57605,4528,8.0,1801.294425432974,-5912.43048402108,739.097907873081,259.9681292690101,286.19609210280515,536.9951150316649,34.1828869307586,779.7222895943936,34.1828869307586
2022-05-31 20:49:09.658000+00:00,6.8655,-73.1145,154.171,4.1,mb,32.0,73.0,0.967,0.98,us,us7000hdxz,2022-08-06T22:13:11.040Z,"14 km N of Jordán, Colombia",earthquake,6.11,6.221,0.185,9.0,reviewed,us,us,89125093813.3744,4530,9.0,1792.7923455201123,-5906.1477206651,743.1537679161256,261.9444400202598,281.11123191797384,536.0017890311668,28.23577993876396,779.9840121821911,28.23577993876396
2022-06-01 04:20:25.077000+00:00,6.8568,-73.0358,145.81,4.3,mb,48.0,36.0,0.959,0.77,us,us7000he04,2022-08-06T22:13:12.040Z,"13 km NNW of Cepitá, Colombia",earthquake,7.2,6.0,0.052,103.0,reviewed,us,us,177827941003.89227,4530,10.0,1803.3581624413587,-5911.7274728212515,743.2147476648913,264.7126028391915,289.3193793206372,541.5143201809097,30.724039477385425,784.4112508924561,30.724039477385425
2022-06-05 16:31:25.199000+00:00,6.8882,-73.069,147.18,4.2,mb,17.0,128.0,0.989,0.48,us,us7000hg8m,2022-08-13T21:51:48.040Z,"11 km S of Piedecuesta, Colombia",earthquake,6.1,8.4,0.186,9.0,reviewed,us,us,125892541179.41713,4535,11.0,1799.417336020024,-5911.079735801433,746.4375394018277,266.31153035057434,286.59999774921613,541.3438014947064,26.37172859359798,785.0050157652508,26.37172859359798
2022-06-08 23:12:51.902000+00:00,6.8286,-74.1788,92.26,4.6,mb,101.0,63.0,1.432,0.66,us,us7000hg1t,2022-08-13T21:51:43.040Z,"23 km NW of Puerto Parra, Colombia",earthquake,5.4,7.2,0.06,82.0,reviewed,us,us,501187233627.2715,4538,12.0,1699.6690676468154,-5998.031302276678,746.5397142776474,235.76204495509756,168.0016987513684,457.0584417195071,120.962906304938,712.8399029867533,120.962906304938
2022-06-12 00:50:07.200000+00:00,6.9518,-76.0316,10.0,4.6,mb,45.0,77.0,0.905,0.72,us,us7000hgu3,2022-08-21T00:16:13.040Z,"15 km WSW of Peque, Colombia",earthquake,4.5,1.8,0.105,27.0,reviewed,us,us,501187233627.2715,4541,12.0,1524.1726965563464,-6127.517737429979,769.899323647673,330.244915530535,93.09060900651232,393.12813121157564,321.55863246656264,652.9230970764718,93.09060900651232
2022-06-12 07:05:50.196000+00:00,0.8231,-77.9074,14.264,4.0,mb,20.0,99.0,0.161,0.6,us,us7000hgvq,2022-08-21T00:16:21.040Z,"16 km SW of Cumbal, Colombia",earthquake,4.69,5.357,0.195,7.0,reviewed,us,us,63095734448.019424,4541,13.0,1331.5496817341966,-6215.040572478681,91.31648927457208,606.8567172649751,655.7192661294181,329.8157237486749,878.3861233400586,82.05978565152643,82.05978565152643
2022-06-12 09:00:17.716000+00:00,4.3462,-73.5652,50.96,4.4,mb,53.0,125.0,0.901,0.49,us,us7000hhvl,2022-08-21T00:16:23.040Z,"9 km N of Restrepo, Colombia",earthquake,5.5,7.7,0.092,34.0,reviewed,us,us,251188643150.95822,4541,14.0,1782.9495009262914,-6044.386107428891,478.95016762426235,69.30075231028697,307.181162193654,343.8302214434353,312.21621039607385,540.013088608866,69.30075231028697
2022-06-16 14:16:03.256000+00:00,6.903,-73.131,141.53,4.3,mb,19.0,69.0,1.005,0.75,us,us7000hj15,2022-08-21T00:17:55.040Z,northern Colombia,earthquake,8.0,8.4,0.217,6.0,reviewed,us,us,177827941003.89227,4545,13.0,1794.5915265210847,-5918.206409892588,748.7126443068802,265.0397312348456,280.39513220433963,537.673098003756,24.068899857325192,782.2624516703644,24.068899857325192
2022-06-18 16:26:27.157000+00:00,6.8826,-73.0661,149.42,4.5,mb,42.0,61.0,0.983,0.92,us,us7000hie8,2022-08-28T03:18:28.040Z,"11 km S of Piedecuesta, Colombia",earthquake,7.3,7.1,0.04,181.0,reviewed,us,us,354813389233.57605,4548,13.0,1799.0900221476184,-5908.9309809522,745.5651889353196,265.87994533216045,286.7569523923599,541.1334407139459,27.050974830445547,784.6972175444391,27.050974830445547
2022-06-19 07:45:21.702000+00:00,6.9376,-73.133,139.72,4.2,mb,18.0,121.0,1.039,0.34,us,us7000hjmu,2022-08-28T03:18:39.040Z,"10 km WSW of Piedecuesta, Colombia",earthquake,4.8,8.3,0.199,7.0,reviewed,us,us,125892541179.41713,4548,14.0,1794.7747545246457,-5919.554738363736,752.6657415057723,268.4951377090006,281.2030932185595,540.263663465358,20.236068785732307,785.2400830512906,20.236068785732307
2022-06-24 03:03:35.937000+00:00,6.8663,-73.0524,143.55,4.3,mb,45.0,71.0,0.967,1.2,us,us7000hjtj,2022-08-28T03:20:51.040Z,"13 km S of Piedecuesta, Colombia",earthquake,5.6,5.9,0.103,27.0,reviewed,us,us,177827941003.89227,4553,14.0,1802.263426024193,-5914.278089707103,744.5097201017793,264.8775060426194,287.7869394330725,540.9404601677925,29.182648545382442,784.1526777632071,29.182648545382442
2022-06-30 23:37:46.794000+00:00,4.9528,-76.0895,114.035,4.5,mb,82.0,93.0,1.351,0.62,us,us6000hyzh,2022-09-03T21:03:23.040Z,"7 km NW of El Águila, Colombia",earthquake,4.4,6.29,0.045,143.0,reviewed,us,us,354813389233.57605,4560,11.0,1498.5950121310232,-6050.786141299107,540.1954027050651,225.1384082837503,154.22109804136946,173.98879463835743,406.99780840564256,436.3166564237516,154.22109804136946
2022-07-01 02:13:57.207000+00:00,6.8389,-73.0269,146.56,4.2,mb,43.0,119.0,0.941,0.96,us,us6000hz0g,2022-09-03T21:03:24.040Z,"11 km NNW of Cepitá, Colombia",earthquake,7.9,5.3,0.088,36.0,reviewed,us,us,125892541179.41713,4560,12.0,1804.1267441929044,-5910.956838946486,741.1944769085145,263.3515728671908,289.81938254180665,540.8355989276313,32.92314141177268,783.417531094147,32.92314141177268
2022-07-01 08:37:57.875000+00:00,6.8015,-73.0028,151.46,4.3,mb,36.0,84.0,0.906,0.42,us,us6000i0a8,2022-09-03T21:03:30.040Z,"6 km NNW of Cepitá, Colombia",earthquake,7.9,7.9,0.113,22.0,reviewed,us,us,177827941003.89227,4560,12.0,1805.331612036327,-5906.005895291816,736.5798985586164,260.82170450475195,291.5103585476974,539.885410346058,37.73453443557211,781.7278578671588,37.73453443557211
2022-07-03 08:59:48.013000+00:00,2.1113,-79.5531,10.0,4.4,mb,40.0,143.0,2.163,0.33,us,us6000i0l2,2022-09-13T06:23:46.040Z,"91 km WNW of Tumaco, Colombia",earthquake,8.4,1.8,0.092,34.0,reviewed,us,us,251188643150.95822,4562,13.0,1152.6202223605458,-6251.309492042074,234.3443144396351,673.5161481413193,636.4991984005667,367.13752258512585,904.2781798369302,271.538793462059,271.538793462059
2022-07-07 08:57:41.304000+00:00,6.8925,-73.1057,143.63,4.2,mb,52.0,96.0,0.993,0.51,us,us6000i23h,2024-01-18T16:39:21.699Z,"12 km SSW of Piedecuesta, Colombia",earthquake,4.1,9.2,0.075,49.0,reviewed,us,us,125892541179.41713,4566,13.0,1796.6386231835909,-5915.5497383625525,747.3272827508101,265.08302600193906,282.7966892169067,538.8115318186335,25.28870408981742,782.9758899155291,25.28870408981742
2022-07-07 23:44:24.163000+00:00,6.8663,-73.0722,142.05,4.0,mb,16.0,130.0,0.967,0.45,us,us6000i246,2022-09-13T06:26:13.040Z,"13 km S of Piedecuesta, Colombia",earthquake,8.0,10.4,0.258,4.0,reviewed,us,us,63095734448.019424,4567,14.0,1800.653107832465,-5916.325270586061,744.6890494549099,263.9521878101594,285.66430099391,539.3811073333833,28.67911959528791,782.8420910020691,28.67911959528791
2022-07-08 00:50:32.197000+00:00,6.8134,-73.0292,153.68,4.3,mb,27.0,104.0,0.916,0.73,us,us6000i2nk,2022-09-13T06:26:16.040Z,"8 km NW of Cepitá, Colombia",earthquake,3.9,6.5,0.188,8.0,reviewed,us,us,177827941003.89227,4567,15.0,1801.9220290596884,-5904.582324836437,737.5991816824082,260.69549881640353,288.94480086258375,538.6875685668015,35.54560007247708,781.0070249884709,35.54560007247708
2022-07-19 20:04:09.546000+00:00,6.8944,-73.1666,149.374,4.3,mb,14.0,123.0,0.999,0.62,us,us6000i676,2022-09-27T16:57:04.040Z,"12 km E of Betulia, Colombia",earthquake,7.21,8.738,0.377,2.0,reviewed,us,us,177827941003.89227,4579,9.0,1788.6913854346767,-5911.974210071359,746.8427886770396,262.6339233932217,276.35167991943945,534.2360920062466,25.472750305635124,779.1737243602719,25.472750305635124
2022-07-22 04:42:44.785000+00:00,6.7709,-73.067,155.483,4.1,mb,29.0,132.0,0.873,0.86,us,us6000i76m,2022-09-27T16:57:06.040Z,"5 km NE of Jordán, Colombia",earthquake,6.64,5.691,0.103,26.0,reviewed,us,us,89125093813.3744,4581,10.0,1797.663571035914,-5904.578807277833,732.8071856258576,254.61439126829134,283.8709246551663,532.4047869148675,39.22513183678227,774.7186318128905,39.22513183678227
2022-07-27 12:40:11.183000+00:00,2.6716,-77.6584,95.244,4.4,mb,20.0,128.0,1.947,0.95,us,us6000i5w5,2022-10-01T22:09:23.040Z,"11 km S of Timbiquí, Colombia",earthquake,9.25,4.244,0.239,5.0,reviewed,us,us,251188643150.95822,4586,10.0,1339.9203934430268,-6124.063847680559,292.52128179581666,458.00978079229884,459.1521885886129,152.20054508447896,704.9638026843292,167.4563111579732,152.20054508447896
2022-08-06 01:03:43.339000+00:00,8.2722,-77.1925,10.0,4.5,mb,34.0,79.0,1.002,0.66,us,us6000i8kd,2022-10-21T23:18:19.040Z,"27 km NNW of Unguía, Colombia",earthquake,6.1,1.735,0.074,56.0,reviewed,us,us,354813389233.57605,4596,7.0,1395.41104707864,-6138.2054329879775,915.1956469125967,524.9924411615343,287.11872053293837,540.9793889719065,466.41899487842136,784.9418354587665,287.11872053293837
2022-08-13 12:20:48.392000+00:00,6.8811,-73.0954,157.36,4.2,mb,16.0,166.0,0.982,0.59,us,us6000id49,2022-10-28T02:27:16.040Z,"12 km SSW of Piedecuesta, Colombia",earthquake,9.79,8.28,0.236,5.0,reviewed,us,us,125892541179.41713,4603,5.0,1793.7815893071643,-5902.326709693623,744.4521955773325,264.3875739046651,283.58090081609805,538.7197785936729,26.657452309769152,782.6329256801263,26.657452309769152
2022-08-13 13:02:01.435000+00:00,6.9068,-72.9904,150.758,4.6,mb,53.0,53.0,1.012,1.15,us,us6000iaij,2022-10-28T02:25:38.040Z,"11 km SE of Piedecuesta, Colombia",earthquake,8.36,7.341,0.028,378.0,reviewed,us,us,501187233627.2715,4603,6.0,1806.414565411968,-5904.977000032088,748.0130918129224,271.90468403792465,295.5186629382034,548.9835652882165,27.776170535283452,791.8686495466401,27.776170535283452
2022-08-15 03:44:02.857000+00:00,6.8682,-73.0414,151.179,4.1,mb,35.0,113.0,0.97,0.56,us,us6000iax3,2022-10-28T02:26:02.040Z,"13 km S of Piedecuesta, Colombia",earthquake,7.3,9.519,0.105,25.0,reviewed,us,us,89125093813.3744,4605,7.0,1801.1823874195907,-5906.663459758392,743.8024283675657,265.5886968211663,289.0167195894938,541.9562800518481,29.32741588584571,785.0512806729485,29.32741588584571
2022-08-17 15:46:51.547000+00:00,4.8445,-76.0511,128.811,4.6,mb,33.0,81.0,1.435,0.78,us,us7000i2l7,2022-10-28T02:28:00.040Z,"7 km S of El Águila, Colombia",earthquake,11.08,6.655,0.096,32.0,reviewed,us,us,501187233627.2715,4608,8.0,1499.344277398853,-6036.471526525124,527.1638824917267,219.79186977096603,164.0980107982809,163.8084199209959,410.90903748125703,426.2059763394534,163.8084199209959
2022-08-22 21:52:44.167000+00:00,6.7699,-73.0547,156.746,4.4,mb,57.0,35.0,0.872,0.64,us,us6000icw1,2022-11-01T15:12:54.040Z,"6 km NE of Jordán, Colombia",earthquake,8.12,5.96,0.054,97.0,reviewed,us,us,251188643150.95822,4613,7.0,1798.569279883858,-5903.005249554312,732.5505755292851,255.1118537298304,285.17816628644687,533.3105589764298,39.569890151839,775.4535921306397,39.569890151839
2022-08-30 19:17:46.874000+00:00,5.1534,-76.2303,100.779,4.5,mb,28.0,116.0,1.246,0.74,us,us7000i614,2022-11-06T04:37:19.040Z,"23 km WSW of Pueblo Rico, Colombia",earthquake,7.33,8.545,0.135,17.0,reviewed,us,us,354813389233.57605,4621,7.0,1486.4043363886856,-6065.399489921839,563.2073909864819,244.09975513365785,140.95938328869607,192.16552204827585,407.2011771446297,453.34761345965615,140.95938328869607
2022-09-01 04:57:05.410000+00:00,6.7234,-73.0693,162.621,4.4,mb,62.0,32.0,0.826,0.87,us,us7000i47m,2022-11-06T04:36:35.040Z,northern Colombia,earthquake,8.4,5.268,0.041,168.0,reviewed,us,us,251188643150.95822,4622,8.0,1795.5384496736617,-5898.44846346727,726.8543232347964,249.7626281112603,282.5919420175126,528.5835515636202,44.41495470617585,770.3677743573029,44.41495470617585
2022-09-06 10:14:01.115000+00:00,6.6308,-74.3658,83.582,4.2,mb,50.0,70.0,1.236,0.62,us,us7000i5ma,2022-11-15T19:06:10.040Z,"15 km NNE of Puerto Berrío, Colombia",earthquake,5.16,6.074,0.098,29.0,reviewed,us,us,125892541179.41713,4627,8.0,1683.091454243345,-6014.293813819466,726.0152783722373,215.93130695889286,141.00642721840413,427.2298882607402,147.59117280128675,683.6350948209706,141.00642721840413
2022-09-17 06:12:44.959000+00:00,7.4207,-73.7203,108.926,4.3,mb,38.0,92.0,1.645,0.59,us,us7000i8rt,2022-11-26T20:57:32.040Z,"20 km ENE of Puerto Wilches, Colombia",earthquake,6.97,5.76,0.148,13.0,reviewed,us,us,177827941003.89227,4638,5.0,1740.7236490599353,-5960.649407523373,808.7710427993308,303.805047004658,243.56412031729283,540.0139649087301,73.94654204104233,795.0473811130674,73.94654204104233
2022-09-18 15:32:50.802000+00:00,6.8579,-73.104,150.256,4.2,mb,61.0,126.0,0.959,0.34,us,us7000iah9,2022-11-26T20:57:58.040Z,"13 km N of Jordán, Colombia",earthquake,7.5,6.945,0.076,49.0,reviewed,us,us,125892541179.41713,4640,6.0,1795.0330040398196,-5909.6325469671865,742.8025227272111,261.6453476284034,282.0320961012397,536.2277649864302,29.139536462270325,779.9955216680954,29.139536462270325
2022-09-19 06:12:41.227000+00:00,6.6815,-72.995,158.846,4.9,mb,110.0,43.0,0.789,0.74,us,us7000i97s,2022-11-26T20:57:41.040Z,"2 km ESE of Aratoca, Colombia",earthquake,7.45,4.309,0.022,650.0,reviewed,us,us,1412537544622.7554,4640,7.0,1804.4374161176013,-5900.207250514917,722.7844298281796,249.4206204192207,289.85160472788937,531.4333133220894,50.68106430261011,771.7232265260494,50.68106430261011
2022-09-20 04:54:53.822000+00:00,6.9237,-74.9252,61.869,4.5,mb,86.0,37.0,0.943,0.87,us,us7000i9ft,2022-11-26T20:57:44.040Z,"16 km E of Amalfi, Colombia",earthquake,5.86,6.704,0.086,40.0,reviewed,us,us,354813389233.57605,4641,8.0,1628.911823759009,-6047.589951631136,760.5498159287251,263.51676762038267,104.68832758312108,425.098842951475,200.1109678841096,686.5593050877648,104.68832758312108
2022-09-26 03:41:59.137000+00:00,3.3162,-79.1953,10.0,4.2,mb,34.0,155.0,2.941,0.53,us,us7000ib1b,2022-12-03T22:03:24.040Z,"121 km NW of Mosquera, Colombia",earthquake,6.65,1.587,0.102,27.0,reviewed,us,us,125892541179.41713,4647,8.0,1190.4483432043066,-6237.76874797596,367.960308914644,589.046288988972,516.0844387168306,296.01207500987465,794.2541678939356,316.05488280068255,296.01207500987465
2022-10-03 23:49:57.944000+00:00,6.9083,-76.7318,15.899,4.7,mb,95.0,48.0,1.391,0.66,us,us6000iqkx,2022-12-10T22:53:03.040Z,"12 km SE of Murindó, Colombia",earthquake,2.32,4.006,0.035,244.0,reviewed,us,us,707945784384.1403,4655,7.0,1447.9672931302466,-6140.553613240152,764.3956836281703,382.432178262443,146.99318639553076,385.0036177150084,398.99968194046926,636.1435847006342,146.99318639553076
2022-10-04 05:13:54.668000+00:00,1.808,-77.2764,128.35,4.8,mb,95.0,97.0,1.199,0.6,us,us6000iqmd,2024-01-18T16:58:01.513Z,"9 km NE of El Rosario, Colombia",earthquake,7.88,6.972,0.025,505.0,reviewed,us,us,1000000000000.0,4655,8.0,1374.2467263859469,-6086.323411436558,196.95758151632168,480.3252010416754,527.8885471116671,200.59353905732976,748.7810186169883,66.09632910822377,66.09632910822377
2022-10-12 09:09:35.502000+00:00,6.895,-73.0863,147.754,4.4,mb,38.0,74.0,0.996,0.78,us,us6000iujm,2022-12-17T22:54:19.040Z,"11 km SSW of Piedecuesta, Colombia",earthquake,7.43,8.964,0.107,25.0,reviewed,us,us,251188643150.95822,4663,8.0,1797.4408784326943,-5910.992787934964,747.1019515674888,266.2091699791515,284.9392138526815,540.5224219295845,25.262481505942624,784.4728237786055,25.262481505942624
2022-10-15 17:29:46.927000+00:00,6.877,-73.0918,150.275,4.4,mb,63.0,96.0,0.978,0.82,us,us6000itz5,2022-12-31T23:03:33.040Z,"13 km SSW of Piedecuesta, Colombia",earthquake,6.76,8.109,0.067,66.0,reviewed,us,us,251188643150.95822,4667,9.0,1796.2136990818442,-5908.994905109523,744.8591036198975,264.1349603523902,283.8537516583831,538.6799291392477,27.1575084746614,782.503586786596,27.1575084746614
2022-10-18 07:17:09.599000+00:00,6.7912,-73.0398,161.151,4.7,mb,82.0,30.0,0.894,0.86,us,us6000iuha,2022-12-31T23:03:37.040Z,"8 km WNW of Cepitá, Colombia",earthquake,6.18,5.757,0.026,455.0,reviewed,us,us,707945784384.1403,4669,9.0,1798.7487995451218,-5898.092578277289,734.3237004253255,257.96396198880797,287.2757357645978,536.1356730984763,37.61302559136345,778.3344847088736,37.61302559136345
2022-10-23 00:39:08.102000+00:00,1.8089,-78.9969,47.031,4.3,mb,37.0,128.0,0.534,0.91,us,us6000ivuj,2023-01-03T15:23:33.040Z,"22 km W of Tumaco, Colombia",earthquake,7.23,6.784,0.133,16.0,reviewed,us,us,177827941003.89227,4674,7.0,1206.40455476942,-6204.621085702404,199.6225088754203,634.8065775372272,621.8517486310876,329.1253431104845,878.8785152013874,201.88165119377842,201.88165119377842
2022-11-13 12:13:21.065000+00:00,7.3492,-71.8699,10.0,4.6,mb,53.0,63.0,1.883,0.72,us,us7000ipgi,2023-01-28T19:58:11.040Z,"46 km NE of Cubará, Colombia",earthquake,7.74,1.884,0.089,38.0,reviewed,us,us,501187233627.2715,4695,4.0,1963.1281014784715,-5995.530090465221,813.6756058231246,381.24428999434247,427.79497228219674,673.8568669522111,140.54046149627766,908.3683226926421,140.54046149627766
2022-11-20 05:02:15.566000+00:00,6.844,-73.0742,152.394,4.2,mb,22.0,72.0,0.945,0.53,us,us7000is4g,2023-01-30T06:00:19.040Z,"12 km N of Jordán, Colombia",earthquake,7.53,3.782,0.176,13.0,reviewed,us,us,125892541179.41713,4702,3.0,1797.5408124865676,-5906.839548522901,741.0493631917518,261.61037112525287,284.86531598886927,537.4860003292611,31.076461891230753,780.7247985893249,31.076461891230753
2022-11-25 00:35:32.353000+00:00,7.7723,-75.2486,46.604,3.9,mwr,35.0,45.0,1.545,1.3,us,us7000is7z,2023-01-30T06:01:39.040Z,"23 km NNE of Cáceres, Colombia",earthquake,3.65,6.822,0.093,11.0,reviewed,us,us,44668359215.09617,4707,3.0,1595.5592141419816,-6059.757023515106,855.2896438879457,364.39055809410047,173.83643032509707,500.982402234923,245.38342172196968,763.2677754837978,173.83643032509707
2022-11-27 01:24:11.080000+00:00,11.1231,-74.0526,42.336,4.3,mb,20.0,56.0,0.173,0.84,us,us6000j636,2023-02-05T23:24:10.040Z,"20 km SE of Santa Marta, Colombia",earthquake,7.42,5.801,0.177,10.0,reviewed,us,us,177827941003.89227,4709,4.0,1706.1665656922335,-5970.792336437681,1220.9105414185847,712.9962200435955,567.9170400225099,895.7296767377572,456.7530872358049,1158.106934512624,456.7530872358049
2022-11-27 16:47:02.911000+00:00,7.503,-73.2225,139.778,4.4,mb,18.0,84.0,1.606,0.45,us,us6000j63p,2023-02-05T23:24:22.040Z,"4 km NNW of El Playón, Colombia",earthquake,7.78,7.999,0.203,7.0,reviewed,us,us,251188643150.95822,4710,5.0,1783.2783568783975,-5914.8965706367935,813.6611541926904,324.3533035278602,295.62202627299575,580.5841261524557,44.06243920754903,831.4888909681974,44.06243920754903
2022-11-28 13:37:13.142000+00:00,6.8133,-76.113,22.187,4.7,mb,44.0,49.0,0.848,0.87,us,us7000isz1,2023-02-05T23:24:41.040Z,"5 km NNE of Frontino, Colombia",earthquake,3.28,5.562,0.11,27.0,reviewed,us,us,707945784384.1403,4710,6.0,1513.0037318788325,-6119.718460889874,753.1880082246334,324.9950396781657,86.34824325541538,376.67241157307717,331.7998090212499,635.9855676746371,86.34824325541538
2022-12-02 01:48:58.293000+00:00,7.2127,-77.0842,43.133,4.7,mb,44.0,67.0,1.781,0.77,us,us6000j67s,2023-02-05T23:25:56.040Z,"25 km S of Riosucio, Colombia",earthquake,4.56,6.695,0.086,41.0,reviewed,us,us,707945784384.1403,4714,7.0,1403.205654199465,-6118.963190108925,794.4835679884521,433.971958048583,197.84992907210759,422.6585326419668,437.17989401261076,667.4264203304468,197.84992907210759
2022-12-02 08:46:33.715000+00:00,2.5622,-79.849,10.0,4.6,mb,29.0,143.0,2.759,0.99,us,us6000j695,2023-02-05T23:26:00.040Z,"144 km WNW of Salahonda, Colombia",earthquake,3.31,1.935,0.182,9.0,reviewed,us,us,501187233627.2715,4714,8.0,1119.9608306928644,-6255.169636975396,284.3616541920554,684.1117836179995,625.638111035125,381.3680544009253,901.046219718372,322.37649894754975,322.37649894754975
2022-12-02 11:50:09.209000+00:00,7.2489,-77.1841,27.87,4.3,mb,40.0,105.0,1.791,0.39,us,us6000j69v,2023-02-05T23:26:02.040Z,"22 km SSW of Riosucio, Colombia",earthquake,5.7,2.22,0.137,15.0,reviewed,us,us,177827941003.89227,4714,9.0,1395.7815430244575,-6135.673629029685,800.3756612253778,445.0398971639938,209.30600766557046,428.3656088655558,448.2918273964128,671.1808585159699,209.30600766557046
2022-12-02 13:24:00.291000+00:00,6.795,-72.9223,156.937,4.1,mb,33.0,120.0,0.911,0.64,us,us6000j6ai,2023-02-05T23:26:04.040Z,"7 km NE of Cepitá, Colombia",earthquake,8.61,8.017,0.145,13.0,reviewed,us,us,89125093813.3744,4714,10.0,1812.0551114242296,-5898.344704116775,735.2312510686129,264.3462166175978,300.05975991896776,545.8817186189094,42.303980746858436,786.6072178924491,42.303980746858436
2022-12-02 23:09:22.099000+00:00,8.0925,-72.5631,10.0,4.4,mwr,70.0,37.0,2.064,0.61,us,us6000j6gr,2023-02-05T23:26:11.040Z,"17 km SW of La Esperanza, Colombia",earthquake,5.56,1.873,0.075,17.0,reviewed,us,us,251188643150.95822,4715,11.0,1887.1264371629518,-6008.264891325735,895.448382556588,411.31054943984475,391.28063910379205,677.4859960425471,124.55700742714546,926.3620083085062,124.55700742714546
2022-12-03 11:41:36.885000+00:00,7.2431,-77.1037,40.005,4.7,mwr,107.0,50.0,1.762,0.53,us,us6000j6n3,2023-02-11T23:03:03.040Z,"22 km S of Riosucio, Colombia",earthquake,6.64,5.474,0.083,14.0,reviewed,us,us,707945784384.1403,4715,12.0,1401.7213294967405,-6122.05340285787,798.2087051738112,437.7879011405774,201.4986417047333,426.3184071289413,439.408836107513,670.7380888603426,201.4986417047333
2022-12-12 14:49:13.270000+00:00,3.9986,-76.7154,101.355,4.5,mb,23.0,146.0,2.478,0.27,us,us6000j9qp,2023-02-18T22:04:16.040Z,"26 km WNW of Darien, Colombia",earthquake,5.04,7.475,0.192,9.0,reviewed,us,us,354813389233.57605,4724,13.0,1437.1831770516553,-6087.020045416483,437.1955035480426,303.58791272947917,279.51119479960306,64.13762748540739,527.6998936874284,315.9876649032418,64.13762748540739
2022-12-14 06:36:56.178000+00:00,6.7855,-73.04,154.45,4.5,mb,70.0,38.0,0.888,0.81,us,us6000j95b,2023-02-18T22:04:09.040Z,"8 km WNW of Cepitá, Colombia",earthquake,6.41,3.877,0.043,160.0,reviewed,us,us,354813389233.57605,4726,13.0,1800.6905290218251,-5904.533372177876,734.5019932095878,257.386251045193,287.12218809803517,535.682264553441,38.222841901663024,777.8173565967008,38.222841901663024
2022-12-14 17:39:03.979000+00:00,3.3517,-74.1224,8.071,4.5,mb,31.0,78.0,1.496,0.86,us,us6000jac8,2023-02-18T22:04:19.040Z,"9 km WSW of Mesetas, Colombia",earthquake,4.85,4.702,0.121,20.0,reviewed,us,us,354813389233.57605,4727,14.0,1737.8128084636062,-6109.703954917312,372.00764111586204,151.25019695063943,359.9575119675303,267.69370070935906,433.3111209372677,423.8826430979671,151.25019695063943
2022-12-21 18:53:54.611000+00:00,7.3105,-76.9735,39.736,4.9,mb,52.0,78.0,1.65,0.72,us,us6000jawa,2023-02-28T23:06:41.040Z,"21 km SE of Riosucio, Colombia",earthquake,7.23,6.917,0.11,26.0,reviewed,us,us,1412537544622.7554,4734,14.0,1415.4770812571812,-6118.193204078585,805.6304287316068,431.82761496249566,194.1438986327032,431.86372012924795,425.3292775216351,678.8010348918046,194.1438986327032
2022-12-26 07:27:29.115000+00:00,11.079,-74.0078,47.936,4.1,mb,20.0,78.0,0.229,0.38,us,us7000j2kn,2023-03-07T19:00:05.040Z,"27 km ENE of Ciénaga, Colombia",earthquake,7.73,6.228,0.157,11.0,reviewed,us,us,89125093813.3744,4738,14.0,1709.5789611973466,-5965.075085131034,1215.0544647366157,708.1246695926951,564.7256704422164,892.5925346011821,450.89105261773204,1154.9864558182571,450.89105261773204
2023-01-02 00:22:05.645000+00:00,6.8279,-73.0877,153.952,4.3,mb,14.0,59.0,0.929,0.92,us,us7000j43n,2023-03-11T22:51:46.040Z,"10 km N of Jordán, Colombia",earthquake,7.15,9.255,0.218,6.0,reviewed,us,us,177827941003.89227,4745,7.0,1795.75948251501,-5905.981868013959,739.1291429457777,259.35852916164947,283.00409069388405,535.1685892684205,32.63166635194584,778.3983430031849,32.63166635194584
2023-01-05 11:03:59.462000+00:00,6.7877,-73.0479,153.901,4.4,mb,37.0,73.0,0.89,0.72,us,us7000j4qq,2023-03-11T22:51:50.040Z,"8 km NE of Jordán, Colombia",earthquake,3.34,5.421,0.126,18.0,reviewed,us,us,251188643150.95822,4748,7.0,1800.027115511343,-5905.276079846686,734.8039058248579,257.21922615761156,286.31980370987367,535.2201076094243,37.785269826378496,777.4826247105015,37.785269826378496
2023-01-12 02:54:20.701000+00:00,6.7855,-73.0545,152.774,4.3,mb,58.0,36.0,0.888,0.79,us,us7000j3t1,2023-03-20T06:03:25.040Z,"7 km NE of Jordán, Colombia",earthquake,4.52,4.734,0.101,28.0,reviewed,us,us,177827941003.89227,4755,7.0,1799.681263464875,-5906.580890997814,734.7000170878835,256.6786596963909,285.5560754824389,534.5243577105215,37.87252798780028,776.8464006653678,37.87252798780028
2023-01-13 07:21:53.883000+00:00,6.7854,-73.0766,155.374,4.6,mb,89.0,94.0,0.887,0.66,us,us7000j430,2023-03-20T06:03:34.040Z,"6 km NNE of Jordán, Colombia",earthquake,3.4,8.036,0.062,77.0,reviewed,us,us,501187233627.2715,4756,7.0,1796.6516892752966,-5904.805863629198,734.3820478133042,255.60575966198792,283.1675379800576,532.7563022592929,37.475045434382594,775.36173974227,37.475045434382594
2023-01-13 16:41:41.660000+00:00,6.8346,-73.0505,152.595,4.5,mb,41.0,43.0,0.937,0.72,us,us7000j47t,2023-03-20T06:03:36.040Z,"12 km NW of Cepitá, Colombia",earthquake,7.48,6.23,0.093,34.0,reviewed,us,us,354813389233.57605,4757,8.0,1799.9612198310936,-5906.020817012469,740.0124729655194,261.7846556930326,287.1731809333205,538.6303418688221,32.6447556523222,781.4633205187916,32.6447556523222
2023-01-14 18:18:29.987000+00:00,6.8355,-73.1176,151.159,4.5,mb,131.0,117.0,0.937,0.83,us,us7000j4es,2023-03-20T06:03:42.040Z,northern Colombia,earthquake,3.67,5.123,0.049,126.0,reviewed,us,us,354813389233.57605,4758,8.0,1793.4540381057802,-5909.47795106249,740.2803687720874,258.7581425461054,279.98526506921434,533.4081570087222,31.562140033434883,777.1007544982859,31.562140033434883
2023-01-15 17:59:19.869000+00:00,0.7556,-77.3987,9.7,4.3,mb,26.0,100.0,0.39,0.67,us,us7000j4jw,2023-03-31T19:44:27.040Z,"17 km SE of Córdoba, Colombia",earthquake,5.93,6.278,0.168,10.0,reviewed,us,us,177827941003.89227,4759,9.0,1387.6947787873191,-6207.527978572575,83.88853416937133,574.3717817298799,642.7526467633871,314.86888522459384,851.7532890640351,52.57881268196441,52.57881268196441
2023-01-23 11:18:17.679000+00:00,4.3665,-78.6336,10.0,4.4,mb,27.0,135.0,3.584,0.54,us,us6000jlxe,2024-01-18T19:14:59.364Z,"141 km W of Santa Genoveva de Docord?, Colombia",earthquake,5.02,1.919,0.179,10.0,reviewed,us,us,251188643150.95822,4766,9.0,1250.002663454604,-6218.140112885094,484.30143287600276,507.07244161730904,397.2380063104634,254.37016790265702,682.1755765463206,381.4040516121456,254.37016790265702
2023-01-26 09:38:21.148000+00:00,6.85,-73.1106,144.034,4.2,mb,40.0,116.0,0.952,0.71,us,us6000jlzd,2023-04-11T18:51:46.040Z,northern Colombia,earthquake,7.17,8.18,0.118,21.0,reviewed,us,us,125892541179.41713,4769,9.0,1796.1767336719868,-5915.848355799446,742.6930306367685,260.54552766785093,281.11506815536563,535.0918367680284,29.97455852700784,778.8558567862258,29.97455852700784
2023-01-27 04:34:39.050000+00:00,5.0309,-76.2007,106.371,4.5,mb,56.0,59.0,1.332,0.94,us,us6000jjlq,2023-04-11T18:51:35.040Z,"15 km NNE of San José del Palmar, Colombia",earthquake,3.99,5.929,0.078,48.0,reviewed,us,us,354813389233.57605,4770,10.0,1488.4927667618495,-6060.376636057103,549.3640141762532,238.5018479344712,151.32967532764468,179.41158656035438,411.99614516053026,441.08304430614896,151.32967532764468
2023-02-01 19:51:04.511000+00:00,6.7763,-73.1251,154.167,4.6,mb,76.0,27.0,0.879,0.9,us,us6000jktm,2023-04-13T21:53:16.040Z,"5 km NW of Jordán, Colombia",earthquake,6.57,5.308,0.035,246.0,reviewed,us,us,501187233627.2715,4776,10.0,1792.034477968382,-5907.583086486144,733.5441744874217,252.41962990854316,277.71927684693117,528.2056316512857,38.140779811838215,771.3305472737467,38.140779811838215
2023-02-06 00:51:39.856000+00:00,7.3231,-72.0272,53.458,4.4,mb,25.0,84.0,1.767,0.6,us,us6000jnr4,2023-04-15T21:39:59.040Z,"36 km NNE of Cubará, Colombia",earthquake,6.7,3.448,0.179,9.0,reviewed,us,us,251188643150.95822,4780,10.0,1933.4744899294087,-5960.248810294046,805.2623410694316,368.0869370002347,410.34196178858565,658.7292874894148,122.95415064103149,894.7563946338875,122.95415064103149
2023-02-07 00:44:14.350000+00:00,4.3409,-74.2762,8.529,3.8,mb,8.0,153.0,0.503,0.85,us,us6000jm8v,2023-04-15T21:39:31.040Z,"4 km NE of Pasca, Colombia",earthquake,6.07,4.805,0.506,1.0,reviewed,us,us,31622776601.683792,4781,11.0,1719.2854304813998,-6106.813951885577,481.57885276561694,46.962092355306254,256.25367068706834,269.079930911741,334.26124671997,481.94982402486085,46.962092355306254
2023-02-07 02:56:17.992000+00:00,6.8089,-73.0222,159.15,4.6,mb,128.0,35.0,0.912,0.57,us,us6000jm59,2023-04-15T21:39:42.040Z,northern Colombia,earthquake,6.29,4.431,0.056,96.0,reviewed,us,us,501187233627.2715,4781,12.0,1801.0743256800906,-5899.222814105142,736.4658073647528,260.5913277003877,289.591731584438,538.9003059132202,36.25362210672086,781.0781095830824,36.25362210672086
2023-02-07 21:31:36.127000+00:00,7.1614,-76.9892,23.642,5.0,mb,91.0,58.0,1.742,0.54,us,us6000jmce,2023-04-15T21:39:45.040Z,northern Colombia,earthquake,6.82,4.745,0.064,77.0,reviewed,us,us,1995262314968.8828,4782,13.0,1417.8627963564372,-6136.161279978053,791.2922449831093,422.27101346991327,185.95393024421568,415.60412038516824,426.6253077929758,662.1562070799749,185.95393024421568
2023-02-15 13:04:09.720000+00:00,6.7659,-73.0236,158.822,5.2,mb,270.0,37.0,0.87,0.52,us,us6000jp3b,2023-04-22T21:33:11.040Z,"5 km WNW of Cepitá, Colombia",earthquake,7.01,5.671,0.022,673.0,reviewed,us,us,3981071705534.9854,4789,9.0,1801.1861539487136,-5900.105309254428,731.8751821281755,256.25195899771785,288.453271062576,535.4972355042745,40.790332063964705,777.1898904080803,40.790332063964705
2023-02-16 22:19:01.256000+00:00,6.2484,-74.4491,35.0,4.5,mb,7.0,92.0,1.075,0.32,us,us6000jr8y,2024-01-18T19:21:51.308Z,"27 km S of Puerto Berr?o, Colombia",earthquake,5.43,2.006,0.151,13.0,reviewed,us,us,354813389233.57605,4791,10.0,1688.5546843380305,-6067.794041008549,689.6046359336822,175.97007338867581,125.13729794955331,387.2501673223443,175.60120653927257,641.9546299503583,125.13729794955331
2023-03-02 20:38:15.605000+00:00,6.7351,-73.0147,156.85,4.5,mb,33.0,136.0,0.84,0.85,us,us7000jihp,2023-05-08T02:00:26.040Z,"4 km N of Aratoca, Colombia",earthquake,9.39,7.258,0.145,14.0,reviewed,us,us,354813389233.57605,4805,8.0,1802.7893888791086,-5902.073831711114,728.7901802822053,253.65700840349274,288.75817619368297,533.8722425494801,44.35324728274898,775.0806811972742,44.35324728274898
2023-03-04 07:20:02.788000+00:00,6.8798,-73.1083,149.739,4.4,mb,34.0,96.0,0.981,0.76,us,us7000jhah,2023-05-08T02:00:44.040Z,northern Colombia,earthquake,7.26,9.034,0.107,25.0,reviewed,us,us,251188643150.95822,4806,8.0,1794.6559980756908,-5909.986276997491,745.2251232971745,263.6754838044602,282.16538313699914,537.6096120545832,26.67856436726407,781.6694421994572,26.67856436726407
2023-03-07 01:32:41.615000+00:00,6.8238,-73.0726,155.436,4.3,mb,43.0,36.0,0.925,0.76,us,us7000jhsj,2023-05-15T02:50:24.040Z,"Santander, Colombia",earthquake,7.83,5.953,0.116,21.0,reviewed,us,us,177827941003.89227,4809,9.0,1796.902285296353,-5904.149336273643,738.5110900807408,259.65194336278586,284.5255135420428,536.0434334299299,33.32014490070098,779.0352897627696,33.32014490070098
2023-03-07 03:59:40.088000+00:00,5.3828,-77.5523,10.0,5.0,mww,95.0,62.0,2.167,0.85,us,us7000jhss,2023-05-15T02:50:23.040Z,"47 km SW of Nuquí, Colombia",earthquake,5.59,1.672,0.093,11.0,reviewed,us,us,1995262314968.8828,4809,10.0,1365.056748480337,-6184.081506076444,596.7218779562104,392.648880991392,238.15723128705295,242.70749066295525,526.2998837581982,464.56998106280815,238.15723128705295
2023-03-10 09:18:40.733000+00:00,6.7308,-73.027,160.432,5.4,mww,244.0,43.0,0.835,0.5,us,us7000jirz,2024-10-09T14:45:06.235Z,"4 km NNW of Aratoca, Colombia",earthquake,7.94,4.934,0.06,27.0,reviewed,us,us,7943282347242.8545,4812,7.0,1800.4998240902778,-5899.11064228376,727.9072029931849,252.60729944789415,287.33464406489884,532.5528474896715,44.47207190877766,773.8708195154176,44.47207190877766
2023-03-10 20:47:33.768000+00:00,5.3124,-78.1883,24.321,5.1,mww,146.0,45.0,2.786,0.82,us,us7000jiyr,2023-05-15T02:49:20.040Z,"99 km WNW of Pizarro, Colombia",earthquake,7.73,3.726,0.058,29.0,reviewed,us,us,2818382931264.449,4813,8.0,1293.5591824756557,-6185.608183423501,587.6141349883787,460.8257429707366,306.46581555110083,276.6418518459065,594.887618298331,466.7559004735094,276.6418518459065
2023-03-11 05:11:59.326000+00:00,6.893,-73.1444,146.285,4.3,mb,23.0,125.0,0.996,0.49,us,us7000jj2g,2023-05-15T02:49:16.040Z,"14 km SW of Piedecuesta, Colombia",earthquake,5.66,10.651,0.161,11.0,reviewed,us,us,177827941003.89227,4813,9.0,1791.8764282444579,-5914.233101564233,747.0625927516278,263.4369475114653,278.6793377814169,535.8426581840406,25.277122018893134,780.4916065288508,25.277122018893134
2023-03-11 21:12:00.955000+00:00,5.3643,-77.6548,10.0,4.9,mb,196.0,97.0,2.269,0.68,us,us7000jj76,2023-05-15T02:49:08.040Z,"55 km NW of Pizarro, Colombia",earthquake,6.57,1.837,0.044,160.0,reviewed,us,us,1412537544622.7554,4814,10.0,1354.0326033561525,-6186.701539817884,594.6770268503583,403.43068638961455,249.38358483280408,246.4300229213538,537.6062862677703,463.39664929292655,246.4300229213538
2023-03-12 20:26:44.696000+00:00,6.8364,-73.0707,146.381,4.2,mb,49.0,118.0,0.938,0.83,us,us7000jjdu,2023-05-20T23:20:18.040Z,"11 km NNE of Jordán, Colombia",earthquake,7.92,8.125,0.098,29.0,reviewed,us,us,125892541179.41713,4815,11.0,1799.6687299245207,-5912.535243015513,740.94612340734,261.0088842762976,285.04690085510515,537.1715115521145,31.976323462522807,780.2810051857292,31.976323462522807
2023-03-14 05:06:59.998000+00:00,6.8028,-72.9977,157.397,4.5,mb,62.0,38.0,0.908,0.65,us,us7000jjrd,2023-05-20T23:20:22.040Z,"5 km NNW of Cepitá, Colombia",earthquake,7.43,6.699,0.041,178.0,reviewed,us,us,354813389233.57605,4816,12.0,1804.128605167437,-5900.191652173594,736.0167696775926,261.2067267047134,292.0912625704584,540.3936924560193,37.80099408433308,782.185699075992,37.80099408433308
2023-03-15 11:30:53.484000+00:00,5.4355,-77.764,28.643,4.4,mb,21.0,116.0,2.347,0.6,us,us7000jlgv,2023-05-20T23:20:39.040Z,"62 km WSW of Nuquí, Colombia",earthquake,7.68,6.83,0.203,7.0,reviewed,us,us,251188643150.95822,4817,13.0,1338.1478526017097,-6170.40641005548,600.7806378144032,416.7692183152414,257.6556629940184,259.45420831796287,546.0743676788937,472.5031015425666,257.6556629940184
2023-03-15 11:46:13.358000+00:00,5.4963,-77.6017,10.0,4.4,mb,19.0,134.0,2.174,1.01,us,us7000jk3n,2023-05-20T23:20:26.040Z,"43 km WSW of Nuquí, Colombia",earthquake,5.43,1.818,0.17,10.0,reviewed,us,us,251188643150.95822,4817,14.0,1359.4679053223351,-6184.089506242715,609.265946182149,400.54808705843936,238.46081660435365,256.4235619108566,526.8798354155946,477.54180070006186,238.46081660435365
2023-03-15 21:50:42.459000+00:00,3.9045,-76.0855,177.822,4.5,mb,63.0,83.0,1.992,0.85,us,us7000jka7,2023-05-20T23:20:28.040Z,"18 km ESE of San Pedro, Colombia",earthquake,7.24,2.13,0.085,41.0,reviewed,us,us,354813389233.57605,4818,15.0,1485.839652273279,-5997.490292690351,421.7160851822266,240.58430289844736,266.0903913393862,70.64678365162139,485.0670275750261,327.3607455795692,70.64678365162139
2023-03-16 14:03:55.857000+00:00,5.3134,-77.5791,10.0,4.7,mb,41.0,62.0,2.218,0.99,us,us7000jkf1,2023-05-20T23:20:29.040Z,"46 km NNW of Pizarro, Colombia",earthquake,7.37,1.862,0.063,75.0,reviewed,us,us,707945784384.1403,4818,16.0,1362.3184715803532,-6185.42066219309,589.0506036884871,394.1998980553296,244.05784592484994,237.34889033778958,531.9502981119913,457.07523806630394,237.34889033778958
2023-03-19 17:42:00.076000+00:00,11.6448,-72.3136,65.712,4.3,mb,38.0,68.0,0.319,0.47,us,us7000jlb3,2023-05-26T21:54:06.040Z,"9 km SW of Uribia, Colombia",earthquake,4.85,5.436,0.108,24.0,reviewed,us,us,177827941003.89227,4822,15.0,1876.16295101389,-5883.616799063711,1272.683270088095,794.8952009493975,699.5321256478136,1022.6599447754968,510.97713648980493,1282.8756642082346,510.97713648980493
2023-03-26 23:00:41.400000+00:00,6.8516,-73.1229,156.193,4.3,mb,29.0,67.0,0.954,0.88,us,us7000jmx9,2023-06-03T22:06:25.040Z,"13 km NNW of Jordán, Colombia",earthquake,7.08,3.882,0.201,7.0,reviewed,us,us,177827941003.89227,4829,16.0,1791.3958944269332,-5904.661751388776,741.4151322745995,260.1557278494034,279.83853379365485,534.2539320518674,29.766890047286644,778.1899698673728,29.766890047286644
2023-03-27 22:08:57.857000+00:00,6.8433,-73.0951,152.713,4.4,mb,53.0,71.0,0.945,0.64,us,us6000k059,2023-06-03T22:06:02.040Z,"12 km N of Jordán, Colombia",earthquake,3.13,6.878,0.091,35.0,reviewed,us,us,251188643150.95822,4830,17.0,1795.2965658152266,-5907.200472142951,740.9359196686024,260.57239939674236,282.6030221021927,535.7852694707899,30.840610954841946,779.2801929535143,30.840610954841946
2023-03-30 08:24:53.285000+00:00,7.9236,-74.7887,62.519,4.5,mb,74.0,44.0,1.872,0.64,us,us6000k0u3,2023-06-03T22:06:07.040Z,"14 km N of San Carlos, Colombia",earthquake,6.12,6.601,0.042,164.0,reviewed,us,us,354813389233.57605,4832,18.0,1639.41333179814,-6029.343470679691,869.6400217651594,365.89651595198325,206.20116088573897,533.3469523179621,204.27350454383037,795.5649024986327,204.27350454383037
2023-04-01 15:35:03.444000+00:00,6.8743,-73.063,153.178,4.3,mb,25.0,121.0,0.976,1.05,us,us6000k2d7,2023-06-03T22:06:21.040Z,"12 km S of Piedecuesta, Colombia",earthquake,8.66,7.999,0.16,11.0,reviewed,us,us,177827941003.89227,4835,19.0,1798.354257998805,-5905.367734623776,744.2206025675598,265.1865693852733,286.86422284537286,540.7289274482004,28.02822433657813,784.1627135889693,28.02822433657813
2023-04-07 04:10:51.693000+00:00,8.9572,-76.3312,48.052,4.6,mb,41.0,99.0,1.471,0.7,us,us6000k2l9,2023-06-13T03:12:35.040Z,"7 km NNE of Los Córdobas, Colombia",earthquake,7.5,8.534,0.047,133.0,reviewed,us,us,501187233627.2715,4840,16.0,1475.9483854720863,-6068.944150508725,984.4616153676443,533.9564948420888,312.7903437505952,612.5967514222964,408.10334493371545,867.4427744307349,312.7903437505952
2023-04-07 22:09:32.105000+00:00,6.8355,-72.9739,152.736,4.4,mb,70.0,43.0,0.943,0.54,us,us6000k2ru,2023-06-13T03:12:28.040Z,"8 km N of Cepitá, Colombia",earthquake,7.85,5.295,0.05,118.0,reviewed,us,us,251188643150.95822,4841,17.0,1807.8111030654234,-5903.46415428778,740.092675526946,265.64182971054817,295.4394782375298,544.8021399981841,35.57492134418855,786.6698876998985,35.57492134418855
2023-04-15 03:50:57.952000+00:00,2.2187,-79.0054,10.0,4.6,mb,50.0,74.0,0.933,0.98,us,us6000k4lx,2023-06-17T21:36:56.040Z,"43 km WNW of Salahonda, Colombia",earthquake,6.4,1.812,0.086,40.0,reviewed,us,us,501187233627.2715,4848,9.0,1212.2380636895746,-6239.563781944323,246.2593916804445,613.6528948233276,586.9266516250254,306.99755750400345,849.5405987889085,221.85250219588295,221.85250219588295
2023-04-15 20:52:53.218000+00:00,3.3662,-74.2162,10.0,4.5,mb,37.0,129.0,1.473,0.91,us,us6000k4sq,2023-06-17T21:36:57.040Z,"19 km W of Mesetas, Colombia",earthquake,8.17,1.922,0.076,51.0,reviewed,us,us,354813389233.57605,4849,9.0,1727.258710679315,-6110.596917044903,373.5018926106725,150.3866838508792,353.95349647026393,257.22484036891916,434.53012563140265,416.21956103580726,150.3866838508792
2023-04-18 02:26:09.968000+00:00,7.7707,-75.2532,69.279,4.1,mb,23.0,54.0,1.593,0.74,us,us7000jvtm,2024-01-18T19:48:50.850Z,"23 km NNE of C?ceres, Colombia",earthquake,3.72,8.32,0.261,4.0,reviewed,us,us,89125093813.3744,4851,10.0,1589.3599075555378,-6038.181472872164,852.0487936493959,364.4062525004863,173.5559557943059,500.6678001670227,245.81586726905056,762.947639941859,173.5559557943059
2023-04-18 18:51:21.373000+00:00,6.8783,-73.1335,152.061,4.2,mb,24.0,116.0,0.981,0.71,us,us6000k5cn,2023-07-03T02:47:15.040Z,"15 km SW of Piedecuesta, Colombia",earthquake,4.1,7.817,0.159,11.0,reviewed,us,us,125892541179.41713,4852,10.0,1791.393274390264,-5908.587582592878,744.785338886034,262.4075783952088,279.42952545827615,535.5273617045228,26.824472922959657,779.8846293759982,26.824472922959657
2023-04-19 15:10:41+00:00,6.9849,-72.0921,41.722,4.3,mb,27.0,84.0,1.466,0.6,us,us7000jw25,2023-07-03T02:47:08.040Z,"2 km SSE of Cubará, Colombia",earthquake,3.47,8.214,0.147,13.0,reviewed,us,us,177827941003.89227,4853,11.0,1931.7318451639244,-5977.938644821157,769.6893129161696,334.50629363682634,394.08684355441517,629.2830019444939,114.7081869382541,861.8355305996773,114.7081869382541
2023-05-05 17:25:52.488000+00:00,6.9456,-73.1785,143.778,4.3,mb,26.0,122.0,1.05,0.5,us,us6000kavr,2023-07-15T22:10:26.040Z,"12 km ENE of Betulia, Colombia",earthquake,7.25,10.965,0.126,18.0,reviewed,us,us,177827941003.89227,4869,8.0,1788.8771630512417,-5917.0216375412565,753.0386933394109,267.41444397607233,276.6206510558336,537.4075262342753,20.272471495946967,783.0187214547884,20.272471495946967
2023-05-05 18:34:52.103000+00:00,6.8252,-73.0964,154.889,4.3,mb,22.0,105.0,0.927,0.61,us,us6000kavv,2023-07-15T22:10:26.040Z,"10 km N of Jordán, Colombia",earthquake,6.96,3.119,0.153,12.0,reviewed,us,us,177827941003.89227,4869,9.0,1794.602287882918,-5905.397629933171,738.7268947493981,258.68313506147626,282.0004941919667,534.2722700191016,32.831007056214176,777.5821740644063,32.831007056214176
2023-05-06 01:48:01.030000+00:00,6.7608,-72.9894,153.56,4.4,mb,47.0,99.0,0.868,1.09,us,us6000k9y1,2023-07-15T22:10:03.040Z,"1 km WNW of Cepitá, Colombia",earthquake,7.81,7.896,0.082,43.0,reviewed,us,us,251188643150.95822,4869,10.0,1806.2553585277324,-5904.088198880162,731.9455398004999,257.48486921994584,292.0447918388492,537.8643568759268,42.49212726616954,779.0511465358878,42.49212726616954
2023-05-07 08:05:32.757000+00:00,3.0134,-74.7041,182.956,4.3,mb,13.0,175.0,1.859,0.51,us,us6000ka69,2023-07-22T19:16:16.040Z,"41 km SSE of Colombia, Colombia",earthquake,5.12,11.796,0.308,3.0,reviewed,us,us,177827941003.89227,4870,10.0,1630.1737110754016,-5960.5872651915515,325.30243111749684,201.36501933341577,372.16522286781645,208.6971086166286,488.98782544705347,349.34727522741093,201.36501933341577
2023-05-12 06:06:16.158000+00:00,0.7544,-77.9505,10.0,4.5,mb,27.0,120.0,0.168,0.98,us,us6000kbbv,2023-07-22T19:16:58.040Z,Colombia-Ecuador border region,earthquake,2.9,1.766,0.128,18.0,reviewed,us,us,354813389233.57605,4875,10.0,1327.7860872356273,-6220.312758647523,83.75136506558952,615.6671421049048,664.6280204392594,338.8061754248299,887.3708343442865,90.25483670667664,90.25483670667664
2023-05-12 09:45:28.128000+00:00,7.0383,-76.0563,50.008,4.7,mwr,154.0,60.0,0.992,0.45,us,us6000kbd5,2023-07-22T19:17:00.040Z,"16 km W of Peque, Colombia",earthquake,2.18,5.672,0.089,12.0,reviewed,us,us,707945784384.1403,4875,11.0,1511.6811732867443,-6088.502690302598,774.5288145527095,339.30988487768764,102.71498473388462,402.2850687755681,323.8397096947206,661.7564392582293,102.71498473388462
2023-05-14 01:04:46.263000+00:00,6.8341,-72.9826,155.214,4.2,mb,25.0,138.0,0.941,0.99,us,us6000kcvg,2023-07-24T01:17:07.040Z,"8 km N of Cepitá, Colombia",earthquake,9.61,7.177,0.152,13.0,reviewed,us,us,125892541179.41713,4877,12.0,1806.199906697016,-5901.4032137724225,739.6469450489312,265.0644691496896,294.46824754745734,543.9985732929777,35.28182222840249,785.961190601613,35.28182222840249
2023-05-14 06:04:17.791000+00:00,4.0397,-73.7077,10.0,4.8,mb,97.0,131.0,1.007,0.6,us,us6000kbsg,2023-07-24T01:17:05.040Z,Colombia,earthquake,8.38,1.907,0.029,364.0,reviewed,us,us,1000000000000.0,4877,13.0,1780.0667903829662,-6090.391928450143,448.11759577708517,84.87725625121263,321.14331392418944,320.1257877415455,348.50061941142496,506.2313452149185,84.87725625121263
2023-05-14 16:43:09.036000+00:00,6.8463,-73.0895,151.854,4.6,mb,50.0,43.0,0.948,0.67,us,us6000kbvy,2023-07-24T01:16:56.040Z,"12 km N of Jordán, Colombia",earthquake,7.13,6.073,0.032,300.0,reviewed,us,us,501187233627.2715,4878,14.0,1796.1107127886194,-5907.803845375678,741.3615860606154,261.13310535970714,283.2820934361187,536.4598512694251,30.576572356242693,779.9173782644186,30.576572356242693
2023-05-21 19:19:27.492000+00:00,6.0107,-73.62,129.645,4.2,mb,40.0,108.0,0.547,0.77,us,us7000k48g,2023-07-29T22:00:41.040Z,"5 km WSW of Güepsa, Colombia",earthquake,5.12,6.793,0.102,27.0,reviewed,us,us,125892541179.41713,4885,10.0,1750.4267342997189,-5955.113757874333,653.5584248172912,152.94139460807287,218.3783164244017,430.2195904050434,134.956960218231,670.4483076791481,134.956960218231
2023-05-22 17:14:14.864000+00:00,4.3829,-76.2681,120.179,4.5,mb,56.0,64.0,1.941,1.01,us,us6000kdxg,2023-07-29T22:00:28.040Z,"10 km WNW of Bolívar, Colombia",earthquake,7.28,6.094,0.056,94.0,reviewed,us,us,354813389233.57605,4886,11.0,1479.4745615976517,-6054.397074898369,477.6968234021614,246.13396341695628,220.49650230866823,107.61442041478396,462.2304644759262,369.9287063928737,107.61442041478396
2023-05-25 08:47:19.531000+00:00,8.7742,-77.1783,10.0,4.5,mb,67.0,70.0,2.266,0.6,us,us7000k3pe,2023-07-29T22:00:36.040Z,Panama-Colombia border region,earthquake,6.95,1.888,0.073,55.0,reviewed,us,us,354813389233.57605,4888,12.0,1395.0992269042886,-6129.805330205099,970.312197635488,567.2127374339643,331.868592654212,596.1409896612951,483.0378183540281,840.777366920693,331.868592654212
2023-05-27 06:01:11.791000+00:00,9.2536,-75.3378,40.747,4.5,mb,41.0,143.0,0.658,0.48,us,us7000k4ez,2023-07-29T22:00:43.040Z,"8 km SW of Corozal, Colombia",earthquake,8.93,8.463,0.095,32.0,reviewed,us,us,354813389233.57605,4890,13.0,1581.4599892093113,-6044.410507127364,1017.9336755739032,524.0652722984178,335.7026358090639,658.5012822696922,340.22400383696345,919.4972522228253,335.7026358090639
2023-05-28 15:45:57.185000+00:00,6.6964,-73.0303,163.809,5.2,mww,90.0,39.0,0.8,0.7,us,us7000k4mu,2023-08-05T22:07:37.040Z,"1 km W of Aratoca, Colombia",earthquake,6.77,4.44,0.049,40.0,reviewed,us,us,3981071705534.9854,4892,14.0,1799.3083793302885,-5896.42334453308,723.8102020544736,249.0450917042316,286.28961193614737,529.6820055804078,48.11781406259757,770.6255536990841,48.11781406259757
2023-05-29 00:02:53.027000+00:00,7.0417,-76.1407,70.346,4.3,mb,21.0,118.0,2.835,0.35,us,us7000k4pl,2023-08-05T22:07:38.040Z,"14 km ENE of Dabeiba, Colombia",earthquake,8.04,12.321,0.178,9.0,reviewed,us,us,177827941003.89227,4892,15.0,1497.8648211956984,-6071.081285647851,772.4078121023989,345.70370907006026,108.08536320660289,401.54460925990475,333.13824450381844,660.2712280950824,108.08536320660289
2023-06-07 17:39:23.875000+00:00,6.0189,-77.8504,10.0,5.1,mww,109.0,39.0,3.702,0.88,us,us7000k6yf,2023-08-12T17:15:07.040Z,"54 km WSW of Bahía Solano, Colombia",earthquake,6.66,1.783,0.062,25.0,reviewed,us,us,2818382931264.449,4902,12.0,1331.387308777908,-6184.242079120442,666.9923094468198,442.8390015222113,252.1274237264893,320.6786738680355,536.3773307361763,538.0447744854864,252.1274237264893
2023-06-10 06:53:57.656000+00:00,3.8178,-76.489,146.602,4.3,mb,37.0,98.0,2.39,0.79,us,us7000k7li,2023-08-12T17:15:15.040Z,"3 km E of Restrepo, Colombia",earthquake,7.72,9.868,0.119,20.0,reviewed,us,us,177827941003.89227,4904,13.0,1450.9916524129278,-6038.707591153236,414.44458686330023,285.8118174891219,287.92948738466146,40.998219770741805,523.038751628603,302.6456032936464,40.998219770741805
2023-06-12 01:51:32.857000+00:00,6.8568,-73.0311,151.02,3.8,mb,14.0,118.0,0.959,0.69,us,us7000k9l8,2023-08-21T04:19:25.040Z,"12 km NNW of Cepitá, Colombia",earthquake,9.61,5.301,0.293,3.0,reviewed,us,us,31622776601.683792,4906,12.0,1802.3334217670024,-5906.631990190317,742.5927347086066,264.93817817537047,289.82400963559576,541.8864927103027,30.889902614440828,784.7240544317744,30.889902614440828
2023-06-17 04:36:40.509000+00:00,6.0341,-72.234,35.0,4.2,mb,13.0,142.0,0.856,0.86,us,us7000kakx,2023-08-21T04:19:43.040Z,"7 km SSE of Sácama, Colombia",earthquake,9.62,1.964,0.199,7.0,reviewed,us,us,125892541179.41713,4911,10.0,1922.5937785145802,-6000.409700287531,666.0424847652954,251.09947192953797,370.79306316773153,556.1146020229518,155.55617750376058,775.1288024457873,155.55617750376058
2023-06-27 10:55:56.610000+00:00,6.7328,-73.0596,161.999,4.5,mb,107.0,53.0,0.835,0.7,us,us6000kndk,2023-09-08T14:18:23.040Z,"4 km E of Jordán, Colombia",earthquake,7.81,7.163,0.038,200.0,reviewed,us,us,354813389233.57605,4921,7.0,1796.6822293002645,-5898.621153407709,727.9387841630228,251.1758412909309,283.8401032434952,530.0799649097308,43.537598709984216,771.8491186341085,43.537598709984216
2023-06-28 08:34:45.730000+00:00,5.351,-77.7289,18.135,4.3,mb,36.0,62.0,2.342,1.06,us,us6000kqi7,2023-09-08T14:18:36.040Z,"59 km NW of Pizarro, Colombia",earthquake,5.98,4.113,0.105,26.0,reviewed,us,us,177827941003.89227,4922,6.0,1344.338125025348,-6180.667744743729,592.4482618024915,411.2524994549935,257.5129942369739,249.42685489689865,545.7828290487626,462.73469819783503,249.42685489689865
2023-06-30 01:52:28.221000+00:00,2.9948,-73.6029,10.0,4.7,mb,51.0,61.0,1.973,0.97,us,us6000kp0m,2023-09-08T14:18:29.040Z,"21 km SE of Vistahermosa, Colombia",earthquake,7.49,1.856,0.052,115.0,reviewed,us,us,707945784384.1403,4924,7.0,1793.2127698740373,-6093.953074192443,332.3325014216287,197.80450636570257,422.6258713383336,329.1279353139404,461.6960037708374,454.1668355773742,197.80450636570257
2023-07-01 10:59:39.481000+00:00,6.6362,-73.4187,124.108,4.3,mb,13.0,140.0,0.811,0.57,us,us7000kem8,2023-09-08T14:18:43.040Z,"12 km ESE of El Carmen de Chucurí, Colombia",earthquake,7.01,8.448,0.188,9.0,reviewed,us,us,177827941003.89227,4925,8.0,1770.766165473636,-5947.005769704506,721.9205094600838,225.95052510125095,242.88417640326026,494.2466259271063,62.87624540035703,739.6056023958055,62.87624540035703
2023-07-08 21:33:30.978000+00:00,6.9022,-73.0887,147.942,4.2,mb,15.0,128.0,1.003,0.54,us,us7000kfrf,2023-09-09T21:55:20.040Z,"10 km SSW of Piedecuesta, Colombia",earthquake,5.15,8.861,0.264,4.0,reviewed,us,us,125892541179.41713,4933,8.0,1797.111662541947,-5910.799636781773,747.8557331064493,266.8310789808002,284.88540524967254,540.9007934783805,24.430309099238894,784.9585865975384,24.430309099238894
2023-07-09 19:23:09.568000+00:00,6.9043,-76.6725,45.793,4.2,mb,19.0,88.0,1.339,1.09,us,us6000kr6p,2023-09-16T19:16:06.040Z,"18 km ESE of Murindó, Colombia",earthquake,4.02,9.645,0.146,13.0,reviewed,us,us,125892541179.41713,4934,9.0,1447.4930686267382,-6110.225658098429,760.3616351724826,377.1221797682704,141.1362293016591,384.2377766055132,392.495241940881,636.3643692856778,141.1362293016591
2023-07-12 06:22:49.141000+00:00,6.886,-73.1223,152.324,4.3,mb,27.0,126.0,0.988,1.09,us,us7000kh1r,2023-09-16T19:16:22.040Z,"13 km SW of Piedecuesta, Colombia",earthquake,6.89,7.632,0.217,6.0,reviewed,us,us,177827941003.89227,4936,8.0,1792.4433505929314,-5907.891603406196,745.58355017648,263.6850298597036,280.84116150758246,537.0062459019466,25.94181394878589,781.306901368601,25.94181394878589
2023-07-20 08:39:06.678000+00:00,5.53,-77.6608,10.0,4.2,mb,26.0,114.0,2.22,0.4,us,us6000kw5y,2023-09-28T21:33:13.040Z,"47 km WSW of Nuquí, Colombia",earthquake,7.52,1.935,0.113,22.0,reviewed,us,us,125892541179.41713,4944,8.0,1353.0115450952924,-6185.137345797787,612.990026392239,407.74869461806827,243.34313223406232,262.80568858172967,531.7491882134037,481.80793358835456,243.34313223406232
2023-07-22 00:35:13.337000+00:00,6.9171,-73.0906,150.864,4.3,mb,119.0,128.0,1.018,0.62,us,us7000khit,2023-09-28T21:34:06.040Z,"9 km SSW of Piedecuesta, Colombia",earthquake,8.4,7.884,0.054,99.0,reviewed,us,us,177827941003.89227,4946,9.0,1796.0153196106012,-5907.897632069936,749.1104052157386,268.25904966338317,285.10883164182286,541.9258463903487,22.760997379582438,786.1666516394896,22.760997379582438
2023-07-30 02:27:04.683000+00:00,9.0817,-76.6299,50.677,5.2,mww,82.0,135.0,0.342,0.9,us,us6000kwll,2023-10-07T21:38:54.040Z,near the north coast of Colombia,earthquake,7.47,4.528,0.041,58.0,reviewed,us,us,3981071705534.9854,4954,7.0,1443.1917864838952,-6071.938827166845,997.6167454980645,562.0323788008604,336.01093347599937,626.1319902660317,443.4699555532264,877.8553747118228,336.01093347599937
2023-08-03 22:09:36.236000+00:00,3.5131,-76.2356,161.146,5.1,mww,95.0,75.0,2.323,0.5,us,us6000kxnn,2024-01-19T13:14:23.295Z,Colombia,earthquake,4.63,5.306,0.08,15.0,reviewed,us,us,2818382931264.449,4959,7.0,1474.734105670801,-6020.186940671061,380.5196686913294,274.4387560850922,312.2175916744435,33.60057327233957,528.7124789628141,280.83630952511953,33.60057327233957
2023-08-04 05:47:15.686000+00:00,6.9172,-73.1242,144.024,4.2,mb,46.0,126.0,1.019,0.65,us,us6000kxr4,2023-10-07T21:38:57.040Z,"11 km SW of Piedecuesta, Colombia",earthquake,8.18,9.982,0.102,27.0,reviewed,us,us,125892541179.41713,4959,8.0,1794.5212448925286,-5915.446404793218,749.9449567963978,266.7867056152923,281.53203601285855,539.324446561692,22.473104397368534,783.9799503844697,22.473104397368534
2023-08-06 11:09:28.977000+00:00,6.8571,-72.9948,151.542,4.3,mb,54.0,112.0,0.962,0.87,us,us6000ky9h,2023-10-17T22:01:25.040Z,northern Colombia,earthquake,8.09,7.478,0.051,110.0,reviewed,us,us,177827941003.89227,4961,9.0,1805.9225246828044,-5904.989603437589,742.5627461038325,266.73793408062085,293.730837313875,544.7922265582849,32.392873783058334,787.173923679146,32.392873783058334
2023-08-11 01:27:15.364000+00:00,6.805,-73.0938,152.801,4.3,mb,49.0,107.0,0.907,0.83,us,us6000kz6d,2023-10-17T22:01:29.040Z,"7 km N of Jordán, Colombia",earthquake,8.14,6.27,0.096,32.0,reviewed,us,us,177827941003.89227,4966,8.0,1795.5488159649317,-5907.548694743264,736.7982575475326,256.7655447379761,281.7799983760144,532.9080338875814,35.09383518159723,775.9575944341882,35.09383518159723
2023-08-11 17:59:59.511000+00:00,7.3532,-75.5745,51.158,4.9,mwr,115.0,37.0,1.156,0.7,us,us6000kzf4,2023-10-17T22:01:30.040Z,"21 km WNW of Valdivia, Colombia",earthquake,3.25,4.958,0.083,14.0,reviewed,us,us,1412537544622.7554,4967,8.0,1561.4571206366263,-6070.256898827607,808.8484083022025,337.5107654624947,123.31739248718628,446.59406057253835,271.70345426796143,708.4094686169036,123.31739248718628
2023-08-13 12:58:42.674000+00:00,2.7209,-79.6777,10.0,4.3,mb,35.0,137.0,1.644,0.87,us,us6000kzpp,2023-10-27T21:39:00.040Z,"136 km WNW of Salahonda, Colombia",earthquake,8.71,1.948,0.126,18.0,reviewed,us,us,177827941003.89227,4968,9.0,1138.5116843209858,-6250.9944151106465,301.96186335381446,660.164304102044,599.7010868132936,358.6019219747935,875.3810855920493,314.6746343881938,314.6746343881938
2023-08-14 15:55:11.319000+00:00,7.3503,-75.5598,54.24,4.9,mb,182.0,25.0,1.152,0.63,us,us6000kzwn,2023-10-27T21:39:01.040Z,"19 km WNW of Valdivia, Colombia",earthquake,3.21,4.829,0.027,448.0,reviewed,us,us,1412537544622.7554,4970,10.0,1562.2624411307029,-6066.935616081543,808.1368652360866,336.4326532749142,123.01540216553926,446.67002591468713,270.0594091231353,708.5357591556838,123.01540216553926
2023-08-17 13:28:36.378000+00:00,7.3186,-75.5964,52.251,4.6,mb,52.0,60.0,1.122,0.93,us,us7000kp07,2023-10-27T21:39:03.040Z,"22 km W of Valdivia, Colombia",earthquake,6.28,6.963,0.049,125.0,reviewed,us,us,501187233627.2715,4972,11.0,1558.9883384842067,-6070.275257304102,804.9239628889615,335.3802868740704,119.47961727477005,442.284557667857,273.78043180855286,704.0563566022767,119.47961727477005
2023-08-17 17:04:48.770000+00:00,4.3463,-73.6199,10.0,6.1,mww,111.0,64.0,0.857,0.87,us,us7000kp2i,2025-06-08T13:52:30.342Z,"10 km E of El Calvario, Colombia",earthquake,9.0,1.789,0.063,24.0,reviewed,us,us,89125093813374.4,4973,12.0,1788.695747347941,-6085.26922738606,482.06530019039826,64.47536014001285,302.80153902487797,338.02933247888865,313.21108146387843,535.3928656038269,64.47536014001285
2023-08-17 17:17:17.698000+00:00,4.258,-73.5289,10.0,5.6,mww,101.0,77.0,0.982,0.61,us,us7000kp2j,2023-10-27T21:39:03.040Z,"3 km E of Restrepo, Colombia",earthquake,6.61,1.776,0.089,12.0,reviewed,us,us,15848931924611.11,4973,13.0,1798.5669203716825,-6083.125870520986,472.2898224004153,78.5062766814771,316.8804479069288,345.0264126165816,321.32024711733976,536.876488356479,78.5062766814771
2023-08-17 17:40:16.241000+00:00,4.2285,-73.6849,10.0,4.9,mb,95.0,70.0,0.882,1.04,us,us7000kp2s,2023-10-27T21:39:03.040Z,"11 km NW of Villavicencio, Colombia",earthquake,5.82,1.804,0.068,67.0,reviewed,us,us,1412537544622.7554,4973,14.0,1782.0657392712467,-6088.232869352738,469.0236981737243,68.70898413257244,307.12089102210575,327.46976934052356,327.40506661038927,521.4333396620045,68.70898413257244
2023-08-17 18:16:44.890000+00:00,6.6842,-73.032,162.835,4.4,mb,65.0,38.0,0.788,0.63,us,us7000kp30,2023-10-27T21:39:03.040Z,northern Colombia,earthquake,8.1,5.177,0.046,138.0,reviewed,us,us,251188643150.95822,4973,15.0,1799.4606833288433,-5897.54927408509,722.6108746186472,247.7565319481642,285.8728001097451,528.6237958292187,49.40605537710888,769.4399576347237,49.40605537710888
2023-08-18 01:15:26.559000+00:00,4.3633,-73.485,10.0,5.0,mb,80.0,69.0,0.961,0.81,us,us7000kp5l,2023-10-27T21:39:03.040Z,"10 km N of Cumaral, Colombia",earthquake,5.32,1.826,0.034,279.0,reviewed,us,us,1995262314968.8828,4973,16.0,1802.9774949340335,-6080.90357284757,483.9471980402896,75.69620047426038,312.4140008629617,352.89430877566997,309.06305086457127,548.0592710493449,75.69620047426038
2023-08-27 21:45:00.683000+00:00,5.3394,-76.6839,24.036,5.7,mww,304.0,54.0,1.427,0.64,us,us7000kre0,2024-01-19T11:55:17.433Z,"5 km E of El Cantón de San Pablo, Colombia",earthquake,6.0,3.015,0.039,62.0,reviewed,us,us,22387211385683.47,4983,15.0,1455.5099285463307,-6149.521330831981,590.6185459681349,297.6197827903345,158.12377672048626,210.5881847399637,440.5870344995886,463.53153696196915,158.12377672048626
2023-08-28 05:12:11.574000+00:00,6.9246,-73.1476,140.334,4.4,mb,37.0,124.0,1.027,0.69,us,us7000krf7,2023-11-04T21:35:39.040Z,"12 km WSW of Piedecuesta, Colombia",earthquake,7.15,9.871,0.105,26.0,reviewed,us,us,251188643150.95822,4983,16.0,1793.13904472772,-5919.591830076566,751.1882155090875,266.53947014803106,279.2609091461837,538.1035105352136,21.82335589315077,783.1232394558797,21.82335589315077
2023-08-29 04:06:14.062000+00:00,7.0616,-77.2395,35.0,4.5,mb,36.0,92.0,1.907,0.67,us,us7000krqy,2023-11-04T21:35:44.040Z,"44 km SSW of Riosucio, Colombia",earthquake,3.97,1.909,0.128,18.0,reviewed,us,us,354813389233.57605,4984,16.0,1388.855811007312,-6132.638218015381,778.9249149747012,437.0790116549976,204.4638780016985,408.98404561716654,454.31030741700005,650.2842833165572,204.4638780016985
2023-09-01 02:19:07.271000+00:00,5.1836,-76.6737,10.0,4.9,mb,72.0,66.0,1.516,0.88,us,us7000ksjh,2023-11-04T21:36:08.040Z,"2 km NNE of Istmina, Colombia",earthquake,6.63,1.85,0.073,59.0,reviewed,us,us,1412537544622.7554,4987,17.0,1460.1914789323346,-6164.4043581268015,574.700578006232,292.9577624507558,168.87586353901122,193.22938297121138,447.6955702055486,446.5627238630868,168.87586353901122
2023-09-07 08:53:43.296000+00:00,6.7367,-73.0211,162.243,4.2,mb,81.0,107.0,0.841,0.72,us,us7000ktw5,2023-11-17T19:47:50.040Z,"4 km N of Aratoca, Colombia",earthquake,8.1,6.538,0.053,98.0,reviewed,us,us,125892541179.41713,4993,15.0,1800.5601779390233,-5897.133381488758,728.3298782832976,253.4892312647699,288.097191553797,533.4767918055322,43.99654465824624,774.7884128294066,43.99654465824624
2023-09-12 23:11:26.605000+00:00,6.8017,-73.0819,153.481,4.3,mb,35.0,46.0,0.903,0.94,us,us7000kve4,2023-11-18T22:29:33.040Z,"7 km NNE of Jordán, Colombia",earthquake,7.59,6.791,0.119,20.0,reviewed,us,us,177827941003.89227,4999,13.0,1796.591596638096,-5906.570240406043,736.3621020938543,256.991364476021,282.9824819377834,533.5947989578028,35.60147417099222,776.454793900062,35.60147417099222
2023-09-13 11:03:43.436000+00:00,7.0591,-71.7897,10.0,4.2,mb,26.0,77.0,1.731,0.95,us,us7000kwh1,2023-11-18T22:29:35.040Z,"29 km N of Fortul, Colombia",earthquake,5.16,1.917,0.141,15.0,reviewed,us,us,125892541179.41713,4999,14.0,1972.7806284741482,-5996.612955136554,781.722878138786,363.173691141821,428.4445643018151,660.7180315965472,147.2418874903519,890.5449903502906,147.2418874903519
2023-09-14 07:01:04.008000+00:00,6.7906,-73.0327,158.809,5.1,mww,163.0,30.0,0.894,0.72,us,us7000kvnq,2023-11-18T22:29:34.040Z,"7 km WNW of Cepitá, Colombia",earthquake,7.46,6.035,0.065,23.0,reviewed,us,us,2818382931264.449,5000,14.0,1800.160573474719,-5900.101331725603,734.5360478274295,258.25294091275254,288.02846333533716,536.6570233595667,37.8756919203256,778.7573905870845,37.8756919203256
2023-09-14 14:25:06.579000+00:00,5.2515,-76.7301,10.0,5.2,mww,101.0,59.0,1.516,0.85,us,us7000kvqy,2023-11-18T22:29:34.040Z,"9 km S of El Cantón de San Pablo, Colombia",earthquake,6.02,1.808,0.06,27.0,reviewed,us,us,3981071705534.9854,5000,15.0,1453.9653925288935,-6165.1715235757365,582.2076281011116,300.50983811128265,168.34746075424852,201.34126574501363,449.61415873960345,453.14007169472313,168.34746075424852
2023-09-15 19:29:58.602000+00:00,2.8041,-79.7139,10.0,4.4,mb,28.0,138.0,3.715,0.71,us,us7000kwxt,2023-11-18T22:29:36.040Z,"144 km WNW of Mosquera, Colombia",earthquake,9.66,1.894,0.117,22.0,reviewed,us,us,251188643150.95822,5002,16.0,1134.4825283997818,-6251.27446252474,311.18802506146386,660.8983276609575,596.7552135868027,360.5440347371633,873.5611087631686,323.05047503036917,323.05047503036917
2023-09-16 13:29:30.955000+00:00,6.73,-72.9926,157.783,4.9,mb,59.0,41.0,0.837,0.87,us,us7000kw6m,2023-11-18T22:29:35.040Z,"3 km SW of Cepitá, Colombia",earthquake,10.66,6.494,0.024,527.0,reviewed,us,us,1412537544622.7554,5002,16.0,1804.8137391133475,-5900.553985977963,728.1315229793763,254.29334449087182,291.0518217244053,535.2753063702388,45.60814168939951,776.1316479238924,45.60814168939951
2023-09-18 10:02:53.538000+00:00,7.102,-72.1931,10.0,4.5,mb,49.0,62.0,1.492,0.71,us,us7000kwfd,2023-12-02T23:01:07.040Z,"14 km NW of Cubará, Colombia",earthquake,5.67,1.824,0.069,62.0,reviewed,us,us,354813389233.57605,5004,12.0,1930.332443684937,-6009.794930466587,786.44933123212,337.44697316580175,386.14859137023024,628.8728348383664,102.58982356454996,864.1912804337566,102.58982356454996
2023-09-19 06:40:32.368000+00:00,6.8044,-72.971,154.791,4.3,mb,37.0,138.0,0.913,0.48,us,us7000kxen,2024-01-18T20:54:48.607Z,"5 km N of Cepit?, Colombia",earthquake,8.4,8.835,0.071,56.0,reviewed,us,us,177827941003.89227,5005,13.0,1807.6297021603627,-5901.804821164847,736.4978237741066,262.72150389451167,295.0111833470852,542.6605636262765,38.812723602419474,784.1274692325195,38.812723602419474
2023-09-19 15:16:20+00:00,12.1443,-72.7293,10.0,4.1,mb,17.0,141.0,0.844,0.85,us,us7000kxf2,2023-12-02T23:01:11.040Z,near the north coast of Colombia,earthquake,4.75,1.818,0.197,7.0,reviewed,us,us,89125093813.3744,5006,14.0,1846.2327022315196,-5938.264679261766,1338.19221647828,839.6188172651543,726.8548684482678,1053.295284933709,560.4152734156594,1314.9902911725653,560.4152734156594
2023-09-22 22:48:15.157000+00:00,6.867,-73.0508,146.27,4.3,mb,25.0,131.0,0.969,0.46,us,us6000lb5j,2023-12-02T23:01:05.040Z,northern Colombia,earthquake,7.69,7.474,0.168,10.0,reviewed,us,us,177827941003.89227,5009,15.0,1801.6386751310915,-5911.63586918439,744.2600401367883,265.02330471723315,287.97702242164115,541.121116572175,29.15518701102993,784.3209906034308,29.15518701102993
2023-10-01 22:42:18.776000+00:00,7.421,-77.0416,37.484,4.5,mb,37.0,97.0,1.575,0.72,us,us6000lc5g,2023-12-14T21:26:51.040Z,"8 km ESE of Riosucio, Colombia",earthquake,6.18,8.835,0.102,28.0,reviewed,us,us,354813389233.57605,5018,12.0,1408.353921033388,-6120.5219990367295,818.0309374793361,445.63866264803266,207.6507224812998,444.96580655612973,433.5564794671242,690.7415345905445,207.6507224812998
2023-10-13 03:49:50.275000+00:00,6.8699,-73.1439,143.627,4.2,mb,33.0,125.0,0.973,0.99,us,us6000lgjt,2023-12-16T22:13:10.040Z,"14 km ENE of Zapatoca, Colombia",earthquake,8.74,10.22,0.141,15.0,reviewed,us,us,125892541179.41713,5029,11.0,1792.7804348312318,-5917.0307752222525,744.8889841366179,261.0957882551745,278.0850825517704,534.0555859371586,27.83054508838276,778.4521750347378,27.83054508838276
2023-10-19 05:39:29.493000+00:00,6.7914,-73.0949,157.651,4.2,mb,22.0,74.0,0.893,0.78,us,us7000l5zr,2023-12-26T21:24:57.040Z,"6 km N of Jordán, Colombia",earthquake,7.07,7.049,0.167,10.0,reviewed,us,us,125892541179.41713,5035,6.0,1794.0857811796868,-5903.142472066149,734.759117029949,255.34402624688067,281.3342457431585,531.7670315178767,36.58970644936097,774.6762121741432,36.58970644936097
2023-10-21 23:39:00.250000+00:00,7.6175,-75.0255,59.032,4.5,mb,70.0,40.0,1.503,0.76,us,us6000lh80,2023-12-26T21:24:55.040Z,"22 km NW of Zaragoza, Colombia",earthquake,6.16,6.74,0.094,33.0,reviewed,us,us,354813389233.57605,5038,5.0,1616.5509729277537,-6043.80848622055,836.7090096555676,339.93715750306166,164.56261151365888,492.3077291444281,217.02306541355418,754.6699409171069,164.56261151365888
2023-10-29 21:34:37.065000+00:00,6.8086,-73.0954,156.55,4.3,mb,22.0,126.0,0.91,0.71,us,us7000l8e3,2024-01-10T06:01:12.040Z,"8 km N of Jordán, Colombia",earthquake,8.03,8.92,0.138,15.0,reviewed,us,us,177827941003.89227,5046,5.0,1794.2879377902443,-5903.992817871961,736.7417494052613,257.0540001206277,281.6955606375144,533.0608570282192,34.67941805465554,776.1715261016724,34.67941805465554
2023-10-30 11:44:01.671000+00:00,6.7196,-72.9917,160.352,4.4,mb,65.0,82.0,0.827,0.55,us,us7000l7iu,2024-01-18T21:10:25.633Z,"4 km NE of Aratoca, Colombia",earthquake,8.03,7.522,0.069,60.0,reviewed,us,us,251188643150.95822,5046,6.0,1804.1987580396762,-5898.212161051177,726.710894799373,253.32048833782656,290.9401297249832,534.5640824993245,46.7378539497845,775.2815127536716,46.7378539497845
2023-10-31 09:52:02.489000+00:00,4.4451,-76.2619,141.956,4.2,mb,37.0,97.0,1.882,0.36,us,us7000l7qm,2024-01-18T21:10:46.257Z,"7 km SSW of El Dovio, Colombia",earthquake,8.68,6.065,0.104,28.0,reviewed,us,us,125892541179.41713,5047,7.0,1474.8495377733782,-6032.639267503847,482.77475393427636,244.51168206569716,213.7736374206907,114.46320178050925,457.1727462292508,376.72856072267757,114.46320178050925
2023-11-04 11:00:36.531000+00:00,6.7014,-73.0657,159.015,4.6,mb,100.0,38.0,0.804,0.68,us,us7000l8uy,2024-01-10T06:01:55.040Z,"4 km SE of Jordán, Colombia",earthquake,9.22,7.08,0.029,354.0,reviewed,us,us,501187233627.2715,5051,7.0,1797.0333779982968,-5902.028263395392,724.9076194019557,247.75308229090135,282.5381794176191,527.1983443558236,46.89241311880026,768.6710644782827,46.89241311880026
2023-11-06 20:58:32.027000+00:00,4.3276,-76.4337,85.061,4.3,mb,26.0,65.0,2.059,0.91,us,us7000la32,2024-01-13T23:11:09.040Z,"17 km NW of Trujillo, Colombia",earthquake,7.77,7.361,0.218,6.0,reviewed,us,us,177827941003.89227,5054,8.0,1470.2912190152392,-6093.134072220885,474.3311300648813,265.2295655704807,233.08203827314873,98.01529950722463,480.13858807469995,358.82083082175797,98.01529950722463
2023-11-08 15:56:18.308000+00:00,7.0146,-73.3307,129.259,4.3,mb,24.0,59.0,1.142,0.87,us,us7000lara,2024-01-13T23:11:50.040Z,"13 km NNW of Betulia, Colombia",earthquake,8.15,5.516,0.177,9.0,reviewed,us,us,177827941003.89227,5056,9.0,1777.0250907584634,-5934.684413007753,762.2555056532457,268.95466923459855,262.91608632277513,531.5845113707866,25.73657601405742,779.6614854473404,25.73657601405742
2023-11-10 07:48:04.471000+00:00,4.3431,-73.4809,10.0,4.5,mb,50.0,81.0,1.589,0.63,us,us7000la0s,2024-01-13T23:11:01.040Z,"8 km N of Cumaral, Colombia",earthquake,7.64,1.887,0.084,42.0,reviewed,us,us,354813389233.57605,5057,10.0,1803.4610314430831,-6080.937737450026,481.711055844065,77.25360295023317,314.2604913898824,352.69616301643583,311.23236600078326,546.9811568293837,77.25360295023317
2023-11-18 23:32:53.076000+00:00,2.5126,-79.7082,10.0,4.5,mwr,48.0,131.0,1.486,1.07,us,us6000lpdj,2024-01-26T16:37:52.040Z,"127 km WNW of Salahonda, Colombia",earthquake,7.57,1.89,0.063,24.0,reviewed,us,us,354813389233.57605,5066,9.0,1135.372590094249,-6252.6383979583425,278.8604418694358,671.4967035279551,617.6231613970247,367.82551733786227,891.3698782396946,305.97269832374934,305.97269832374934
2023-11-24 03:43:52.190000+00:00,6.8801,-73.1356,148.794,4.4,mb,35.0,121.0,0.983,1.01,us,us6000lqdx,2024-02-01T15:13:43.040Z,"15 km SW of Piedecuesta, Colombia",earthquake,7.83,8.228,0.112,23.0,reviewed,us,us,251188643150.95822,5071,9.0,1792.1108799549622,-5911.734827415711,745.3706666506213,262.4995730030817,279.2551919819124,535.5060498685459,26.635903546590093,779.9086849971386,26.635903546590093
2023-11-26 00:47:46.677000+00:00,6.8472,-73.1152,150.456,4.0,mb,26.0,127.0,0.949,1.04,us,us7000lev6,2024-02-06T21:53:55.040Z,"12 km N of Jordán, Colombia",earthquake,6.47,6.897,0.143,13.0,reviewed,us,us,63095734448.019424,5073,10.0,1793.8603571791093,-5909.925943768222,741.6252517629947,260.05390290571887,280.54792183369614,534.5120122255538,30.267460921442996,778.3031417779126,30.267460921442996
2023-11-26 14:30:56.609000+00:00,4.2967,-76.0903,145.003,4.2,mb,24.0,77.0,1.963,0.96,us,us6000lqvk,2024-02-06T21:53:52.040Z,"11 km S of Zarzal, Colombia",earthquake,6.86,6.677,0.128,17.0,reviewed,us,us,125892541179.41713,5073,11.0,1492.4757267711614,-6026.439260052594,466.4597452134935,228.4139444254841,223.76792442923795,105.97983090918623,454.19784903428507,367.44649176915703,105.97983090918623
2023-12-11 07:36:33.539000+00:00,0.9582,-77.5751,95.262,4.6,mb,55.0,143.0,5.584,0.43,us,us7000li20,2024-02-17T22:43:06.040Z,"4 km NNW of Gualmatán, Colombia",earthquake,9.51,9.611,0.074,54.0,reviewed,us,us,501187233627.2715,5088,5.0,1350.0974343041953,-6127.896056609968,104.94894908115208,570.4645298128909,628.0191020156395,300.5004238630446,844.388641835236,43.2995346987419,43.2995346987419
2023-12-15 17:15:20.370000+00:00,9.0844,-75.2416,37.85,4.5,mwr,67.0,45.0,0.809,1.01,us,us7000ljcs,2024-02-17T22:43:11.040Z,"5 km WSW of El Roble, Colombia",earthquake,4.18,5.376,0.08,15.0,reviewed,us,us,354813389233.57605,5093,6.0,1593.0939301127223,-6047.3935261674515,999.9360939610018,503.1364213742311,318.0250399123567,642.3597742551673,319.60972938288046,903.8232384063579,318.0250399123567
2023-12-15 20:24:22.404000+00:00,7.2102,-76.2392,46.554,4.4,mwr,154.0,66.0,1.234,0.94,us,us7000ljdl,2024-02-17T22:43:11.040Z,"22 km E of Mutatá, Colombia",earthquake,7.42,5.851,0.093,11.0,reviewed,us,us,251188643150.95822,5093,7.0,1492.4933794903277,-6094.341112047562,793.7802775960264,366.9586339995463,129.68246923634342,419.19210942051757,343.9809186347796,676.7187436373047,129.68246923634342
2023-12-17 03:16:46.063000+00:00,6.8023,-73.0045,154.824,4.5,mb,60.0,71.0,0.907,1.03,us,us7000ljm4,2024-02-27T22:56:59.040Z,"6 km NNW of Cepitá, Colombia",earthquake,7.66,6.809,0.041,177.0,reviewed,us,us,354813389233.57605,5094,8.0,1804.1770060326564,-5902.855181365804,736.2676834561773,260.8157308811956,291.3455571700772,539.810358553871,37.585695630141636,781.6840339359995,37.585695630141636
2024-01-07 08:20:29.606000+00:00,6.8916,-75.9386,10.0,3.6,ml,16.0,87.0,0.806,0.59,us,us6000m41c,2024-03-09T21:40:53.040Z,"14 km WNW of Sabanalarga, Colombia",earthquake,5.91,1.993,0.128,8.0,reviewed,us,us,15848931924.611109,5115,5.0,1534.312293444005,-6125.81700073465,763.2646066056888,318.46841140330156,82.10290156477915,388.11258748253687,311.80525615936244,648.672529410824,82.10290156477915
2024-01-15 11:23:19.711000+00:00,6.8935,-73.1499,151.315,4.3,mb,24.0,124.0,0.997,0.82,us,us6000m3qt,2024-03-29T17:37:51.040Z,"14 km E of Betulia, Colombia",earthquake,4.04,6.697,0.218,6.0,reviewed,us,us,177827941003.89227,5123,3.0,1789.8593048219439,-5909.619599332916,746.5127991853752,263.25177797614276,278.1068367929209,535.4561644708107,25.286633565089243,780.1783390833447,25.286633565089243
2024-01-19 11:26:03.598000+00:00,4.7429,-75.8481,65.067,5.6,mww,196.0,37.0,1.473,0.73,us,us6000m4n2,2024-03-29T17:37:53.040Z,"7 km E of Cartago, Colombia",earthquake,7.03,4.294,0.047,43.0,reviewed,us,us,15848931924611.11,5127,3.0,1536.4799355058517,-6093.616167629907,521.404267221055,196.8424067374605,169.53052446940015,162.38903226895866,400.836791243595,423.46512874210697,162.38903226895866
2024-01-19 11:47:28.023000+00:00,4.8447,-75.9969,76.307,4.3,mb,22.0,121.0,1.416,0.59,us,us6000m4n6,2024-03-29T17:37:53.040Z,"5 km N of Ansermanuevo, Colombia",earthquake,4.67,7.347,0.308,3.0,reviewed,us,us,177827941003.89227,5127,4.0,1517.7127054644177,-6085.810419493705,531.6198321194663,213.80166581375926,162.27545557739586,165.88356926039427,406.18854901650263,428.1928255470558,162.27545557739586
2024-01-21 17:19:48.289000+00:00,6.7852,-73.0286,154.112,5.0,mww,95.0,29.0,0.889,0.8,us,us6000m59q,2024-12-01T19:39:49.237Z,"6 km WNW of Cepitá, Colombia",earthquake,7.3,5.527,0.083,14.0,reviewed,us,us,1995262314968.8828,5130,5.0,1801.9643956429115,-5904.499670688149,734.5096052624559,257.9183895891022,288.3468750823707,536.5712656478439,38.574842349679464,778.555729309655,38.574842349679464
2024-01-22 19:05:50.061000+00:00,6.8566,-73.0861,152.431,4.7,mb,57.0,82.0,0.958,0.59,us,us7000lt0d,2024-03-30T22:32:27.040Z,"13 km N of Jordán, Colombia",earthquake,7.1,4.035,0.089,39.0,reviewed,us,us,707945784384.1403,5131,6.0,1796.255814318552,-5907.021554847408,742.4027261910577,262.33063076073154,283.91677064188514,537.5310799116875,29.488890427241444,781.0596894995714,29.488890427241444
2024-01-28 06:10:38.878000+00:00,5.7787,-77.752,17.402,4.4,mb,42.0,86.0,2.249,0.48,us,us7000lwas,2024-03-30T22:35:24.040Z,"53 km W of Nuquí, Colombia",earthquake,4.25,4.815,0.102,28.0,reviewed,us,us,251188643150.95822,5136,7.0,1341.0252804583984,-6177.427910544659,639.7211523775917,424.4101291182753,245.57081673396638,291.95710938567834,532.7632364732195,510.2980029849748,245.57081673396638
2024-01-28 08:17:55.788000+00:00,6.2056,-77.5807,21.804,4.5,mb,135.0,53.0,2.04,0.55,us,us7000luhv,2024-03-30T22:34:42.040Z,"19 km W of Bahía Solano, Colombia",earthquake,7.19,4.901,0.045,147.0,reviewed,us,us,354813389233.57605,5136,8.0,1357.4842353597282,-6164.290957791371,686.3260047946349,422.42327443576755,221.06489355749548,327.530509092408,502.7256941720391,556.0790483115422,221.06489355749548
2024-02-04 13:04:08.095000+00:00,6.877,-73.0575,151.984,4.1,mb,27.0,95.0,0.978,0.69,us,us7000lwxf,2024-04-13T19:37:36.040Z,"12 km S of Piedecuesta, Colombia",earthquake,5.81,4.934,0.165,10.0,reviewed,us,us,89125093813.3744,5143,9.0,1799.256344785621,-5906.295483046266,744.6544708466938,265.7152249495207,287.52600457321194,541.3722381783199,27.886929365960437,784.766865322202,27.886929365960437
2024-02-10 13:57:06.911000+00:00,4.786,-75.9499,89.291,4.2,mb,13.0,121.0,1.457,0.89,us,us7000lyam,2024-04-20T19:35:11.040Z,"5 km ESE of Ansermanuevo, Colombia",earthquake,7.77,8.455,0.263,4.0,reviewed,us,us,125892541179.41713,5149,9.0,1519.6947006685348,-6072.536895897824,524.1103179680657,208.25212777672468,167.2004879500945,161.8144193265535,406.2837611919232,423.83656180250915,161.8144193265535
2024-02-15 18:27:12.430000+00:00,7.0504,-77.0477,38.654,4.7,mb,52.0,91.0,1.734,0.62,us,us7000lzgv,2024-04-24T14:42:03.040Z,"26 km WNW of Murindó, Colombia",earthquake,6.71,8.08,0.08,47.0,reviewed,us,us,707945784384.1403,5155,9.0,1408.5985389312025,-6124.568778927183,777.2472528270915,419.4977099251764,185.12285471973934,404.2205763500757,433.1741262575938,649.5380933872855,185.12285471973934
2024-02-18 17:42:23.689000+00:00,8.3606,-77.0365,50.379,4.4,mb,45.0,110.0,0.825,0.64,us,us7000m01m,2024-04-24T14:42:05.040Z,"28 km WSW of Necoclí, Colombia",earthquake,6.7,8.493,0.098,30.0,reviewed,us,us,251188643150.95822,5158,8.0,1402.838021432674,-6094.0683609830685,919.0354307256041,521.4357023149975,284.8539694229039,548.6987688930616,452.7708774184616,795.1715722904055,284.8539694229039
2024-02-20 01:38:03.569000+00:00,6.6953,-73.0637,165.776,4.6,mb,80.0,27.0,0.798,0.65,us,us7000m0a2,2024-05-02T15:50:11.040Z,"4 km W of Aratoca, Colombia",earthquake,8.05,5.462,0.031,302.0,reviewed,us,us,501187233627.2715,5159,9.0,1795.3057649693453,-5895.615666819574,723.4625142987198,247.24739560547502,282.6360536281263,526.8965560978303,47.59436907551925,768.2689819870923,47.59436907551925
2024-02-20 23:23:46.651000+00:00,6.7875,-73.0181,156.388,4.6,mb,87.0,38.0,0.892,0.58,us,us7000m0g8,2024-05-02T15:50:12.040Z,"6 km NW of Cepitá, Colombia",earthquake,7.73,6.267,0.066,69.0,reviewed,us,us,501187233627.2715,5160,9.0,1802.3777169427265,-5901.979636582879,734.4884242609672,258.66855447406755,289.5340611336412,537.5884025552247,38.65875407024373,779.464217378842,38.65875407024373
2024-02-22 04:05:32.387000+00:00,6.6747,-73.0893,162.0,4.6,mb,136.0,79.0,0.777,0.77,us,us7000m0pr,2024-05-27T05:19:35.291Z,"6 km S of Jordán, Colombia",earthquake,8.48,6.971,0.037,222.0,reviewed,us,us,501187233627.2715,5161,9.0,1793.8378668001385,-5900.253948470549,721.6855625489696,243.93066788747248,279.45707206077293,523.2668501507538,49.57456271359763,764.7284910306353,49.57456271359763
2024-02-23 00:47:47.482000+00:00,7.3556,-75.4767,53.05,4.5,mb,51.0,79.0,1.158,0.72,us,us7000m0zk,2024-05-02T15:50:12.040Z,"11 km NW of Valdivia, Colombia",earthquake,5.94,5.422,0.118,21.0,reviewed,us,us,354813389233.57605,5162,10.0,1571.3372995221805,-6065.733481962717,808.8687281795459,332.5575335474788,124.11947921219446,449.5433509729718,260.9928760380006,711.6361963157699,124.11947921219446
2024-02-23 12:44:03.056000+00:00,12.2395,-73.4052,10.0,4.4,mb,20.0,75.0,1.337,1.11,us,us6000mfn8,2024-05-02T15:50:11.040Z,"94 km NW of Riohacha, Colombia",earthquake,3.55,1.908,0.24,5.0,reviewed,us,us,251188643150.95822,5162,11.0,1775.416575699554,-5957.4913143898975,1348.5229778169164,840.3330936765374,708.0935353604827,1035.9760764680093,570.1811081747206,1298.3607346923634,570.1811081747206
2024-02-23 14:45:22.097000+00:00,6.7778,-73.0481,156.009,4.5,mb,27.0,104.0,0.88,0.7,us,us6000mfn5,2024-05-02T15:50:11.040Z,"7 km NE of Jordán, Colombia",earthquake,7.15,6.455,0.171,10.0,reviewed,us,us,354813389233.57605,5162,12.0,1799.4331628055625,-5903.40140821671,733.4884021861136,256.2220944773118,286.07059623535196,534.4441278417866,38.85557801224401,776.5940424171579,38.85557801224401
2024-02-24 23:49:53.421000+00:00,6.7838,-73.0243,157.159,4.4,mb,31.0,57.0,0.887,0.95,us,us6000mfut,2024-05-02T15:50:11.040Z,"6 km WNW of Cepitá, Colombia",earthquake,7.47,5.301,0.143,14.0,reviewed,us,us,251188643150.95822,5164,13.0,1801.529365395958,-5901.487746430716,733.9988403431943,257.9926461785968,288.77949250654154,536.8085184587732,38.854783383629176,778.7210521749453,38.854783383629176
2024-02-25 07:51:09.149000+00:00,6.8709,-76.2307,49.262,4.5,mb,53.0,75.0,0.971,0.47,us,us7000m1gm,2024-05-02T15:50:14.040Z,"7 km WSW of Uramita, Colombia",earthquake,7.55,7.42,0.08,49.0,reviewed,us,us,354813389233.57605,5164,14.0,1493.850199382381,-6095.967058112539,756.2860231790454,338.67419394629616,100.01963796507319,381.66971610090206,344.1307738780166,639.7525980938913,100.01963796507319
2024-02-27 22:41:52.312000+00:00,6.3284,-76.7456,51.878,4.5,mb,20.0,124.0,1.217,0.78,us,us6000mfie,2024-05-10T21:25:54.040Z,"29 km SSE of Bellavista, Colombia",earthquake,3.85,8.718,0.192,8.0,reviewed,us,us,354813389233.57605,5167,13.0,1439.9891283196844,-6113.310835063139,696.5377198004031,346.2603431152848,129.0369327428162,320.75953071292065,409.6249914407601,571.8328894553592,129.0369327428162
2024-02-28 07:05:15.187000+00:00,6.3253,-75.5912,17.79,4.6,mb,56.0,101.0,0.147,0.81,us,us6000mfkh,2025-06-08T13:21:03.370Z,"3 km WSW of Bello, Colombia",earthquake,6.23,4.32,0.085,43.0,reviewed,us,us,501187233627.2715,5167,14.0,1571.300157620889,-6115.910253771852,699.9534888611414,245.94281080370112,9.085388745794663,336.10752917316483,286.53618266412684,598.5033697811896,9.085388745794663
2024-03-04 22:25:56.002000+00:00,6.7417,-76.2688,37.524,4.4,mb,19.0,142.0,0.916,0.49,us,us7000m46g,2024-05-15T17:35:06.040Z,"15 km WSW of Frontino, Colombia",earthquake,7.97,9.172,0.17,10.0,reviewed,us,us,251188643150.95822,5173,15.0,1492.9641994690303,-6109.923917467673,743.5091555833513,331.73887888642867,93.97459055760528,367.0016510092614,349.80197653868476,624.8611453125028,93.97459055760528
2024-03-06 21:12:44.200000+00:00,6.8523,-73.1205,146.029,4.4,mb,44.0,127.0,0.954,0.74,us,us7000m3sa,2024-05-15T17:35:04.040Z,"13 km NNW of Jordán, Colombia",earthquake,7.18,7.577,0.112,23.0,reviewed,us,us,251188643150.95822,5175,15.0,1794.570733360437,-5914.234676455096,742.7031881063028,260.3341583821908,280.1144192675059,534.4966349545115,29.690038321658633,778.4101964577868,29.690038321658633
2024-03-15 06:19:02.541000+00:00,6.829,-73.0474,152.662,4.0,mb,22.0,74.0,0.931,1.1,us,us6000mk1f,2024-05-18T21:24:08.040Z,"11 km NW of Cepitá, Colombia",earthquake,8.96,8.764,0.149,12.0,reviewed,us,us,63095734448.019424,5183,15.0,1800.2824471160852,-5905.928943721069,739.4010444727921,261.37192386719346,287.3665864438142,538.4429329526912,33.332628557131905,781.1730647680762,33.332628557131905
2024-03-16 18:58:09.414000+00:00,6.7884,-73.0908,159.68,4.3,mb,28.0,130.0,0.89,0.99,us,us6000mk83,2024-05-18T21:24:17.040Z,"6 km N of Jordán, Colombia",earthquake,7.36,7.668,0.137,15.0,reviewed,us,us,177827941003.89227,5185,15.0,1793.9333746935104,-5901.123204807193,734.1962348356451,255.2345747514926,281.7054623751652,531.860023522729,36.962488368702566,774.6823584079077,36.962488368702566
2024-03-28 21:36:07.005000+00:00,6.8313,-73.0523,156.698,4.3,mb,34.0,74.0,0.933,0.75,us,us7000m9p7,2024-06-01T21:55:51.040Z,"11 km NNE of Jordán, Colombia",earthquake,8.88,10.1,0.119,20.0,reviewed,us,us,177827941003.89227,5197,7.0,1798.6005689161593,-5902.221174126172,739.1688253674713,261.36785616762234,286.89679555447873,538.2322298445368,32.95331687477846,781.050747976944,32.95331687477846
2024-03-29 04:38:41.170000+00:00,5.4232,-77.1372,41.556,4.4,mb,27.0,136.0,1.772,0.47,us,us7000m8pn,2024-06-01T21:55:48.040Z,"20 km WSW of Pie de Pató, Colombia",earthquake,5.24,8.141,0.112,23.0,reviewed,us,us,251188643150.95822,5197,7.0,1402.73586639182,-6142.991493528458,598.2047715548589,348.6034379130758,194.83307369061714,229.2677738197047,482.12173010333703,468.3585301484468,194.83307369061714
2024-03-29 13:58:15.567000+00:00,6.8548,-73.061,151.045,4.0,mb,52.0,113.0,0.956,1.07,us,us7000m9ww,2024-06-01T21:55:51.040Z,"14 km NNE of Jordán, Colombia",earthquake,8.03,7.568,0.1,27.0,reviewed,us,us,63095734448.019424,5197,7.0,1799.251099647138,-5907.572788531366,742.3741850625568,263.31608046425384,286.5623675973585,539.3674535438306,30.189125766125407,782.5600317298348,30.189125766125407
2024-04-01 01:09:22.722000+00:00,6.0205,-71.9313,10.0,4.3,mb,16.0,127.0,1.153,0.81,us,us7000masg,2024-06-12T21:51:56.040Z,"23 km SW of Municipio Hato Corozal, Colombia",earthquake,9.52,1.962,0.154,12.0,reviewed,us,us,177827941003.89227,5200,8.0,1962.027774586467,-6013.95490398,667.168962592072,278.1547265591082,404.292883624922,584.3578812371734,179.5778612091155,798.7150212235135,179.5778612091155
2024-04-02 23:16:51.102000+00:00,5.4555,-72.3758,10.0,4.9,mb,183.0,54.0,0.827,0.69,us,us7000m9g0,2024-06-12T21:51:51.040Z,"13 km N of Yopal, Colombia",earthquake,5.59,1.857,0.043,166.0,reviewed,us,us,1412537544622.7554,5202,9.0,1917.211798715916,-6034.9721546433,604.7569855276435,205.3069670481448,365.2497021587181,511.78218077087854,202.5872393866522,720.3093548720486,202.5872393866522
2024-04-03 02:32:33.405000+00:00,6.8504,-73.1701,157.268,4.5,mb,20.0,72.0,0.955,0.41,us,us7000mbfp,2024-06-12T21:51:58.040Z,"11 km ENE of Zapatoca, Colombia",earthquake,6.75,8.55,0.204,7.0,reviewed,us,us,354813389233.57605,5202,10.0,1786.2265251964752,-5905.12874271178,741.1576758745118,257.9694961334468,274.7489829279698,530.479227721028,30.354532775050703,774.9933392503495,30.354532775050703
2024-04-05 12:07:46.145000+00:00,6.6676,-72.9997,166.421,4.5,mb,44.0,66.0,0.774,0.68,us,us7000ma4w,2024-06-12T21:51:54.040Z,"3 km SE of Aratoca, Colombia",earthquake,8.96,5.882,0.048,127.0,reviewed,us,us,354813389233.57605,5204,10.0,1801.8048538137382,-5893.32775988455,720.4080445056128,247.81527513653185,289.0878600416318,530.0091522922386,52.02970514943634,770.1877607038642,52.02970514943634
2024-04-07 12:28:49.237000+00:00,6.8911,-73.0577,150.844,4.0,mb,22.0,73.0,0.992,0.97,us,us7000mcg1,2024-06-12T21:52:00.040Z,"10 km S of Piedecuesta, Colombia",earthquake,8.48,7.735,0.15,12.0,reviewed,us,us,63095734448.019424,5206,10.0,1799.5120777659872,-5907.208929677104,746.3106641697052,267.1272454989262,287.88842679994906,542.4573674665495,26.36923651170547,786.0093300882646,26.36923651170547
2024-04-17 20:50:01.215000+00:00,6.6333,-73.0152,161.851,4.4,mb,106.0,99.0,0.739,0.75,us,us7000mcrm,2024-06-25T21:02:56.040Z,"6 km ENE of Curití, Colombia",earthquake,5.57,5.759,0.06,81.0,reviewed,us,us,251188643150.95822,5217,9.0,1801.6621913075103,-5898.5677918685815,717.2465805736763,243.6477469775539,286.80775674556713,526.1799124118669,55.32844655723688,766.1331534343615,55.32844655723688
2024-04-30 15:44:52.095000+00:00,4.9949,-76.0626,126.48,4.6,mb,27.0,64.0,1.301,0.6,us,us6000mv7u,2024-07-15T03:58:44.040Z,"6 km W of La Celia, Colombia",earthquake,9.73,7.747,0.125,21.0,reviewed,us,us,501187233627.2715,5230,7.0,1498.3535025728065,-6037.662276099525,543.6920557562933,222.78762961903618,148.7796807519818,179.32755880985871,401.82498312246065,441.68432744061624,148.7796807519818
2024-05-02 07:34:52.820000+00:00,11.436,-72.8008,10.0,4.4,mb,27.0,63.0,0.835,0.64,us,us6000mvna,2024-07-15T03:58:27.040Z,"16 km SE of Riohacha, Colombia",earthquake,2.88,1.878,0.117,21.0,reviewed,us,us,251188643150.95822,5231,7.0,1843.5718787820003,-5955.912859258669,1261.215977016395,760.7555097192861,653.0964086210356,978.3602528119351,481.29261556280255,1239.5727815473253,481.29261556280255
2024-05-05 06:11:07.336000+00:00,2.0194,-76.027,12.009,4.4,mb,23.0,171.0,2.184,0.56,us,us6000mwfa,2024-07-15T03:57:55.040Z,"3 km NNE of Saladoblanco, Colombia",earthquake,8.08,5.829,0.219,6.0,reviewed,us,us,251188643150.95822,5234,6.0,1534.517794208749,-6166.9936765573275,224.07737645653074,369.6703289839213,472.36973772778225,168.8416377375049,652.0305224388552,165.70666513405465,165.70666513405465
2024-05-06 15:01:53.386000+00:00,8.0283,-75.3563,54.489,4.5,mwr,111.0,43.0,1.833,0.6,us,us6000mwpt,2024-07-20T22:20:01.040Z,"8 km NE of Montelíbano, Colombia",earthquake,6.48,2.24,0.089,12.0,reviewed,us,us,354813389233.57605,5236,6.0,1581.2100032363473,-6051.433579692623,882.1778558515467,395.2174554231507,199.92860207075262,525.2577717420486,266.1362290984364,787.1824697761742,199.92860207075262
2024-05-11 17:25:02.366000+00:00,7.8033,-74.8294,71.332,4.2,mb,39.0,69.0,1.746,0.85,us,us6000mz6p,2024-07-20T22:20:07.040Z,"6 km WNW of San Carlos, Colombia",earthquake,6.24,8.523,0.107,26.0,reviewed,us,us,125892541179.41713,5241,6.0,1633.3192563765465,-6023.82839188729,855.3225251717289,353.887655271703,192.19388537406243,519.2558137528695,202.95810955251216,781.4648074365111,192.19388537406243
2024-05-12 01:01:01.671000+00:00,11.8046,-73.5013,10.0,4.6,mb,47.0,57.0,0.953,0.95,us,us6000mxzf,2024-07-20T22:20:07.040Z,"62 km NNW of Dibulla, Colombia",earthquake,4.13,1.386,0.045,148.0,reviewed,us,us,501187233627.2715,5241,7.0,1768.277851873582,-5970.10340064579,1301.2992830901442,791.2659336148891,659.0963625833416,986.9388658371543,522.6329067729455,1249.3023412734913,522.6329067729455
2024-05-12 10:19:08.246000+00:00,11.8345,-73.492,10.0,4.9,mb,87.0,53.0,0.98,0.7,us,us6000my1s,2024-07-20T22:20:08.040Z,"65 km NNW of Dibulla, Colombia",earthquake,4.21,1.782,0.036,246.0,reviewed,us,us,1412537544622.7554,5241,8.0,1769.053666524582,-5969.164394456253,1304.5484111031099,794.6614474768973,662.5652432052541,990.4092859298105,525.8675431669619,1252.7734756103491,525.8675431669619
2024-05-18 01:43:12.811000+00:00,6.7942,-73.0861,156.26,4.1,mb,31.0,40.0,0.896,0.82,us,us6000mzca,2024-07-26T23:58:11.040Z,"6 km N of Jordán, Colombia",earthquake,7.52,7.367,0.174,9.0,reviewed,us,us,89125093813.3744,5247,8.0,1795.3838165461264,-5904.153973517155,735.2251871949542,256.03924001151876,282.35001022047214,532.6814582106779,36.37449578340415,775.5097497702699,36.37449578340415
2024-05-18 07:42:59.295000+00:00,6.8165,-73.0627,152.088,4.2,mb,23.0,72.0,0.918,0.54,us,us6000n0q5,2024-07-26T23:58:11.040Z,"9 km NNE of Jordán, Colombia",earthquake,5.36,10.407,0.146,13.0,reviewed,us,us,125892541179.41713,5247,9.0,1798.918281036887,-5907.108867755885,738.1221486820999,259.3876475529072,285.41079053704243,536.2624556203573,34.314914797272365,779.0455214505276,34.314914797272365
2024-05-21 09:58:18.662000+00:00,6.8392,-76.5066,48.925,4.3,mb,32.0,155.0,1.165,0.78,us,us6000n00i,2024-08-06T02:09:50.040Z,"31 km SW of Dabeiba, Colombia",earthquake,4.77,10.1,0.099,29.0,reviewed,us,us,177827941003.89227,5250,10.0,1464.65417997591,-6103.821097916393,752.8535337864969,358.5120245646869,121.77073581252179,376.69443345523223,374.77963500685297,631.4049127572596,121.77073581252179
2024-05-22 04:51:26.691000+00:00,4.1934,-79.0209,10.0,4.5,mb,32.0,80.0,2.887,0.58,us,us6000n073,2024-08-06T02:10:10.040Z,"183 km W of Santa Genoveva de Docordó, Colombia",earthquake,7.87,1.795,0.15,13.0,reviewed,us,us,354813389233.57605,5251,11.0,1208.2150572579187,-6227.85553562866,465.1374020165525,551.6287252868325,443.91869637642316,288.19159392447057,729.1852435207004,383.56112636019526,288.19159392447057
2024-05-22 05:34:19.975000+00:00,2.5123,-79.0178,10.0,5.0,mww,107.0,73.0,1.223,0.98,us,us6000n077,2024-08-06T02:10:10.040Z,"63 km W of Mosquera, Colombia",earthquake,5.55,1.353,0.073,18.0,reviewed,us,us,1995262314968.8828,5251,12.0,1210.6313691693242,-6238.505277588356,278.82716776783235,600.8034122476788,563.3120448847717,295.1303157655951,829.967973541119,241.05027421961665,241.05027421961665
2024-05-22 08:44:13.991000+00:00,2.5004,-79.0534,10.0,4.7,mb,68.0,74.0,1.217,1.03,us,us6000n08a,2024-08-06T02:10:10.040Z,"66 km W of Mosquera, Colombia",earthquake,6.65,1.814,0.075,53.0,reviewed,us,us,707945784384.1403,5251,13.0,1206.7658911272838,-6239.3130061418515,277.5072889149022,604.9535182989557,566.9608785341376,299.29728624131224,833.8923121185032,243.45012708175759,243.45012708175759
2024-05-26 10:24:52.504000+00:00,2.6312,-79.0382,10.0,4.3,mb,27.0,130.0,1.343,0.87,us,us6000n12v,2024-08-06T02:10:16.040Z,"66 km WNW of Mosquera, Colombia",earthquake,4.73,1.973,0.201,7.0,reviewed,us,us,177827941003.89227,5255,14.0,1208.297461045422,-6238.3544268921005,292.01419504351753,597.6022959941259,555.1850311547241,292.85252508913965,823.631387703317,250.94991988775962,250.94991988775962
2024-05-27 05:12:32.717000+00:00,6.6912,-73.0834,159.324,4.6,mb,133.0,78.0,0.793,0.59,us,us6000n17w,2024-08-06T20:32:45.040Z,"4 km SSE of Jordán, Colombia",earthquake,7.84,6.653,0.027,421.0,reviewed,us,us,501187233627.2715,5256,15.0,1795.1582407981612,-5902.41288451296,723.7732795605687,245.86336913284794,280.41424061704976,524.9963715892915,47.79982232388645,766.5798057508869,47.79982232388645
2024-05-30 14:37:43.435000+00:00,6.8079,-72.9871,155.391,4.4,mb,20.0,137.0,0.914,0.56,us,us7000mqnd,2024-08-06T20:32:51.040Z,"6 km NNW of Cepitá, Colombia",earthquake,10.29,8.545,0.19,8.0,reviewed,us,us,251188643150.95822,5259,16.0,1805.783754107667,-5901.699798237103,736.8037498343516,262.24622488423114,293.35481047063263,541.633698546892,37.7222951071194,783.349025375515,37.7222951071194
2024-06-03 11:52:40.059000+00:00,4.2454,-73.5039,9.966,4.4,mb,19.0,127.0,1.689,1.17,us,us7000mrik,2024-08-16T21:59:21.040Z,"3 km SW of Cumaral, Colombia",earthquake,9.72,6.151,0.24,5.0,reviewed,us,us,251188643150.95822,5263,15.0,1801.2600893265646,-6082.47246951372,470.89733208302795,81.53436054865736,319.8448216042438,347.3492331697134,322.3341077453224,538.1574898454072,81.53436054865736
2024-06-03 22:48:15.286000+00:00,6.8081,-73.1092,159.344,4.2,mb,22.0,128.0,0.91,0.77,us,us7000mrix,2024-08-16T21:59:23.040Z,"8 km N of Jordán, Colombia",earthquake,7.76,8.506,0.158,11.0,reviewed,us,us,125892541179.41713,5264,16.0,1792.0616764272793,-5901.776346050776,736.3566876264509,256.3654799577186,280.19723589357693,531.9321385841957,34.63592751554131,775.2130783593568,34.63592751554131
2024-06-07 07:55:57.321000+00:00,4.3193,-75.9119,11.719,4.5,mb,49.0,92.0,1.898,1.0,us,us7000mqwq,2024-08-16T21:59:25.040Z,"6 km NNE of Sevilla, Colombia",earthquake,7.87,5.061,0.081,44.0,reviewed,us,us,354813389233.57605,5267,15.0,1543.538875199804,-6150.492052836068,478.94685060901327,208.5401752877445,217.14821377379337,118.49718649911492,438.3503993825419,377.33032301485997,118.49718649911492
2024-06-07 15:27:42.762000+00:00,2.946,-79.319,10.0,4.0,mb,19.0,139.0,1.709,0.74,us,us7000mr0t,2024-08-16T21:59:24.040Z,"107 km WNW of Mosquera, Colombia",earthquake,6.49,1.933,0.232,7.0,reviewed,us,us,63095734448.019424,5268,16.0,1177.394480417332,-6242.530356584063,326.9219855091611,614.2970396130657,553.2510564948789,314.48236318181984,828.3654969392454,297.29744288027274,297.29744288027274
2024-06-25 19:03:26.123000+00:00,6.848,-77.0329,41.197,4.6,mwr,96.0,39.0,1.631,0.72,us,us6000n84y,2024-09-04T21:57:40.040Z,"27 km WSW of Murindó, Colombia",earthquake,6.16,6.039,0.078,16.0,reviewed,us,us,501187233627.2715,5286,7.0,1410.2212679964364,-6124.3816772971595,754.7390707299794,404.6510582854957,173.85554983050025,381.713536203835,432.6200348520777,627.1207753402558,173.85554983050025
2024-06-26 23:41:18.165000+00:00,4.6492,-72.7316,9.723,4.4,mb,38.0,77.0,1.284,0.66,us,us6000na3m,2024-09-04T21:57:42.040Z,"24 km WSW of Ubalá, Colombia",earthquake,7.28,4.736,0.108,25.0,reviewed,us,us,251188643150.95822,5287,7.0,1882.1206881308472,-6054.552899617756,515.6122300421862,148.71863058878066,361.86278828766785,442.05640525918614,278.0478311460656,633.3320038080798,148.71863058878066
2024-06-29 09:16:47.923000+00:00,6.7902,-73.0799,151.808,4.3,mb,41.0,97.0,0.892,0.93,us,us6000n957,2024-09-04T21:57:44.040Z,"6 km NNE of Jordán, Colombia",earthquake,9.38,9.365,0.052,105.0,reviewed,us,us,177827941003.89227,5289,8.0,1797.324243182998,-5908.238155931339,735.3207399004228,255.930512495559,282.92404815054084,532.8644669009929,36.897919414007454,775.5674488198495,36.897919414007454
2024-06-30 03:46:55.021000+00:00,6.6903,-73.0526,160.601,4.8,mb,84.0,31.0,0.793,0.55,us,us6000n9a9,2024-09-04T21:57:44.040Z,"3 km W of Aratoca, Colombia",earthquake,4.14,5.638,0.023,607.0,reviewed,us,us,1000000000000.0,5290,8.0,1797.9645018290198,-5900.244673319308,723.5275974908382,247.30931249972303,283.7467198025203,527.4147458696654,48.32618565095096,768.5793001182622,48.32618565095096
2024-07-08 08:36:25.807000+00:00,6.8439,-73.0492,151.923,4.1,mb,21.0,97.0,0.946,0.95,us,us7000mzkf,2024-09-20T16:00:56.040Z,"12 km NW of Cepitá, Colombia",earthquake,5.16,5.759,0.175,9.0,reviewed,us,us,89125093813.3744,5298,5.0,1800.2547051056472,-5906.503225609477,741.0947136087352,262.779290298211,287.5484708718411,539.4537163954298,31.67935136860274,782.3751096604261,31.67935136860274
2024-07-10 09:53:36.292000+00:00,3.7915,-78.5829,10.0,4.7,mb,99.0,121.0,2.496,0.62,us,us7000my8v,2024-09-20T16:00:53.040Z,"142 km N of Mosquera, Colombia",earthquake,9.01,1.883,0.057,94.0,reviewed,us,us,707945784384.1403,5300,6.0,1256.4033452347774,-6221.482526901922,420.6266771579491,510.5346880376501,430.0182056441799,230.71074825914073,708.5990285148157,321.05758412031633,230.71074825914073
2024-07-17 05:35:17.058000+00:00,6.7526,-73.012,154.52,4.0,mb,34.0,60.0,0.857,0.78,us,us6000ngp7,2024-09-28T22:41:06.040Z,"4 km W of Cepitá, Colombia",earthquake,7.51,7.36,0.122,18.0,reviewed,us,us,63095734448.019424,5307,7.0,1803.6784322203057,-5903.988586933736,730.9490193573602,255.52128650080692,289.4199818036533,535.4182552477721,42.56669466395118,776.8016119244945,42.56669466395118
2024-07-18 01:09:17.169000+00:00,6.6727,-72.9858,160.309,4.5,mb,51.0,93.0,0.781,0.61,us,us7000mzxt,2024-09-28T22:42:14.040Z,"4 km ESE of Aratoca, Colombia",earthquake,11.74,10.112,0.084,41.0,reviewed,us,us,354813389233.57605,5308,8.0,1804.992065819777,-5898.634027436132,721.666786114792,249.05155017993619,290.69423481192405,531.5270545686441,51.908251092137306,771.5837981893694,51.908251092137306
2024-07-26 18:54:53.752000+00:00,6.7791,-73.0808,162.67,4.3,mb,59.0,55.0,0.881,0.69,us,us6000ng7y,2024-10-08T21:49:12.005Z,"5 km NNE of Jordán, Colombia",earthquake,7.24,4.942,0.087,40.0,reviewed,us,us,177827941003.89227,5317,8.0,1794.1338710420814,-5898.083368257819,732.842154055057,254.77369721103312,282.56758839539253,531.9363612900651,38.11017664494872,774.5233115440483,38.11017664494872
2024-07-30 05:32:17.757000+00:00,3.3996,-74.3109,10.0,4.2,mb,15.0,129.0,2.762,1.27,us,us6000ngu2,2024-10-11T19:39:06.040Z,"29 km W of Mesetas, Colombia",earthquake,5.93,1.737,0.186,8.0,reviewed,us,us,125892541179.41713,5320,6.0,1717.0974281307326,-6113.232772650105,377.20351231600995,148.20693243513136,346.20166219732425,246.60149729180176,434.0252880722387,409.8452078411001,148.20693243513136
2024-08-01 12:35:02.202000+00:00,2.2475,-79.7656,10.0,4.0,mb,28.0,80.0,1.32,1.04,us,us7000n7y1,2024-10-11T19:39:12.040Z,"119 km WNW of Tumaco, Colombia",earthquake,3.0,1.841,0.233,5.0,reviewed,us,us,63095734448.019424,5322,7.0,1129.3251688171376,-6254.975474767385,249.45435080324833,688.6931151461107,642.4297695153122,383.25635270438676,913.8375522435238,299.1100387809574,299.1100387809574
2024-08-03 10:31:47.425000+00:00,6.8,-73.1113,150.293,4.1,mb,33.0,118.0,0.902,0.45,us,us6000nhvf,2024-10-11T19:39:09.040Z,"7 km NNW of Jordán, Colombia",earthquake,10.55,8.924,0.099,28.0,reviewed,us,us,89125093813.3744,5324,8.0,1794.4865291411115,-5910.5412911460535,736.5563944720286,255.45008987306232,279.772972607224,531.1366155280728,35.526829796491775,774.3531521211299,35.526829796491775
2024-08-14 04:14:47.736000+00:00,6.7459,-73.0255,162.088,4.3,mb,43.0,69.0,0.85,0.74,us,us6000njzx,2024-10-26T15:47:46.040Z,"5 km W of Cepitá, Colombia",earthquake,6.82,6.065,0.062,74.0,reviewed,us,us,177827941003.89227,5335,7.0,1800.1180778984315,-5897.306928956655,729.3381349189725,254.1761061747392,287.8139184439252,533.820996820263,42.88402436015565,775.3005189947653,42.88402436015565
2024-08-20 06:52:35.662000+00:00,4.8749,-72.6496,10.0,4.5,mb,39.0,77.0,1.099,1.21,us,us7000nday,2024-11-02T21:29:15.040Z,"18 km NW of Ubalá, Colombia",earthquake,7.45,1.93,0.104,27.0,reviewed,us,us,354813389233.57605,5341,6.0,1890.0811721537857,-6049.603989896692,540.5605683878499,158.67170363631269,358.38873180665036,458.71857538290055,254.99017610347062,655.8430603640652,158.67170363631269
2024-08-28 00:49:19.783000+00:00,3.9409,-78.0653,10.0,4.5,mb,23.0,144.0,2.744,1.32,us,us6000nn57,2024-11-09T21:18:31.040Z,"85 km WSW of Santa Genoveva de Docordó, Colombia",earthquake,8.66,1.984,0.171,10.0,reviewed,us,us,354813389233.57605,5349,6.0,1312.3238178789986,-6208.784493832201,437.175372335075,450.9594436937647,375.8729238277574,178.62756753042612,651.2086679304998,315.5228269295938,178.62756753042612
2024-08-28 03:03:59.692000+00:00,6.6946,-73.0791,164.104,4.5,mb,75.0,38.0,0.797,0.63,us,us6000nn5s,2024-11-09T21:18:32.040Z,"4 km SSE of Jordán, Colombia",earthquake,7.92,5.848,0.03,325.0,reviewed,us,us,354813389233.57605,5349,7.0,1794.2069643312943,-5897.695161231406,723.5821371128097,246.41360148849142,280.9480439805284,525.6013849479987,47.46910633443717,767.1690152791406,47.46910633443717
2024-08-31 03:10:05.578000+00:00,6.6974,-73.0714,160.692,4.4,mb,72.0,59.0,0.8,0.79,us,us6000nnti,2024-11-09T21:18:52.040Z,"4 km SE of Jordán, Colombia",earthquake,9.04,7.165,0.035,229.0,reviewed,us,us,251188643150.95822,5352,7.0,1795.9759685563158,-5900.662025847512,724.2813210026361,247.07277926144027,281.839939834077,526.4348241976388,47.253685396790424,767.9345016776043,47.253685396790424
2024-09-12 00:17:02.145000+00:00,6.6603,-73.007,165.506,4.2,mb,14.0,86.0,0.767,0.28,us,us6000nymq,2024-11-21T22:58:53.040Z,"3 km SSE of Aratoca, Colombia",earthquake,10.47,7.356,0.199,7.0,reviewed,us,us,125892541179.41713,5364,6.0,1801.3463949172315,-5894.514155598675,719.7289899688213,246.71651414594376,288.1626862314319,528.8665775150243,52.612332696052995,769.0512052080181,52.612332696052995
2024-09-12 08:34:33.240000+00:00,6.6837,-74.8171,76.378,4.4,mwr,51.0,61.0,0.86,0.79,us,us7000nd8m,2024-11-21T22:58:55.040Z,"2 km ENE of Yalí, Colombia",earthquake,7.98,9.233,0.089,12.0,reviewed,us,us,251188643150.95822,5364,7.0,1637.3647800214158,-6033.620071181786,732.6196398280091,234.3298039926602,97.54821228356555,406.4872301804165,193.2127271097898,666.7973158612648,97.54821228356555
2024-09-20 03:22:06.345000+00:00,6.7359,-73.0129,161.791,4.1,mb,51.0,129.0,0.841,1.01,us,us6000nu30,2024-11-23T23:27:00.040Z,"4 km N of Aratoca, Colombia",earthquake,9.82,7.336,0.083,40.0,reviewed,us,us,89125093813.3744,5372,6.0,1801.5382535672622,-5897.3146510896195,728.296802587064,253.82777841168877,288.9700536782777,534.0783166403687,44.32148910824589,775.2728002927212,44.32148910824589
2024-09-21 21:31:52.345000+00:00,6.7061,-73.0217,157.575,4.7,mb,57.0,136.0,0.811,0.53,us,us7000ng6u,2024-11-23T23:27:35.040Z,"1 km NNW of Aratoca, Colombia",earthquake,12.12,10.112,0.083,44.0,reviewed,us,us,707945784384.1403,5374,7.0,1801.9655264806001,-5901.957423450081,725.5818656657395,250.44133440455954,287.4131475416341,531.1116260424552,47.279087094843106,772.0600566757229,47.279087094843106
2024-09-22 00:58:34.333000+00:00,5.3148,-73.6778,163.486,4.3,mb,38.0,104.0,0.824,0.97,us,us7000ngk9,2024-11-23T23:27:41.040Z,"3 km ENE of Lenguazaque, Colombia",earthquake,8.84,7.216,0.116,21.0,reviewed,us,us,177827941003.89227,5374,8.0,1737.0507362950646,-5931.717564067658,574.9882954147992,80.09573565117,234.56313412248065,378.22054924528624,209.8232765550802,606.5570848030752,80.09573565117
2024-09-22 07:21:35.387000+00:00,6.7026,-73.1251,159.092,4.3,mb,40.0,98.0,0.806,0.64,us,us6000ntmm,2024-11-23T23:26:45.040Z,"4 km SW of Jordán, Colombia",earthquake,8.79,6.58,0.09,36.0,reviewed,us,us,177827941003.89227,5374,9.0,1790.8870231006222,-5903.800410955834,725.0278467421225,244.9904534594086,276.10926292147394,522.5200688763542,46.33568331399132,764.7898116671049,46.33568331399132
2024-09-28 19:12:09.322000+00:00,11.8435,-73.4642,10.0,4.5,mb,55.0,47.0,1.448,0.83,us,us7000nh0q,2024-12-06T19:30:18.040Z,"65 km NNW of Dibulla, Colombia",earthquake,5.62,1.88,0.058,88.0,reviewed,us,us,354813389233.57605,5381,8.0,1771.8913614174828,-5968.1088276735145,1305.526339979229,795.9098160514731,664.5639569809571,992.3873934472114,526.639805871785,1254.7409951231657,526.639805871785
2024-09-28 19:13:34.230000+00:00,11.7919,-73.4917,10.0,4.6,mb,39.0,106.0,1.47,0.78,us,us6000p020,2024-12-06T19:30:14.040Z,"60 km NNW of Dibulla, Colombia",earthquake,8.73,1.896,0.096,32.0,reviewed,us,us,501187233627.2715,5381,9.0,1769.3600459848353,-5970.083444264728,1299.9191114022206,789.942907448515,658.1398906775835,985.9703839613628,521.1424877785626,1248.3277451749848,521.1424877785626
2024-09-29 07:05:47.358000+00:00,6.7214,-73.1171,157.274,4.7,mb,49.0,40.0,0.824,0.72,us,us7000nh2v,2024-12-06T19:30:18.040Z,"2 km WSW of Jordán, Colombia",earthquake,8.81,6.182,0.027,405.0,reviewed,us,us,707945784384.1403,5381,10.0,1792.1664944689273,-5905.050024585151,727.2649216935135,247.25786272286857,277.3652765359056,524.6023694429497,44.248779314518195,766.9889598390151,44.248779314518195
2024-10-01 03:44:09.323000+00:00,8.7389,-72.8792,10.0,4.4,mb,15.0,63.0,2.224,0.84,us,us7000nmfd,2024-12-14T14:51:07.040Z,"19 km NW of Tibú, Colombia",earthquake,6.1,1.964,0.267,4.0,reviewed,us,us,251188643150.95822,5383,10.0,1850.8584719266746,-6008.54723304295,966.4388574499487,466.8448772582759,407.02524108169365,713.1949204080083,182.076862744553,968.3074232677686,182.076862744553
2024-10-04 19:36:25.084000+00:00,6.8784,-73.1242,147.571,4.2,mb,95.0,126.0,0.98,0.76,us,us6000nwlu,2024-12-14T14:50:33.040Z,"14 km SW of Piedecuesta, Colombia",earthquake,8.76,9.899,0.06,79.0,reviewed,us,us,125892541179.41713,5387,11.0,1793.6459862649435,-5912.56120880206,745.3338487991663,262.82652452050314,280.4265022485264,536.2593252989558,26.787369392044,780.5020087358598,26.787369392044
2024-10-06 08:07:10.298000+00:00,6.7626,-73.075,154.22,4.2,mb,41.0,76.0,0.865,0.67,us,us6000nwur,2024-12-14T14:50:40.040Z,"4 km NE of Jordán, Colombia",earthquake,9.15,6.578,0.075,49.0,reviewed,us,us,125892541179.41713,5388,12.0,1797.235130068718,-5906.131135752925,732.0617890156153,253.398294328096,282.81889559254915,531.1285030385246,40.01116470224933,773.4492416531903,40.01116470224933
2024-10-08 18:42:13.867000+00:00,6.7111,-73.0424,153.622,4.3,mb,31.0,74.0,0.814,0.65,us,us7000nnts,2024-12-23T15:47:44.040Z,"3 km NW of Aratoca, Colombia",earthquake,8.5,6.827,0.142,14.0,reviewed,us,us,177827941003.89227,5391,13.0,1800.959704007151,-5906.302688428856,726.5823367551254,249.8813128652591,285.26249340801667,529.8150185463138,46.24717564265819,771.0976255767671,46.24717564265819
2024-10-16 22:04:48.380000+00:00,2.1028,-79.7589,10.0,4.7,mb,64.0,139.0,1.216,0.75,us,us6000nz6y,2024-12-26T23:04:02.040Z,"112 km WNW of Tumaco, Colombia",earthquake,4.27,1.888,0.079,49.0,reviewed,us,us,707945784384.1403,5399,12.0,1130.16500282103,-6255.443382310938,233.4012791327975,694.6121498865315,653.162154997293,388.501927937267,922.924493131361,292.6118175347962,292.6118175347962
2024-10-24 20:31:59.106000+00:00,5.4511,-78.3798,10.0,4.6,mb,60.0,121.0,2.93,0.76,us,us7000nmzv,2025-01-04T23:07:59.040Z,"125 km WNW of Pizarro, Colombia",earthquake,7.08,1.9,0.084,43.0,reviewed,us,us,501187233627.2715,5407,9.0,1275.4590910409777,-6202.449678965446,604.2707067054962,484.1533168861695,321.88436260209465,302.3080145036504,609.9173235876508,486.71017871663753,302.3080145036504
2024-10-28 04:03:01.124000+00:00,6.7988,-72.9723,153.555,4.3,mb,40.0,41.0,0.907,0.75,us,us7000nnkf,2025-01-16T18:44:07.040Z,"4 km N of Cepitá, Colombia",earthquake,7.99,7.129,0.067,64.0,reviewed,us,us,177827941003.89227,5410,10.0,1807.8762624039252,-5903.088141147628,736.0408587188937,262.1034535583391,294.741490033855,542.1296771681643,39.314647145462146,783.5472212915595,39.314647145462146
2024-10-28 07:08:37.689000+00:00,7.0174,-76.8664,10.0,4.6,mb,105.0,83.0,1.562,0.64,us,us7000nnla,2025-01-16T18:44:11.040Z,"6 km NW of Murindó, Colombia",earthquake,5.43,1.871,0.052,111.0,reviewed,us,us,501187233627.2715,5410,11.0,1434.5348587872447,-6148.211323528073,777.1282134663769,401.6121976254484,165.95733970109018,398.2235686207449,413.270930259921,646.9885780540063,165.95733970109018
2024-10-28 07:45:11.790000+00:00,8.2334,-75.2195,59.292,4.4,mb,25.0,87.0,1.294,0.86,us,us7000nrzm,2025-01-16T18:48:20.040Z,"12 km SW of Ayapel, Colombia",earthquake,3.79,10.618,0.162,11.0,reviewed,us,us,251188643150.95822,5410,12.0,1593.6253962518567,-6039.952665527085,903.8737588166682,411.6717149660259,224.75828048065685,551.1657343532087,262.17466228781575,813.2719123336043,224.75828048065685
2024-10-29 21:49:16.678000+00:00,7.3271,-71.8678,10.0,4.7,mb,38.0,78.0,1.868,0.77,us,us7000nnx8,2025-01-16T18:45:07.040Z,"44 km NE of Cubará, Colombia",earthquake,5.79,1.896,0.063,77.0,reviewed,us,us,707945784384.1403,5412,10.0,1963.4453749281404,-5995.755951727292,811.2421506554302,379.50915223707096,427.3273998772593,672.4655390772856,140.34614919383932,906.6852170446678,140.34614919383932
2024-11-05 03:14:06.554000+00:00,5.3197,-77.462,31.25,5.0,mww,60.0,61.0,2.109,0.67,us,us7000npzi,2025-01-24T19:51:14.040Z,"41 km NNW of Pizarro, Colombia",earthquake,7.25,3.823,0.073,18.0,reviewed,us,us,1995262314968.8828,5418,9.0,1370.3499600221123,-6161.906311922001,587.7768731952584,381.54569829697624,232.07864405379536,231.90374234423552,519.7145776334695,457.01874626091563,231.90374234423552
2024-11-11 00:39:55.094000+00:00,6.851,-73.1198,151.447,4.2,mb,16.0,63.0,0.953,0.42,us,us7000nr2x,2025-01-26T16:29:09.040Z,"13 km NNW of Jordán, Colombia",earthquake,4.82,9.472,0.216,6.0,reviewed,us,us,125892541179.41713,5424,8.0,1793.0858823370181,-5909.081334240061,741.9166555000492,260.23334589596516,280.1549606607367,534.4494746626701,29.83531572270911,778.340040879942,29.83531572270911
2024-11-13 01:42:58.771000+00:00,11.035,-72.3377,10.0,4.1,mwr,15.0,82.0,0.744,0.91,us,us7000nrgp,2025-01-26T16:29:29.040Z,"31 km ESE of Albania, Colombia",earthquake,5.46,1.985,0.086,13.0,reviewed,us,us,89125093813.3744,5426,9.0,1894.2823182853035,-5949.082888620819,1217.55011517006,728.6577688865326,640.9709059854649,961.6517223623382,443.852233893638,1220.905856599968,443.852233893638
2024-11-16 18:25:27.585000+00:00,6.8484,-73.1054,147.606,4.3,mb,69.0,68.0,0.95,0.84,us,us7000ns6u,2025-01-26T16:30:28.040Z,"12 km N of Jordán, Colombia",earthquake,6.8,8.508,0.07,59.0,reviewed,us,us,177827941003.89227,5430,9.0,1795.6889985502476,-5912.311707918864,742.0944469049346,260.61870031655883,281.6307421570406,535.3744995142101,30.183160762390095,779.055526419206,30.183160762390095
2024-11-22 00:03:15.283000+00:00,7.1019,-72.9334,183.216,4.3,mb,40.0,46.0,1.211,0.75,us,us6000p6wi,2025-01-30T17:00:32.040Z,"11 km SSE of Tona, Colombia",earthquake,7.72,8.504,0.09,35.0,reviewed,us,us,177827941003.89227,5435,10.0,1802.0773411830107,-5869.917214854008,765.0228609730028,294.1755748953797,307.583612857832,568.7334402514234,20.976729610148396,813.004079107986,20.976729610148396
2024-11-25 04:51:31.827000+00:00,6.7154,-73.0998,160.779,4.6,mb,73.0,38.0,0.818,0.61,us,us6000p7iv,2025-02-02T00:50:26.040Z,"1 km SSW of Jordán, Colombia",earthquake,7.58,7.482,0.034,257.0,reviewed,us,us,501187233627.2715,5438,10.0,1792.959592811671,-5901.25084299936,726.2088235383379,247.48102808424335,279.11718716745804,525.5255744093051,44.98271309621063,767.6147331863003,44.98271309621063
2024-11-30 04:22:28.332000+00:00,6.6663,-73.0851,162.202,4.4,mb,51.0,59.0,0.769,0.72,us,us7000nv23,2025-02-02T00:53:54.040Z,"7 km NNW of Curití, Colombia",earthquake,9.04,7.38,0.079,46.0,reviewed,us,us,251188643150.95822,5443,7.0,1794.2427631136497,-5900.031646883157,720.7579882287287,243.30351872425607,279.7583374623337,522.9689834174707,50.54202560742113,764.2722314959497,50.54202560742113
2024-12-04 06:34:19.360000+00:00,6.7566,-73.0416,157.068,4.1,mb,32.0,38.0,0.859,0.96,us,us7000nvtk,2025-02-15T18:29:24.040Z,"6 km ENE of Jordán, Colombia",earthquake,6.96,6.695,0.135,15.0,reviewed,us,us,89125093813.3744,5447,8.0,1799.8751672361016,-5902.450507318818,731.0802224398074,254.43223485159746,286.3005575666215,533.3420297860526,41.31194680349209,775.1586802003815,41.31194680349209
2024-12-04 18:02:38.894000+00:00,5.2739,-73.6689,158.03,4.2,mb,50.0,122.0,0.847,0.66,us,us7000nvyp,2025-02-15T18:29:31.040Z,"5 km SE of Lenguazaque, Colombia",earthquake,8.01,5.715,0.094,32.0,reviewed,us,us,125892541179.41713,5448,9.0,1739.6147502532615,-5937.053747211641,571.0775291687634,76.89305102070925,237.48537001277475,376.58774950325073,213.89734396290342,603.8072766830859,76.89305102070925
2024-12-11 06:43:03.144000+00:00,6.7518,-73.1458,157.623,4.2,mb,26.0,40.0,0.856,0.8,us,us6000ph1t,2025-02-18T20:02:54.040Z,"5 km WNW of Jordán, Colombia",earthquake,7.42,7.087,0.176,10.0,reviewed,us,us,125892541179.41713,5454,8.0,1788.9957571931645,-5905.245175752909,730.4980076090975,248.99338549457954,274.9196151115805,524.6675084870946,40.94360838717945,767.7797430810571,40.94360838717945
2024-12-12 18:11:46.878000+00:00,6.3981,-73.0625,189.047,4.4,mb,35.0,82.0,0.503,0.84,us,us7000ny84,2025-02-18T20:02:56.040Z,"9 km NE of Ocamonte, Colombia",earthquake,7.8,5.408,0.095,32.0,reviewed,us,us,251188643150.95822,5456,9.0,1789.7610699307102,-5876.96571816862,688.8919757409652,218.34939746693323,278.88913147456543,505.0240097149838,80.46881417336846,742.4701900999447,80.46881417336846
2024-12-24 06:39:57.991000+00:00,7.1166,-75.7263,49.827,4.5,mb,35.0,97.0,0.94,0.97,us,us6000pfet,2025-03-08T22:39:09.040Z,"7 km SE of Ituango, Colombia",earthquake,6.57,9.486,0.131,20.0,reviewed,us,us,354813389233.57605,5467,7.0,1546.5050333704069,-6078.837688278772,783.1236411005657,324.0684168004375,98.32111895339784,417.17584062821254,287.2757051785784,678.6343765482526,98.32111895339784
2024-12-24 20:33:34.670000+00:00,6.3181,-74.8321,73.999,4.9,mb,80.0,59.0,0.704,0.75,us,us6000pfhr,2025-03-08T22:39:09.040Z,"13 km SW of Caracolí, Colombia",earthquake,7.93,5.683,0.037,222.0,reviewed,us,us,1412537544622.7554,5468,8.0,1637.5936490406411,-6040.719766302977,692.974270531924,197.50791031022152,83.2028545552801,370.21258267916215,208.73635121486456,629.2458246304299,83.2028545552801
2024-12-26 00:52:39.508000+00:00,7.3229,-75.298,52.19,5.0,mww,190.0,32.0,1.148,0.82,us,us6000pfmi,2025-03-08T22:39:10.040Z,"10 km ENE of Valdivia, Colombia",earthquake,5.3,5.242,0.066,22.0,reviewed,us,us,1995262314968.8828,5469,8.0,1590.5814448139026,-6062.073734151725,805.402089158875,320.50523322375795,123.95489075275252,451.6171632949603,241.02905165724943,713.995063558951,123.95489075275252
2024-12-31 08:59:21.553000+00:00,11.5228,-73.3585,10.0,4.5,mb,47.0,37.0,0.921,1.28,us,us6000pgmd,2025-03-08T22:39:14.040Z,"28 km N of Dibulla, Colombia",earthquake,5.67,1.896,0.121,21.0,reviewed,us,us,354813389233.57605,5474,8.0,1784.963151872303,-5971.737709526267,1270.6597794374604,761.495043941785,635.6861532407822,963.1502785635614,490.3296158231785,1225.3381273429259,490.3296158231785
2025-01-02 15:46:30.445000+00:00,6.7993,-73.0647,155.659,4.2,mb,13.0,97.0,0.901,0.59,us,us6000pjzy,2025-03-17T21:34:17.040Z,"8 km NNE of Jordán, Colombia",earthquake,5.3,9.552,0.236,8.0,reviewed,us,us,125892541179.41713,5477,9.0,1797.7436601844258,-5903.991249598337,735.8456381701047,257.56767664230205,284.7794886020903,534.7748969368969,36.15367653412136,777.3871600122503,36.15367653412136
2025-01-04 08:17:24.376000+00:00,4.5472,-76.3159,51.986,4.7,mb,83.0,110.0,1.811,0.7,us,us6000phtp,2025-03-17T21:34:34.040Z,"9 km WNW of El Dovio, Colombia",earthquake,7.85,7.78,0.065,71.0,reviewed,us,us,707945784384.1403,5478,8.0,1490.1744792827624,-6120.32217474255,500.97348317548415,249.3512204171197,205.47847432415253,124.16097230156811,454.47484250681094,385.8621498503472,124.16097230156811
2025-01-09 03:33:41.557000+00:00,7.1274,-72.8631,176.94,4.3,mb,64.0,35.0,1.246,0.76,us,us6000pisv,2025-03-20T20:54:52.040Z,"13 km SE of Tona, Colombia",earthquake,7.87,8.651,0.08,45.0,reviewed,us,us,177827941003.89227,5483,9.0,1811.01264096995,-5873.326787146213,768.5342863124532,300.12133258071617,315.83662048503226,576.212916689447,28.6575555200652,819.9142820271251,28.6575555200652
2025-01-10 08:14:32.949000+00:00,5.9461,-77.4683,18.0,5.6,mww,81.0,91.0,1.944,0.65,us,us6000pj4s,2025-03-20T20:54:59.040Z,"31 km SSW of Bahía Solano, Colombia",earthquake,7.09,1.851,0.052,36.0,reviewed,us,us,15848931924611.11,5484,9.0,1371.055787245016,-6168.280645125349,658.125300557537,400.29694524870393,211.26594909932234,296.1453989888317,497.4704134741934,526.6396852979019,211.26594909932234
2025-01-19 06:28:33.580000+00:00,7.5187,-74.7977,75.464,4.5,mb,44.0,101.0,1.506,0.72,us,us6000pl25,2025-03-29T22:12:43.040Z,"8 km ENE of Zaragoza, Colombia",earthquake,6.35,7.873,0.083,42.0,reviewed,us,us,354813389233.57605,5493,9.0,1636.6714930483142,-6022.996253406588,823.7694353332207,322.3424266656206,166.02649024602792,491.279374980842,189.99688236512074,753.1723692881454,166.02649024602792
2025-01-26 15:32:30.833000+00:00,6.6868,-73.1248,162.148,4.5,mb,43.0,81.0,0.79,0.45,us,us6000pmg0,2025-04-08T22:01:00.040Z,"5 km ENE of Villanueva, Colombia",earthquake,8.34,7.348,0.046,136.0,reviewed,us,us,354813389233.57605,5501,7.0,1790.094820435257,-5901.077621835956,722.9706721726427,243.41845311417705,275.8271752965748,521.3339070690871,48.092364479851874,763.4118111420554,48.092364479851874
2025-01-28 13:37:03.810000+00:00,13.1524,-81.6967,10.0,4.9,mww,231.0,39.0,3.593,0.54,us,us6000pmsg,2025-04-08T22:01:02.040Z,"42 km WSW of Mountain, Colombia",earthquake,6.43,1.82,0.055,32.0,reviewed,us,us,1412537544622.7554,5502,8.0,894.5155375223543,-6129.209761084628,1447.3944375172966,1257.4278413314858,1019.1931534772175,1218.8745915023235,1153.2085833393492,1413.7710565370344,1019.1931534772175
2025-01-30 05:03:43.838000+00:00,6.6984,-73.0999,160.532,4.6,mb,150.0,45.0,0.801,0.68,us,us7000p9zc,2025-04-15T20:55:24.040Z,"3 km S of Jordán, Colombia",earthquake,8.05,5.049,0.038,210.0,reviewed,us,us,501187233627.2715,5504,9.0,1793.0831660817043,-5901.69459712322,724.4076344331277,245.77590058349674,278.7622573474477,524.217947318552,46.86956849663641,766.10589960652,46.86956849663641
2025-02-06 21:03:22.973000+00:00,6.7282,-73.0557,156.313,4.5,mb,43.0,61.0,0.831,0.51,us,us7000pbxz,2025-04-26T14:47:03.040Z,"4 km E of Jordán, Colombia",earthquake,7.74,7.553,0.077,51.0,reviewed,us,us,354813389233.57605,5512,7.0,1798.7464844804713,-5903.9564335037085,728.1098981804247,250.91142252187097,284.16697864368217,530.0427378254088,44.11271874468894,771.7059419195242,44.11271874468894
2025-02-12 17:26:49.653000+00:00,4.2294,-78.6675,10.0,4.8,mww,114.0,70.0,2.923,0.67,us,us7000pd4n,2025-05-02T16:26:16.040Z,"144 km W of Santa Genoveva de Docordó, Colombia",earthquake,6.74,1.866,0.054,33.0,reviewed,us,us,1000000000000.0,5518,6.0,1246.547529197211,-6219.997069542051,469.1233444848285,512.2353463601955,408.62128768527697,252.2140505490346,692.5300441430146,368.99924179514,252.2140505490346
2025-02-17 15:48:20.623000+00:00,6.7251,-73.1606,161.194,4.6,mb,79.0,82.0,0.831,0.66,us,us7000pe90,2025-05-02T16:26:20.040Z,"6 km NNE of Villanueva, Colombia",earthquake,12.71,9.985,0.038,206.0,reviewed,us,us,501187233627.2715,5523,7.0,1786.5413763565532,-5902.637907659278,727.2043724192848,245.61487249109732,272.72896488972935,521.4267135568749,44.032233386484904,764.4239889184221,44.032233386484904
2025-02-20 09:47:25.569000+00:00,9.9369,-74.3462,42.368,4.2,mb,23.0,65.0,0.822,0.76,us,us7000pex2,2025-05-06T21:39:16.040Z,"15 km NNE of Nueva Granada, Colombia",earthquake,5.68,7.03,0.236,5.0,reviewed,us,us,125892541179.41713,5525,7.0,1682.0004263068251,-6002.482406003485,1092.0908950019975,581.8787788731396,432.52536526217034,760.4193763617841,340.9640802317518,1022.8199960652893,340.9640802317518
2025-03-01 09:38:49.850000+00:00,2.871,-79.4812,10.0,5.0,mww,71.0,138.0,2.729,0.91,us,us6000pw9c,2025-05-21T02:06:42.645Z,"121 km WNW of Mosquera, Colombia",earthquake,7.91,1.879,0.073,18.0,reviewed,us,us,1995262314968.8828,5534,5.0,1159.7947871441863,-6246.253849484842,318.60618247136006,634.0395643210459,572.2808121302087,333.7393898460444,847.9510431945789,306.1583886479372,306.1583886479372
2025-03-06 00:31:49.019000+00:00,6.8782,-73.1015,151.019,4.2,mb,11.0,96.0,0.979,0.81,us,us6000px4q,2025-05-16T17:30:01.040Z,"13 km SSW of Piedecuesta, Colombia",earthquake,5.01,5.771,0.305,3.0,reviewed,us,us,125892541179.41713,5539,6.0,1794.9940562221452,-5908.577234329358,744.8993518946043,263.81807719049243,282.8487041323465,538.0151731888201,26.91100472956738,781.9729250510613,26.91100472956738
2025-03-10 07:57:09.421000+00:00,4.5564,-76.6012,122.305,4.5,mb,54.0,61.0,1.943,0.58,us,us6000pxx4,2025-05-16T17:30:04.040Z,"11 km SSE of Sipí, Colombia",earthquake,7.6,8.6,0.079,47.0,reviewed,us,us,354813389233.57605,5543,6.0,1443.4184402298863,-6059.399366299274,496.3987601931137,280.8303361715846,219.022305223004,123.08772026763371,478.7989408411475,379.29163224291653,123.08772026763371
2025-03-15 09:19:12.076000+00:00,6.6997,-73.1497,160.676,4.5,mb,57.0,113.0,0.805,0.87,us,us6000pz0i,2025-05-17T19:19:58.040Z,"4 km NE of Villanueva, Colombia",earthquake,10.83,7.185,0.034,253.0,reviewed,us,us,354813389233.57605,5548,6.0,1787.9066686911788,-5903.098260461286,724.5307835865435,243.54617384641725,273.37933845612974,520.333176971261,46.75248922495404,762.8919264954554,46.75248922495404
2025-03-24 21:43:45.839000+00:00,6.7029,-73.0438,163.334,4.4,mb,42.0,39.0,0.806,0.73,us,us6000q3pn,2025-05-29T17:36:25.040Z,"2 km WNW of Aratoca, Colombia",earthquake,8.21,7.278,0.1,29.0,reviewed,us,us,251188643150.95822,5558,5.0,1798.0326405196865,-5897.219796128029,724.5650193995696,248.9997207765656,284.9480455443163,529.080470039937,47.11359436139624,770.2820436510051,47.11359436139624
2025-03-25 22:08:06.816000+00:00,2.5566,-78.869,10.0,4.5,mb,36.0,136.0,2.124,0.94,us,us6000q3rc,2025-05-29T17:36:25.040Z,"46 km W of Mosquera, Colombia",earthquake,5.69,1.898,0.136,16.0,reviewed,us,us,354813389233.57605,5559,6.0,1226.7869922041648,-6235.126780609435,283.7405601701688,583.7095172882342,548.5933804030498,277.9312654777907,813.969870295217,231.17398793616474,231.17398793616474
2025-03-26 17:15:21.119000+00:00,6.6999,-72.9498,167.0,4.3,mb,74.0,39.0,0.813,0.75,us,us7000pmup,2025-06-06T21:12:24.040Z,"6 km SSE of Cepitá, Colombia",earthquake,8.2,4.774,0.052,107.0,reviewed,us,us,177827941003.89227,5560,7.0,1806.6488073289283,-5890.817316652695,723.8144988888429,253.6293302428309,295.115184333575,536.504208398146,50.389582396693704,776.4225440334453,50.389582396693704
2025-04-01 02:04:04.952000+00:00,4.7022,-76.0962,99.649,4.5,mb,89.0,99.0,4.136,0.76,us,us7000pp5r,2025-06-06T21:12:29.040Z,"3 km SE of Argelia, Colombia",earthquake,8.65,7.939,0.061,79.0,reviewed,us,us,354813389233.57605,5565,7.0,1501.8860633414079,-6067.114431295186,514.1051405223757,224.31275852909585,180.68952617299482,147.22117635204955,424.71441828417426,409.616260504215,147.22117635204955
2025-04-06 06:38:10.371000+00:00,7.1159,-73.0956,154.712,4.2,mb,33.0,233.0,3.005,0.85,us,us6000q6rh,2025-06-09T13:38:48.040Z,"2 km ESE of Bucaramanga, Colombia",earthquake,11.5,10.894,0.083,40.0,reviewed,us,us,125892541179.41713,5570,7.0,1793.6228745933215,-5901.878517492475,770.0541847431351,288.39667803232,291.1169948525202,557.4368597488108,3.013966684442787,803.7436419069713,3.013966684442787
2025-04-09 12:41:00.584000+00:00,4.4562,-75.6179,164.813,4.2,mb,13.0,121.0,4.301,0.28,us,us6000q4wr,2025-06-14T18:26:38.040Z,"8 km SSE of Calarcá, Colombia",earthquake,11.13,10.64,0.305,3.0,reviewed,us,us,125892541179.41713,5573,7.0,1536.877847311665,-5993.51690024627,482.2019575592912,173.66198511260023,198.85803816899588,150.86514466993896,404.8114779086936,405.1095348493815,150.86514466993896
2025-04-18 08:48:41.271000+00:00,6.8098,-73.0927,157.841,4.7,mww,80.0,82.0,2.303,0.9,us,us6000q6zq,2025-06-27T00:34:23.040Z,"8 km N of Jordán, Colombia",earthquake,7.56,6.797,0.093,11.0,reviewed,us,us,707945784384.1403,5582,7.0,1794.188861839314,-5902.667008378189,736.7179077071636,257.3006644035648,282.01575126316175,533.3674604649252,34.573758131066604,776.4572466191643,34.573758131066604
2025-04-18 10:31:44.505000+00:00,6.7231,-73.1046,171.903,4.8,mww,178.0,46.0,2.224,0.6,us,us6000q6zz,2025-06-27T00:34:24.040Z,"1 km SW of Jordán, Colombia",earthquake,8.26,5.434,0.078,16.0,reviewed,us,us,1000000000000.0,5582,8.0,1789.2261389662876,-5890.736930928987,725.7353854113303,248.02240995223812,278.7565252681584,525.7315020992356,44.10071135040659,767.9745909022041,44.10071135040659
2025-04-23 22:44:32.680000+00:00,4.5795,-77.6254,38.263,4.8,mb,146.0,62.0,3.304,0.6,us,us7000pum1,2025-07-11T15:46:19.040Z,"45 km NW of Santa Genoveva de Docordó, Colombia",earthquake,7.22,5.762,0.047,142.0,reviewed,us,us,1000000000000.0,5588,8.0,1352.787725279262,-6165.863405858236,505.62015565149187,394.0819538755987,292.34975204518435,174.46551975353202,572.5277243880142,376.2184391643183,174.46551975353202
2025-04-24 02:53:00.256000+00:00,4.5494,-77.2849,35.0,4.3,mb,23.0,121.0,2.968,1.04,us,us7000pumw,2025-07-11T15:46:19.040Z,"33 km NNE of Santa Genoveva de Docordó, Colombia",earthquake,8.17,1.943,0.106,25.0,reviewed,us,us,177827941003.89227,5588,9.0,1390.1806058358661,-6161.146375341003,502.562657566436,356.5338527077004,266.6139789769953,147.90374459220163,541.8541366698536,370.9242762944246,147.90374459220163
2025-05-04 17:52:54.402000+00:00,7.3789,-77.1646,41.437,4.5,mb,52.0,96.0,1.667,0.85,us,us7000px4d,2025-07-12T16:30:45.040Z,"8 km SW of Riosucio, Colombia",earthquake,6.83,8.024,0.086,39.0,reviewed,us,us,354813389233.57605,5599,7.0,1394.4736874790283,-6120.293382314551,812.9082483862195,452.67939095030295,215.59618644186807,442.27276236843574,446.778000560451,685.6716560312879,215.59618644186807
2025-05-07 14:41:17.392000+00:00,6.9246,-73.0749,152.487,4.0,mb,37.0,160.0,2.409,0.71,us,us7000q0uw,2025-07-24T21:30:18.040Z,"7 km SSW of Piedecuesta, Colombia",earthquake,9.66,7.378,0.1,27.0,reviewed,us,us,63095734448.019424,5601,7.0,1797.136509050907,-5905.770034761582,749.7230125302916,269.7270998982636,286.99930981347575,543.7397208398033,22.283080687091115,787.8669889724783,22.283080687091115
2025-05-11 10:41:50.463000+00:00,7.327,-73.7849,91.758,4.6,mb,229.0,72.0,1.587,0.96,us,us7000pymq,2025-07-24T21:30:14.040Z,"12 km E of Puerto Wilches, Colombia",earthquake,5.85,7.176,0.027,415.0,reviewed,us,us,501187233627.2715,5605,7.0,1739.1239542450041,-5980.220758156254,800.8043768937981,292.6142245470104,232.02203768942837,527.3942827095375,76.61283211875511,782.46433718512,76.61283211875511
2025-05-17 09:41:02.410000+00:00,6.8592,-73.1237,147.138,4.0,mb,55.0,117.0,0.961,0.58,us,us6000qgwk,2025-07-25T17:06:13.040Z,"14 km NNW of Jordán, Colombia",earthquake,8.42,5.662,0.08,42.0,reviewed,us,us,63095734448.019424,5611,8.0,1793.8947933001273,-5913.19561811135,743.3150392420615,260.89323745894524,279.9559613413167,534.7879937299092,28.922011008277913,778.8168542692304,28.922011008277913
2025-05-18 06:17:26.554000+00:00,4.0695,-75.4801,10.0,4.3,mb,35.0,100.0,1.389,1.24,us,us7000pzz7,2025-07-25T17:06:18.040Z,"7 km W of Playarrica, Colombia",earthquake,8.34,1.883,0.098,29.0,reviewed,us,us,177827941003.89227,5612,9.0,1590.7850618510706,-6142.3078664628865,451.4177229347851,171.6277705038612,242.07463640644403,135.43539037221225,427.8398221611043,375.3088420761784,135.43539037221225
2025-05-23 04:56:45.663000+00:00,3.3141,-77.507,35.0,4.8,mwr,53.0,101.0,2.413,0.92,us,us7000q10j,2025-08-13T15:14:30.040Z,"62 km NNE of Timbiquí, Colombia",earthquake,5.48,1.924,0.083,14.0,reviewed,us,us,1000000000000.0,5617,8.0,1368.3134712763306,-6175.633693081491,366.2823135238495,411.44359752439624,389.46213124898253,109.30075186658226,643.9277453488667,234.90953198968026,109.30075186658226
2025-05-30 08:17:51.661000+00:00,6.9583,-73.1465,149.925,4.1,mb,31.0,156.0,2.403,0.86,us,us6000qk3r,2025-08-16T21:54:18.040Z,"11 km WSW of Piedecuesta, Colombia",earthquake,9.76,11.607,0.114,21.0,reviewed,us,us,89125093813.3744,5624,7.0,1790.364088860365,-5910.022074144601,753.6641613263413,270.0486535489975,280.406928243049,540.875751758248,18.094026371215197,786.2291017997061,18.094026371215197
2025-06-06 18:48:43.634000+00:00,6.9045,-73.0855,155.58,4.1,mb,94.0,90.0,2.387,0.78,us,us6000qlh3,2025-08-20T16:09:01.040Z,"10 km SSW of Piedecuesta, Colombia",earthquake,7.14,7.969,0.06,81.0,reviewed,us,us,89125093813.3744,5632,6.0,1795.2269282937627,-5903.415946274428,747.185530910323,267.2089102862717,285.2921291453548,541.331409557711,24.234947848183396,785.3742845273321,24.234947848183396
2025-06-07 02:08:31.447000+00:00,13.1213,-81.1784,10.0,5.1,mww,80.0,51.0,0.311,0.77,us,us6000qilg,2025-08-20T16:08:57.040Z,"33 km SE of Mountain, Colombia",earthquake,4.67,1.768,0.056,31.0,reviewed,us,us,2818382931264.449,5632,7.0,950.0436128684388,-6121.642715752702,1444.0320613891392,1217.688266861455,980.1342933245728,1190.3054669527407,1105.5280175486157,1391.889118740384,980.1342933245728
2025-06-08 13:08:05.797000+00:00,4.4852,-73.1248,9.0,6.3,mww,163.0,21.0,1.245,0.89,us,us6000qixr,2025-08-20T16:08:58.040Z,"15 km NE of Paratebueno, Colombia",earthquake,7.45,1.738,0.032,96.0,reviewed,us,us,177827941003892.28,5633,8.0,1841.1566291247543,-6069.403731239924,497.5184561811292,107.95616266572887,334.9671740852195,395.03795703941773,292.89864838743097,587.6604106496108,107.95616266572887
2025-06-08 13:37:18.982000+00:00,4.3802,-73.1981,10.0,4.7,mb,65.0,63.0,1.211,1.15,us,us6000qiy2,2025-08-20T16:08:58.040Z,"1 km ENE of Paratebueno, Colombia",earthquake,8.19,0.579,0.072,59.0,reviewed,us,us,707945784384.1403,5633,9.0,1833.3626321934603,-6071.66232144174,485.8179836743139,103.62654434339287,335.51520829511173,383.98635406482504,304.6882172847381,574.0746466941092,103.62654434339287
2025-06-08 13:44:00.052000+00:00,4.5212,-73.0907,10.0,4.4,mb,13.0,185.0,1.268,0.85,us,us7000q87l,2025-08-20T16:09:02.040Z,"14 km WSW of Barranca de Upía, Colombia",earthquake,9.42,1.994,0.31,5.0,reviewed,us,us,251188643150.95822,5633,10.0,1844.387313992398,-6067.052806409652,501.42465059137277,110.80119906776565,335.73232383797585,399.82254777295486,288.91722178740224,593.1059288971802,110.80119906776565
2025-06-08 14:00:09.051000+00:00,4.4747,-73.2145,10.0,4.2,mb,15.0,68.0,1.163,0.96,us,us7000q87n,2025-08-20T16:09:02.040Z,"10 km N of Paratebueno, Colombia",earthquake,7.29,1.471,0.264,6.0,reviewed,us,us,125892541179.41713,5633,11.0,1831.3907493059826,-6071.411447825859,496.27810204114866,98.61921072264934,327.6586844706677,385.18501562245183,294.2413772373295,579.1408033093574,98.61921072264934
2025-06-08 16:24:02.325000+00:00,4.351,-73.197,10.0,4.2,mb,13.0,116.0,1.223,0.78,us,us7000q87t,2025-08-20T16:09:02.040Z,"3 km SE of Paratebueno, Colombia",earthquake,10.89,1.946,0.263,7.0,reviewed,us,us,125892541179.41713,5634,12.0,1833.5505352064667,-6071.863353160615,482.58559384757575,104.93750983364409,337.63045351832136,383.2502777197173,307.9306380879915,572.1910388586032,104.93750983364409
2025-06-08 16:30:58.151000+00:00,4.4323,-73.328,10.0,4.9,mb,102.0,69.0,1.071,0.71,us,us6000qiys,2025-08-20T16:08:58.040Z,"8 km SSE of Medina, Colombia",earthquake,8.59,1.868,0.025,485.0,reviewed,us,us,1412537544622.7554,5634,13.0,1819.4648738630688,-6075.377577666289,491.5850501878097,88.10679211262065,320.64869492342103,371.7738447532853,299.6426273106838,566.3848701046853,88.10679211262065
2025-06-08 17:26:50.871000+00:00,4.4094,-73.2733,10.0,4.2,mb,18.0,115.0,1.13,0.98,us,us7000q87v,2025-08-20T16:09:02.040Z,"7 km WNW of Paratebueno, Colombia",earthquake,9.61,1.908,0.147,13.0,reviewed,us,us,125892541179.41713,5634,14.0,1825.32057863042,-6073.82545360208,489.05024732003704,94.67965273340101,326.96826493532484,376.8564612271262,301.7873177687293,569.5172795617611,94.67965273340101
2025-06-08 17:45:12.875000+00:00,4.3699,-73.2403,10.0,4.5,mb,59.0,62.0,1.176,0.7,us,us6000qizg,2025-08-20T16:08:58.040Z,"2 km WSW of Paratebueno, Colombia",earthquake,7.65,1.898,0.087,39.0,reviewed,us,us,354813389233.57605,5634,15.0,1828.9153344995882,-6073.094526175387,484.6778057336737,99.69804261134573,332.5719265790651,379.1716781747722,305.99601035284894,569.6761938340577,99.69804261134573
2025-06-08 19:14:46.387000+00:00,4.5276,-73.1571,10.0,4.3,mb,36.0,77.0,1.202,0.61,us,us7000q87x,2025-08-20T16:09:02.040Z,"17 km NNE of Paratebueno, Colombia",earthquake,7.65,1.911,0.111,23.0,reviewed,us,us,177827941003.89227,5634,16.0,1837.338737691988,-6069.132544808265,502.13296697742885,103.44293866284639,329.3087951872191,393.0113288547509,288.2090101143707,587.7841259485635,103.44293866284639
2025-06-08 22:43:22.289000+00:00,4.5116,-73.0916,10.0,4.8,mb,53.0,106.0,1.269,0.86,us,us6000qj2c,2025-08-20T16:08:59.040Z,"15 km WSW of Barranca de Upía, Colombia",earthquake,4.54,1.846,0.044,158.0,reviewed,us,us,1000000000000.0,5634,17.0,1844.3164218205477,-6067.1620747064,500.3621642844124,110.91244711984773,336.26265251121185,399.4131475219676,289.98341554622004,592.3679199820072,110.91244711984773
2025-06-08 23:42:59.095000+00:00,4.573,-73.3233,10.0,4.2,mb,8.0,114.0,1.03,1.16,us,us7000q887,2025-08-20T16:09:02.040Z,"7 km NNE of Medina, Colombia",earthquake,8.52,1.983,0.215,6.0,reviewed,us,us,125892541179.41713,5634,18.0,1819.6113225666113,-6074.053588861333,507.1574059679544,84.39634463864734,311.45208406199407,377.12201187118876,284.00368018456635,576.7717664170837,84.39634463864734
2025-06-09 12:03:48.706000+00:00,4.4519,-73.1153,10.0,4.5,mb,66.0,75.0,1.264,0.71,us,us7000q8gi,2025-08-20T16:09:02.040Z,"13 km NE of Paratebueno, Colombia",earthquake,7.16,1.897,0.073,54.0,reviewed,us,us,354813389233.57605,5634,19.0,1841.9570516943254,-6068.420033268805,493.75451343292946,109.89504748636689,337.997188203734,394.9952879425734,296.60247690063767,586.2138094342614,109.89504748636689
2025-06-19 03:37:03.930000+00:00,13.1197,-81.1436,10.0,4.8,mww,79.0,41.0,0.333,0.66,us,us6000ql63,2025-09-02T21:23:38.040Z,"36 km SE of Mountain, Colombia",earthquake,7.31,1.893,0.06,27.0,reviewed,us,us,1000000000000.0,5644,17.0,953.767775577501,-6121.104396112656,1443.8590658926066,1215.1103194114974,977.6162730752807,1188.5095655999753,1102.3894956659522,1390.5432713945502,977.6162730752807
2025-06-20 19:58:33.019000+00:00,2.4911,-76.2254,35.053,4.4,mb,51.0,72.0,2.355,0.68,us,us6000qli3,2025-09-02T21:23:39.040Z,"18 km WSW of Inzá, Colombia",earthquake,7.8,6.209,0.089,37.0,reviewed,us,us,251188643150.95822,5646,18.0,1507.1818067253591,-6147.9093568556655,275.3868700058811,343.5505522327395,423.3913292144245,112.09799881490396,618.8485203922904,184.23821467018553,112.09799881490396
2025-06-23 00:10:30.511000+00:00,2.5853,-79.7833,10.0,4.3,mb,41.0,161.0,1.589,0.64,us,us6000qlvd,2025-09-02T21:23:41.040Z,"138 km WNW of Salahonda, Colombia",earthquake,7.59,1.736,0.104,26.0,reviewed,us,us,177827941003.89227,5648,18.0,1127.1123523638717,-6253.767949881118,286.92363825327715,676.3765885750234,618.4522271990919,373.6531041504683,893.5775405368697,317.15682762851714,317.15682762851714
2025-06-23 09:18:46.390000+00:00,4.5768,-73.2685,10.0,4.5,mb,12.0,112.0,1.082,1.0,us,us7000qapj,2025-09-02T21:23:46.040Z,"11 km NE of Medina, Colombia",earthquake,8.19,1.344,0.204,7.0,reviewed,us,us,354813389233.57605,5648,19.0,1825.4102724668735,-6072.278235776176,507.57793932693966,90.3043309784326,316.0921999289063,383.00083145457387,283.17266967021254,581.6922415712343,90.3043309784326
2025-06-23 11:04:17.364000+00:00,7.484,-77.1241,45.11,4.4,mb,49.0,95.0,1.556,0.69,us,us6000qlxq,2025-09-02T21:23:41.040Z,"4 km N of Riosucio, Colombia",earthquake,6.88,8.21,0.103,27.0,reviewed,us,us,251188643150.95822,5648,20.0,1397.6533587026713,-6114.292067772861,823.9428930314434,457.0808464192959,219.12860516035622,453.14493000408936,443.18432601578644,697.4537110371518,219.12860516035622
2025-07-06 13:29:24.221000+00:00,6.9246,-73.0776,154.788,4.4,mb,46.0,89.0,2.408,1.08,us,us7000qb07,2025-09-12T16:23:10.040Z,"7 km SSW of Piedecuesta, Colombia",earthquake,4.0,9.356,0.038,198.0,reviewed,us,us,251188643150.95822,5661,20.0,1796.1933232658585,-5903.669407383338,749.445596908288,269.60509987385103,286.7116267207948,543.529311606436,22.214425427740196,787.6898473765068,22.214425427740196
2025-07-07 23:08:31.190000+00:00,4.4911,-73.2066,10.0,4.4,mb,23.0,76.0,1.165,0.33,us,us7000qdgb,2025-09-12T16:23:11.040Z,"12 km N of Paratebueno, Colombia",earthquake,6.1,1.901,0.134,16.0,reviewed,us,us,251188643150.95822,5663,19.0,1832.1867474034736,-6071.022633846514,498.0932663291355,98.99627511961057,327.2662640622484,386.5600414765599,292.38982783928776,580.96427084243,98.99627511961057
2025-07-10 09:27:28.554000+00:00,5.2089,-73.6458,146.8,4.4,mb,37.0,155.0,0.764,0.75,us,us6000qu6u,2025-09-20T22:27:05.040Z,"5 km W of Villapinzón, Colombia",earthquake,9.12,7.733,0.112,23.0,reviewed,us,us,251188643150.95822,5665,8.0,1745.3385823637507,-5947.700862986524,565.0781515346707,72.76911090166114,243.1133608890031,374.944490952576,220.15699439127877,600.1534919432578,72.76911090166114
2025-07-13 10:38:32.960000+00:00,6.9431,-73.1526,151.092,4.3,mb,91.0,70.0,2.386,0.81,us,us7000qce6,2025-11-28T21:04:58.696Z,"12 km WSW of Piedecuesta, Colombia",earthquake,6.71,10.212,0.058,84.0,reviewed,us,us,177827941003.89227,5668,9.0,1789.4570080398812,-5909.295080376366,751.8848301971768,268.2294193559598,279.2897982716711,539.1931620811363,19.868468457120063,784.4648883554026,19.868468457120063
2025-07-21 06:16:06.490000+00:00,6.9177,-73.1993,159.857,4.1,mb,17.0,80.0,2.342,0.73,us,us6000qy9t,2025-10-03T18:41:52.040Z,"9 km ENE of Betulia, Colombia",earthquake,7.91,9.042,0.186,8.0,reviewed,us,us,89125093813.3744,5676,8.0,1782.2210781524307,-5902.740369933511,748.0919196164264,263.6841915235609,273.55879722198125,533.5800862628074,23.95792920871727,779.1595921996021,23.95792920871727
2025-07-23 03:57:10.480000+00:00,6.9544,-73.1265,147.834,4.2,mb,30.0,115.0,2.409,0.67,us,us6000qym2,2025-10-11T20:57:40.040Z,"9 km WSW of Piedecuesta, Colombia",earthquake,7.86,11.659,0.12,19.0,reviewed,us,us,125892541179.41713,5678,8.0,1793.0443204418038,-5911.432093748581,753.4970003169653,270.49526892903157,282.40580061587013,542.1019442070973,18.340838276219372,787.1729758603263,18.340838276219372
2025-08-08 00:31:47.803000+00:00,2.5724,-79.7378,10.0,4.9,mww,47.0,139.0,1.552,0.92,us,us6000qyzv,2025-10-25T13:40:31.040Z,"133 km WNW of Salahonda, Colombia",earthquake,7.01,1.69,0.069,20.0,reviewed,us,us,1412537544622.7554,5694,5.0,1132.089748745638,-6252.93431839921,285.4929256049274,672.1583765538453,615.61568721937,369.15310624868226,890.2397377736443,312.03686100942946,312.03686100942946
2025-08-11 00:16:32.147000+00:00,4.3578,-76.1928,150.107,4.7,mww,74.0,106.0,1.927,0.87,us,us6000qzq9,2025-10-25T13:40:39.040Z,"2 km NNW of Bolívar, Colombia",earthquake,8.24,6.887,0.11,8.0,reviewed,us,us,707945784384.1403,5697,5.0,1480.3581373512595,-6023.6709259337595,472.6923721483384,238.3307577684591,220.41662869279887,107.56171628679817,457.86498050232086,369.9182015132297,107.56171628679817
2025-08-19 04:26:44.738000+00:00,7.2465,-73.3228,127.636,4.1,mb,19.0,84.0,2.584,0.86,us,us7000qvpt,2025-11-04T16:44:24.040Z,"18 km NW of Lebrija, Colombia",earthquake,6.31,12.337,0.184,8.0,reviewed,us,us,89125093813.3744,5705,5.0,1777.405462639327,-5932.977657153521,787.5277630617175,293.8582501810466,273.152051251222,551.585939698736,26.217923482583792,801.5612151431744,26.217923482583792
2025-08-25 22:44:26.884000+00:00,5.5626,-72.1709,10.0,4.3,mb,24.0,60.0,2.257,0.35,us,us7000qxc0,2025-11-12T16:25:49.040Z,"8 km SSE of Nunchía, Colombia",earthquake,6.36,1.926,0.142,14.0,reviewed,us,us,177827941003.89227,5712,4.0,1938.4321336721848,-6026.990603973897,616.5923473069195,230.86643492726103,384.73315719066164,537.381412042928,202.549740805361,745.2884846795608,202.549740805361
2025-08-27 09:31:35.740000+00:00,2.7226,-76.7369,10.0,4.4,mb,47.0,155.0,2.253,0.55,us,us7000qr9r,2025-11-19T21:59:41.040Z,"12 km WSW of Morales, Colombia",earthquake,8.29,1.956,0.093,33.0,reviewed,us,us,251188643150.95822,5713,5.0,1457.7119984896942,-6184.343285607109,302.1503851155045,369.1994505600752,412.0026611595292,84.19318850494236,631.8646846922084,178.358471005925,84.19318850494236
2025-08-28 01:23:39.126000+00:00,5.6861,-77.8684,10.0,4.2,mb,17.0,124.0,2.38,1.3,us,us6000rcab,2025-11-19T21:59:34.040Z,"66 km W of Nuquí, Colombia",earthquake,6.56,1.789,0.136,15.0,reviewed,us,us,125892541179.41713,5714,6.0,1330.236167513998,-6188.3433658327585,630.2373562328295,434.1446375138382,260.4481285136496,289.26485712461243,548.071374448212,501.5711172809639,260.4481285136496
2025-08-30 21:50:34.213000+00:00,6.885,-73.1159,147.324,4.5,mb,38.0,127.0,0.987,0.66,us,us7000qsn0,2025-11-19T21:59:45.040Z,"13 km SSW of Piedecuesta, Colombia",earthquake,8.4,9.579,0.09,36.0,reviewed,us,us,354813389233.57605,5717,7.0,1794.5487476372,-5912.453768888246,746.0751812578536,263.8660843536276,281.49708975517046,537.4259296211005,26.063778364607906,781.6363618359097,26.063778364607906
2025-09-14 07:12:12.402000+00:00,6.8248,-76.1391,10.0,5.4,mww,96.0,96.0,2.672,0.76,us,us7000qw4k,2025-12-03T03:58:29.040Z,"5 km N of Frontino, Colombia",earthquake,6.52,1.797,0.046,45.0,reviewed,us,us,7943282347242.8545,5731,6.0,1513.0785049135095,-6132.008426774354,755.9015094157533,327.9211372217645,89.25531962381467,377.59749258717113,334.5338696377219,636.655478412657,89.25531962381467
2025-09-14 10:10:49.033000+00:00,6.9235,-73.1814,151.558,4.1,mb,54.0,156.0,2.356,0.6,us,us6000rfea,2025-12-03T03:58:30.040Z,"11 km ENE of Betulia, Colombia",earthquake,12.72,15.614,0.077,46.0,reviewed,us,us,89125093813.3744,5731,7.0,1786.4269127360906,-5909.996859035913,749.7164817461592,265.0139718577369,275.6355709663157,535.4161511077664,22.71531342710159,780.8370357722071,22.71531342710159
2025-09-21 20:17:56.883000+00:00,6.5236,-76.2637,10.0,4.9,mb,64.0,86.0,2.553,1.1,us,us7000qxqs,2025-12-06T16:00:27.040Z,"25 km WSW of Abriaquí, Colombia",earthquake,7.21,1.883,0.031,319.0,reviewed,us,us,1412537544622.7554,5739,7.0,1500.6626276176721,-6139.059663057413,722.6888206503753,315.33509090498865,81.5681877522212,342.8810060839761,353.05797359726887,601.1291024462356,81.5681877522212
2025-09-26 00:21:31.074000+00:00,6.7494,-72.9982,166.636,4.5,mb,56.0,80.0,2.305,0.7,us,us6000rcz9,2025-12-11T21:40:43.040Z,"2 km WSW of Cepitá, Colombia",earthquake,8.82,8.457,0.048,128.0,reviewed,us,us,354813389233.57605,5743,7.0,1801.5941345176868,-5892.086841208167,729.1802758090932,255.91059196043153,290.84735549535736,536.2892681463582,43.366059815294385,777.4539586464098,43.366059815294385
2025-09-26 19:43:45.326000+00:00,6.7096,-72.9637,169.66,4.4,mb,40.0,125.0,2.292,0.56,us,us6000rhvw,2025-12-11T21:40:46.040Z,"5 km SSE of Cepitá, Colombia",earthquake,11.75,8.718,0.095,35.0,reviewed,us,us,251188643150.95822,5744,7.0,1804.409727473163,-5888.612332061649,724.5468471339126,253.82327539560973,293.78766147862564,536.0928368116381,48.82059814785643,776.3167041816449,48.82059814785643
2025-10-05 03:38:21.420000+00:00,6.7319,-72.9942,168.406,4.3,mb,43.0,86.0,2.293,0.7,us,us6000rj7x,2025-12-19T22:50:46.040Z,"3 km SW of Cepitá, Colombia",earthquake,9.69,7.438,0.075,51.0,reviewed,us,us,177827941003.89227,5752,6.0,1801.5564283760762,-5890.492816855183,727.0908738186173,254.39675701317017,290.91689552038446,535.2890457309225,45.35211048265944,776.1895522577757,45.35211048265944
2025-10-16 04:11:16.736000+00:00,6.7376,-73.0446,166.852,4.3,mb,37.0,93.0,2.269,0.64,us,us6000rhfn,2026-01-09T15:38:37.040Z,"5 km NNW of Aratoca, Colombia",earthquake,7.97,10.378,0.051,108.0,reviewed,us,us,177827941003.89227,5763,5.0,1796.8031394669065,-5893.482235983384,727.8859924838285,252.39651798185417,285.5676003935485,531.6517188559026,43.309777028212686,773.2818172668406,43.309777028212686
2025-10-24 21:30:52.388000+00:00,11.3798,-71.8215,96.556,4.7,mb,57.0,104.0,2.742,0.49,us,us6000rjb5,2026-01-15T22:46:51.040Z,"45 km E of Maicao, Colombia",earthquake,11.01,8.154,0.037,217.0,reviewed,us,us,707945784384.1403,5772,5.0,1919.0084358067404,-5844.087370092666,1238.0213823524855,781.7953835372375,704.7335496851516,1022.9856427504885,494.7913900028399,1281.0113548822094,494.7913900028399
2025-11-01 19:52:42.346000+00:00,3.8376,-76.5812,136.419,4.3,mb,20.0,95.0,2.466,0.74,us,us6000rpet,2026-01-27T17:59:10.040Z,"6 km WNW of Restrepo, Colombia",earthquake,8.46,3.87,0.202,7.0,reviewed,us,us,177827941003.89227,5780,4.0,1443.5968457426634,-6050.777817987509,417.27232100052635,294.6835489258927,289.61643445129215,43.267094673319775,528.8296788753922,301.9551175943386,43.267094673319775
2025-11-02 10:53:21.436000+00:00,6.7319,-72.9212,156.469,4.1,mb,79.0,145.0,2.335,0.66,us,us6000rpk7,2026-01-27T17:59:10.040Z,"6 km ESE of Cepitá, Colombia",earthquake,12.15,7.684,0.064,66.0,reviewed,us,us,89125093813.3744,5780,5.0,1812.541551579316,-5899.524619986263,728.4901728475031,258.28125328744,298.84450134384633,541.2337805450119,48.480287746478886,781.1729558828858,48.480287746478886
2025-11-13 07:47:59.187000+00:00,6.8181,-73.0894,160.462,4.1,mb,14.0,162.0,2.312,0.37,us,us7000rf2l,2026-02-10T15:55:17.040Z,"9 km N of Jordán, Colombia",earthquake,13.39,18.3,0.262,4.0,reviewed,us,us,89125093813.3744,5791,5.0,1793.7407630611517,-5899.971557523102,737.3004440492546,258.2911458939126,282.57587906930934,534.2727076600129,33.69298098378114,777.4140283034931,33.69298098378114
2025-11-14 10:30:30.078000+00:00,6.7329,-73.0275,175.46,4.1,mb,31.0,165.0,2.275,0.82,us,us6000rs6i,2026-02-10T15:55:15.040Z,"4 km NNW of Aratoca, Colombia",earthquake,12.11,5.452,0.117,20.0,reviewed,us,us,89125093813.3744,5792,6.0,1796.083945686244,-5884.826504819915,726.3713649485156,252.78953609198672,287.32387797262373,532.6718993811829,44.23213040169561,774.0217087343351,44.23213040169561
2025-11-20 02:38:54.040000+00:00,7.6113,-73.956,102.374,4.3,mb,37.0,88.0,2.772,0.64,us,us6000rtez,2026-02-20T16:07:37.040Z,"26 km N of Cantagallo, Colombia",earthquake,8.13,10.137,0.104,26.0,reviewed,us,us,177827941003.89227,5798,6.0,1717.2302084128096,-5971.382480259035,830.2912824099468,322.7539024280032,235.13662770366057,543.3126197721791,106.94597919469938,801.1420214270681,106.94597919469938
2025-11-22 04:07:09.304000+00:00,6.76,-72.9658,165.882,4.1,mb,13.0,167.0,2.332,1.09,us,us6000rtxg,2026-02-20T16:07:37.040Z,"1 km ENE of Cepitá, Colombia",earthquake,13.58,17.407,0.233,5.0,reviewed,us,us,89125093813.3744,5800,7.0,1805.1055365689408,-5891.653947276567,730.4089000776205,258.63146041994304,294.58450180834694,539.7130061517154,43.54451240616316,780.5822189121565,43.54451240616316
2025-11-29 04:32:30.299000+00:00,6.7524,-72.9558,162.717,4.3,mb,36.0,121.0,2.331,0.84,us,us6000rvgw,2025-12-18T03:51:09.040Z,"2 km E of Cepitá, Colombia",earthquake,9.04,7.851,0.089,36.0,reviewed,us,us,177827941003.89227,5807,7.0,1807.083434887075,-5894.436385292548,729.9636752503945,258.4146138071446,295.5076410305246,539.9509201368309,44.764061013696974,780.5971482283117,44.764061013696974
2025-12-01 04:05:54.383000+00:00,5.9851,-77.569,10.0,4.3,mb,21.0,126.0,3.426,1.3,us,us6000rvpv,2025-12-25T00:04:59.040Z,"32 km SW of Bahía Solano, Colombia",earthquake,8.78,1.939,0.126,18.0,reviewed,us,us,177827941003.89227,5809,8.0,1361.8286103544992,-6178.011774877468,663.2603904163767,412.2448128447663,221.65580383923404,304.2464117643656,507.0999377364506,531.527145427263,221.65580383923404
2025-12-10 08:27:08.631000+00:00,6.7679,-73.0303,164.618,5.5,mww,107.0,32.0,2.302,0.79,us,us6000rtuk,2026-02-18T18:48:39.040Z,"6 km WNW of Cepitá, Colombia",earthquake,6.86,2.629,0.052,35.0,reviewed,us,us,11220184543019.652,5818,7.0,1798.808876205035,-5894.786447866423,731.4074725215353,256.11576303960123,287.7725907735284,535.1119343928171,40.38303882699009,776.9152104652613,40.38303882699009
2025-12-21 14:05:30.723000+00:00,3.0236,-75.1877,30.533,4.1,mb,16.0,87.0,2.005,0.9,us,us7000rpwp,2026-02-13T18:44:45.040Z,"7 km SW of Tello, Colombia",earthquake,8.5,6.77,0.213,6.0,reviewed,us,us,89125093813.3744,5829,5.0,1618.7047942853787,-6121.230663421733,334.44241990520203,224.77139826699482,360.7595059130102,156.64494955606915,509.60543899336017,307.5915450042067,156.64494955606915
2025-12-25 02:38:27.062000+00:00,6.6699,-72.9808,173.442,4.3,mb,59.0,65.0,2.251,0.69,us,us7000rkng,2026-01-18T06:11:29.040Z,"4 km ESE of Aratoca, Colombia",earthquake,9.2,8.324,0.08,44.0,reviewed,us,us,177827941003.89227,5833,5.0,1801.699222623017,-5886.03733659707,719.8399452301071,249.0467894684261,291.1892392395362,531.7274269730603,52.36864362670291,771.6819843651477,52.36864362670291
2026-01-03 12:50:36.514000+00:00,6.6345,-72.8528,166.279,4.4,mb,51.0,175.0,2.301,0.68,us,us7000rm9f,2026-01-25T07:48:55.040Z,"6 km SW of Molagavita, Colombia",earthquake,15.06,16.32,0.054,100.0,reviewed,us,us,251188643150.95822,5842,4.0,1817.0727355205856,-5889.220248246808,716.8641637775719,252.87681970570233,304.5771205311711,539.7158823617336,61.5935808086257,777.4851203059759,61.5935808086257
2026-01-05 05:35:41.316000+00:00,6.7122,-73.0079,172.439,4.7,mww,115.0,48.0,2.269,0.66,us,us7000rmi6,2026-02-02T14:14:36.040Z,"2 km NNE of Aratoca, Colombia",earthquake,8.25,6.216,0.11,8.0,reviewed,us,us,707945784384.1403,5844,5.0,1799.0503278767624,-5887.33164928353,724.5015112696371,251.75249229078662,289.03306665921514,532.6911530492891,47.00775440344379,773.5318209229848,47.00775440344379
2026-01-09 06:39:20.333000+00:00,6.3198,-73.5376,129.29,4.0,mb,25.0,128.0,1.66,0.69,us,us6000s502,2026-01-29T09:28:17.040Z,"7 km WNW of Contratación, Colombia",earthquake,11.98,10.393,0.119,19.0,reviewed,us,us,63095734448.019424,5848,6.0,1758.0645048059666,-5949.460707225055,687.0736599714115,188.41780713227678,226.02968964377857,460.16497825303117,100.01256074180162,703.4097607409053,100.01256074180162
2026-01-16 07:05:29.829000+00:00,6.7451,-73.0141,177.195,4.9,mb,60.0,95.0,2.292,0.62,us,us7000rq18,2026-02-04T07:29:50.410Z,"4 km WSW of Cepitá, Colombia",earthquake,8.58,7.009,0.024,564.0,reviewed,us,us,1412537544622.7554,5855,6.0,1796.9116323776382,-5882.610405013264,727.477687823219,254.67415962050984,289.03268288448766,534.6792617563974,43.301501946785855,776.0001802736672,43.301501946785855
2026-01-24 16:01:00.766000+00:00,6.7755,-72.9296,160.322,4.2,mb,15.0,168.0,2.365,0.66,us,us6000s7h1,2026-02-11T18:34:00.040Z,"5 km ENE of Cepitá, Colombia",earthquake,17.87,21.204,0.187,8.0,reviewed,us,us,125892541179.41713,5864,5.0,1810.3902276802455,-5895.601117042551,732.7318144659005,262.05816885751466,298.8397678825329,543.8190454111364,43.76906682923314,784.4038235834639,43.76906682923314
2026-02-11 05:59:39.727000+00:00,6.7337,-73.13,146.9,4.8,mb,78.0,39.0,2.219,1.08,us,us6000s7rz,2026-02-11T06:32:06.165Z,"3 km W of Jordán, Colombia",earthquake,8.2,8.336,0.026,452.0,reviewed,us,us,1000000000000.0,5881,3.0,1793.7813724818045,-5915.1629134512095,729.8060736035983,247.89112083365615,276.2294575824363,524.521315187401,42.88433485147794,767.219931419761,42.88433485147794
2026-02-13 11:40:54.458000+00:00,4.8023,-76.4289,113.11,4.9,mb,45.0,110.0,2.101,1.38,us,us6000s8qy,2026-02-13T17:45:52.274Z,"23 km W of El Cairo, Colombia",earthquake,8.5,8.521,0.049,133.0,reviewed,us,us,1412537544622.7554,5883,4.0,1463.2704070412774,-6061.8115141326525,523.8970653726318,261.35871505272564,185.76459818699882,150.6256076287104,447.2747224886031,410.10844605359284,150.6256076287104
2026-02-14 11:21:41.545000+00:00,6.6881,-72.9517,172.132,4.3,mb,45.0,170.0,2.282,0.81,us,us6000s97b,2026-02-14T12:55:58.040Z,"7 km E of Aratoca, Colombia",earthquake,7.77,11.3,0.06,78.0,reviewed,us,us,177827941003.89227,5884,5.0,1805.002775441574,-5886.1465175582,721.9478069152166,252.38339351788372,294.6891546029734,535.4688894226887,51.529199413821985,775.2641643442329,51.529199413821985
