time,latitude,longitude,depth,mag,magType,nst,gap,dmin,rms,net,id,updated,place,type,horizontalError,depthError,magError,magNst,status,locationSource,magSource,energy_joules,days_since_start,rolling_30d_count,pos_x,pos_y,pos_z,dist_to_Bogota,dist_to_Medellin,dist_to_Cali,dist_to_Bucaramanga,dist_to_Pasto,min_dist_to_major_city,log_energy,dbscan_label,pca_1,pca_2,advanced_cluster
2010-01-04 14:58:43+00:00,6.79,-73.09,152.2,4.3,mb,13.0,98.3,,,us,usp000h5qe,2014-11-07T01:40:24.960Z,"6 km N of Jordán, Colombia",earthquake,,,,1.0,reviewed,rsnc,us,177827941003.89227,0,1.0,1796.1702469358083,-5908.184928570283,735.2528366742358,255.43316601687297,281.82960418014414,532.047232718298,36.79394586384336,774.8775846855766,36.79394586384336,11.25,0,1.327281849250432,-1.394156314139617,3
2010-01-24 16:40:57.470000+00:00,6.796,-72.972,164.4,4.6,mb,66.0,46.1,,0.75,us,usp000h6jq,2014-11-07T01:40:33.846Z,"4 km N of Cepitá, Colombia",earthquake,,,,36.0,reviewed,us,us,501187233627.2715,20,4.0,1804.7641771841209,-5892.816345577719,734.4558135415592,261.8432972637435,294.7097196480954,541.940837478985,39.61100844408741,783.3213752636922,39.61100844408741,11.7,0,1.0943377189125332,-0.8655399544704715,0
2010-01-29 00:48:10.440000+00:00,6.714,-72.976,157.5,4.7,mb,128.0,27.9,,0.82,us,usp000h6r5,2014-11-07T01:40:35.016Z,"4 km S of Cepitá, Colombia",earthquake,,3.1,,65.0,reviewed,us,us,707945784384.1403,24,5.0,1806.6649453829248,-5900.493776159306,726.4414791501091,253.5979606118709,292.5357707197364,535.4198455088773,47.88833675220676,775.8610209295878,47.88833675220676,11.850000000000001,0,0.9303402805799352,-0.713746533375098,0
2010-02-02 22:32:00.580000+00:00,6.744,-72.908,166.2,4.8,mb,215.0,46.3,,0.8,us,usp000h6w8,2022-07-16T01:49:57.721Z,northern Colombia,earthquake,,3.3,,107.0,reviewed,us,us,1000000000000.0,29,7.0,1811.0151808416035,-5889.722837092697,728.6507784872042,260.1717955241815,300.5211357643566,543.2173737297998,47.991223271814754,783.1329605993803,47.991223271814754,12.0,0,0.8660886486160275,-0.35288733053176213,0
2010-02-21 02:41:42.980000+00:00,6.704,-73.039,154.6,4.6,mb,25.0,139.8,,1.14,us,usp000h7hd,2014-11-07T01:40:43.965Z,"2 km WNW of Aratoca, Colombia",earthquake,,6.7,,15.0,reviewed,us,us,501187233627.2715,47,5.0,1801.053087603449,-5905.352817941613,725.7029910804627,249.35146076304247,285.4914002824993,529.5519622589613,47.0944706801713,770.7034758007994,47.0944706801713,11.7,0,0.9749088575928564,-0.7130563431682126,0
2010-02-23 07:21:14.920000+00:00,6.669,-73.213,172.7,4.3,mb,29.0,74.9,,0.89,us,usp000h7kp,2014-11-07T01:40:44.412Z,northern Colombia,earthquake,,8.1,,20.0,reviewed,us,us,177827941003.89227,49,6.0,1778.0465323956844,-5894.007042667753,719.8294239739109,237.5642178064211,265.89009751961896,512.9300075452479,51.05368852935465,755.9618260526456,51.05368852935465,11.25,0,1.2132602599415192,-0.5312016263040125,3
2010-03-03 07:51:31.060000+00:00,6.811,-72.926,167.0,4.7,mb,160.0,46.7,,0.89,us,usp000h8km,2022-07-16T04:37:56.385Z,"8 km NE of Cepitá, Colombia",earthquake,,,,90.0,reviewed,us,us,707945784384.1403,57,4.0,1808.680144759632,-5888.7136131556,735.7609096630417,265.7107305699741,300.0236530766886,546.7915872858791,40.57787941047344,787.7565458391869,40.57787941047344,11.850000000000001,0,1.0416426751869765,-0.8634969395675007,0
2010-03-13 18:59:24.750000+00:00,6.844,-72.921,153.0,4.6,mb,101.0,69.7,,0.88,us,usp000h9b8,2014-11-07T01:40:59.810Z,"8 km WSW of Guaca, Colombia",earthquake,,5.5,,57.0,reviewed,us,us,501187233627.2715,68,5.0,1813.151629966988,-5901.436946408436,740.9771483072433,269.20051384799666,301.3449165389638,549.6991638209871,37.85069733573553,790.9902403024207,37.85069733573553,11.7,0,1.047109277989831,-0.6794408368623096,0
2010-03-21 15:00:00.940000+00:00,6.74,-73.114,155.2,4.5,mb,8.0,98.5,,1.26,us,usp000h9t5,2014-11-07T01:41:04.074Z,"2 km WNW of Jordán, Colombia",earthquake,,14.9,,6.0,reviewed,us,us,354813389233.57605,76,7.0,1793.0155818329897,-5906.697688712611,729.511602005899,249.2741897632725,278.0990596982144,526.2803832672414,42.18716729329624,768.8441060041464,42.18716729329624,11.55,0,0.9864354585514893,-0.34203720632659357,0
2010-03-30 03:03:27.230000+00:00,6.296,-71.957,27.7,4.2,mb,24.0,71.8,,0.93,us,usp000ha4r,2014-11-07T01:41:06.508Z,"26 km NW of Municipio Hato Corozal, Colombia",earthquake,,14.1,,2.0,reviewed,us,us,125892541179.41711,84,6.0,1952.8645892706609,-5994.986512007125,695.6374823321255,293.02403258253594,400.6225826669167,597.4149516756885,157.96396140397934,817.3880711599402,157.96396140397934,11.100000000000001,11,1.1356567763082577,-0.770515719439582,3
2010-07-03 12:11:06.600000+00:00,6.759,-72.943,158.6,4.6,mb,96.0,46.3,,0.79,us,usp000hev0,2014-11-07T01:41:50.080Z,"3 km E of Cepitá, Colombia",earthquake,,,,53.0,reviewed,us,us,501187233627.2715,179,3.0,1809.574760803936,-5897.860658278411,731.1583963773616,259.7372047350301,297.0344627147449,541.48789789732,44.70488621784631,782.0470107547814,44.70488621784631,11.7,0,1.099767180137092,-1.057430062122819,0
2010-07-07 19:16:20.970000+00:00,6.763,-72.908,163.9,4.6,mb,99.0,48.5,,0.72,us,usp000hf08,2014-11-07T01:41:51.283Z,"7 km E of Cepitá, Colombia",earthquake,,4.1,,68.0,reviewed,us,us,501187233627.2715,184,3.0,1811.6153467524848,-5891.674676540956,730.9649452722754,262.0084602642132,300.91345006994874,544.6385889191919,46.16563853389498,784.7887616235403,46.16563853389498,11.7,0,1.1409076108016736,-1.057832434622163,0
2010-07-23 14:03:37.440000+00:00,7.204,-77.061,53.9,4.6,mb,41.0,47.8,,1.26,us,usp000hgkh,2014-11-07T01:41:59.579Z,"27 km SSE of Riosucio, Colombia",earthquake,,7.8,,14.0,reviewed,us,us,501187233627.2715,199,6.0,1403.3183579352728,-6108.101233139551,792.1801070469835,431.3857901373914,195.17634002756083,421.33681710027366,434.6031879232834,666.5487164187723,195.17634002756083,11.7,1,-1.18394150414234,-0.08613157161816602,1
2010-09-07 01:54:42.610000+00:00,6.722,-72.995,157.9,4.5,mb,28.0,46.5,,1.18,us,usp000hkc6,2014-11-07T01:42:24.651Z,"4 km NE of Aratoca, Colombia",earthquake,,7.2,,10.0,reviewed,us,us,354813389233.57605,245,5.0,1804.562308921063,-5900.615629003381,727.2562698131386,253.38377442490784,290.6296000434183,534.4770586697117,46.3721171222482,775.2673768022025,46.3721171222482,11.55,0,1.1017610555347477,-0.7106601411515416,0
2010-09-15 14:31:48.960000+00:00,5.515,-77.751,41.5,4.4,mb,48.0,61.7,,1.5,us,usp000hksb,2014-11-07T01:42:28.088Z,"57 km WSW of Nuquí, Colombia",earthquake,,11.1,,23.0,reviewed,us,us,251188643150.95825,253,6.0,1336.6545688341944,-6156.775919152773,608.305100221262,417.1360809170816,253.32658600593285,266.27268347235474,541.7147084056429,481.1282937443663,253.32658600593285,11.4,2,-1.6812836908647326,-0.5564797335696352,1
2010-09-30 15:56:40.730000+00:00,6.72,-72.993,169.7,4.4,mb,85.0,57.6,,0.69,us,usp000hmdp,2014-11-07T01:42:32.286Z,"4 km NE of Aratoca, Colombia",earthquake,,4.5,,59.0,reviewed,us,us,251188643150.95825,269,3.0,1801.3480487955885,-5889.370454490186,725.6600766739243,253.29185957408532,290.8068687578785,534.488648818277,46.65131974139521,775.2281270968863,46.65131974139521,11.4,0,1.2981354305849127,-1.0643496931396916,3
2010-10-12 08:47:20.930000+00:00,6.711,-72.953,172.1,4.4,mb,86.0,101.2,,0.73,us,usp000hn0k,2014-11-07T01:42:41.705Z,"5 km SSE of Cepitá, Colombia",earthquake,,4.9,,72.0,reviewed,us,us,251188643150.95825,280,4.0,1804.793805399483,-5885.941513666674,724.412194601185,254.5332538285797,294.97838608332074,537.0715618092308,49.113604207634864,777.1710701639138,49.113604207634864,11.4,0,1.2992450301696572,-0.8922579676003362,3
2010-10-14 06:26:53.360000+00:00,6.824,-73.035,145.0,4.5,mb,44.0,98.7,,0.8,us,usp000hn2x,2014-11-07T01:42:42.067Z,"10 km NW of Cepitá, Colombia",earthquake,,,,27.0,reviewed,us,us,354813389233.57605,282,5.0,1803.7992294030407,-5912.877538500043,739.7726371708226,261.4702984336307,288.5777368975431,539.0420274230986,34.232879989646484,781.5572246795595,34.232879989646484,11.55,0,1.0430543296985437,-0.678905602600065,0
2010-11-02 18:18:46.320000+00:00,6.789,-72.979,156.2,4.8,mb,142.0,46.1,,0.85,us,usp000hnx9,2014-11-07T01:42:50.398Z,"3 km N of Cepitá, Colombia",earthquake,,4.7,,88.0,reviewed,us,us,1000000000000.0,302,3.0,1806.453964514304,-5900.908393108242,734.6722059770981,260.7947514610926,293.7938942618442,540.8446221707125,40.00623076323445,782.232708314216,40.00623076323445,12.0,0,0.9014718074050961,-1.0451809775440142,0
2010-11-07 06:12:49.450000+00:00,6.747,-72.972,166.0,4.2,mb,23.0,72.0,,0.9,us,usp000hp7x,2014-11-07T01:42:52.968Z,"0 km SSE of Cepitá, Colombia",earthquake,,7.6,,11.0,reviewed,us,us,125892541179.41711,306,4.0,1804.48215615218,-5891.895506075347,728.9969091961293,257.0341446500495,293.63771777907755,538.2289083268782,44.61491580192378,779.021647465744,44.61491580192378,11.100000000000001,0,1.4457275225999666,-0.8818756658633745,3
2010-12-14 19:00:02.590000+00:00,7.376,-73.172,140.1,4.4,mb,20.0,69.0,,1.52,us,usp000hqxk,2014-11-07T01:43:06.986Z,"11 km SSE of El Playón, Colombia",earthquake,,15.4,,4.0,reviewed,us,us,251188643150.95825,344,1.0,1788.9162830216903,-5914.728623097997,799.9241573081352,312.59967281202216,294.2654899802311,573.3335804378678,29.05714971928451,822.7573923920145,29.05714971928451,11.4,0,1.2585805016611546,-1.2104531299659715,3
2011-01-06 11:04:45.300000+00:00,6.942,-72.958,179.2,4.5,mb,81.0,138.3,,0.73,us,usp000hsnm,2014-11-07T01:43:22.485Z,"7 km SW of Santa Bárbara, Colombia",earthquake,,7.1,,68.0,reviewed,us,us,354813389233.57605,366,2.0,1801.34397641508,-5876.520306353462,748.3690317273511,276.9987675362191,299.9643675558853,554.2765708661868,26.815033852045847,797.1480371210187,26.815033852045847,11.55,0,1.3380049980913855,-1.1746028238053248,0
2011-01-20 09:50:17.950000+00:00,6.592,-73.556,127.9,4.1,mb,13.0,86.4,,0.86,us,usp000htd9,2014-11-07T01:43:27.954Z,"12 km SSW of El Carmen de Chucurí, Colombia",earthquake,,7.8,,1.0,reviewed,us,us,89125093813.3744,380,2.0,1755.6008569238131,-5948.151556685373,716.6981930141451,216.81336167501848,227.09729985254484,480.1839261588297,75.67119964640668,726.8522620436034,75.67119964640668,10.95,0,1.1175229344089752,-1.247619497228749,3
2011-01-28 23:39:03.240000+00:00,6.678,-72.91,167.6,4.3,mb,62.0,73.5,,0.71,us,usp000htsq,2014-11-07T01:43:30.884Z,"11 km SE of Cepitá, Colombia",earthquake,,4.3,,31.0,reviewed,us,us,177827941003.89227,389,6.0,1810.6464180100947,-5889.255322653724,721.3895296869678,253.71294680321245,299.05210507645097,538.1505958538994,54.39853583360495,777.2600329023647,54.39853583360495,11.25,0,1.3271063279923772,-0.552068629930429,3
2011-01-29 00:05:16.760000+00:00,4.791,-76.001,121.6,4.5,mb,132.0,52.6,,0.89,us,usp000htss,2014-11-07T01:43:30.916Z,"0 km SW of Ansermanuevo, Colombia",earthquake,,5.1,,86.0,reviewed,us,us,354813389233.57605,389,7.0,1506.4787554522218,-6042.605552601688,521.9580970138999,213.9318783987705,168.13553051852972,160.15482275632138,410.29620961057,422.41511128175824,160.15482275632138,11.55,3,-0.7929192203238874,-0.7232958982211862,1
2011-02-21 11:31:24.330000+00:00,4.605,-76.762,90.8,4.6,mb,31.0,64.7,,1.21,us,usp000huuy,2014-11-07T01:43:41.939Z,"14 km WSW of Sipí, Colombia",earthquake,,8.0,,1.0,reviewed,us,us,501187233627.2715,412,6.0,1433.501449301914,-6093.583209359774,504.2115681516472,298.34804133247974,224.2916961202586,130.7648884608007,490.0887988951947,381.4858832140171,130.7648884608007,11.7,3,-1.36199478454719,-0.9047529573138793,1
2011-04-01 16:27:43.560000+00:00,6.669,-72.932,167.2,4.6,mb,100.0,53.8,,0.82,us,usp000hz2y,2014-11-07T01:44:26.555Z,"9 km ESE of Aratoca, Colombia",earthquake,,5.4,,77.0,reviewed,us,us,501187233627.2715,452,4.0,1808.534817627995,-5890.438174490786,720.4681574704916,251.6222367774243,296.49497537973656,535.6704362773279,54.316462416382485,774.9594606253138,54.316462416382485,11.7,0,1.1014080949805929,-0.9066956962170302,0
2011-04-02 17:30:06.710000+00:00,6.778,-72.957,151.2,4.9,mb,312.0,28.6,,0.85,us,usp000hz54,2022-07-19T11:07:35.709Z,"3 km NE of Cepitá, Colombia",earthquake,,2.9,,202.0,reviewed,us,us,1412537544622.7554,453,4.0,1810.2161279262837,-5905.096088174535,734.0775160849008,260.8544236667323,295.92795360680134,541.7863849282611,42.12809363673753,782.7578699586422,42.12809363673753,12.15,0,0.7714289561369186,-0.8733239887707757,0
2011-04-03 23:03:21.290000+00:00,2.536,-79.759,38.8,4.8,mb,232.0,64.4,,0.84,us,usp000hz7n,2014-11-07T01:44:28.135Z,"134 km WNW of Salahonda, Colombia",earthquake,,4.7,,158.0,reviewed,us,us,1000000000000.0,454,5.0,1124.6927349536652,-6225.216576895071,280.1814817100924,675.8077743607624,620.067817742211,372.5148953995412,894.4871231387352,312.1763513313959,312.1763513313959,12.0,5,-3.3437570251076303,-1.48880116492808,4
2011-05-01 04:52:13.450000+00:00,6.624,-73.164,159.0,4.4,mb,83.0,83.6,,0.73,us,usp000j0uu,2014-11-07T01:44:42.227Z,"5 km SSE of Villanueva, Colombia",earthquake,,5.0,,58.0,reviewed,us,us,251188643150.95825,481,4.0,1787.191185477433,-5906.048837443273,716.5743480524108,235.25267295597143,270.4049235529946,513.3920137045479,55.26324671873713,755.2339388766038,55.26324671873713,11.4,0,1.127141739333659,-0.9054778823087185,3
2011-05-13 15:18:24.590000+00:00,6.722,-72.927,163.6,4.9,mb,361.0,33.7,,0.79,us,usp000j1hr,2022-07-19T15:00:23.039Z,northern Colombia,earthquake,,,,243.0,reviewed,us,us,1412537544622.7554,494,3.0,1809.902069373367,-5893.058423121735,726.5890729648768,257.0077230992396,298.0190197532045,540.020032344693,49.17652264579283,779.9124871955346,49.17652264579283,12.15,0,0.8583215285581409,-1.067691758573189,0
2011-05-16 05:12:37.520000+00:00,6.742,-72.934,153.8,4.7,mb,121.0,46.4,,0.73,us,usp000j1p5,2014-11-07T01:44:51.651Z,"4 km ESE of Cepitá, Colombia",earthquake,,4.0,,51.0,reviewed,us,us,707945784384.1403,496,4.0,1811.9636880407136,-5902.340377323254,729.891432640148,258.565818553204,297.65779931318576,540.9438056466461,46.83991392854962,781.1765934636252,46.83991392854962,11.850000000000001,0,0.9636748616288157,-0.8864021088775645,0
2011-05-20 03:14:50.550000+00:00,6.725,-72.908,164.2,4.7,mb,230.0,33.8,,0.72,us,usp000j1vf,2022-07-19T15:42:29.280Z,"8 km ESE of Cepitá, Colombia",earthquake,,,,140.0,reviewed,us,us,707945784384.1403,500,5.0,1811.669867278576,-5891.851986367516,726.8415939749137,258.3393484060779,300.1431696380713,541.8006578592925,49.83950072905386,781.4793517543646,49.83950072905386,11.850000000000001,0,0.994175538866136,-0.7142063255024778,0
2011-06-14 17:55:13.800000+00:00,6.76,-72.987,158.0,4.7,mb,268.0,57.4,,0.72,us,usp000j35s,2014-11-07T01:45:05.674Z,"1 km WNW of Cepitá, Colombia",earthquake,,3.0,,184.0,reviewed,us,us,707945784384.1403,526,5.0,1805.2155945311745,-5899.806123458548,731.3366959632767,257.52983268759897,292.28752429359383,537.9975983932857,42.66787045289818,779.1434876164639,42.66787045289818,11.850000000000001,0,0.936399036154425,-0.698796057790917,0
2011-06-29 02:23:45.390000+00:00,6.748,-73.029,158.8,4.3,mb,33.0,99.7,,0.92,us,usp000j3xb,2014-11-07T01:45:11.627Z,"6 km N of Aratoca, Colombia",earthquake,,6.2,,24.0,reviewed,us,us,177827941003.89227,540,4.0,1800.7031028207746,-5900.5143400758325,729.9504764373447,254.2078811396792,287.4794064997872,533.6989630227858,42.56244904698188,775.249271513916,42.56244904698188,11.25,0,1.2984956654047457,-0.8782307414800102,3
2011-07-06 02:22:59.390000+00:00,6.774,-73.075,157.1,4.1,mb,27.0,98.7,,0.73,us,usp000j47f,2014-11-07T01:45:17.282Z,"5 km NNE of Jordán, Colombia",earthquake,,7.0,,19.0,reviewed,us,us,89125093813.3744,547,3.0,1796.360119338919,-5903.2556477163735,732.9504003364756,254.53959033111337,283.0768636471116,532.005250684368,38.754916090755394,774.4584534963581,38.754916090755394,10.95,0,1.4777553493247584,-1.0453854063441157,3
2011-07-28 14:48:01.270000+00:00,8.391,-77.22,56.8,4.3,mb,29.0,63.8,,1.21,us,usp000j5m8,2014-11-07T01:45:27.558Z,"14 km SSE of Acandí, Colombia",earthquake,,11.7,,3.0,reviewed,us,us,177827941003.89227,569,6.0,1381.8002813716912,-6091.858641390287,921.416255402304,536.9594588232638,299.4122185131833,554.4790437669845,473.0499168975777,798.1191430811656,299.4122185131833,11.25,1,-0.7269487433726876,0.29308786714536383,1
2011-08-03 21:33:55.410000+00:00,6.739,-72.935,161.4,4.3,mb,57.0,101.1,,0.91,us,usp000j5xf,2014-11-07T01:45:33.401Z,"4 km ESE of Cepitá, Colombia",earthquake,,5.7,,40.0,reviewed,us,us,177827941003.89227,576,6.0,1809.6570252427507,-5895.19333338182,728.6763156849015,258.2207626696969,297.4882377048386,540.6374018607103,47.09029311465064,780.8463454357479,47.09029311465064,11.25,0,1.2985246743305243,-0.5327886052238348,3
2011-08-04 13:16:43.520000+00:00,6.737,-73.012,161.2,4.1,mb,25.0,100.0,,0.82,us,usp000j5ys,2014-11-07T01:45:33.757Z,"4 km WSW of Cepitá, Colombia",earthquake,,6.0,,14.0,reviewed,us,us,89125093813.3744,576,7.0,1801.79828359965,-5897.834288140893,728.4845192912265,253.9821933010123,289.0905429717603,534.2344081301235,44.231187580837656,775.4303614798001,44.231187580837656,10.95,0,1.4128468963747138,-0.35116924604895816,3
2011-08-07 14:45:39.650000+00:00,4.973,-78.246,29.0,4.6,mb,20.0,76.1,,0.79,us,usp000j64y,2014-11-07T01:45:34.727Z,"97 km W of Pizarro, Colombia",earthquake,,24.2,,2.0,reviewed,us,us,501187233627.2715,579,6.0,1287.066196503636,-6185.64335151922,549.7644346660953,463.3757739757769,327.0146582510047,254.45005474878425,614.7005102949174,431.5319272329056,254.45005474878425,11.7,2,-2.2237937281930575,-0.6858687026156248,1
2011-08-13 14:10:23.320000+00:00,5.531,-77.629,35.0,4.2,mb,24.0,74.6,,1.05,us,usp000j6dt,2014-11-07T01:45:36.255Z,"44 km WSW of Nuquí, Colombia",earthquake,,,,6.0,reviewed,us,us,125892541179.41711,585,7.0,1351.1107989510913,-6160.06917218751,610.6909224991223,404.3413323627749,239.98417935437237,261.244191896136,528.3982979652404,481.6229628920941,239.98417935437237,11.100000000000001,2,-1.5100304652662362,-0.3860936527390517,1
2011-08-13 20:27:38.510000+00:00,5.396,-77.411,62.9,4.5,mb,37.0,66.5,,1.31,us,usp000j6e7,2014-11-07T01:45:36.314Z,"38 km SSW of Nuquí, Colombia",earthquake,,10.0,,11.0,reviewed,us,us,354813389233.57605,586,8.0,1368.7946843732946,-6129.1625127392535,593.2062157995858,377.58526504234953,223.3085563969848,237.1519657660883,511.2461137449442,465.2850713482319,223.3085563969848,11.55,2,-1.5959053124005451,-0.26135647216177665,1
2011-08-13 20:30:57.180000+00:00,5.645,-77.507,65.4,4.6,mb,241.0,46.1,,1.16,us,usp000j6e8,2014-11-07T01:45:36.317Z,"27 km WSW of Nuquí, Colombia",earthquake,,6.9,,181.0,reviewed,us,us,501187233627.2715,586,9.0,1357.414578943845,-6126.4435271446,620.2473132378266,394.3032256587447,223.1648704555576,266.7643217463081,511.4595537230075,493.38641902538905,223.1648704555576,11.7,2,-1.692088199706707,0.0014546965950061894,1
2011-08-13 21:58:11.870000+00:00,5.483,-77.456,47.6,4.5,mb,106.0,59.8,,1.08,us,usp000j6ec,2014-11-07T01:45:36.360Z,"32 km SW of Nuquí, Colombia",earthquake,,8.2,,58.0,reviewed,us,us,354813389233.57605,586,10.0,1367.091017088954,-6144.215808360805,604.2034518966867,384.4866040355295,223.9842459205982,248.01931991510705,512.3101469375547,475.1322623408626,223.9842459205982,11.55,2,-1.727785855859082,0.12086932801046973,1
2011-08-17 08:02:07.820000+00:00,5.646,-77.525,50.9,5.0,mwc,255.0,60.8,,0.96,us,usp000j6kj,2022-04-08T21:59:16.756Z,"29 km WSW of Nuquí, Colombia",earthquake,,5.6,,,reviewed,us,gcmt,1995262314968.8828,589,10.0,1358.604496496943,-6140.948076032564,621.7833702908493,396.2553579184768,225.0325167706557,267.68007412010775,513.3081078599189,493.6029611776322,225.0325167706557,12.3,4,-2.151360814106006,0.17959335858165867,1
2011-08-23 16:52:04.960000+00:00,6.731,-72.985,157.2,4.7,mb,179.0,69.5,,0.64,us,usp000j6xa,2014-11-07T01:45:41.543Z,"2 km SSW of Cepitá, Colombia",earthquake,,,,130.0,reviewed,us,us,707945784384.1403,596,11.0,1805.7621061379264,-5900.8560201070495,728.3075490496519,254.7872957220323,291.8972564072127,535.9672928801705,45.77430025029006,776.7358630941683,45.77430025029006,11.850000000000001,0,0.7701294258843009,0.3562363287327617,0
2011-09-05 17:12:13.320000+00:00,6.748,-72.96,170.0,4.3,mb,37.0,47.8,,0.75,us,usp000j7nk,2014-11-07T01:45:50.595Z,"1 km ESE of Cepitá, Colombia",earthquake,,5.2,,10.0,reviewed,us,us,177827941003.89227,609,9.0,1804.548346554136,-5887.707372933719,728.6344458304585,257.7630793343807,294.96014945765444,539.2783287218795,45.023526179818006,779.9259740429547,45.023526179818006,11.25,0,1.249962213024396,0.005523963489048762,3
2011-09-20 16:32:39.620000+00:00,6.808,-73.096,158.3,4.2,mb,48.0,69.7,,0.94,us,usp000j8b0,2014-11-07T01:45:56.004Z,"8 km N of Jordán, Colombia",earthquake,,5.5,,32.0,reviewed,us,us,125892541179.41711,624,6.0,1793.7230966033246,-5902.356406675766,736.4696811718132,256.96559032765083,281.6162459304532,532.9668493516986,34.74020286456634,776.0783972627794,34.74020286456634,11.100000000000001,0,1.3130627531544456,-0.5007043563721332,3
2011-10-10 20:38:42.330000+00:00,3.209,-79.555,10.6,4.8,mb,19.0,95.5,,1.42,us,usp000j96m,2014-11-07T01:46:05.886Z,"145 km WNW of Mosquera, Colombia",earthquake,,43.7,,2.0,reviewed,us,us,1000000000000.0,644,7.0,1151.2789359601938,-6245.196329570068,356.04462745407824,630.7112474084311,554.7782059843098,336.65672618684494,834.4292205848382,336.2432207576365,336.2432207576365,12.0,5,-3.354486096721283,-0.951259872182695,4
2011-10-20 01:11:51.980000+00:00,6.771,-73.021,155.8,4.5,mb,69.0,33.7,,0.96,us,usp000j9k5,2014-11-07T01:46:08.107Z,"5 km WNW of Cepitá, Colombia",earthquake,,4.3,,37.0,reviewed,us,us,354813389233.57605,653,5.0,1802.311192300981,-5902.831356456415,732.7805833546116,256.88758132172643,288.84769658487653,536.0951960375505,40.32322988535078,777.8143990337571,40.32322988535078,11.55,0,1.0895508844196915,-0.6941558033451725,0
2011-10-31 18:42:13.320000+00:00,6.681,-73.062,161.8,4.1,mb,20.0,71.4,,0.78,us,usp000ja5y,2014-11-07T01:46:12.898Z,"5 km WSW of Aratoca, Colombia",earthquake,,5.7,,10.0,reviewed,us,us,89125093813.3744,665,5.0,1796.683728118929,-5899.512638108239,722.3869142736662,245.9155344301902,282.54714690748733,525.9503405387079,49.19520189661922,767.1260246313174,49.19520189661922,10.95,0,1.4352734382376648,-0.7191168091953772,3
2011-11-17 18:08:42.810000+00:00,6.754,-73.096,159.0,4.6,mb,16.0,98.6,,1.31,us,usp000jazv,2014-11-07T01:46:22.131Z,"2 km N of Jordán, Colombia",earthquake,,8.4,,6.0,reviewed,us,us,501187233627.2715,682,3.0,1793.7219987296166,-5902.352794054662,730.5729845734448,251.53195334829823,280.35535231081064,528.7923476685354,40.72628295009272,771.2851847860117,40.72628295009272,11.7,0,1.0318823650037834,-1.0474363340053923,0
2011-12-15 01:53:03.210000+00:00,6.704,-72.967,165.2,4.4,mb,109.0,48.6,,0.87,us,usp000jc71,2014-11-07T01:46:34.063Z,"5 km S of Cepitá, Colombia",earthquake,,3.5,,55.0,reviewed,us,us,251188643150.95825,709,2.0,1805.3888011376464,-5893.019140385049,724.4655463044745,253.1019928887887,293.3211881497567,535.4041100788043,49.273959461777466,775.6020963394924,49.273959461777466,11.4,0,1.3122066733578552,-1.2493777441268843,3
2011-12-16 04:06:17.170000+00:00,6.954,-73.185,171.9,4.1,mb,19.0,115.1,,1.14,us,usp000jc8j,2014-11-07T01:46:34.679Z,"12 km ENE of Betulia, Colombia",earthquake,,7.3,,9.0,reviewed,us,us,89125093813.3744,710,3.0,1780.098575542911,-5890.397216014898,750.5401447717848,268.01820584295166,276.1951441583816,537.5849135683856,19.6242915635812,783.3595261165892,19.6242915635812,10.95,0,1.5315606198135656,-0.9796370416800192,3
2011-12-29 11:58:29.650000+00:00,6.803,-73.162,144.8,4.2,mb,35.0,75.5,,0.7,us,usp000jct2,2014-11-07T01:46:38.503Z,"10 km NW of Jordán, Colombia",earthquake,,5.0,,25.0,reviewed,us,us,125892541179.41711,723,4.0,1790.8244585379307,-5917.310450346884,737.5304962629533,253.47365288087224,274.38763005910675,527.3824339260512,35.437439266773914,771.2780833018893,35.437439266773914,11.100000000000001,0,1.2722275809144814,-0.8544720807278577,3
2012-01-01 02:40:36.400000+00:00,6.677,-73.11,158.1,4.0,mb,23.0,129.3,,0.9,us,usp000jcwk,2015-03-24T02:18:26.587Z,"6 km SSW of Jordán, Colombia",earthquake,,6.2,,10.0,reviewed,us,us,63095734448.019424,726,6.0,1792.8230710556988,-5904.58038108154,722.38657880486,243.148191425697,277.2477025733773,521.7741032989645,49.20149371591192,763.5384493520048,49.20149371591192,10.8,0,1.457696265441973,-0.5405052617958644,3
2012-01-16 09:20:15.440000+00:00,6.446,-77.813,10.0,4.5,mb,30.0,114.0,,1.12,us,usp000jdjz,2014-11-07T01:46:47.574Z,"51 km WNW of Bahía Solano, Colombia",earthquake,,,,17.0,reviewed,us,us,354813389233.57605,741,5.0,1334.3371195723864,-6178.340033174525,714.1287599615856,456.7280641947073,247.6629512162538,361.9356631183461,523.2659853332073,584.7993408091905,247.6629512162538,11.55,2,-1.7498359252155977,-0.44445462971170263,1
2012-01-26 11:50:35.310000+00:00,5.544,-77.413,48.1,4.6,mb,91.0,59.5,,1.04,us,usp000je01,2014-11-07T01:46:50.627Z,"24 km SW of Nuquí, Colombia",earthquake,,6.4,,57.0,reviewed,us,us,501187233627.2715,751,6.0,1371.4524036602097,-6142.071100265965,610.8562136642861,381.4184464537412,217.0535544482674,252.3276791408012,505.4550449254511,481.7409417490063,217.0535544482674,11.7,2,-1.6791111978939492,-0.5726490666584821,1
2012-02-20 12:09:38.070000+00:00,6.702,-73.044,163.1,4.2,mb,20.0,134.7,,0.86,us,usp000jf51,2014-11-07T01:47:02.688Z,"2 km WNW of Aratoca, Colombia",earthquake,,6.7,,8.0,reviewed,us,us,125892541179.41711,776,6.0,1798.083151135867,-5897.459256636333,724.495485089967,248.90063651173625,284.9086565737263,528.9961375173838,47.20788230107901,770.1894086226055,47.20788230107901,11.100000000000001,0,1.3387374607533467,-0.5360274895380192,3
2012-02-24 03:05:40.730000+00:00,6.701,-72.885,154.8,4.4,mb,60.0,122.8,,0.93,us,usp000jf9z,2015-03-24T01:26:29.453Z,"8 km WNW of Molagavita, Colombia",earthquake,,4.7,,40.0,reviewed,us,us,251188643150.95825,780,7.0,1816.8717355947608,-5900.337079073478,725.3563880655786,257.3203232019278,302.1910385371576,541.9132549869822,53.40344656383271,780.9830743312277,53.40344656383271,11.4,0,1.1686035036033071,-0.37157776861020847,3
2012-02-24 13:43:16.660000+00:00,6.702,-72.952,161.5,5.3,mb,470.0,33.4,,0.75,us,usp000jfaq,2025-12-22T16:23:31.585Z,"6 km SSE of Cepitá, Colombia",earthquake,,2.3,,293.0,reviewed,us,us,5623413251903.491,780,8.0,1808.0162675940423,-5896.083709989761,724.6822137383255,253.7138710789965,294.91534252040003,536.4808413175061,50.08165706566901,776.4547195646658,50.08165706566901,12.75,0,0.34868865715683345,-0.18380176482433955,0
2012-02-25 06:15:12+00:00,6.778,-73.135,143.2,4.8,mb,248.0,29.7,,,us,usp000jfbu,2015-03-24T02:08:58.830Z,"6 km NW of Jordán, Colombia",earthquake,,,,150.0,reviewed,rsnc,us,1000000000000.0,781,8.0,1794.1668619922611,-5918.293775692449,735.0216975905247,252.13925253482515,276.6907966447915,527.5552946045744,37.97510492248393,770.8266118655392,37.97510492248393,12.0,0,0.637037903244556,-0.1524315299497511,0
2012-03-01 01:41:11.220000+00:00,4.214,-76.539,117.1,4.7,mb,87.0,55.5,,0.96,us,usp000jfmm,2015-03-24T01:46:56.025Z,"24 km W of Trujillo, Colombia",earthquake,,3.7,,39.0,reviewed,us,us,707945784384.1403,786,8.0,1451.8686553952634,-6065.6539567210175,459.5483595829786,279.0022069696477,249.4183051776592,84.77856926879642,497.22289346861976,343.6580187889392,84.77856926879642,11.850000000000001,3,-1.3453652352174328,-0.6802628034721985,1
2012-03-25 11:30:17.660000+00:00,6.676,-72.868,159.9,4.3,mb,91.0,150.4,,0.78,us,usp000jgrt,2014-11-07T01:47:18.956Z,"6 km W of Molagavita, Colombia",earthquake,,3.6,,62.0,reviewed,us,us,177827941003.89227,810,5.0,1817.2232381257063,-5895.258974506288,722.0696201329804,255.9094378927574,303.5981021369383,541.4796517282223,56.7476627687978,780.0001273651974,56.7476627687978,11.25,0,1.3362112069058052,-0.7346516049745461,3
2012-05-20 04:59:57.610000+00:00,6.764,-72.922,155.4,4.3,mb,48.0,84.5,,0.78,us,usp000jknk,2014-11-07T01:47:49.708Z,"5 km E of Cepitá, Colombia",earthquake,,4.3,,28.0,reviewed,us,us,177827941003.89227,866,1.0,1812.6507867517976,-5900.173611630004,732.073656070926,261.3476928621652,299.4167396217823,543.572341344329,45.29471509240596,783.9178882898359,45.29471509240596,11.25,0,1.412868279312747,-1.414074652526334,3
2012-05-24 18:49:38.890000+00:00,6.748,-73.15,146.7,4.3,mb,20.0,97.9,,1.0,us,usp000jkw1,2014-11-07T01:47:52.465Z,"6 km WNW of Jordán, Colombia",earthquake,,9.5,,16.0,reviewed,us,us,177827941003.89227,871,3.0,1791.7211995932537,-5915.804277607276,731.3722595037128,248.41732360654444,274.3799251614478,524.0404433088187,41.39650116538874,767.1634954360792,41.39650116538874,11.25,0,1.214073275157237,-1.04877376473123,3
2012-06-10 15:21:40.870000+00:00,6.793,-73.2,155.6,4.2,mb,18.0,96.7,,1.2,us,usp000jmkp,2014-11-07T01:48:03.081Z,"7 km ESE of Zapatoca, Colombia",earthquake,,7.9,,8.0,reviewed,us,us,125892541179.41711,888,5.0,1783.8371039132076,-5908.353537743569,735.1740064335702,250.80698813966688,270.0494891077029,523.626074550762,37.27258592982864,767.8939707867736,37.27258592982864,11.100000000000001,0,1.2773093377660671,-0.675343416699313,3
2012-06-15 06:59:21+00:00,6.803,-73.146,150.6,4.4,mb,65.0,34.2,,,us,usp000jmss,2014-11-07T01:48:05.283Z,"9 km NW of Jordán, Colombia",earthquake,,,,20.0,reviewed,rsnc,us,251188643150.95825,892,6.0,1790.8070365001909,-5911.298338412051,736.843451696713,254.1819228474149,276.1095891410544,528.6375849979022,35.26485423046669,772.3299218249705,35.26485423046669,11.4,0,1.0771889225953974,-0.49903858075064494,3
2012-06-27 03:47:52+00:00,3.755,-76.343,142.8,4.5,mb,106.0,64.6,,,us,usp000jn9m,2015-03-24T02:01:29.410Z,"1 km SW of Guacarí, Colombia",earthquake,,,,67.0,reviewed,rsnc,us,354813389233.57605,904,6.0,1467.3767759393618,-6039.114964366078,407.88611719878605,273.3383317455369,289.362348888108,39.72498201439525,516.6997573078833,301.19147220788346,39.72498201439525,11.55,3,-0.9823025164172019,-1.183976108816269,1
2012-07-13 05:31:31.690000+00:00,6.719,-73.109,159.6,4.2,mb,101.0,98.9,,0.86,us,usp000jnyp,2014-11-07T01:48:19.442Z,"2 km SW of Jordán, Colombia",earthquake,,4.8,,82.0,reviewed,us,us,125892541179.41711,920,6.0,1792.3389509366764,-5902.615379630245,726.7342878299503,247.4013568239035,278.1935915275249,525.0652347423855,44.53701146680678,767.3175631775023,44.53701146680678,11.100000000000001,0,1.2964523752062165,-0.5266374950249715,3
2012-07-30 10:18:56.030000+00:00,6.8,-73.033,157.0,4.3,mb,26.0,70.6,,1.01,us,usp000jpn2,2014-11-07T01:48:25.324Z,"8 km NW of Cepitá, Colombia",earthquake,,7.9,,16.0,reviewed,us,us,177827941003.89227,937,3.0,1800.6186798255517,-5901.713502705059,735.7622590565969,259.17409501484497,288.2157684089974,537.3544453924861,36.85913471043423,779.5678554793278,36.85913471043423,11.25,0,1.324486935069799,-1.0397635377683234,3
2012-08-06 15:31:51.930000+00:00,6.776,-73.153,156.5,4.2,mb,43.0,69.2,,1.01,us,usp000jpz2,2014-11-07T01:48:31.368Z,"7 km NW of Jordán, Colombia",earthquake,,5.4,,22.0,reviewed,us,us,125892541179.41711,945,6.0,1788.4872794934324,-5906.241411606767,733.2365845424665,251.1237459048164,274.70140830474907,525.9800215021495,38.31944699257795,769.4595979576078,38.31944699257795,11.100000000000001,0,1.2730330640749248,-0.5065273417448539,3
2012-08-20 13:00:30.870000+00:00,6.755,-73.146,155.9,4.1,mb,38.0,97.9,,0.94,us,usp000jqj8,2014-11-07T01:48:36.131Z,"6 km WNW of Jordán, Colombia",earthquake,,5.9,,25.0,reviewed,us,us,89125093813.3744,958,6.0,1789.4594005939853,-5906.849909446356,731.0452864901058,249.30849840646368,274.9704199101308,524.8998785044605,40.58987361376207,768.0512731843572,40.58987361376207,10.95,0,1.3577039012811294,-0.5139959926998863,3
2012-08-28 22:04:02.080000+00:00,6.668,-72.93,155.2,4.4,mb,119.0,46.8,,0.78,us,usp000jr0d,2014-11-07T01:48:39.171Z,"10 km ESE of Aratoca, Colombia",earthquake,,,,75.0,reviewed,us,us,251188643150.95825,967,8.0,1812.24277320192,-5901.780826697949,721.754005598783,251.63713644614435,296.6957405793257,535.7613285076748,54.5047795541396,775.0106980134813,54.5047795541396,11.4,0,1.1176213216739612,-0.2008465597325261,3
2012-09-01 05:09:45.650000+00:00,6.719,-72.919,163.9,5.1,mb,643.0,30.2,,0.79,us,usp000jrcv,2025-12-22T16:32:30.130Z,"7 km ESE of Cepitá, Colombia",earthquake,,,,295.0,reviewed,us,us,2818382931264.449,970,6.0,1810.6485380602792,-5892.557216008495,726.2311874922376,257.15565253815686,298.8305240084724,540.4517638689794,49.868342440802046,780.2008462782862,49.868342440802046,12.45,0,0.6071632786829415,-0.5362062477230705,0
2012-09-26 02:22:25.200000+00:00,6.82,-73.14,147.0,4.3,mb,51.0,70.6,,,us,usp000jszd,2014-11-07T01:48:55.110Z,"10 km NNW of Jordán, Colombia",earthquake,,,,37.0,reviewed,rsnc,us,177827941003.89227,995,5.0,1792.399303395724,-5914.322164862793,739.1035566138288,256.1788107939926,277.1814746192196,530.4381569757226,33.33537341127633,774.2427511802186,33.33537341127633,11.25,0,1.1809663672113129,-0.6727385534462788,3
2012-09-30 09:30:12.910000+00:00,8.411,-77.087,40.1,4.3,mb,80.0,123.2,,0.8,us,usp000jt9s,2015-03-24T01:33:04.553Z,"23 km ESE of Acandí, Colombia",earthquake,,4.5,,59.0,reviewed,us,us,177827941003.89227,999,6.0,1399.5573726597552,-6104.4233908885535,926.0394351248788,529.2888215867107,292.6199711235579,554.8636610386848,459.7673356080917,800.6029017116433,292.6199711235579,11.25,1,-0.7488868585977795,0.2877791278101599,1
2012-10-20 10:56:40.570000+00:00,2.669,-79.738,10.0,4.8,mb,264.0,144.3,,0.88,us,usp000ju78,2014-11-07T01:49:07.177Z,"138 km WNW of Salahonda, Colombia",earthquake,,,,224.0,reviewed,us,us,1000000000000.0,1019,6.0,1131.98056280761,-6252.455745262891,296.20627771003666,668.4256652486164,608.5420273776559,366.46169022074304,884.1650590279769,317.38883756313527,317.38883756313527,12.0,5,-3.4912178566969954,-1.2808715675135367,4
2012-10-20 21:51:10.710000+00:00,6.761,-73.063,159.0,4.4,mb,97.0,165.2,,0.68,us,usp000ju7k,2014-11-07T01:49:07.236Z,"4 km NE of Jordán, Colombia",earthquake,,5.4,,74.0,reviewed,us,us,251188643150.95825,1020,7.0,1797.0951966261523,-5901.233276480781,731.3266512435653,253.81932108419144,284.0813364820282,531.9643874651697,40.38242907081361,774.1108529854499,40.38242907081361,11.4,0,1.1193152059035043,-0.3391690408401243,3
2012-10-30 12:18:20.780000+00:00,6.749,-72.97,164.4,4.4,mb,117.0,68.0,,0.52,us,usp000jut7,2014-11-07T01:49:11.981Z,"0 km SE of Cepitá, Colombia",earthquake,,3.5,,89.0,reviewed,us,us,251188643150.95825,1029,5.0,1805.145715926548,-5893.327421028837,729.4000362089522,257.33470329229283,293.8964620054072,538.5420371001989,44.49178975616374,779.3328727933787,44.49178975616374,11.4,0,1.2366332991073603,-0.7035011975212377,3
2012-11-05 16:46:00.130000+00:00,6.728,-72.896,160.6,4.5,mb,118.0,49.0,,0.64,us,usp000jv2t,2014-11-07T01:49:18.490Z,"9 km ESE of Cepitá, Colombia",earthquake,,4.2,,85.0,reviewed,us,us,354813389233.57605,1036,5.0,1813.944112788827,-5894.853125724176,727.5861061198578,259.2920795735046,301.50631471405126,543.0087170859781,50.19334043190899,782.5663665400634,50.19334043190899,11.55,0,1.1600276776094889,-0.7157188023101098,0
2012-11-25 22:24:08+00:00,6.824,-73.161,152.0,4.3,mb,44.0,103.6,,,us,usp000jw2d,2014-11-07T01:49:26.380Z,"11 km E of Zapatoca, Colombia",earthquake,,,,28.0,reviewed,rsnc,us,177827941003.89227,1056,3.0,1788.7783630361982,-5910.177604546866,738.9408979385393,255.66112855089835,275.02768634914594,529.1083285910887,33.10685214278592,773.2221933472455,33.10685214278592,11.25,0,1.2482534174122717,-1.023760466914726,3
2012-12-19 00:23:30.100000+00:00,6.786,-72.975,165.6,4.3,mb,66.0,48.8,,0.53,us,usp000jx4e,2014-11-07T01:49:37.709Z,"3 km N of Cepitá, Colombia",earthquake,,3.8,,39.0,reviewed,us,us,177827941003.89227,1079,4.0,1804.1442463980536,-5891.893939972521,733.2383639062247,260.7051202225791,294.1586685136255,540.9389757304997,40.48846242669629,782.2396453337583,40.48846242669629,11.25,0,1.361581054011892,-0.8694173314935897,3
2013-03-13 12:12:08.450000+00:00,6.744,-72.958,156.6,4.6,mb,204.0,66.9,,0.72,us,usb000fk6s,2014-11-07T01:50:20.134Z,"2 km ESE of Cepitá, Colombia",earthquake,,4.0,,168.0,reviewed,us,us,501187233627.2715,1163,3.0,1808.668769158128,-5900.415960852508,729.7781391553123,257.478393711264,295.09414852011474,539.1396852272532,45.5194859819632,779.7122751560737,45.5194859819632,11.7,0,1.0808818688645914,-1.0612599702708152,0
2013-03-20 16:24:37.400000+00:00,6.754,-73.078,162.5,4.4,mb,86.0,62.2,,0.8,us,us2013mzav,2014-11-07T01:50:22.013Z,"3 km NE of Jordán, Colombia",earthquake,,6.4,,60.0,reviewed,us,us,251188643150.95825,1171,4.0,1794.5645153585722,-5898.463769243081,730.1613610309453,252.39331267382136,282.3031963513032,530.228441002543,40.91807550469797,772.4876737022465,40.91807550469797,11.4,0,1.2065395403817079,-0.871621605610367,3
2013-04-12 22:36:48.260000+00:00,6.734,-73.022,165.6,4.3,mb,68.0,82.5,,0.84,us,usb000g60g,2014-11-07T01:50:33.410Z,"4 km N of Aratoca, Colombia",earthquake,,5.0,,46.0,reviewed,us,us,177827941003.89227,1194,2.0,1799.504069367728,-5894.0059413311865,727.6456746807863,253.17691821301213,287.94338816101845,533.1992645137102,44.26187448638968,774.4901850769481,44.26187448638968,11.25,0,1.3833011601330176,-1.2364779357647273,3
2013-04-14 15:23:30.060000+00:00,6.602,-72.787,176.0,4.3,mb,70.0,178.5,,0.74,us,us2013nza3,2014-11-07T01:50:33.995Z,"8 km SSE of Molagavita, Colombia",earthquake,,6.0,,47.0,reviewed,us,us,177827941003.89227,1196,3.0,1821.0973023651532,-5878.29302582633,712.2504600489098,253.8355270353499,311.30249199994535,542.9084845778477,68.42644280943024,779.3400641017329,68.42644280943024,11.25,0,1.4862566613518227,-1.1148252469825055,3
2013-04-17 03:02:57+00:00,5.804,-77.794,6.0,4.5,mb,26.0,59.8,,,us,usp000k08w,2014-11-07T01:50:34.889Z,"58 km W of Nuquí, Colombia",earthquake,,,,13.0,reviewed,rsnc,us,354813389233.57605,1198,4.0,1338.8351093568567,-6189.219690896217,643.6654160166945,429.6559468842816,249.54033403254564,296.61827877287215,536.4341511587028,513.5919177281379,249.54033403254564,11.55,2,-1.8587489598414217,-0.8239664228934699,1
2013-05-08 20:55:31.940000+00:00,5.608,-77.211,10.0,4.6,mb,16.0,78.2,,1.22,us,usp000k0mp,2014-11-07T01:50:45.721Z,"13 km SSE of Nuquí, Colombia",earthquake,,,,1.0,reviewed,us,us,501187233627.2715,1220,5.0,1401.33969403922,-6173.505538328231,621.6087436166929,361.6382750443647,193.64059354666315,251.3145832491053,482.02467069550784,488.6969024780095,193.64059354666315,11.7,2,-1.7462108319484082,-0.7537000013551435,1
2013-05-12 17:58:50.400000+00:00,5.928,-77.424,26.5,4.5,mb,22.0,64.0,,1.4,us,usp000k0p0,2014-11-07T01:50:47.763Z,"29 km NW of Nuquí, Colombia",earthquake,,8.2,,12.0,reviewed,us,us,354813389233.57605,1224,6.0,1374.028927111057,-6159.1696315246345,655.2512552958174,395.0049837424711,206.76604077058752,292.5668564591186,493.29420478662,524.457056536848,206.76604077058752,11.55,2,-1.631377941070561,-0.4570806750845669,1
2013-05-16 13:29:00+00:00,5.767,-77.262,28.6,4.6,mb,30.0,73.9,,1.07,us,usb000gwzj,2014-11-07T01:50:48.949Z,"6 km N of Nuquí, Colombia",earthquake,,15.9,,13.0,reviewed,us,us,501187233627.2715,1227,5.0,1391.3778489866068,-6154.993717225431,637.3050935500669,372.2198395013477,193.2958273170341,269.87313981634463,481.4348720494153,506.3194144586621,193.2958273170341,11.7,2,-1.6453742144432202,-0.696692493140465,1
2013-05-30 20:55:54.380000+00:00,6.808,-72.941,162.4,4.3,mb,41.0,168.0,,0.52,us,usp000k11k,2014-11-07T01:50:55.796Z,"6 km NNE of Cepitá, Colombia",earthquake,,19.8,,28.0,reviewed,us,us,177827941003.89227,1242,7.0,1808.4896440946404,-5893.59035093364,735.9836564655175,264.6291084051772,298.3343222949636,545.352218161652,40.00502461516809,786.4749444137002,40.00502461516809,11.25,0,1.2871791271731141,-0.3337524778725201,3
2013-06-14 10:49:24.730000+00:00,6.692,-72.985,168.9,4.4,mb,146.0,72.0,,0.84,us,usc000hql8,2014-11-07T01:51:04.314Z,"3 km E of Aratoca, Colombia",earthquake,,10.3,,133.0,reviewed,us,us,251188643150.95825,1256,6.0,1802.5064009192663,-5890.217050735657,722.743509045929,250.97469066184533,291.1353220883872,533.0360288373658,49.88581377227237,773.3237196814102,49.88581377227237,11.4,0,1.213752770722074,-0.5415346527709312,3
2013-06-18 06:02:02.740000+00:00,6.793,-73.076,164.9,4.6,mb,116.0,40.0,,0.81,us,usc000hthv,2022-07-25T16:47:08.267Z,"6 km NNE of Jordán, Colombia",earthquake,,6.3,,297.0,reviewed,us,us,501187233627.2715,1260,5.0,1793.9315715064972,-5895.644334755769,734.0739777532227,256.39681913503114,283.4109908039288,533.3905245122747,36.64722061361407,776.0755297611593,36.64722061361407,11.7,0,1.02305289918577,-0.6812271082477563,0
2013-07-05 10:37:49.840000+00:00,6.779,-72.958,154.9,4.5,mb,311.0,41.0,,0.75,us,usb000i73x,2014-11-07T01:51:13.693Z,"3 km NNE of Cepitá, Colombia",earthquake,,5.5,,280.0,reviewed,us,us,354813389233.57605,1277,5.0,1809.0325213890887,-5901.602628917969,733.7485651809789,260.90006731999694,295.84176695644334,541.781155274039,41.9800273513736,782.77764164632,41.9800273513736,11.55,0,1.1152412216073433,-0.6965941534814926,0
2013-07-25 12:09:25.030000+00:00,6.734,-72.991,152.8,4.8,mb,111.0,36.0,,0.85,us,usc000inn7,2025-12-22T16:27:26.341Z,"2 km SW of Cepitá, Colombia",earthquake,,5.0,,289.0,reviewed,us,us,1000000000000.0,1297,4.0,1806.4112195746932,-5905.187124569204,729.1466036516688,254.7689518504753,291.3072219275991,535.7070081657671,45.24262470158058,776.5910049745561,45.24262470158058,12.0,0,0.8435278194095834,-0.8843426731030006,0
2013-07-29 09:17:48.900000+00:00,6.898,-73.104,155.3,4.2,mb,34.0,117.0,,0.64,us,usc000irkb,2014-11-07T01:51:21.355Z,"11 km SSW of Piedecuesta, Colombia",earthquake,,8.4,,27.0,reviewed,us,us,125892541179.41711,1301,4.0,1793.4261180829883,-5904.342334738006,746.5191512602601,265.7182852558394,283.1332048046258,539.377131919908,24.693830517121047,783.5794294644713,24.693830517121047,11.100000000000001,0,1.365257499203277,-0.8279090274958864,3
2013-08-25 08:28:15.510000+00:00,6.7266,-72.9311,176.27,4.1,mb,,101.0,2.321,0.89,us,usb000jblu,2013-10-25T20:10:04.000Z,"5 km ESE of Cepitá, Colombia",earthquake,,15.1,0.12,,reviewed,us,us,89125093813.3744,1328,6.0,1805.769920589468,-5881.103594062616,725.5999467324126,257.2297053183556,297.6637235277714,540.0280814360849,48.51850816301775,780.0320188049017,48.51850816301775,10.95,0,1.5436498967026133,-0.5349051160918316,3
2013-08-26 01:44:08.470000+00:00,6.7892,-72.9564,157.45,4.0,mwr,,52.0,2.356,0.73,us,usb000jbt6,2013-10-25T20:10:11.000Z,"4 km NNE of Cepitá, Colombia",earthquake,,6.7,,,reviewed,us,us_rsnc,63095734448.019424,1329,8.0,1808.4168475173149,-5899.006214301032,734.5459766095976,261.9830571744439,296.24193028743497,542.6830362118246,41.0392441189796,783.7808760841507,41.0392441189796,10.8,0,1.4922648288816918,-0.16316441560780323,3
2013-08-31 17:30:26.280000+00:00,6.7285,-72.9947,156.39,4.3,mb,,47.0,2.285,0.88,us,usb000jefp,2013-11-06T01:33:36.000Z,"3 km SW of Cepitá, Colombia",earthquake,,8.9,0.067,,reviewed,us,us,177827941003.89227,1335,9.0,1805.007636746176,-5901.961278888412,728.1331924104554,254.03708408350147,290.7933322405726,534.9917991608545,45.69427944683503,775.8574911220422,45.69427944683503,11.25,0,1.167387034003423,-0.0003808696657728268,3
2013-08-31 20:00:51.760000+00:00,6.704,-72.9456,166.33,4.3,mb,,93.0,2.294,0.71,us,usb000jehg,2013-11-06T01:33:37.000Z,"6 km SSE of Cepitá, Colombia",earthquake,,7.3,0.126,,reviewed,us,us,177827941003.89227,1335,10.0,1807.26058061872,-5891.271492221454,724.3336300217512,254.25418541711855,295.6496628855785,537.1540243627395,50.1468356271229,777.0679353618978,50.1468356271229,11.25,0,1.2047592429621663,0.1677193634019165,2
2013-09-09 16:36:26.800000+00:00,5.6991,-78.4518,25.06,4.5,mb,,63.0,3.708,1.2,us,usc000jwwv,2013-11-15T03:20:30.000Z,"129 km WSW of Bahía Solano, Colombia",earthquake,,5.4,0.272,,reviewed,us,us,354813389233.57605,1344,10.0,1264.1283820880035,-6186.744671155822,630.1779836876234,497.2749089012048,323.19693487058896,328.2220123769668,609.6550290047073,515.4045220285763,323.19693487058896,11.55,2,-2.2113656950615885,0.26443863305424137,1
2013-09-11 06:39:39.700000+00:00,6.8043,-73.0205,155.57,4.3,mb,,71.0,2.332,0.7,us,usc000jr86,2013-11-19T17:37:22.000Z,"7 km NW of Cepitá, Colombia",earthquake,,12.3,0.072,,reviewed,us,us,177827941003.89227,1345,11.0,1802.304721548442,-5902.625732565805,736.3947561167114,260.21779469073266,289.6659525522018,538.6830927588557,36.798022673081256,780.7857640537255,36.798022673081256,11.25,0,1.1136424792703465,0.3792564557297529,2
2013-09-11 12:54:47.700000+00:00,4.9446,-78.2775,36.43,4.4,mb,,103.0,4.47,1.03,us,usc000jwyj,2013-11-19T17:37:24.000Z,"101 km W of Pizarro, Colombia",earthquake,,8.3,0.101,,reviewed,us,us,251188643150.95825,1345,12.0,1282.216525709346,-6179.368119126728,545.9922292652767,466.6824642494445,331.5319803946684,255.0055372528688,619.1511531920935,429.3615605389182,255.0055372528688,11.4,16,-2.1855483755119804,0.3727798166148077,1
2013-10-11 01:17:29.040000+00:00,6.7275,-73.105,169.41,4.3,mb,,74.0,2.222,0.53,us,usb000kaim,2013-12-24T01:42:58.000Z,"1 km WSW of Jordán, Colombia",earthquake,,12.7,0.07,,reviewed,us,us,177827941003.89227,1375,5.0,1789.888335448193,-5893.065052486192,726.5002146540696,248.44459791955688,278.8058509544166,526.0371589067603,43.60996078508171,768.3372856498981,43.60996078508171,11.25,0,1.2835919876104165,-0.6994522546091099,3
2013-10-28 12:29:46.110000+00:00,6.7546,-72.9503,167.96,4.2,mb,,81.0,2.332,0.67,us,usb000kyaf,2014-01-03T00:32:57.000Z,"2 km E of Cepitá, Colombia",earthquake,,2.7,0.2,,reviewed,us,us,125892541179.41711,1392,5.0,1806.114449060266,-5889.258307402536,729.583735554695,258.92051336117856,296.1502395348137,540.5634143199053,44.79571388535066,781.1644338600956,44.79571388535066,11.100000000000001,0,1.439700676855898,-0.7034500729840348,3
2013-11-05 06:51:06.810000+00:00,6.7828,-73.0152,163.74,4.3,mb,,54.0,2.318,0.63,us,usb000ksqr,2014-01-17T00:29:08.000Z,"5 km NW of Cepitá, Colombia",earthquake,,6.8,0.065,,reviewed,us,us,177827941003.89227,1400,5.0,1800.5614147255787,-5894.96389468766,733.1138927413099,258.3474314161629,289.7402383682983,537.4617240627141,39.25341731222096,779.2448828222568,39.25341731222096,11.25,0,1.307930431856304,-0.690370632803311,3
2013-11-06 12:42:26.480000+00:00,6.8381,-73.0151,167.34,4.5,mb,,52.0,2.363,0.67,us,usb000ktfh,2014-01-17T00:29:10.000Z,"10 km NNW of Cepitá, Colombia",earthquake,,6.8,0.043,,reviewed,us,us,354813389233.57605,1401,6.0,1799.3200174013318,-5890.862809391992,738.6340308306734,263.84758954602535,291.0687254945399,541.7123853645369,33.44736392950409,784.1351723632266,33.44736392950409,11.55,0,1.132251489743237,-0.4946518618664116,0
2013-11-20 02:20:04.380000+00:00,6.2557,-71.9346,22.63,4.3,mb,,121.0,2.76,1.07,us,usb000l6s6,2014-02-11T02:18:51.000Z,"21 km WNW of Municipio Hato Corozal, Colombia",earthquake,,8.0,0.217,,reviewed,us,us,177827941003.89227,1415,6.0,1956.922305690921,-5999.477623895881,691.7550048694686,292.36017646875115,403.07462280349154,597.1839431969759,162.59630806332106,816.112137392065,162.59630806332106,11.25,11,1.0270453169902058,-0.7854646506091263,3
2013-11-21 13:17:15.040000+00:00,6.7786,-72.9204,170.29,4.3,mb,,68.0,2.369,1.19,us,usb000l3j8,2014-02-11T02:18:53.000Z,"6 km ENE of Cepitá, Colombia",earthquake,,6.9,0.16,,reviewed,us,us,177827941003.89227,1416,7.0,1808.4180797839624,-5885.81066024415,731.888942782169,262.85185471429725,299.9033728499451,544.8000230755324,43.97511468235588,785.3026034142719,43.97511468235588,11.25,0,1.3275415938255646,-0.3427843864533299,3
2013-11-21 16:17:52.220000+00:00,6.7677,-73.0236,160.86,4.6,mb,,47.0,2.301,0.6,us,usb000l3kq,2022-07-26T02:07:14.774Z,"5 km WNW of Cepitá, Colombia",earthquake,,6.4,0.047,,reviewed,us,us,501187233627.2715,1417,8.0,1800.5885352880807,-5898.147703137604,731.8288175261558,256.4303573593979,288.49308704185194,535.6345606105565,40.59754210038668,777.3485077500783,40.59754210038668,11.7,0,0.944012307851561,-0.16151416814357444,0
2013-11-25 08:54:56.430000+00:00,6.7241,-72.9221,160.8,4.0,mb,,171.0,2.324,0.58,us,usb000l831,2014-02-11T02:18:58.000Z,"6 km ESE of Cepitá, Colombia",earthquake,,12.5,0.134,,reviewed,us,us,63095734448.019424,1420,8.0,1811.2148463551157,-5895.5362833180525,727.1428693339217,257.47824651041515,298.59276348261704,540.5779309146222,49.20784593646892,780.4318052407364,49.20784593646892,10.8,0,1.510983411711743,-0.1849580855716117,3
2013-11-30 01:21:58.200000+00:00,3.4825,-79.3539,25.32,4.2,mb,,79.0,3.347,1.1,us,usb000lbc1,2014-02-12T01:08:38.000Z,"147 km NW of Mosquera, Colombia",earthquake,,5.4,0.263,,reviewed,us,us,125892541179.41711,1425,8.0,1170.149816261373,-6224.935720411656,385.459915745461,601.512761011217,518.6396143880507,313.2253893257643,799.5926336839618,341.5808086868925,313.2253893257643,11.100000000000001,10,-2.6491938666190937,-0.704406003957439,4
2013-11-30 07:08:32.730000+00:00,7.053,-76.7594,43.02,4.2,mb,,48.0,3.255,1.42,us,usb000lbca,2014-02-12T01:08:38.000Z,"10 km NE of Murindó, Colombia",earthquake,,3.9,0.121,,reviewed,us,us,125892541179.41711,1425,9.0,1438.397580935038,-6113.151393833637,776.9963420957023,395.16716197072543,158.1815825724934,401.2479686660673,401.36049286860646,651.882201132517,158.1815825724934,11.100000000000001,2,-0.8664733778114545,0.3721081011625143,1
2013-12-04 04:05:37.790000+00:00,6.7012,-72.9391,157.66,4.1,mb,,49.0,2.296,0.6,us,usb000lcqw,2014-02-15T01:32:08.000Z,"7 km SSE of Cepitá, Colombia",earthquake,,7.3,0.131,,reviewed,us,us,89125093813.3744,1429,10.0,1810.4655917269208,-5899.332098115774,725.0442006621508,254.3366867894485,296.3042750827468,537.4778275902738,50.71615834996573,777.2702323671214,50.71615834996573,10.95,0,1.3434561543624561,0.16388427424173804,2
2013-12-05 17:03:02.650000+00:00,2.4942,-79.7525,41.73,4.6,mb,,79.0,2.591,0.8,us,usb000lc12,2014-02-15T01:32:10.000Z,"131 km WNW of Salahonda, Colombia",earthquake,,6.2,0.079,,reviewed,us,us,501187233627.2715,1431,10.0,1124.914265575297,-6222.407902523366,275.4387819824349,676.8253856913828,622.6412448836811,373.126288017027,896.5691339361236,309.3759031797148,309.3759031797148,11.7,6,-3.287448788374617,-0.6153466806843264,4
2013-12-06 22:04:58.710000+00:00,6.7383,-72.997,166.32,4.3,mb,,62.0,2.292,0.57,us,usb000ld29,2014-02-15T01:32:11.000Z,"3 km SW of Cepitá, Colombia",earthquake,,6.5,0.048,,reviewed,us,us,177827941003.89227,1432,10.0,1801.8505799030536,-5892.484187373769,728.0236889367889,254.88054884880785,290.7448063919275,535.5459473715806,44.57952654562623,776.5609006895497,44.57952654562623,11.25,0,1.1880648381815195,0.18200541249148094,2
2013-12-11 01:59:55+00:00,6.813,-73.148,152.8,4.0,mb,,,,1.25,us,usc000llk4,2014-02-21T23:00:51.000Z,"10 km NNW of Jordán, Colombia",earthquake,,6.3,0.365,,reviewed,rsnc,us,63095734448.019424,1436,11.0,1789.930105181674,-5909.147017923127,737.660476868952,255.11081179588209,276.1442147580475,529.262896491676,34.17328970604415,773.0914857938823,34.17328970604415,10.8,0,1.3100045621026974,0.38968098924617356,2
2013-12-12 02:31:28.470000+00:00,6.7602,-73.0716,158.81,4.4,mb,,99.0,2.268,0.47,us,usc000liq1,2014-02-21T23:00:52.000Z,"4 km NE of Jordán, Colombia",earthquake,,10.9,0.065,,reviewed,us,us,251188643150.95825,1437,12.0,1796.26732319449,-5901.693222624983,731.2628841572953,253.32230435694345,283.13310460766826,531.2156583261988,40.32650629403493,773.4643176503685,40.32650629403493,11.4,0,0.9827728514089447,0.5480116482628976,2
2013-12-19 10:46:58.170000+00:00,6.8536,-73.048,156.06,4.4,mb,,134.0,2.358,0.58,us,usc000ln9l,2014-02-27T21:37:22.000Z,"13 km NW of Cepitá, Colombia",earthquake,,10.4,0.067,,reviewed,us,us,251188643150.95825,1444,12.0,1799.1441948937072,-5902.416454261551,741.6463915120055,263.80970197426234,287.92666643282166,540.3009846161439,30.67327971470294,783.3161044492339,30.67327971470294,11.4,0,0.9982780764224615,0.5742392706350398,2
2013-12-26 12:20:29.900000+00:00,5.85,-77.63,29.0,4.6,mb,,,,1.25,us,usc000lrvk,2014-02-28T08:44:08.000Z,"42 km WNW of Nuquí, Colombia",earthquake,,2.1,0.091,,reviewed,rsnc,us,501187233627.2715,1451,11.0,1351.5326202698377,-6162.506331302628,646.4048986522073,413.7930405581429,230.7494182363845,293.1377892311111,517.5854358275835,516.9955144537689,230.7494182363845,11.7,2,-1.9394160623772163,0.42300643489419637,1
2013-12-28 20:21:35.900000+00:00,6.8,-73.15,148.0,4.0,mb,,,,1.22,us,usc000lten,2014-02-28T08:44:11.000Z,"9 km NW of Jordán, Colombia",earthquake,,6.6,0.116,,reviewed,rsnc,us,63095734448.019424,1454,12.0,1791.1538794766332,-5913.931131956359,736.8278947713554,253.6985336041633,275.604844859533,528.0889690187936,35.63217706752618,771.7988218837082,35.63217706752618,10.8,0,1.25793969157124,0.5623489977211569,2
2014-01-03 05:36:08.620000+00:00,7.2932,-73.5251,118.21,4.0,mb,,137.0,2.549,0.73,us,usb000m4nq,2014-03-07T00:25:56.000Z,"11 km SSW of Sabana de Torres, Colombia",earthquake,,19.0,0.259,4.0,reviewed,us,us,63095734448.019424,1459,11.0,1758.9151849045554,-5947.564695512887,793.7722274688612,293.42911803499646,255.2424826591719,541.5160133125671,48.42010361061915,793.919748212682,48.42010361061915,10.8,0,1.0720707731968273,0.5593395657609398,2
2014-01-13 17:47:14.210000+00:00,6.731,-72.968,164.02,4.5,mb,,81.0,0.805,0.56,us,usc000mdr6,2014-03-15T03:39:54.000Z,"2 km SSE of Cepitá, Colombia",earthquake,,3.0,0.102,29.0,reviewed,us,us,354813389233.57605,1470,12.0,1805.528997385923,-5893.844042179385,727.5081899643066,255.6804958367551,293.7430831054372,537.3485185596708,46.43116779975405,777.8933684214555,46.43116779975405,11.55,0,0.9597690747017356,0.5327602807565228,2
2014-01-18 00:25:28.240000+00:00,6.8116,-73.0532,155.54,4.2,mb,,80.0,0.879,1.11,us,usc000melt,2014-03-22T00:05:20.000Z,"9 km NNE of Jordán, Colombia",earthquake,,6.9,0.112,22.0,reviewed,us,us,125892541179.41711,1474,15.0,1798.9169861282912,-5903.592085005043,737.1846325615462,259.35122303560274,286.3147528274319,536.6382520970764,35.064062861745406,779.2441168760226,35.064062861745406,11.100000000000001,0,1.0831681671877726,1.0929542546232556,2
2014-01-19 12:45:02.800000+00:00,6.81,-73.11,152.0,4.1,mb,,,,0.52,us,usc000mgzs,2014-03-22T00:05:23.000Z,"8 km N of Jordán, Colombia",earthquake,,6.3,0.127,18.0,reviewed,rsnc,us,89125093813.3744,1475,16.0,1794.0908133953285,-5908.755632207929,737.432052559123,256.52085203697254,280.157955289682,532.0168497556917,34.42114489313335,775.3293142270298,34.42114489313335,10.95,0,1.1028292295353639,1.2730117244757924,2
2014-01-21 04:23:07+00:00,6.836,-73.135,146.8,4.6,mb,,,,0.9,us,usb000m5hu,2014-03-22T00:05:27.000Z,"12 km NNW of Jordán, Colombia",earthquake,,5.2,0.164,12.0,reviewed,rsnc,us,501187233627.2715,1477,16.0,1792.913080362293,-5914.15801319794,740.8531036530644,258.02954478467734,278.1302119694509,532.0834527357858,31.530761491997207,776.000953083015,31.530761491997207,11.7,0,0.6308035272553638,1.2840117721561235,2
2014-01-21 07:58:56.700000+00:00,6.82,-73.16,144.0,4.5,mb,,,,1.34,us,usb000m5jn,2014-03-22T00:05:27.000Z,"11 km E of Zapatoca, Colombia",earthquake,,6.2,0.112,25.0,reviewed,rsnc,us,354813389233.57605,1477,17.0,1791.1976568756925,-5917.798505007614,739.459808328135,255.29628435750047,275.0322544008704,528.8722859579634,33.534312469368494,772.929744659048,33.534312469368494,11.55,0,0.6654513340424106,1.4574281638777176,2
2014-01-28 20:11:47.840000+00:00,6.8324,-73.0362,155.38,4.2,mb,,115.0,0.9,1.2,us,usc000mpvn,2014-03-27T18:15:46.000Z,"11 km NW of Cepitá, Colombia",earthquake,,6.7,0.115,23.0,reviewed,us,us,125892541179.41711,1485,15.0,1800.6366880498465,-5902.9536635058885,739.4440807466689,262.2515063120313,288.6563884692465,539.5948538429011,33.29976695505186,782.2211150556157,33.29976695505186,11.100000000000001,0,1.0940127688269525,1.0980011047055531,2
2014-02-05 04:57:11+00:00,6.803,-73.135,154.0,4.1,mwr,,,,1.17,us,usc000mvat,2014-04-22T18:30:05.000Z,"8 km NNW of Jordán, Colombia",earthquake,,4.4,,,reviewed,rsnc,rsnc,89125093813.3744,1492,14.0,1790.96243621144,-5907.723558643494,736.4407014337447,254.67485212648933,277.29376904899084,529.502214331256,35.19714778266487,773.0545922119562,35.19714778266487,10.95,0,1.1522480407230564,0.9183869905417268,2
2014-02-07 08:03:58+00:00,7.45,-73.2,135.0,4.2,mb,,,,1.25,us,usc000mvfn,2014-04-22T18:30:07.000Z,"2 km S of El Playón, Colombia",earthquake,,4.7,0.152,12.0,reviewed,rsnc,us,125892541179.41711,1494,15.0,1787.1871075695694,-5919.449285169777,808.5656453499179,319.4604794580333,295.10154188629707,577.6213350275647,37.74763843481001,827.9085100785534,37.74763843481001,11.100000000000001,0,1.0447952287559743,1.295773677511616,2
2014-02-28 07:41:30+00:00,6.8,-73.14,144.0,4.2,mb,,,,1.16,us,usc000n8w6,2014-05-13T21:36:44.000Z,"8 km NNW of Jordán, Colombia",earthquake,,5.7,0.097,33.0,reviewed,rsnc,us,125892541179.41711,1515,10.0,1793.3380034828567,-5917.419563261113,737.3015106445814,254.1453784771742,276.6815669371961,528.8748302555877,35.55585098465289,772.4573809932356,35.55585098465289,11.100000000000001,0,1.1198460823978813,0.2069922335038309,2
2014-03-11 09:25:55.830000+00:00,6.1466,-77.6642,13.97,4.5,mb,,113.0,2.106,1.02,us,usc000n7iz,2014-05-15T02:24:23.000Z,near the west coast of Colombia,earthquake,,2.2,0.068,79.0,reviewed,us,us,354813389233.57605,1526,9.0,1350.313582299182,-6174.559028781067,680.6647122163333,428.4672699697986,230.52171971614172,324.86601317811426,513.1321301825178,550.168389393077,230.52171971614172,11.55,2,-1.8313902062338547,0.16031352651460712,1
2014-03-22 20:48:52+00:00,6.7449,-72.9595,162.11,4.4,mb,,34.0,0.82,0.79,us,usc000nlfn,2014-05-24T00:54:41.000Z,"1 km ESE of Cepitá, Colombia",earthquake,,5.6,0.056,100.0,reviewed,us,us,251188643150.95825,1538,11.0,1806.9074196119973,-5895.220710674736,729.2279352046079,257.4868388918476,294.95001086269923,539.0855064250632,45.36174190634799,779.6887741156974,45.36174190634799,11.4,0,1.0719651376532637,0.3582152856305781,2
2014-03-23 06:18:27.680000+00:00,6.7552,-72.959,157.73,4.2,mb,,121.0,0.83,0.81,us,usc000nlua,2014-05-24T00:54:41.000Z,"1 km E of Cepitá, Colombia",earthquake,,5.5,0.118,23.0,reviewed,us,us,125892541179.41711,1538,12.0,1808.1950925366796,-5899.238135512479,730.8515723055665,258.5191652800512,295.21960168327786,539.9021539554126,44.33533918805794,780.624317211795,44.33533918805794,11.100000000000001,0,1.2040487878981034,0.5370118640453024,2
2014-03-29 04:35:16.600000+00:00,6.8081,-73.0066,161.2,4.6,mb,,32.0,0.877,0.8,us,usc000nvmq,2014-05-29T23:32:07.000Z,"6 km NNW of Cepitá, Colombia",earthquake,,5.9,0.051,125.0,reviewed,us,us,501187233627.2715,1544,15.0,1802.0885419778333,-5896.79537808034,736.1366693234036,261.28573440207634,291.25541906886286,540.0861632746803,36.9003813605937,782.0544542576002,36.9003813605937,11.7,0,0.7765783798053053,1.0911400333884358,2
2014-03-30 08:36:58.770000+00:00,6.7214,-72.9466,160.76,4.4,mb,,52.0,0.799,1.23,us,usc000nwqg,2014-05-29T23:32:09.000Z,"4 km SE of Cepitá, Colombia",earthquake,,5.4,0.066,69.0,reviewed,us,us,251188643150.95825,1545,15.0,1808.715412890436,-5896.380961128525,726.8569144017496,255.88750030246183,295.87669096265364,538.3724943114645,48.32635386302578,778.5166024020981,48.32635386302578,11.4,0,0.9617487569610151,1.0592851731022974,2
2014-04-17 18:12:32.080000+00:00,6.4994,-76.4215,44.93,4.5,mb,,136.0,2.658,1.17,us,usb000pp7s,2014-07-04T01:33:26.000Z,"37 km WNW of Urrao, Colombia",earthquake,,5.8,0.145,16.0,reviewed,us,us,354813389233.57605,1564,9.0,1475.6726558242349,-6109.730097617944,716.0656338730919,327.3162543557584,97.09889886530632,339.1208340138325,370.6850525058024,595.4353068857661,97.09889886530632,11.55,2,-1.0871622712460456,0.17509780979935707,1
2014-04-30 01:57:41+00:00,6.812,-73.129,154.0,4.5,mwr,,,,0.59,us,usb000q4se,2014-07-27T21:51:13.000Z,"9 km NNW of Jordán, Colombia",earthquake,,5.6,,,reviewed,rsnc,rsnc,354813389233.57605,1576,3.0,1791.5474872968057,-5907.42520317844,737.410380732921,255.85885558940123,278.16282928620456,530.6764878454328,34.17727540773058,774.2529185022448,34.17727540773058,11.55,0,1.0930574110538889,-1.0286098536910968,0
2014-04-30 09:46:21.750000+00:00,6.7437,-72.997,160.84,4.3,mb,,52.0,0.814,0.93,us,usb000q52g,2014-07-27T21:51:13.000Z,"2 km WSW of Cepitá, Colombia",earthquake,,5.9,0.075,53.0,reviewed,us,us,177827941003.89227,1576,5.0,1803.4218919283285,-5897.6227551138645,729.2479301834124,255.4114866148314,290.8573471954503,535.9545496142525,44.00927034120239,777.0348133980738,44.00927034120239,11.25,0,1.2952359540542955,-0.7041909310070726,3
2014-05-03 15:38:11.020000+00:00,5.8455,-77.7416,28.2,4.6,mb,,64.0,2.215,0.78,us,usb000q878,2014-07-27T21:51:19.000Z,"54 km WNW of Nuquí, Colombia",earthquake,,5.8,0.244,5.0,reviewed,us,us,501187233627.2715,1580,6.0,1339.7065602333928,-6165.954424955175,645.9908682352298,425.42607955911535,242.96806398897607,298.0369098867636,529.5941510097492,517.5719260807476,242.96806398897607,11.7,2,-1.8589537406372107,-0.4563198833928387,1
2014-05-04 11:07:56+00:00,6.836,-73.154,144.7,4.1,mwr,,,,1.78,us,usb000r163,2014-07-27T21:51:20.000Z,"12 km E of Zapatoca, Colombia",earthquake,,5.7,,,reviewed,rsnc,rsnc,89125093813.3744,1580,7.0,1791.5560269080506,-5916.747835066084,741.1030621244618,257.1923023385167,276.0913135565712,530.598224486058,31.690382377573183,774.7548526181727,31.690382377573183,10.95,0,1.2909451252758848,-0.31333746811820723,3
2014-05-11 16:28:57.940000+00:00,6.446,-73.2561,149.11,4.3,mb,,52.0,0.545,0.97,us,usc000r8zm,2014-08-06T00:55:31.000Z,"2 km S of Socorro, Colombia",earthquake,,6.2,0.237,5.0,reviewed,us,us,177827941003.89227,1588,8.0,1781.1592205726563,-5920.428102806167,698.5113331736189,213.01119990421117,257.93313962779297,492.4766710332242,76.30273485895869,733.3384847218147,76.30273485895869,11.25,0,0.9892585180688427,-0.24578092010648195,3
2014-05-13 18:07:31.080000+00:00,3.8591,-71.4052,16.41,4.6,mb,,53.0,2.643,1.03,us,usb000qkvb,2014-08-06T00:55:35.000Z,"90 km SE of Puerto Gaitán, Colombia",earthquake,,3.5,0.071,59.0,reviewed,us,us,501187233627.2715,1590,9.0,2021.71452745473,-6009.207205810568,427.68352226014485,310.5155370919114,533.1544363577834,570.7140254817125,409.325813039252,715.9005231036035,310.5155370919114,11.7,7,0.4813694939795556,-1.0397327721832306,0
2014-05-16 20:16:33.760000+00:00,6.8199,-72.9705,156.62,4.3,mb,,48.0,0.893,0.77,us,usb000qrsg,2014-08-09T02:53:46.000Z,"7 km N of Cepitá, Colombia",earthquake,,4.4,0.082,50.0,reviewed,us,us,177827941003.89227,1593,11.0,1807.0909298829824,-5899.861892684695,737.9504067223131,264.2744673173477,295.42940782585544,543.8823657792942,37.28995520378399,785.5249184812377,37.28995520378399,11.25,0,1.1439829213578092,0.3804703847363616,2
2014-05-25 15:25:02.350000+00:00,3.9972,-71.3981,14.7,4.5,mb,,75.0,2.543,0.83,us,usc000regj,2014-08-23T08:36:47.000Z,"83 km ESE of Puerto Gaitán, Colombia",earthquake,,5.0,0.115,24.0,reviewed,us,us,354813389233.57605,1602,10.0,2022.668605789566,-6009.578910086968,443.08320278614246,306.91556417251303,526.3361959646681,572.876454809652,396.1583439109269,723.0210361315117,306.91556417251303,11.55,7,0.5618644044053018,-0.8209931940712655,2
2014-06-06 09:28:40.880000+00:00,6.7685,-73.0678,155.05,4.3,mb,,80.0,0.835,0.74,us,usc000rc0c,2014-08-30T17:02:57.000Z,"5 km NE of Jordán, Colombia",earthquake,,7.9,0.1,31.0,reviewed,us,us,177827941003.89227,1613,11.0,1797.715293596182,-5905.044609221502,732.5996783881869,254.3357770100214,283.7301478068911,532.1565268623378,39.47507393577183,774.4527824516472,39.47507393577183,11.25,0,1.0831733396074055,0.37177474935724925,2
2014-06-07 08:24:06.540000+00:00,7.6742,-73.2425,133.8,4.2,mb,,41.0,1.743,0.8,us,usc000rite,2014-08-30T17:02:57.000Z,"19 km ESE of San Alberto, Colombia",earthquake,,5.6,0.098,30.0,reviewed,us,us,125892541179.41711,1614,12.0,1782.2127846173887,-5918.837178056098,832.9152958177998,342.0147874419169,303.17332862633145,594.0812974514266,63.10035963960387,846.3547403828569,63.10035963960387,11.100000000000001,0,1.1433095071366068,0.8354125244077569,2
2014-06-10 10:33:27.350000+00:00,6.8104,-73.0876,160.96,4.1,mb,,80.0,0.877,0.98,us,usc000rd80,2014-08-30T17:02:57.000Z,"8 km N of Jordán, Colombia",earthquake,,7.8,0.109,24.0,reviewed,us,us,89125093813.3744,1617,13.0,1793.811073513967,-5899.5368500552895,736.4126485730603,257.5991870171802,282.57969851012194,533.8173834173444,34.56590497412405,776.8489090423898,34.56590497412405,10.95,0,1.2336756421776907,0.7410024480809723,2
2014-06-11 14:22:31.630000+00:00,6.6634,-72.9523,164.93,4.3,mb,,111.0,0.741,0.82,us,usc000rnrs,2014-09-12T15:48:11.000Z,"8 km ESE of Aratoca, Colombia",earthquake,,6.4,0.178,13.0,reviewed,us,us,177827941003.89227,1618,13.0,1807.1293419594756,-5893.301465560867,720.1293094627183,249.96311589024583,294.1832082712385,533.5837362333594,54.07124511154195,773.0736405632445,54.07124511154195,11.25,0,1.1086140676218716,0.6876721523996214,2
2014-06-27 09:01:19+00:00,6.796,-73.142,142.0,4.3,mb,,,,0.91,us,usc000rmpk,2014-09-26T11:49:40.000Z,"8 km NW of Jordán, Colombia",earthquake,,5.9,0.072,63.0,reviewed,rsnc,us,177827941003.89227,1634,14.0,1793.7222946688328,-5919.432010176091,737.1065096107969,253.64923947101065,276.36818130317187,528.4053732542994,36.0123809432807,771.9687229131354,36.0123809432807,11.25,0,0.9152504764632781,0.9154321449375927,2
2014-06-30 04:08:35.190000+00:00,6.7078,-72.9876,162.96,4.1,mb,,81.0,0.78,0.88,us,usb000rvsn,2014-09-26T11:49:49.000Z,"3 km ENE of Aratoca, Colombia",earthquake,,7.0,0.174,10.0,reviewed,us,us,89125093813.3744,1637,16.0,1803.9067493033808,-5895.74922472541,725.1359600567566,252.38036325367665,291.1537464677931,534.0095928524385,48.12566265238478,774.5277178918404,48.12566265238478,10.95,0,1.1895432835669788,1.2347051284005628,2
2014-07-09 01:34:48.320000+00:00,6.8438,-73.0587,158.65,4.2,mb,,113.0,0.91,0.79,us,usb000rubn,2014-10-10T08:02:09.000Z,"12 km NNE of Jordán, Colombia",earthquake,,6.3,0.264,5.0,reviewed,us,us,125892541179.41711,1646,11.0,1797.3294961946992,-5900.41365337011,740.2823270429301,262.3184130806598,286.5251629363584,538.6944436711096,31.43803803529139,781.7349845223936,31.43803803529139,11.100000000000001,0,1.2065903089244796,0.3943052633191789,2
2014-07-12 22:37:11.470000+00:00,6.873,-73.0569,158.15,4.4,mb,,47.0,0.939,0.72,us,usb000rshr,2014-10-10T08:02:15.000Z,"12 km S of Piedecuesta, Colombia",earthquake,,5.6,0.036,234.0,reviewed,us,us,251188643150.95825,1650,9.0,1797.549346595781,-5900.470380768757,743.4855443945619,265.3403999137285,287.4828731579558,541.1076045360173,28.33378719121956,784.4505641312336,28.33378719121956,11.4,0,1.0866725791426215,0.04911288428151007,3
2014-07-14 12:34:39.360000+00:00,6.7831,-73.0421,152.5,4.3,mb,,95.0,0.851,0.83,us,usb000rsse,2014-10-10T08:02:18.000Z,"8 km NE of Jordán, Colombia",earthquake,,6.7,0.08,51.0,reviewed,us,us,177827941003.89227,1651,9.0,1801.047860877134,-5906.480947702001,734.4737349035545,257.0441465789669,286.84014345033654,535.3303005170859,38.42772308091352,777.4645256872567,38.42772308091352,11.25,0,1.1382826063501585,0.019109405488399178,3
2014-07-24 16:23:50.200000+00:00,6.8441,-73.077,158.84,4.3,mb,,113.0,0.91,1.05,us,usb000s0a9,2014-10-25T01:49:34.000Z,"12 km N of Jordán, Colombia",earthquake,,5.9,0.376,2.0,reviewed,us,us,177827941003.89227,1662,9.0,1795.3887998514915,-5900.803225468502,740.2919810914763,261.48990094702054,284.5671865152809,537.2729671681263,31.013751822723417,780.5482607143357,31.013751822723417,11.25,0,1.1636674118243475,0.041499499839801564,3
2014-07-26 09:56:00.180000+00:00,6.7243,-72.9602,158.53,4.5,mb,,34.0,0.8,0.83,us,usb000rxjg,2014-10-25T01:49:38.000Z,"3 km SSE of Cepitá, Colombia",earthquake,,5.0,0.039,211.0,reviewed,us,us,354813389233.57605,1663,9.0,1807.9539607585125,-5898.892377872287,727.4301966222215,255.4410891956024,294.4560653262088,537.480262597413,47.44358303385167,777.8398603215094,47.44358303385167,11.55,0,1.0154751465317187,-0.002988886737102758,0
2014-08-10 02:27:12.900000+00:00,6.7624,-72.9962,159.54,4.1,mb,,100.0,0.833,0.77,us,usb000s4zg,2014-11-07T21:47:37.000Z,"2 km WNW of Cepitá, Colombia",earthquake,,7.0,0.261,9.0,reviewed,us,us,89125093813.3744,1678,8.0,1803.812060578237,-5898.604177196892,731.413797017717,257.293398075134,291.3429319444509,537.4368394232787,42.07021792799408,778.7314152022834,42.07021792799408,10.95,0,1.390698532424213,-0.16755123919483852,3
2014-08-19 06:06:26.760000+00:00,6.8001,-73.014,164.89,4.5,mb,,29.0,0.869,1.15,us,usb000s421,2014-11-15T04:07:16.000Z,"6 km NW of Cepitá, Colombia",earthquake,,6.3,0.039,211.0,reviewed,us,us,354813389233.57605,1687,7.0,1800.2865336768505,-5893.622116840658,734.83880725532,260.1231293820068,290.2686476688906,538.8811166698026,37.466390100304686,780.8513638109089,37.466390100304686,11.55,0,1.0878299317083024,-0.32939824242503674,0
2014-09-16 09:25:44.980000+00:00,6.7917,-73.0411,158.16,4.4,mb,,52.0,2.315,1.28,us,usb000scx3,2014-12-08T23:31:03.040Z,"8 km WNW of Cepitá, Colombia",earthquake,6.9,7.3,0.043,177.0,reviewed,us,us,251188643150.95825,1715,2.0,1799.4794159626726,-5900.968117238699,734.7312273607259,257.950167586014,287.1470187921666,536.0702459378834,37.52440060671812,778.2916019446471,37.52440060671812,11.4,0,1.2626979426234544,-1.2184143029185925,3
2014-10-01 15:37:29.080000+00:00,6.7047,-72.9661,168.68,4.6,mb,,40.0,2.287,0.63,us,usb000shsx,2022-07-27T03:39:20.337Z,"5 km S of Cepitá, Colombia",earthquake,7.4,5.3,0.036,242.0,reviewed,us,us,501187233627.2715,1731,5.0,1804.4663246810728,-5889.677734938528,724.1345483136139,253.21821290087075,293.4324762060799,535.530005224122,49.23580748339448,775.7247635067545,49.23580748339448,11.7,0,1.0733379478633271,-0.7156322247257436,0
2014-10-02 12:09:38.780000+00:00,6.8371,-72.923,175.01,4.1,mb,,66.0,3.045,0.85,us,usb000sm09,2014-12-23T01:41:57.040Z,"8 km WSW of Guaca, Colombia",earthquake,12.3,8.1,0.197,8.0,reviewed,us,us,89125093813.3744,1731,6.0,1806.5544021667429,-5880.695510725888,737.6134368626576,268.42032069723984,300.96246992164635,549.0134804490558,38.346648142844565,790.2490444332741,38.346648142844565,10.95,0,1.5622760784343017,-0.5021250835430766,3
2014-10-03 10:11:51.570000+00:00,6.7732,-73.002,169.33,4.3,mb,,80.0,2.322,0.73,us,usb000smdy,2014-12-23T01:41:59.040Z,"3 km NW of Cepitá, Colombia",earthquake,10.0,8.7,0.079,49.0,reviewed,us,us,177827941003.89227,1732,7.0,1800.3325870378155,-5889.357813194608,731.4218434756713,258.0631259253269,290.9522057450066,537.7904787086941,40.72537148386608,779.2891729664802,40.72537148386608,11.25,0,1.2853898565491155,-0.33851923100642406,3
2014-10-04 03:22:18.320000+00:00,5.4118,-77.6988,44.29,4.5,mb,,60.0,3.411,1.14,us,usb000sipr,2014-12-23T01:42:01.040Z,"57 km SW of Nuquí, Colombia",earthquake,8.5,7.0,0.071,78.0,reviewed,us,us,354813389233.57605,1733,8.0,1341.9027100974574,-6153.902321077768,596.6931903137169,409.1837195967743,251.87056073894,253.45475329177077,540.2415417352893,469.1147166040637,251.87056073894,11.55,2,-1.8056502956068174,-0.236958555768438,1
2014-10-04 03:36:33.210000+00:00,6.7622,-72.9688,166.92,4.7,mb,,46.0,2.332,0.94,us,usb000sipu,2022-07-27T04:02:27.668Z,"1 km NE of Cepitá, Colombia",earthquake,5.6,5.7,0.042,208.0,reviewed,us,us,707945784384.1403,1733,9.0,1804.486924753418,-5890.736059546984,730.5232792641325,258.69010383649555,294.30656520557017,539.6362682053258,43.18884036162245,780.5712147131389,43.18884036162245,11.850000000000001,0,0.8811606917633187,0.011631155486801437,0
2014-10-07 06:05:56.520000+00:00,6.2099,-77.5713,25.22,4.7,mb,,56.0,3.507,1.37,us,usb000sjfh,2014-12-23T01:42:06.040Z,"18 km W of Bahía Solano, Colombia",earthquake,6.7,4.2,0.044,170.0,reviewed,us,us,707945784384.1403,1736,10.0,1357.7535538702116,-6160.70147596078,686.4301999821039,421.65435216186506,220.016315211807,327.60998485501307,501.6103397727638,556.4950373386298,220.016315211807,11.850000000000001,2,-1.9274090585021566,0.3524706818702121,1
2014-10-11 21:42:27.770000+00:00,6.5521,-72.7581,179.8,4.2,mb,,103.0,2.301,0.73,us,usb000sq0x,2015-01-06T23:49:51.040Z,"5 km NNW of Covarachía, Colombia",earthquake,5.8,11.1,0.199,7.0,reviewed,us,us,125892541179.41711,1741,11.0,1823.126267217964,-5874.358393493852,706.4570182029686,251.10036508571912,313.8315048061469,541.8238800705875,74.82061088430444,777.1587880058237,74.82061088430444,11.100000000000001,0,1.3852762684697035,0.2870855796243007,2
2014-10-14 23:57:48.010000+00:00,5.2079,-77.9364,18.05,4.5,mb,,64.0,3.619,1.27,us,usb000sm92,2022-07-27T04:56:07.803Z,"69 km WNW of Pizarro, Colombia",earthquake,5.5,4.3,0.127,29.0,reviewed,us,us,354813389233.57605,1744,12.0,1322.268527058011,-6187.006289063805,576.6565909939611,431.630911435546,284.9174581738416,249.7689170511527,573.0119998231715,450.06245755347726,249.7689170511527,11.55,16,-2.178589552662388,0.4233402658904838,1
2014-10-15 15:24:38.620000+00:00,6.7463,-73.0239,164.56,4.5,mb,,54.0,2.287,0.77,us,usb000smg6,2015-01-15T20:03:25.040Z,"5 km W of Cepitá, Colombia",earthquake,8.7,6.3,0.04,192.0,reviewed,us,us,354813389233.57605,1745,13.0,1799.5645150971477,-5894.903871439791,729.0907872736626,254.2963564907892,287.9958445379422,533.9803115478146,42.885532528654906,775.4437110420396,42.885532528654906,11.55,0,0.9137105855635438,0.7190641530099566,2
2014-10-18 11:03:53.030000+00:00,6.6854,-72.8986,181.63,4.2,mb,,81.0,2.312,1.12,us,usb000ss0d,2015-01-15T20:03:31.040Z,"10 km W of Molagavita, Colombia",earthquake,9.3,10.1,0.104,27.0,reviewed,us,us,125892541179.41711,1747,12.0,1807.6930795674973,-5875.487351914234,720.5519443313204,255.06192779245308,300.42635049677693,539.6383136617112,54.21986521215127,778.6900717177401,54.21986521215127,11.100000000000001,0,1.329144235985021,0.5157709302894051,2
2014-10-21 08:01:03.310000+00:00,7.4408,-73.0289,153.36,4.3,mb,,53.0,2.77,1.23,us,usc000stxd,2015-01-15T20:03:36.040Z,"9 km NNW of Suratá, Colombia",earthquake,8.5,7.4,0.154,12.0,reviewed,us,us,177827941003.89227,1750,12.0,1799.580030662548,-5896.797410646364,805.1951196045135,324.71338980696703,311.6110056411562,589.1211711444301,37.21616003297286,837.5734080531438,37.21616003297286,11.25,0,1.1956979169918176,0.7512456242959249,2
2014-10-31 21:24:30.200000+00:00,4.8804,-76.2802,120.79,4.5,mb,,62.0,1.952,0.97,us,usc000st8z,2015-01-20T09:03:07.040Z,"5 km WSW of San José del Palmar, Colombia",earthquake,8.2,6.0,0.04,193.0,reviewed,us,us,354813389233.57605,1761,13.0,1477.012071401031,-6049.860275437297,531.7433899179114,245.39376502312635,170.23857760843288,161.31064329978315,428.8179988659082,422.5999509483842,161.31064329978315,11.55,14,-1.0578154187869402,0.38991859341618473,1
2014-11-03 18:13:29.040000+00:00,6.7291,-72.9289,169.26,4.5,mb,,150.0,2.328,0.85,us,usc000sxc8,2015-01-20T09:03:15.040Z,"5 km ESE of Cepitá, Colombia",earthquake,12.1,10.4,0.14,16.0,reviewed,us,us,354813389233.57605,1764,10.0,1808.0301085229955,-5887.658967618077,726.6897792736279,257.5912305719135,297.95226519391747,540.3948063594145,48.37534790426088,780.4007749258699,48.37534790426088,11.55,0,1.054012338536703,0.17552340006126138,2
2014-11-07 21:58:56.920000+00:00,6.7936,-73.2467,146.58,4.7,mb,,86.0,2.211,1.07,us,usc000syxe,2015-01-31T02:50:08.040Z,"3 km SE of Zapatoca, Colombia",earthquake,9.2,11.8,0.208,8.0,reviewed,us,us,707945784384.1403,1768,10.0,1781.6003505540823,-5918.3746528360025,736.3056403246578,248.92735471364085,265.04152310718166,520.042658334057,38.71610300208896,764.9080705984406,38.71610300208896,11.850000000000001,0,0.6412439699910908,0.21564811347858967,0
2014-11-14 11:22:06.060000+00:00,6.8119,-73.0035,167.47,4.3,mb,,146.0,2.353,0.75,us,usb000t0hd,2015-02-12T01:42:41.040Z,"7 km NNW of Cepitá, Colombia",earthquake,11.9,11.6,0.168,10.0,reviewed,us,us,177827941003.89227,1774,10.0,1800.573444913331,-5890.69734872232,735.8019272390941,261.81738221492765,291.6799493171292,540.625348064828,36.62592686257501,782.5980375953516,36.62592686257501,11.25,0,1.2043942179050062,0.2051264667530599,2
2014-11-14 13:30:20.880000+00:00,6.6177,-73.5204,136.77,4.5,mb,,121.0,1.932,0.75,us,usb000t0h8,2015-02-12T01:42:41.040Z,"8 km S of El Carmen de Chucurí, Colombia",earthquake,10.9,10.9,0.242,5.0,reviewed,us,us,354813389233.57605,1774,11.0,1756.7055317078623,-5938.301765137484,718.4577328778864,220.6283315256304,231.46444686712744,484.9643242859881,70.98250052790382,731.4446007270402,70.98250052790382,11.55,0,0.5897693202446271,0.35718954231030836,2
2014-11-20 05:40:10.550000+00:00,6.712,-72.9385,169.14,4.7,mb,,70.0,2.309,0.69,us,usb000sy5r,2015-02-18T03:30:47.040Z,"6 km SE of Cepitá, Colombia",earthquake,8.3,6.1,0.038,241.0,reviewed,us,us,707945784384.1403,1780,9.0,1807.1421149980613,-5888.282830315095,724.8656054861403,255.4142638553068,296.5747403696393,538.3322953319721,49.644626919471776,778.2521133782774,49.644626919471776,11.850000000000001,0,0.8956434003646002,-0.005503211447448119,0
2014-11-25 20:20:16.320000+00:00,6.7588,-72.949,165.91,5.1,mwr,,33.0,2.34,1.11,us,usb000szzw,2025-12-22T17:01:49.675Z,"2 km E of Cepitá, Colombia",earthquake,7.0,4.6,,,reviewed,us,rsnc,2818382931264.449,1786,9.0,1806.8293141534548,-5891.11245016345,730.276548401317,259.39910976800223,296.3798049559452,540.9853473940478,44.43506412847172,781.6204853989532,44.43506412847172,12.45,0,0.5315217256644241,0.010629854582881538,0
2014-11-26 06:19:37.580000+00:00,5.5524,-77.8586,14.33,4.5,mb,,70.0,3.592,1.46,us,usb000t05s,2015-02-24T00:35:04.040Z,"67 km WSW of Nuquí, Colombia",earthquake,4.6,5.1,0.15,15.0,reviewed,us,us,354813389233.57605,1786,10.0,1330.693874064636,-6185.3233820786845,615.0463084496657,429.657621479984,263.3769920597025,276.02749310300464,551.6119097504948,486.6905508888431,263.3769920597025,11.55,2,-2.0489009071042212,0.1686499394678673,1
2014-11-30 04:49:47.960000+00:00,6.7097,-72.8977,170.35,4.1,mb,,70.0,2.331,0.31,us,usc000t6tf,2015-02-24T00:35:13.040Z,"9 km ESE of Cepitá, Colombia",earthquake,11.4,9.3,0.261,11.0,reviewed,us,us,89125093813.3744,1790,11.0,1810.98982687974,-5885.873714107674,724.4769775599649,257.4401382168021,300.97024417320705,541.5103577834163,51.87731519644316,780.8597827919018,51.87731519644316,10.95,0,1.396339035594065,0.3431578090676091,2
2014-11-30 23:22:00.210000+00:00,4.2444,-71.446,15.54,4.3,mb,,104.0,2.927,1.12,us,usc000t6u5,2015-02-24T00:35:14.040Z,"61 km S of Orocué, Colombia",earthquake,5.7,5.4,0.177,10.0,reviewed,us,us,177827941003.89227,1791,11.0,2016.7501972576688,-6008.605385611156,470.3740782247423,295.7040171091809,509.0055433385981,571.1019009702759,369.5991776181546,730.415363484967,295.7040171091809,11.25,7,0.734816299515504,-0.5637244760053164,2
2014-12-03 20:15:32.010000+00:00,6.6982,-72.9049,167.62,4.3,mb,,151.0,2.318,0.29,us,usc000t7df,2015-02-28T02:16:06.040Z,"9 km SE of Cepitá, Colombia",earthquake,9.9,11.1,0.129,19.0,reviewed,us,us,177827941003.89227,1794,11.0,1811.0899097485624,-5888.831684788863,723.5593627572703,255.93486480186783,299.97215105966427,540.0653475447594,52.63590717668385,779.3646317490726,52.63590717668385,11.25,0,1.2016494711240668,0.3405239208189553,2
2014-12-21 20:06:19.820000+00:00,6.1883,-77.9047,55.85,4.4,mb,,122.0,3.808,1.4,us,usc000tcv5,2015-03-06T02:59:08.040Z,"55 km W of Bahía Solano, Colombia",earthquake,10.6,5.0,0.19,8.0,reviewed,us,us,251188643150.95825,1812,8.0,1315.5554617424366,-6138.974887787195,680.7500838764871,454.920105615632,256.91730864764133,340.19405372339344,538.1946671340128,557.4698666180165,256.91730864764133,11.4,2,-1.5988847054976045,0.021430613721407487,1
2014-12-23 19:08:44.360000+00:00,6.7649,-72.9786,160.03,4.1,mb,,94.0,2.328,1.15,us,usc000td75,2015-03-06T02:59:12.040Z,"1 km NNW of Cepitá, Colombia",earthquake,11.0,5.1,0.37,2.0,reviewed,us,us,89125093813.3744,1814,9.0,1805.472114210526,-5897.554012263265,731.6252169968186,258.44543193574293,293.30323832473573,539.0477413316308,42.49636117437447,780.1429807707809,42.49636117437447,10.95,0,1.3750390925429596,0.009350053285661377,3
2015-01-14 18:51:06.200000+00:00,6.723,-72.911,167.08,4.0,mb,,77.0,2.334,1.05,us,usc000tfrv,2015-04-10T18:56:33.040Z,"7 km ESE of Cepitá, Colombia",earthquake,9.9,5.9,0.163,12.0,reviewed,us,us,63095734448.019424,1836,4.0,1810.52833444054,-5889.237167792545,726.289266118401,257.9812773081144,299.7780347909052,541.4056845408945,49.879273732537065,781.0990006558645,49.879273732537065,10.8,0,1.650267299621872,-0.8943876814038988,3
2015-01-25 10:15:46.630000+00:00,6.7651,-73.0564,165.9,4.5,mb,,66.0,2.285,1.12,us,usc000tiwy,2022-07-27T20:48:55.995Z,"5 km NE of Jordán, Colombia",earthquake,9.7,7.0,0.09,45.0,reviewed,us,us,354813389233.57605,1846,3.0,1795.7628343947729,-5894.421621519472,730.955265642304,254.5501275708707,284.8866718204406,532.8065819864497,40.05936684680914,774.9154751346966,40.05936684680914,11.55,0,1.17218922506315,-1.0461613063297626,0
2015-02-09 13:55:48.670000+00:00,6.4165,-73.2849,138.92,4.3,mb,,167.0,1.871,0.27,us,usb000tp3j,2015-05-04T22:47:50.040Z,"1 km NNE of Palmas del Socorro, Colombia",earthquake,15.0,13.4,0.533,1.0,reviewed,us,us,177827941003.89227,1861,4.0,1781.1986833238816,-5931.364629995126,696.4667996165024,208.69550126081924,254.5019002130797,487.9149829155221,80.17385248093328,728.7975633184315,80.17385248093328,11.25,0,1.0284424874716611,-0.9641107263239421,3
2015-02-13 04:45:27.570000+00:00,6.7625,-73.0108,166.02,4.3,mwr,,46.0,2.308,0.76,us,usb000tny3,2022-07-27T21:10:04.459Z,northern Colombia,earthquake,8.3,6.0,,,reviewed,us,car,177827941003.89227,1865,5.0,1800.4283303434613,-5892.908312212546,730.6615164034158,256.56004166653304,289.76416384384527,536.267709174092,41.55254093164482,777.7535760530957,41.55254093164482,11.25,0,1.316678181635962,-0.6964628600956697,3
2015-02-20 17:54:57.310000+00:00,6.7741,-73.0392,166.14,4.4,mb,,80.0,2.302,1.22,us,usc000tss4,2015-05-12T20:29:35.040Z,"7 km WNW of Cepitá, Colombia",earthquake,4.9,6.4,0.107,26.0,reviewed,us,us,251188643150.95825,1873,5.0,1797.4291989263231,-5893.544418633942,731.8948558609932,256.29079327041546,286.9487953691375,534.8726303617232,39.47549548846744,776.864167784916,39.47549548846744,11.4,0,1.2183715563293147,-0.6903590044870664,3
2015-02-21 02:14:10.990000+00:00,6.7199,-72.9878,172.73,4.3,mb,,68.0,2.286,0.65,us,usc000tt1p,2015-05-12T20:29:36.040Z,"4 km SSW of Cepitá, Colombia",earthquake,6.9,6.8,0.13,19.0,reviewed,us,us,177827941003.89227,1873,6.0,1801.0025012171773,-5886.330646490199,725.2947702139836,253.55374447429165,291.3698227709134,534.903508914179,46.8412053701105,775.5731628469564,46.8412053701105,11.25,0,1.3238623510234946,-0.5325330811007245,3
2015-02-23 06:51:49.980000+00:00,5.0445,-78.2416,33.96,4.4,mb,,156.0,3.911,1.26,us,usc000ttd7,2015-05-12T20:29:41.040Z,"97 km W of Pizarro, Colombia",earthquake,7.1,5.9,0.241,5.0,reviewed,us,us,251188643150.95825,1875,9.0,1286.3935452660637,-6180.030908260004,557.2123304888657,463.4328447924031,323.1980931080062,259.44028112131195,611.1743948768809,439.1180492515595,259.44028112131195,11.4,2,-2.086353584310862,-0.13180550711694933,1
2015-02-24 04:29:58+00:00,6.842,-73.117,152.5,4.7,mwr,,,,0.51,us,usc000tsl9,2022-07-27T22:54:54.686Z,"12 km N of Jordán, Colombia",earthquake,7.5,5.9,,,reviewed,rsnc,rsnc,707945784384.1403,1876,10.0,1793.1048429946954,-5908.104704978798,740.8212112489512,259.44492245013623,280.21851759008155,533.9637768431822,30.840770366738862,777.7204268630647,30.840770366738862,11.850000000000001,0,0.7362517211761571,0.22177143745763625,0
2015-03-02 06:13:45.910000+00:00,6.7569,-72.9547,165.22,4.4,mb,,81.0,2.335,0.59,us,usc000tvif,2015-05-19T00:29:35.040Z,"2 km E of Cepitá, Colombia",earthquake,8.0,9.0,0.178,9.0,reviewed,us,us,251188643150.95825,1882,11.0,1806.451186088316,-5891.970429637774,730.1533927567355,258.912095776256,295.7216908994027,540.3793371266142,44.35908629531368,781.0659124708317,44.35908629531368,11.4,0,1.0908458153325309,0.3620967545793268,2
2015-03-14 08:05:57+00:00,6.811,-73.157,151.2,4.5,mb,,,,1.94,us,us10001mbq,2015-06-04T00:46:19.040Z,"10 km NW of Jordán, Colombia",earthquake,8.6,6.5,0.127,18.0,reviewed,rsnc,us,354813389233.57605,1894,11.0,1789.4696647494443,-5910.973304105504,737.6347043717259,254.5094839254025,275.12598014654986,528.4009961375025,34.489804951066354,772.3215588623739,34.489804951066354,11.55,0,0.8566200193097308,0.3915808401354529,2
2015-03-22 22:27:37+00:00,6.804,-73.147,154.6,5.1,mwr,,,,0.58,us,us10001pn4,2022-07-28T03:36:45.011Z,"9 km NW of Jordán, Colombia",earthquake,6.5,4.5,,,reviewed,rsnc,rsnc,2818382931264.449,1903,10.0,1789.548634301848,-5907.51603831396,736.4773605018132,254.23909821417527,276.0267387710419,528.6372233244142,35.162203063703934,772.3533901849421,35.162203063703934,12.45,0,0.3721465442112947,0.21450137319132428,0
2015-03-24 20:52:27.540000+00:00,6.8316,-73.0317,160.71,4.3,mb,,55.0,2.353,1.43,us,us10001qei,2015-06-09T21:30:05.040Z,"10 km NW of Cepitá, Colombia",earthquake,8.5,7.7,0.129,17.0,reviewed,us,us,177827941003.89227,1905,8.0,1799.558835608198,-5897.760327697662,738.7238985710673,262.38951035940795,289.1207137556379,539.890690486601,33.5304126963449,782.4505744669989,33.5304126963449,11.25,0,1.2166751308462023,-0.142725376373584,3
2015-03-25 08:04:50.150000+00:00,6.7571,-72.9683,173.35,4.3,mb,,52.0,2.328,0.66,us,us10001qkp,2015-06-09T21:30:06.040Z,"0 km ENE of Cepitá, Colombia",earthquake,9.8,7.7,0.065,67.0,reviewed,us,us,177827941003.89227,1905,8.0,1802.6870999628904,-5884.6771684219975,729.2183250441896,258.2166738458017,294.2517524131511,539.2913669600318,43.73230821548635,780.15815924097,43.73230821548635,11.25,0,1.2898510402289112,-0.16782338057263818,3
2015-04-06 22:20:35.630000+00:00,6.6213,-72.8412,170.25,4.2,mb,,176.0,2.298,0.83,us,us200026fv,2015-06-16T01:00:30.040Z,"6 km SSW of Molagavita, Colombia",earthquake,13.7,7.8,0.141,14.0,reviewed,us,us,125892541179.41711,1918,6.0,1817.1499802310325,-5885.240946807698,714.9863704046302,252.3279203904916,305.64492775468005,539.7302986867032,63.49919835127089,777.1650592253827,63.49919835127089,11.100000000000001,0,1.4480658455047766,-0.5743780125135441,3
2015-04-07 14:00:20.320000+00:00,5.4632,-76.5652,89.71,4.5,mb,,57.0,2.317,0.77,us,us10001vc2,2015-06-16T01:00:31.040Z,"4 km SSW of Lloró, Colombia",earthquake,8.1,7.1,0.093,34.0,reviewed,us,us,354813389233.57605,1918,7.0,1452.7575662267654,-6081.650493023128,598.0190620560833,288.51569893518626,139.24384180536944,223.7099893982628,422.69106841065,479.16677427519966,139.24384180536944,11.55,3,-1.0696026946777917,-0.4800133722944396,1
2015-04-15 05:56:58.480000+00:00,7.1046,-72.0262,56.73,4.4,mb,,45.0,2.241,0.74,us,us200026md,2015-06-22T23:19:02.040Z,"14 km NE of Cubará, Colombia",earthquake,5.7,7.7,0.084,41.0,reviewed,us,us,251188643150.95825,1926,7.0,1933.51015079285,-5960.004330808985,780.9561488452151,349.33718060680565,404.102799280303,643.2773945139286,120.99817354568582,876.59349488558,120.99817354568582,11.4,11,1.187775851943287,-0.3298633217462578,3
2015-04-27 06:36:47.230000+00:00,6.7933,-72.9588,160.71,4.3,mb,,167.0,2.362,0.51,us,us20002bwh,2015-07-03T00:23:44.040Z,"4 km NNE of Cepitá, Colombia",earthquake,7.2,13.0,0.266,4.0,reviewed,us,us,177827941003.89227,1938,5.0,1807.2056743059395,-5895.936704738408,734.6018707945325,262.26026087086547,296.07490474303887,542.8001244453875,40.51298312769845,783.9779344952179,40.51298312769845,11.25,0,1.3211912893143356,-0.6919443415632509,3
2015-04-27 22:28:00.350000+00:00,6.7256,-72.9039,170.99,4.3,mb,,70.0,2.34,0.85,us,us20002bwe,2015-07-03T00:23:45.040Z,"8 km ESE of Cepitá, Colombia",earthquake,9.3,3.4,0.087,38.0,reviewed,us,us,177827941003.89227,1939,6.0,1810.10688125336,-5885.269746229436,726.1109368793076,258.6235364281521,300.6006139207028,542.1817023750968,49.99785664833314,781.8136960341757,49.99785664833314,11.25,0,1.354554226392701,-0.5373834270265732,3
2015-05-02 09:51:43.340000+00:00,6.7731,-73.0066,153.92,4.6,mb,,36.0,0.877,0.86,us,us20002aue,2022-07-31T03:34:27.407Z,northern Colombia,earthquake,6.1,5.1,0.031,316.0,reviewed,us,us,501187233627.2715,1943,7.0,1804.33244505022,-5904.137879271534,733.2285160099311,257.8201804153633,290.45229813334964,537.4127208681848,40.57265987887438,778.9699320635317,40.57265987887438,11.7,0,0.9467240383712309,-0.33978941232925775,0
2015-05-04 02:10:29.070000+00:00,6.7844,-73.0325,164.1,4.3,mb,,83.0,0.852,1.42,us,us20002eky,2015-07-09T22:00:09.040Z,"7 km WNW of Cepitá, Colombia",earthquake,3.1,5.7,0.101,28.0,reviewed,us,us,177827941003.89227,1945,8.0,1798.6710977069977,-5895.145789192374,733.24349055476,257.6459969186928,287.90716314297856,536.1978107134217,38.54710294571287,778.2232775091396,38.54710294571287,11.25,0,1.223149979781541,-0.15643368267737826,3
2015-05-07 11:49:43.270000+00:00,6.8609,-73.1039,149.68,4.3,mb,,100.0,0.961,0.81,us,us20002dcu,2015-07-17T07:05:56.040Z,"14 km N of Jordán, Colombia",earthquake,7.9,9.2,0.067,64.0,reviewed,us,us,177827941003.89227,1948,8.0,1795.1982202333977,-5910.139381154578,743.1947172825041,261.95414409483703,282.12290001394564,536.4705718830241,28.80759153025741,780.2699148386324,28.80759153025741,11.25,0,1.1384635328750392,-0.1303744682394158,3
2015-05-16 09:00:56.430000+00:00,5.4487,-72.9153,10.0,4.4,mwr,,74.0,0.471,0.86,us,us100029qy,2022-07-31T07:17:03.193Z,"8 km SSW of Aquitania, Colombia",earthquake,7.8,2.0,,,reviewed,us,rsnc,251188643150.95825,1957,7.0,1860.323112655005,-6052.825482214303,604.0054622093921,152.13306773910213,307.87083422656286,458.3175126370884,187.1711751932875,675.6696128917004,152.13306773910213,11.4,8,0.2475740571376576,-0.7876751940037566,3
2015-05-22 09:45:25.360000+00:00,5.013,-78.3497,35.0,4.4,mb,,68.0,3.041,0.67,us,us20002l9m,2015-07-29T01:35:33.040Z,"109 km W of Pizarro, Colombia",earthquake,5.3,2.0,0.24,5.0,reviewed,us,us,251188643150.95825,1963,8.0,1274.5838503115472,-6181.731367176672,553.6508941463321,475.1227626044806,335.5508499522651,266.0278982295263,623.5801043610012,438.81239046018,266.0278982295263,11.4,2,-2.1046909416725117,-0.30990890563887813,1
2015-06-10 23:46:00.600000+00:00,6.78,-73.06,151.0,4.3,mb,,,,0.75,us,us20002nuh,2015-08-10T13:08:29.040Z,"6 km NE of Jordán, Colombia",earthquake,7.8,6.2,0.116,21.0,reviewed,rsnc,us,177827941003.89227,1983,5.0,1799.6480808660858,-5908.506218775947,734.3167216678221,255.862585243844,284.83510175169835,533.6627666333978,38.35793265878766,775.9919355409241,38.35793265878766,11.25,0,1.2279754982489408,-0.690226272663606,3
2015-06-19 09:07:24.100000+00:00,6.9134,-73.1901,137.98,4.1,mb,,122.0,1.019,0.67,us,us10002n9c,2015-09-01T00:53:50.040Z,"10 km E of Betulia, Colombia",earthquake,9.7,10.0,0.185,8.0,reviewed,us,us,89125093813.3744,1991,5.0,1789.4658582031077,-5923.297769787437,750.2624828395773,263.6143989673268,274.407435045212,533.9412172469465,24.0730676438183,779.3644471207574,24.0730676438183,10.95,0,1.3108207092181448,-0.6428736242732529,3
2015-06-22 00:25:27.760000+00:00,6.8163,-73.033,152.26,4.3,mb,,49.0,0.918,0.87,us,us10002ks8,2015-09-01T00:53:53.040Z,"9 km NW of Cepitá, Colombia",earthquake,6.2,7.8,0.051,110.0,reviewed,us,us,177827941003.89227,1994,5.0,1801.9309780984904,-5906.014695691534,738.0801799565161,260.7990041959689,288.60531206312686,538.6079100852538,35.11659379385738,781.009341471292,35.11659379385738,11.25,0,1.2528684658159919,-0.680931066737528,3
2015-07-01 05:55:25.260000+00:00,6.8576,-73.0132,143.7,4.6,mb,,41.0,0.96,0.95,us,us10002mr1,2022-07-31T16:15:46.150Z,"12 km NNW of Cepitá, Colombia",earthquake,7.5,6.8,0.036,237.0,reviewed,us,us,501187233627.2715,2003,6.0,1806.298867441309,-5913.009271998545,743.5529844869704,265.8846598050268,291.7669255303503,543.3679488638071,31.50951532000286,785.9882463012384,31.50951532000286,11.7,0,0.9385911545216407,-0.4927137816433101,0
2015-07-05 08:54:22.470000+00:00,6.8078,-73.0116,156.64,4.5,mb,,60.0,0.911,1.01,us,us10002ni1,2015-09-30T00:20:56.040Z,"7 km NW of Cepitá, Colombia",earthquake,6.1,6.8,0.054,98.0,reviewed,us,us,354813389233.57605,2007,7.0,1802.898007099997,-5901.28657527617,736.6449226459864,261.0068818573764,290.7089190281824,539.66311032626,36.74382476395226,781.6921236817353,36.74382476395226,11.55,0,1.0519973759230892,-0.32874702576171594,0
2015-07-14 23:26:57.360000+00:00,6.8063,-73.011,150.02,4.7,mwr,,42.0,0.91,1.22,us,us20002xih,2015-10-09T20:19:18.040Z,"7 km NW of Cepitá, Colombia",earthquake,7.5,5.2,,,reviewed,us,rsnc,707945784384.1403,2017,5.0,1804.8860927795304,-5907.572627109577,737.267934957629,260.88783292119035,290.738163918858,539.5961553059215,36.92316307836711,781.6000250122755,36.92316307836711,11.850000000000001,0,0.8972501111445383,-0.684342637892361,0
2015-07-19 11:16:21.470000+00:00,2.7567,-78.8985,10.0,4.9,mb,,54.0,0.931,0.82,us,us20002yi3,2025-12-22T17:08:19.964Z,"56 km WNW of Mosquera, Colombia",earthquake,6.6,1.8,0.037,235.0,reviewed,us,us,1412537544622.7554,2021,5.0,1223.3782726977909,-6234.747172334139,305.9318534615516,577.9174034478307,534.3829848102265,273.88090992235453,802.8273718043885,248.48626968723005,248.48626968723005,12.15,5,-3.202081484102156,-1.5002037965037218,4
2015-07-26 10:13:06.320000+00:00,6.8911,-73.1014,147.8,4.2,mb,,58.0,0.991,0.56,us,us2000307a,2015-10-22T20:05:00.040Z,"12 km SSW of Piedecuesta, Colombia",earthquake,7.8,8.1,0.067,61.0,reviewed,us,us,125892541179.41711,2028,5.0,1795.8845083845968,-5911.471237002762,746.6758912896894,265.13292036831973,283.216820080612,539.0367375895589,25.483340038620728,783.1326507545656,25.483340038620728,11.100000000000001,0,1.3038735677243456,-0.6541861909234262,3
2015-07-26 13:09:22.620000+00:00,6.7602,-73.075,155.7,4.2,mb,,33.0,0.861,0.71,us,us2000307f,2015-10-22T20:05:01.040Z,"3 km NE of Jordán, Colombia",earthquake,7.3,6.1,0.039,183.0,reviewed,us,us,125892541179.41711,2028,6.0,1796.8161939779905,-5904.754414672895,731.6289752732672,253.15817457436864,282.76528019366134,530.9441252785197,40.27572891078108,773.236872481614,40.27572891078108,11.100000000000001,0,1.3013381174108343,-0.5173404286476501,3
2015-07-29 06:54:00.190000+00:00,8.3075,-77.2832,25.91,4.4,mb,,91.0,2.609,1.41,us,us1000333k,2015-10-22T20:05:13.040Z,"22 km S of Acandí, Colombia",earthquake,5.9,7.8,0.309,3.0,reviewed,us,us,251188643150.95825,2031,7.0,1382.1025008161666,-6124.498630564474,916.7749503294576,534.5453220440158,296.4387005743303,546.3032863467956,477.0894250356129,788.8057244037734,296.4387005743303,11.4,1,-1.0367394628251445,0.4482820889172329,1
2015-08-04 15:55:47.120000+00:00,6.804,-73.0847,157.01,4.1,mb,,98.0,2.302,0.91,us,us100033zv,2015-10-30T02:47:48.040Z,"7 km N of Jordán, Colombia",earthquake,9.1,8.8,0.131,16.0,reviewed,us,us,89125093813.3744,2038,6.0,1795.2747847746205,-5903.277203567293,736.1918398727016,257.0908743670456,282.7362437726266,533.5509527384656,35.30975119207614,776.4729122270569,35.30975119207614,10.95,0,1.3996740582945773,-0.5034321141283492,3
2015-08-10 16:59:43.010000+00:00,5.2914,-72.5448,10.0,4.4,mb,,73.0,0.802,1.34,us,us100030uq,2015-11-06T18:06:25.040Z,"13 km N of Aguazul, Colombia",earthquake,6.1,2.0,0.239,5.0,reviewed,us,us,251188643150.95825,2044,8.0,1899.9144540698455,-6042.228452937764,586.61860669928,181.0723468252934,352.2299732834972,487.0901787509536,213.05527527993863,694.226955216929,181.0723468252934,11.4,8,0.3648492740380658,-0.687699681564988,3
2015-08-10 19:17:26.970000+00:00,6.828,-73.0643,141.86,4.0,mwr,,103.0,0.929,0.72,us,us100035b6,2015-11-06T18:06:30.040Z,"11 km NNE of Jordán, Colombia",earthquake,6.0,7.8,,,reviewed,us,car,63095734448.019424,2044,9.0,1801.668398297899,-5916.73229506791,740.5775250945063,260.4660830262583,285.5233355039441,537.025985207167,33.026197403555834,779.9597234412533,33.026197403555834,10.8,0,1.352199763553556,0.03126893216516631,3
2015-08-12 20:16:42.500000+00:00,6.8306,-73.0128,159.89,4.2,mb,,37.0,0.934,0.83,us,us100031p4,2015-11-06T18:06:27.040Z,"9 km NNW of Cepitá, Colombia",earthquake,7.8,5.0,0.072,53.0,reviewed,us,us,125892541179.41711,2046,10.0,1801.7458512604408,-5897.957378209964,738.7138041111976,263.2137993199951,291.1303757372896,541.3181525272013,34.31720528807983,783.6257887661712,34.31720528807983,11.100000000000001,0,1.2568114184511157,0.2097079682714214,2
2015-08-22 10:00:19+00:00,6.0298,-77.513,13.09,4.5,mb,,51.0,1.964,0.71,us,us1000346t,2015-11-24T02:09:28.040Z,"24 km SSW of Bahía Solano, Colombia",earthquake,6.9,4.2,0.057,88.0,reviewed,us,us,354813389233.57605,2055,10.0,1367.089535180967,-6173.170489135803,667.8711574559261,408.17397589067,214.90153862624268,306.59847366307724,499.86229126263135,536.1546042888239,214.90153862624268,11.55,2,-1.8213894972360516,0.2889429658391806,1
2015-08-24 02:15:50.620000+00:00,3.8666,-71.2033,10.0,4.4,mb,,52.0,2.749,1.11,us,us100034e9,2015-11-24T02:09:31.040Z,"103 km S of Orocué, Colombia",earthquake,7.2,1.8,0.081,44.0,reviewed,us,us,251188643150.95825,2057,11.0,2044.9199108762548,-6008.04703274555,428.9456963524019,331.6674080032754,552.262808056913,593.112194471141,419.44792303640565,736.7350911714467,331.6674080032754,11.4,7,0.6735669096532386,-0.700935736842702,2
2015-08-24 07:04:46.460000+00:00,6.8097,-73.0025,154.29,4.1,mb,,28.0,0.914,0.68,us,us20003hab,2015-11-24T02:09:32.040Z,"6 km NNW of Cepitá, Colombia",earthquake,6.5,3.9,0.077,46.0,reviewed,us,us,89125093813.3744,2057,12.0,1804.510243067229,-5903.208283536907,737.1281896296537,261.6492534347386,291.73560039860973,540.5369051131445,36.893890141758696,782.4711642684139,36.893890141758696,10.95,0,1.2670873237109401,0.555835184205187,2
2015-08-30 15:13:11.790000+00:00,6.7752,-73.0271,153.24,4.3,mb,,39.0,0.878,0.75,us,us1000365x,2015-12-01T00:36:04.040Z,"6 km WNW of Cepitá, Colombia",earthquake,7.1,4.0,0.046,137.0,reviewed,us,us,177827941003.89227,2064,10.0,1802.4091459869744,-5905.403209692235,733.5350155371965,256.9996141817689,288.28193658214394,535.9264224104977,39.6905817672362,777.7742034579708,39.6905817672362,11.25,0,1.1206505938977476,0.19307409392722882,2
2015-09-01 11:32:27.140000+00:00,6.9407,-73.1794,143.25,4.2,mb,,106.0,1.045,1.01,us,us20003jcl,2015-12-01T00:36:08.040Z,"12 km ENE of Betulia, Colombia",earthquake,4.8,10.4,0.372,2.0,reviewed,us,us,125892541179.41711,2065,12.0,1788.954518778013,-5917.61306618594,752.5738443163995,266.8715706215492,276.3733769186214,536.9459795792268,20.8218820619286,782.5182901023098,20.8218820619286,11.100000000000001,0,1.0728017424647085,0.6075697709210086,2
2015-09-05 23:14:53.500000+00:00,3.9474,-76.358,134.76,4.6,mb,,33.0,1.474,1.07,us,us20003guc,2022-08-01T03:41:48.041Z,"8 km NW of Guadalajara de Buga, Colombia",earthquake,6.3,4.7,0.046,138.0,reviewed,us,us,501187233627.2715,2070,12.0,1467.3561503109693,-6045.928463901395,429.30673781282974,267.2975752371788,269.49268639195105,58.413585527932,502.57210192744833,320.8101090123584,58.413585527932,11.7,14,-1.2430349284395674,-0.061956811814052805,1
2015-09-07 15:55:45.700000+00:00,6.8311,-73.0622,145.22,4.2,mb,,68.0,0.932,0.71,us,us20003las,2015-12-05T01:40:34.040Z,"11 km NNE of Jordán, Colombia",earthquake,7.9,6.3,0.071,56.0,reviewed,us,us,125892541179.41711,2072,13.0,1800.9016493948477,-5913.436485983797,740.5125143051444,260.8769199471038,285.8269077338044,537.4324993700521,32.73468012617215,780.3745440803401,32.73468012617215,11.100000000000001,0,1.0874537331831624,0.7429748330254742,2
2015-09-07 17:35:31.490000+00:00,6.841,-73.0673,151.89,4.4,mb,,27.0,0.942,0.92,us,us20003h4k,2015-12-05T01:40:34.040Z,"12 km NNE of Jordán, Colombia",earthquake,7.5,6.8,0.04,178.0,reviewed,us,us,251188643150.95825,2072,14.0,1798.4091890333807,-5907.138860670321,740.7861106006462,261.631486892418,285.5295356635212,537.797423047414,31.54385022243817,780.915419057176,31.54385022243817,11.4,0,0.915148213603302,0.9258082738642959,2
2015-09-20 14:29:21.790000+00:00,6.8915,-73.1521,143.17,4.2,mb,,67.0,0.994,0.91,us,us10003kf5,2015-12-21T23:16:27.040Z,"14 km E of Betulia, Colombia",earthquake,6.7,7.8,0.264,4.0,reviewed,us,us,125892541179.41711,2084,12.0,1791.9835681109646,-5917.452332699467,747.2745752064174,262.9525708349936,277.8149851324744,535.1273077600712,25.537178378908248,779.8555254668064,25.537178378908248,11.100000000000001,0,1.0752987122763384,0.5904581454280589,2
2015-09-23 18:47:23.230000+00:00,6.5415,-73.4908,136.56,4.4,mb,,68.0,0.761,0.7,us,us20003nfc,2022-08-01T07:30:46.287Z,"17 km S of El Carmen de Chucurí, Colombia",earthquake,5.5,5.7,0.044,146.0,reviewed,us,us,251188643150.95825,2088,10.0,1760.102383739434,-5938.5043233235,710.245108552578,213.4642216492017,233.34960434903516,481.15328604721776,76.0229159886923,726.4077940978012,76.0229159886923,11.4,0,0.7022797413997103,0.1538083115697829,2
2015-10-07 14:35:47.480000+00:00,6.8568,-73.024,146.92,4.1,mb,,75.0,0.959,0.63,us,us10003nvi,2016-01-04T22:29:33.040Z,"12 km NNW of Cepitá, Colombia",earthquake,9.7,7.4,0.151,12.0,reviewed,us,us,89125093813.3744,2101,7.0,1804.2538677417265,-5910.30190697105,743.0822266703663,265.2805095435186,290.5864208509099,542.4491733786281,31.15516925511218,785.1970069472586,31.15516925511218,10.95,0,1.363723602796565,-0.3163285976501578,3
2015-10-17 05:53:45+00:00,6.828,-73.141,150.0,4.1,mb,,,,1.14,us,us10003paz,2016-01-15T20:50:53.040Z,"11 km NNW of Jordán, Colombia",earthquake,5.1,6.3,0.185,8.0,reviewed,rsnc,us,89125093813.3744,2111,8.0,1791.4022504531408,-5911.403925441401,739.6097669361941,256.9487004163351,277.27877239758914,530.9864938871885,32.45399572696184,774.8918445332347,32.45399572696184,10.95,0,1.293632652174596,-0.13843572278050334,3
2015-10-29 00:34:23.010000+00:00,6.8083,-73.0203,154.83,4.5,mb,,37.0,0.911,0.83,us,us200040cm,2016-01-30T02:10:53.040Z,"7 km NW of Cepitá, Colombia",earthquake,6.8,6.0,0.063,73.0,reviewed,us,us,354813389233.57605,2123,5.0,1802.5248881988052,-5903.273009292268,736.9133423173332,260.6254081908251,289.78236055092094,539.0060038673599,36.38174911631806,781.1524868800882,36.38174911631806,11.55,0,1.0924171625481283,-0.6830024547286012,0
2015-10-29 22:40:25.090000+00:00,6.8498,-73.0719,146.37,4.5,mb,,31.0,0.95,0.74,us,us200040ls,2016-01-30T02:10:55.040Z,"13 km NNE of Jordán, Colombia",earthquake,5.7,4.4,0.048,128.0,reviewed,us,us,354813389233.57605,2124,6.0,1799.497571942895,-5912.417440756358,742.3928419049263,262.30218407476707,285.26230487869753,538.1187334907329,30.48703014644381,781.3931194853142,30.48703014644381,11.55,0,1.0113908930568338,-0.49063931966120333,0
2015-11-02 14:31:15.970000+00:00,6.9812,-73.175,148.57,4.0,mb,,56.0,1.258,0.87,us,us20004205,2016-01-30T02:11:03.040Z,"9 km S of Girón, Colombia",earthquake,7.7,7.3,0.15,12.0,reviewed,us,us,63095734448.019424,2127,7.0,1787.7260753395185,-5911.910482412594,756.2969207865707,271.2367543061019,278.1228214803384,540.5345617955152,16.404810035984315,786.4615722400978,16.404810035984315,10.8,0,1.4155518553849016,-0.2671189109011302,3
2015-11-28 17:45:03.440000+00:00,6.7085,-72.9931,167.26,4.8,mb,,34.0,2.274,1.21,us,us100041x9,2022-08-01T20:51:13.456Z,"3 km ENE of Aratoca, Colombia",earthquake,7.2,5.6,0.032,306.0,reviewed,us,us,1000000000000.0,2154,6.0,1802.089115838718,-5891.830082155071,724.7089686130521,252.16015815838503,290.5693229154416,533.6147024691226,47.86671491908329,774.2142626949388,47.86671491908329,12.0,0,0.8523821107939274,-0.5345137207051495,0
2015-11-30 21:51:48.400000+00:00,6.8172,-73.0172,144.58,4.4,mb,,80.0,1.445,0.9,us,us100042a9,2016-02-25T22:33:03.040Z,"8 km NW of Cepitá, Colombia",earthquake,7.2,7.2,0.07,58.0,reviewed,us,us,251188643150.95825,2156,6.0,1805.78352768852,-5912.79964196537,739.0888048827347,261.66364982198,290.3297984395842,539.9369842480063,35.552969684481475,782.1466371079562,35.552969684481475,11.4,0,1.1098021297115117,-0.5054579758699451,3
2015-12-09 18:10:22.120000+00:00,6.9051,-73.0808,153.83,4.0,mb,,97.0,1.347,1.29,us,us20004gi6,2016-03-02T03:36:42.040Z,"9 km SSW of Piedecuesta, Colombia",earthquake,8.1,7.2,0.233,5.0,reviewed,us,us,63095734448.019424,2165,6.0,1796.2145009116875,-5904.923286185624,747.4605406824788,267.4824981393281,285.81083087378835,541.7455370920113,24.262692944300767,785.7366358772074,24.262692944300767,10.8,0,1.4941359307287656,-0.47386522139024995,3
2015-12-12 01:33:18.550000+00:00,5.5999,-77.5719,38.15,4.5,mb,,57.0,2.109,0.77,us,us20004gnc,2016-03-05T01:42:03.040Z,"35 km WSW of Nuquí, Colombia",earthquake,7.2,5.7,0.073,56.0,reviewed,us,us,354813389233.57605,2167,7.0,1356.4154281615704,-6154.936495249375,617.9668665815456,399.985968837656,231.53594433324864,265.2348258994977,519.8855323047088,488.80070687696366,231.53594433324864,11.55,2,-1.722663095060553,-0.367481742441342,1
2016-01-01 05:28:57+00:00,6.816,-73.152,150.8,4.3,mb,,,,0.88,us,us10004apg,2016-03-28T22:09:31.040Z,"11 km NW of Jordán, Colombia",earthquake,7.4,6.0,0.079,45.0,reviewed,rsnc,us,177827941003.89227,2187,4.0,1790.081938139467,-5911.1356157339305,738.2211234777162,255.23957146733483,275.7900074814422,529.1844738400882,33.88011876542208,773.0968278474322,33.88011876542208,11.25,0,1.2188530480276243,-0.8497332544272562,3
2016-01-04 21:05:55.280000+00:00,6.8216,-73.0316,147.44,4.4,mb,,41.0,1.437,1.11,us,us10004bcw,2016-03-28T22:09:37.040Z,"9 km NW of Cepitá, Colombia",earthquake,7.5,7.3,0.062,75.0,reviewed,us,us,251188643150.95825,2191,5.0,1803.4520865544755,-5910.482866381248,739.2238709051722,261.3960430728019,288.8851006649261,539.1276056992061,34.59614475216859,781.5719452364059,34.59614475216859,11.4,0,1.1437815689283564,-0.6798734222595184,3
2016-01-08 14:55:19.370000+00:00,5.2702,-72.5096,35.0,4.5,mb,,61.0,1.853,0.93,us,us10004cd2,2016-03-30T02:27:49.040Z,"11 km NNE of Aguazul, Colombia",earthquake,7.6,2.0,0.105,27.0,reviewed,us,us,354813389233.57605,2194,7.0,1896.2093917558216,-6017.523310898248,581.9786468704879,183.91299161504847,356.6603796594779,489.66244098277735,216.4920400186932,695.6643691725227,183.91299161504847,11.55,8,0.431957910174434,-0.8673021414593989,0
2016-01-10 10:33:51.930000+00:00,5.9528,-76.4526,45.07,4.4,mb,,53.0,0.942,1.06,us,us10004d9z,2016-03-30T02:27:52.040Z,"36 km NE of Quibdó, Colombia",earthquake,5.9,6.4,0.126,18.0,reviewed,us,us,251188643150.95825,2196,7.0,1473.8566678477096,-6116.7578316475965,656.0567936685419,297.5307364902758,101.64942462512752,278.25988673427344,390.0526305799583,534.931429124521,101.64942462512752,11.4,2,-1.0629199588237623,-0.346957546401797,1
2016-01-14 17:35:13.800000+00:00,6.9293,-76.2439,8.28,4.6,mb,,45.0,0.977,0.85,us,us10004ekg,2016-03-30T02:28:00.040Z,"8 km SSE of Dabeiba, Colombia",earthquake,5.2,2.8,0.072,57.0,reviewed,us,us,501187233627.2715,2201,7.0,1501.9355729809652,-6135.074885303094,767.6271782171209,344.3177442724263,105.649771658255,388.0160260361132,345.10318897464,645.8758609690552,105.649771658255,11.7,1,-1.1417775194278994,-0.06504678496529852,1
2016-01-24 09:28:53.530000+00:00,6.8158,-73.0647,149.32,4.4,mb,,42.0,1.437,0.77,us,us10004gq7,2016-04-08T23:06:10.040Z,"9 km NNE of Jordán, Colombia",earthquake,6.5,5.9,0.074,53.0,reviewed,us,us,251188643150.95825,2210,9.0,1799.5153066409491,-5909.809534712257,738.3752074582645,259.22222863039343,285.17824604486174,536.0496738575127,34.34946795568498,778.8502980238854,34.34946795568498,11.4,0,1.0312145879905448,0.03063160339376383,3
2016-02-02 01:14:53.850000+00:00,6.8618,-73.1043,149.3,4.0,mb,,47.0,1.385,0.94,us,us20004y3a,2016-04-14T22:51:39.040Z,"14 km N of Jordán, Colombia",earthquake,6.3,7.0,0.183,8.0,reviewed,us,us,63095734448.019424,2219,8.0,1795.2632150624452,-5910.501736043003,743.3371421342409,262.02735622703096,282.10414007997923,536.5097491502579,28.704619706576374,780.3239471293015,28.704619706576374,10.8,0,1.4015904146989804,-0.13141385415131798,3
2016-02-06 12:05:31.140000+00:00,6.8302,-73.0439,145.4,4.3,mwr,,49.0,1.427,1.02,us,us20004ybp,2016-04-19T01:33:21.040Z,"11 km NW of Cepitá, Colombia",earthquake,5.9,5.9,,,reviewed,us,rsnc,177827941003.89227,2223,7.0,1802.74155071004,-5912.701157291931,740.3940072030739,261.6601855067774,287.77307102996554,538.813465769248,33.30221666056157,781.5126894231591,33.30221666056157,11.25,0,1.1660304697912216,-0.32239395200563986,3
2016-02-10 23:41:42.030000+00:00,6.7957,-73.0323,154.39,4.4,mb,,42.0,1.463,0.99,us,us20004zeh,2016-04-19T01:33:29.040Z,"7 km NW of Cepitá, Colombia",earthquake,6.9,7.0,0.095,32.0,reviewed,us,us,251188643150.95825,2228,6.0,1801.4632238294828,-5904.2231481657,735.6080219479582,258.78026699008865,288.19037794933985,537.0802359884383,37.34050566667466,779.2347643415134,37.34050566667466,11.4,0,1.1445569056724594,-0.5090934804758862,3
2016-02-11 07:14:37+00:00,6.818,-73.135,154.2,4.8,mb,,,,1.53,us,us20004zge,2016-04-19T01:33:29.040Z,"10 km NNW of Jordán, Colombia",earthquake,6.6,2.9,0.083,45.0,reviewed,rsnc,us,1000000000000.0,2228,7.0,1790.8488270288756,-5907.348803913443,738.0330803098988,256.1986432777895,277.66827497722744,530.6739192421012,33.530525940493185,774.393085143518,33.530525940493185,12.0,0,0.722214971749111,-0.31556313103739864,0
2016-02-17 15:27:41.650000+00:00,6.878,-73.0318,156.03,4.0,mb,,96.0,1.383,1.02,us,us10004qn4,2022-08-02T10:31:13.712Z,"12 km S of Piedecuesta, Colombia",earthquake,8.0,6.6,0.082,40.0,reviewed,us,us,63095734448.019424,2235,9.0,1800.729346436797,-5901.633386262565,744.2777008162756,267.0287752681828,290.3061787134566,543.4758647198034,28.64555135846751,786.55927966294,28.64555135846751,10.8,0,1.4422508615093776,0.04667758723036162,3
2016-02-28 05:28:13.270000+00:00,6.7738,-72.9644,154.62,4.3,mwr,,47.0,2.344,0.88,us,us10004t9s,2022-08-02T12:21:18.916Z,"2 km NNE of Cepitá, Colombia",earthquake,7.8,5.4,,,reviewed,us,rsnc,177827941003.89227,2245,8.0,1808.4742545874087,-5902.134155317389,733.221376891319,260.05647467223264,295.0347133125302,540.8698809423836,42.20466651542231,781.887143922957,42.20466651542231,11.25,0,1.2076900226559428,-0.16651573258471944,3
2016-02-28 14:29:50.620000+00:00,6.6966,-72.9795,164.92,4.1,mb,,69.0,2.272,0.71,us,us10004udb,2016-05-06T23:34:17.040Z,"4 km E of Aratoca, Colombia",earthquake,9.3,8.4,0.105,25.0,reviewed,us,us,89125093813.3744,2245,9.0,1804.2118751268035,-5893.768204756543,723.7021657092445,251.7151653610687,291.8204953738358,533.8294973815723,49.58904672573421,774.1013480783968,49.58904672573421,10.95,0,1.384494461279186,-0.010485261981164118,3
2016-03-06 04:59:16.100000+00:00,6.8753,-73.239,159.5,4.2,mb,,80.0,1.358,0.57,us,us10004whl,2016-05-16T18:01:45.040Z,"5 km ESE of Betulia, Colombia",earthquake,6.7,9.6,0.199,7.0,reviewed,us,us,125892541179.41711,2252,9.0,1778.3920396384683,-5904.841688115592,743.5715444008987,257.7011572001301,268.081880560983,527.1441468170319,30.01458553317767,772.7741687743455,30.01458553317767,11.100000000000001,0,1.188347803103494,0.06284573739509872,3
2016-03-09 05:23:56.300000+00:00,6.8552,-73.0687,145.04,4.5,mb,,41.0,1.398,1.32,us,us10004w84,2016-05-16T18:01:49.040Z,"13 km NNE of Jordán, Colombia",earthquake,6.4,8.2,0.093,34.0,reviewed,us,us,354813389233.57605,2255,9.0,1800.1919561705852,-5913.513220918228,743.1340582721499,262.9956947030452,285.7465144291187,538.7913849024287,29.96525906592101,782.0854724029041,29.96525906592101,11.55,0,0.9286836033937488,0.04262073430418107,0
2016-03-09 06:27:17.070000+00:00,6.8264,-73.0422,148.86,5.0,mb,,24.0,1.431,1.33,us,us10004w8b,2022-08-02T13:36:12.096Z,"10 km NW of Cepitá, Colombia",earthquake,6.6,5.6,0.025,518.0,reviewed,us,us,1995262314968.8828,2255,10.0,1801.9292869530093,-5909.408526307999,739.5727777706239,261.3618231197107,287.86173147900104,538.6548870856394,33.75917919294595,781.2892510288978,33.75917919294595,12.3,0,0.48507424892296,0.21201521923717676,0
2016-03-13 13:17:49.310000+00:00,3.5663,-74.4325,52.64,4.5,mb,,82.0,1.275,1.14,us,us10004x75,2016-05-21T00:05:28.040Z,"44 km SSE of Villarrica, Colombia",earthquake,8.1,6.8,0.089,37.0,reviewed,us,us,354813389233.57605,2259,9.0,1692.3963078124243,-6074.783939508065,393.02406440032655,133.41284598801587,323.81918112425683,233.3647765662041,420.83938649694574,410.5858414927819,133.41284598801587,11.55,9,-0.705299363680095,-0.8868581753332802,1
2016-03-17 02:20:24.970000+00:00,6.8131,-73.1316,153.54,4.0,mwr,,94.0,1.429,0.66,us,us20005bh3,2016-05-21T00:05:34.040Z,"9 km NNW of Jordán, Colombia",earthquake,8.0,6.8,,,reviewed,us,rsnc,63095734448.019424,2263,9.0,1791.407844255404,-5907.930045089655,737.5834661020754,255.85339878916804,277.91062548232566,530.5579985452234,34.06205434309254,774.1796804647889,34.06205434309254,10.8,0,1.3734916004313558,0.033890062450676585,3
2016-03-23 04:38:01.890000+00:00,6.8819,-73.0951,158.41,4.3,mwr,,71.0,1.367,0.98,us,us20005byt,2016-06-09T21:41:57.040Z,"12 km SSW of Piedecuesta, Colombia",earthquake,7.7,8.5,,,reviewed,us,rsnc,177827941003.89227,2269,9.0,1793.5063476175878,-5901.309981410838,744.4125149782461,264.4822913652758,283.6349992796044,538.806023269974,26.57284308764058,782.7241102092056,26.57284308764058,11.25,0,1.1607205847715802,0.05430860784717842,3
2016-03-24 21:27:00.730000+00:00,6.9559,-73.1948,154.53,4.6,mb,,155.0,1.281,1.06,us,us20005dep,2016-06-09T21:41:59.040Z,"11 km ENE of Betulia, Colombia",earthquake,6.2,9.2,0.244,5.0,reviewed,us,us,501187233627.2715,2271,10.0,1784.0688736981538,-5907.183567634146,752.8478020652844,267.82008550254324,275.218158407248,536.9903872263505,19.8351090340047,782.902104449131,19.8351090340047,11.7,0,0.8208015928887384,0.26231612749668437,0
2016-03-30 22:15:02.090000+00:00,3.2542,-79.3272,10.0,4.2,mb,,140.0,2.953,0.68,us,us20005fm3,2016-06-10T23:32:58.040Z,"127 km NW of Mosquera, Colombia",earthquake,4.3,1.9,0.159,11.0,reviewed,us,us,125892541179.41711,2277,9.0,1176.158353646532,-6240.880364659722,361.0883564340088,605.0019056080012,531.7996836926801,311.0551866617051,810.3132339080393,321.1930107331694,311.0551866617051,11.100000000000001,10,-2.7818662414010644,-0.6041294503103771,4
2016-04-01 14:02:44.530000+00:00,6.9231,-73.0895,155.6,4.3,mb,,96.0,1.328,0.72,us,us20005g2g,2016-06-17T21:44:51.040Z,"8 km SSW of Piedecuesta, Colombia",earthquake,7.8,6.0,0.1,28.0,reviewed,us,us,177827941003.89227,2278,10.0,1794.7383628448013,-5903.2898840605085,749.1861675725402,268.9181793791989,285.4001935901836,542.4846013672994,22.12198109029982,786.775716082736,22.12198109029982,11.25,0,1.131673728964501,0.2433248263261109,2
2016-04-08 09:11:45.090000+00:00,7.2689,-76.7914,43.53,4.5,mb,,36.0,1.607,0.82,us,us20005gb1,2016-06-21T01:14:03.040Z,"32 km N of Murindó, Colombia",earthquake,6.5,6.5,0.052,110.0,reviewed,us,us,354813389233.57605,2285,9.0,1434.1883407183354,-6110.567482557592,800.5906852801648,413.902851616952,175.61339999447898,425.4343920268665,405.0698586796978,675.5027900289157,175.61339999447898,11.55,2,-1.099260380548609,0.44296819573425295,1
2016-04-08 10:47:27.080000+00:00,6.8417,-73.0933,149.89,4.3,mb,,49.0,1.407,1.28,us,us20005ieh,2016-06-21T01:14:03.040Z,"12 km N of Jordán, Colombia",earthquake,7.7,5.0,0.065,67.0,reviewed,us,us,177827941003.89227,2285,10.0,1796.3032836786188,-5909.845617801226,741.099803603436,260.4932968216588,282.75484553230365,535.802054100186,31.037799009499,779.2565211757156,31.037799009499,11.25,0,1.0878979104062665,0.21772963834583833,2
2016-04-11 19:33:10.800000+00:00,6.9378,-73.142,153.56,4.1,mb,,89.0,1.305,1.11,us,us20005jt6,2016-06-21T01:14:08.040Z,"11 km WSW of Piedecuesta, Colombia",earthquake,5.9,9.0,0.174,9.0,reviewed,us,us,89125093813.3744,2289,13.0,1789.8599069919314,-5906.685811214127,751.0155754340545,268.1320832032131,280.2532598109224,539.58593289084,20.29396134167064,784.6741237658705,20.29396134167064,10.95,0,1.1990299069037405,0.7826248417000383,2
2016-04-20 05:35:25.010000+00:00,6.8362,-72.9767,150.63,4.2,mb,,46.0,1.435,0.97,us,us20005k29,2016-06-27T23:02:24.040Z,"9 km N of Cepitá, Colombia",earthquake,7.4,6.7,0.121,19.0,reviewed,us,us,125892541179.41711,2297,11.0,1808.1321263447303,-5905.543258004595,740.4187858344425,265.56953591769195,295.1550763652313,544.6315730860056,35.364003534493555,786.5431763748759,35.364003534493555,11.100000000000001,0,1.2047473388706482,0.38438810721625505,2
2016-04-26 01:50:15.110000+00:00,6.587,-73.5013,127.42,4.3,mwr,,38.0,1.619,0.84,us,us10005bk0,2022-08-02T20:11:02.155Z,"12 km S of El Carmen de Chucurí, Colombia",earthquake,6.2,6.9,,,reviewed,us,rsnc,177827941003.89227,2303,10.0,1761.431899524906,-5946.989927073646,716.2120405443294,217.9534608171149,232.96501478835455,483.962708299107,72.45945279326665,729.8625132515665,72.45945279326665,11.25,0,0.7515674941491084,0.1663741908416665,2
2016-04-30 16:11:46.330000+00:00,6.6808,-72.9867,170.93,4.4,mwr,,49.0,2.255,0.95,us,us10005cqm,2016-07-19T20:03:07.040Z,"3 km ESE of Aratoca, Colombia",earthquake,9.4,7.8,,,reviewed,us,rsnc,251188643150.95825,2308,10.0,1801.783004995591,-5888.477534101707,721.3032220838425,249.79246659571265,290.742887165871,532.0588247461558,51.01790011525788,772.2292681726608,51.01790011525788,11.4,0,1.1150136146042595,0.1650209483197388,2
2016-05-06 13:56:40.820000+00:00,7.3933,-73.0789,139.94,4.2,mb,,85.0,0.874,0.8,us,us10005h5l,2016-07-20T18:10:45.040Z,"10 km NW of Matanza, Colombia",earthquake,4.5,6.1,0.121,19.0,reviewed,us,us,125892541179.41711,2313,9.0,1798.5005697444335,-5911.734460206404,801.8105114283833,317.83138838872003,304.3866587414218,581.5143764056724,30.848092067745856,830.101106340594,30.848092067745856,11.100000000000001,0,1.269033971484568,0.20588893594960167,3
2016-05-11 14:46:09.380000+00:00,6.8225,-72.9845,157.13,4.4,mb,,47.0,1.447,0.71,us,us10005gje,2016-07-20T18:10:53.040Z,northern Colombia,earthquake,7.6,7.1,0.127,18.0,reviewed,us,us,251188643150.95825,2318,6.0,1805.4912818096589,-5899.787023032449,738.1698253567652,263.8209892886496,293.9820959322569,542.958221577627,36.35718962588557,784.8105807830132,36.35718962588557,11.4,0,1.1838856777175935,-0.5039867435157197,3
2016-05-13 13:25:24.320000+00:00,6.9191,-73.0666,146.5,4.2,mb,,109.0,1.336,1.19,us,us10005iv2,2016-07-22T19:39:04.040Z,"7 km SSW of Piedecuesta, Colombia",earthquake,7.3,5.2,0.121,19.0,reviewed,us,us,125892541179.41711,2320,6.0,1799.74404055818,-5911.264172090153,749.8516694911286,269.5469012895122,287.72519693616783,543.9546989868236,23.106147477741924,787.9206574519228,23.106147477741924,11.100000000000001,0,1.2924887703510095,-0.4711055385828869,3
2016-05-15 13:35:32.310000+00:00,6.9476,-73.1265,150.37,4.2,mb,,52.0,1.298,1.2,us,us10005ix9,2016-07-22T19:39:07.040Z,"9 km WSW of Piedecuesta, Colombia",earthquake,7.5,7.3,0.118,20.0,reviewed,us,us,125892541179.41711,2322,7.0,1792.3395714313567,-5909.108628639046,752.4570901551954,269.7983793468027,282.1971164679892,541.5605151210511,19.096773995355107,786.5613472901161,19.096773995355107,11.100000000000001,0,1.262679390298581,-0.2798585921733047,3
2016-05-20 17:27:30.610000+00:00,6.8685,-73.1168,153.34,4.2,mb,,41.0,1.377,1.33,us,us20005y4r,2016-08-03T22:33:39.040Z,"15 km SSW of Piedecuesta, Colombia",earthquake,5.8,6.6,0.159,11.0,reviewed,us,us,125892541179.41711,2328,7.0,1792.7835612614808,-5906.971916848702,743.5763253569663,262.1467762244859,280.9463889460891,536.0577035815437,27.89528884043289,780.1012381779829,27.89528884043289,11.100000000000001,0,1.2657847769708848,-0.3042168508318664,3
2016-05-22 13:57:56.860000+00:00,6.8835,-73.072,151.55,4.3,mb,,54.0,1.37,1.36,us,us20005yjl,2016-08-03T22:33:42.040Z,"11 km SSW of Piedecuesta, Colombia",earthquake,5.3,6.6,0.133,16.0,reviewed,us,us,177827941003.89227,2329,8.0,1797.8624124785106,-5907.081983208875,745.4069304387032,265.6983856475967,286.15013676755285,540.7407430916365,26.81018609538368,784.3880668493564,26.81018609538368,11.25,0,1.1658081922349104,-0.1255256455233028,3
2016-05-30 23:43:26.640000+00:00,6.935,-73.1317,156.58,4.4,mb,,80.0,1.309,1.24,us,us200061r3,2016-08-10T22:30:28.040Z,"10 km WSW of Piedecuesta, Colombia",earthquake,6.9,10.4,0.239,5.0,reviewed,us,us,251188643150.95825,2338,7.0,1790.0624537991778,-5903.530152038986,750.3493132301879,268.2843888917383,281.26279094308825,540.1571901984324,20.517280250666825,785.0907485124472,20.517280250666825,11.4,0,1.1102448570290664,-0.28137392620637497,3
2016-05-31 06:30:21.980000+00:00,6.8562,-73.0544,149.25,4.4,mb,,42.0,1.399,1.11,us,us20005zbf,2016-08-10T22:30:29.040Z,"14 km NW of Cepitá, Colombia",earthquake,7.2,6.5,0.081,44.0,reviewed,us,us,251188643150.95825,2338,8.0,1800.445739530975,-5909.052922320755,742.739363920688,263.76775031251253,287.307196784736,539.9972400353229,30.21095744502593,783.1221976679334,30.21095744502593,11.4,0,1.0695278475507481,-0.13517297021757502,3
2016-06-06 07:24:07.130000+00:00,6.8371,-73.0254,150.45,4.2,mb,,56.0,1.424,1.2,us,us200063kd,2016-08-18T00:36:32.040Z,northern Colombia,earthquake,7.6,7.4,0.083,40.0,reviewed,us,us,125892541179.41711,2344,8.0,1803.1606888001409,-5907.237801674364,740.5372288651217,263.2447913937848,289.9356450166216,540.8159051510141,33.16599482584635,783.3582891030052,33.16599482584635,11.100000000000001,0,1.2611342252123634,-0.14381343891656942,3
2016-06-12 07:00:36.660000+00:00,6.8819,-73.0507,151.7,4.2,mb,,90.0,1.375,1.31,us,us2000652r,2016-08-25T01:22:52.040Z,"11 km S of Piedecuesta, Colombia",earthquake,8.1,10.0,0.166,10.0,reviewed,us,us,125892541179.41711,2350,8.0,1800.020930077313,-5906.290668985711,745.2165287592142,266.526978788118,288.38652051314085,542.2894802936058,27.567764507351495,785.6529640267361,27.567764507351495,11.100000000000001,0,1.2640815948461235,-0.12800824920428908,3
2016-06-15 02:54:36.270000+00:00,5.7368,-77.5702,9.44,4.6,mb,,47.0,2.071,1.25,us,us200064h0,2022-08-03T01:53:15.567Z,"33 km W of Nuquí, Colombia",earthquake,6.5,4.0,0.073,56.0,reviewed,us,us,501187233627.2715,2353,7.0,1362.425044338569,-6181.333375163318,635.8941242464113,403.7947980375601,227.0788795613564,278.94058316590923,514.9001057027015,503.97886076275705,227.0788795613564,11.7,2,-1.9282351203374628,-0.32992997856752776,1
2016-06-23 05:35:36.950000+00:00,6.7846,-72.9697,141.92,4.5,mwr,,28.0,2.001,0.98,us,us20006664,2016-08-27T02:15:35.040Z,"3 km N of Cepitá, Colombia",earthquake,2.8,7.4,,,reviewed,us,rsnc,354813389233.57605,2361,6.0,1811.5812705892013,-5914.227235515799,735.885285308485,260.8410609475864,294.7004227901024,541.2602194046291,40.86925335336879,782.4755369126211,40.86925335336879,11.55,0,1.0243674737526394,-0.519053144120499,0
2016-06-23 22:28:55.450000+00:00,6.8285,-73.0238,148.57,4.4,mb,,38.0,1.935,1.0,us,us200066cn,2022-08-03T02:34:47.529Z,"9 km NNW of Cepitá, Colombia",earthquake,5.7,5.7,0.032,278.0,reviewed,us,us,251188643150.95825,2362,7.0,1803.90310116833,-5909.079015488185,739.8336942938444,262.4648984265851,289.8943562088617,540.2801691175647,34.12826317091654,782.7040018273713,34.12826317091654,11.4,0,1.1012032085010217,-0.3234162825910594,3
2016-06-28 03:29:09.800000+00:00,6.8513,-73.0154,146.71,4.4,mwr,,30.0,1.936,0.7,us,us200067eh,2016-08-31T03:08:20.040Z,"11 km NNW of Cepitá, Colombia",earthquake,5.4,6.4,,,reviewed,us,rsnc,251188643150.95825,2366,8.0,1805.2227082487425,-5910.29862356985,742.5140792950754,265.1488815439098,291.36930350662544,542.7066434090457,32.06715655923813,785.2834500608759,32.06715655923813,11.4,0,1.07434175323809,-0.1400530330123782,3
2016-07-04 02:08:28.920000+00:00,6.8989,-73.0952,143.49,4.4,mb,,107.0,1.845,1.11,us,us100062ke,2016-09-02T21:36:36.040Z,"11 km SSW of Piedecuesta, Colombia",earthquake,8.1,9.2,0.218,6.0,reviewed,us,us,251188643150.95825,2372,7.0,1797.7388039673942,-5915.273461405059,748.0346713935772,266.20350729693394,284.0981857695124,540.134053042152,24.694575280251645,784.2369409182028,24.694575280251645,11.4,0,1.0588294841318677,-0.29745861636281173,3
2016-07-13 02:15:43.930000+00:00,5.3471,-73.6464,148.76,4.2,mb,,69.0,2.086,0.96,us,us20006ftf,2016-09-08T01:50:29.040Z,"6 km SE of Guachetá, Colombia",earthquake,8.3,7.2,0.056,89.0,reviewed,us,us,125892541179.41711,2381,8.0,1744.3379859123518,-5944.521470009824,579.8448939979401,85.00771995527899,236.14162184826705,383.0957166000848,205.38575755785223,611.5501242167977,85.00771995527899,11.100000000000001,0,0.7013588702100407,-0.5521314960877604,3
2016-07-13 10:33:24.280000+00:00,6.8015,-73.0183,136.67,4.2,mwr,,42.0,1.95,1.0,us,us10006381,2016-09-08T01:50:30.040Z,"7 km NW of Cepitá, Colombia",earthquake,7.1,6.4,,,reviewed,us,rsnc,125892541179.41711,2381,9.0,1808.0230774856752,-5920.539648476057,738.3314777267996,260.04848674529387,289.83737298658787,538.644299429747,37.169074385540256,780.6861610077709,37.169074385540256,11.100000000000001,0,1.1671508923089489,0.019607830399391193,3
2016-07-26 04:32:20.400000+00:00,6.8164,-73.0401,157.27,4.9,mwr,,66.0,2.336,0.67,us,us20006hnk,2016-09-24T22:47:20.040Z,"9 km NW of Cepitá, Colombia",earthquake,7.7,8.4,,,reviewed,us,rsnc,1412537544622.7554,2394,7.0,1799.7476260256572,-5901.478472378944,737.4963291860425,260.4637482321664,287.8427293576078,538.0503362577172,34.89302204612692,780.5436822902988,34.89302204612692,12.15,0,0.6905350576472716,-0.32217360474977796,0
2016-08-07 08:20:13.240000+00:00,6.9284,-76.2137,27.77,4.6,mwr,,48.0,2.797,0.8,us,us10006bxf,2016-10-26T03:10:21.040Z,"5 km NW of Uramita, Colombia",earthquake,7.1,6.5,,,reviewed,us,rsnc,501187233627.2715,2406,7.0,1500.5613949420067,-6115.503792526455,765.1769053651875,341.92335900208195,103.29271449829078,388.205560067439,341.78316768992903,646.3820016415868,103.29271449829078,11.7,1,-1.0340353984170956,-0.0650330038161576,1
2016-08-13 09:29:44+00:00,6.8,-73.14,145.0,4.2,mwr,,,,0.97,us,us10006djk,2016-11-15T02:21:47.040Z,"8 km NNW of Jordán, Colombia",earthquake,8.7,7.5,,,reviewed,rsnc,rsnc,125892541179.41711,2412,4.0,1793.0500095847542,-5916.469279085223,737.1831066762749,254.1453784771742,276.6815669371961,528.8748302555877,35.55585098465289,772.4573809932356,35.55585098465289,11.100000000000001,0,1.2824778638747292,-0.8570046913492819,3
2016-08-20 16:13:41.170000+00:00,3.9611,-78.807,10.0,4.7,mb,,140.0,3.71,1.4,us,us10006ffm,2016-11-19T04:58:32.040Z,"163 km WSW of Santa Genoveva de Docordó, Colombia",earthquake,6.3,1.9,0.096,33.0,reviewed,us,us,707945784384.1403,2420,5.0,1231.8127320805536,-6225.10039375085,439.41265435492846,531.5661423622965,438.26316360565664,258.71765942589906,720.4173978382843,349.3703883006941,258.71765942589906,11.850000000000001,13,-2.7894219742239383,-1.1351234143013245,4
2016-08-26 04:55:15.530000+00:00,6.721,-72.927,170.88,4.5,mwr,,63.0,2.323,0.94,us,us20006u4m,2016-11-29T01:28:40.040Z,"6 km SE of Cepitá, Colombia",earthquake,8.8,8.5,,,reviewed,us,rsnc,354813389233.57605,2425,7.0,1807.783145996715,-5886.159188370845,725.6294650906162,256.91104019395897,297.99950655391336,539.945414087036,49.27644878299231,779.8253869075669,49.27644878299231,11.55,0,1.139855903562939,-0.3588685023958238,0
2016-09-13 08:12:14.630000+00:00,6.7882,-72.9375,156.04,4.2,mb,,63.0,2.371,1.26,us,us10006p84,2016-12-07T02:56:13.040Z,"5 km NE of Cepitá, Colombia",earthquake,5.5,12.0,0.136,15.0,reviewed,us,us,125892541179.41711,2443,6.0,1810.7772138273383,-5899.760100972358,734.6049512890187,262.87696305408923,298.2637889294502,544.1363279076286,42.110946233056566,784.9771436609061,42.110946233056566,11.100000000000001,0,1.370091764257947,-0.5190197685750253,3
2016-09-14 12:02:51.430000+00:00,7.3321,-76.1716,10.0,4.7,mwr,,52.0,3.08,0.87,us,us10006pgh,2017-06-28T03:01:49.820Z,"30 km ENE of Mutatá, Colombia",earthquake,7.2,1.9,,,reviewed,us,rsnc,707945784384.1403,2444,10.0,1507.941162788499,-6126.126593099434,811.7927167005031,372.60700665358985,137.4154215333603,433.33179361088105,337.16034405789,691.3697431566502,137.4154215333603,11.850000000000001,1,-1.1890611254782206,0.5875978724767744,1
2016-09-14 14:43:58.500000+00:00,7.2557,-76.3188,10.0,4.3,mb,,89.0,3.111,1.08,us,us10006rdm,2016-12-07T02:56:15.040Z,"12 km E of Mutatá, Colombia",earthquake,8.5,2.0,0.201,7.0,reviewed,us,us,177827941003.89227,2444,11.0,1492.4521191353638,-6131.026767100307,803.3793955460375,376.54642886337547,138.86707744959278,423.6543976973989,352.922708191496,680.2646859622366,138.86707744959278,11.25,2,-0.9407727778029854,0.7511399573170175,1
2016-09-14 15:59:34.140000+00:00,7.3934,-76.2278,10.0,4.8,mb,,83.0,3.162,1.49,us,us10006pht,2016-12-07T02:56:15.040Z,"28 km NE of Mutatá, Colombia",earthquake,6.9,1.9,0.059,88.0,reviewed,us,us,1000000000000.0,2445,12.0,1501.7238508011442,-6126.755684725084,818.5421526249296,381.8016692937,146.37425745225667,439.5992857658511,343.858485937048,697.007139162605,146.37425745225667,12.0,15,-1.3417754746598762,0.966343794287312,1
2016-09-16 02:37:40.600000+00:00,6.807,-73.149,152.0,4.2,mwr,,,,0.93,us,us10006q02,2016-12-12T23:01:25.040Z,"10 km NW of Jordán, Colombia",earthquake,10.2,8.5,,,reviewed,rsnc,rsnc,125892541179.41711,2446,13.0,1790.079626202389,-5910.012407990422,737.108722817995,254.455506063762,275.8861682198496,528.7148712823895,34.84729297804267,772.4897391202309,34.84729297804267,11.100000000000001,0,1.0754284353629622,0.7433553975330223,2
2016-09-22 04:32:52.630000+00:00,6.817,-73.1,151.4,4.2,mwr,,,,0.86,us,us10006rid,2016-12-12T23:01:36.040Z,"9 km N of Jordán, Colombia",earthquake,7.9,7.3,,,reviewed,rsnc,rsnc,125892541179.41711,2452,13.0,1795.269042670896,-5908.926196269112,738.257699907143,257.6886752867434,281.40783532556264,533.3502908194762,33.70747144539374,776.6140686737845,33.70747144539374,11.100000000000001,0,1.0965412491679138,0.7426260102127621,2
2016-10-28 11:55:37.090000+00:00,6.5538,-72.7878,175.03,4.3,mb,,115.0,2.282,0.68,us,us100073qa,2017-01-24T02:02:07.040Z,"8 km NW of Covarachía, Colombia",earthquake,10.4,8.8,0.16,11.0,reviewed,us,us,177827941003.89227,2488,4.0,1821.477043877316,-5879.809222155821,707.1839439490401,249.36697608817877,310.58977646895977,539.4106859831328,72.9457407990781,775.1814455232322,72.9457407990781,11.25,0,1.4460671001365564,-0.9522561752483308,3
2016-10-30 12:56:35.090000+00:00,6.7163,-72.9182,165.14,4.3,mb,,73.0,2.324,0.59,us,us1000743i,2017-01-24T02:02:10.040Z,"7 km SE of Cepitá, Colombia",earthquake,9.9,9.4,0.083,41.0,reviewed,us,us,177827941003.89227,2490,5.0,1810.379130067712,-5891.387475728866,725.7956708608319,256.9391434825283,298.8654255945136,540.3162882772251,50.17619571538479,780.0209219385745,50.17619571538479,11.25,0,1.345517543050963,-0.7176198049409828,3
2016-11-06 21:31:00.930000+00:00,6.7389,-73.0345,148.47,4.4,mwr,,91.0,2.547,0.87,us,us100075wy,2017-02-02T02:21:02.040Z,"5 km NNW of Aratoca, Colombia",earthquake,9.4,11.5,,,reviewed,us,rsnc,251188643150.95825,2498,8.0,1803.163918296467,-5910.610165509698,730.1828237004434,253.03050513939556,286.6900955894962,532.563625650736,43.40451616895147,774.0771139185941,43.40451616895147,11.4,0,1.052608596584779,-0.17264716873865638,3
2016-11-14 05:48:49.680000+00:00,6.7653,-73.0234,145.03,4.2,mb,,63.0,3.167,0.83,us,us100077kl,2017-02-09T03:02:25.040Z,"5 km WNW of Cepitá, Colombia",earthquake,8.0,9.2,0.054,97.0,reviewed,us,us,125892541179.41711,2505,7.0,1805.2079505916847,-5913.205504246319,733.4353145108389,256.20251899467564,288.4616739666747,535.467539092256,40.86052736086861,777.1504934921718,40.86052736086861,11.100000000000001,0,1.2495300126767492,-0.3442653481781244,3
2016-11-24 08:37:28.870000+00:00,7.5507,-73.2753,153.02,4.4,mb,,66.0,2.882,0.85,us,us10007c1n,2017-02-15T23:21:39.040Z,"11 km NW of El Playón, Colombia",earthquake,4.3,13.1,0.138,15.0,reviewed,us,us,251188643150.95825,2515,7.0,1773.8536191062722,-5903.314744457127,817.0640404880565,327.81598925097416,293.08215746558994,581.0571670072526,50.83603396705057,832.8121057244385,50.83603396705057,11.4,0,1.1485522476849532,-0.0831691012299323,3
2016-11-26 19:32:38.630000+00:00,5.5127,-73.9445,124.03,4.3,mb,,52.0,0.762,0.56,us,us10007cl9,2017-02-23T00:11:49.040Z,"8 km ESE of Maripí, Colombia",earthquake,8.4,6.6,0.089,36.0,reviewed,us,us,177827941003.89227,2518,9.0,1719.723446478101,-5975.53653086635,600.1238345668553,90.25817071162952,198.4678647357492,367.1397020901288,200.40706316306475,604.6752677974168,90.25817071162952,11.25,0,0.36612814982122655,-0.3070777677566213,3
2016-11-29 13:19:36.570000+00:00,6.6168,-72.8662,169.5,4.2,mb,,149.0,2.279,0.6,us,us10007gkw,2022-08-07T11:34:43.878Z,"8 km SW of Molagavita, Colombia",earthquake,12.2,13.7,0.093,32.0,reviewed,us,us,125892541179.41711,2520,8.0,1814.8179057290893,-5886.798852879263,714.5890320908121,250.4224050446178,302.84139496941464,537.3097183473815,62.64107009942189,775.0247492609819,62.64107009942189,11.100000000000001,0,1.3798196069281452,-0.21930464443182884,3
2016-12-10 23:50:14.830000+00:00,6.764,-72.9395,152.16,4.4,mb,,72.0,0.877,0.6,us,us20007zve,2017-03-09T02:14:26.040Z,"4 km ENE of Cepitá, Colombia",earthquake,8.6,6.1,0.134,16.0,reviewed,us,us,251188643150.95825,2532,8.0,1811.7925361049763,-5903.802845522625,732.4552634210884,260.4106120682278,297.5199650598662,542.1487322621614,44.38195903937191,782.7229669768635,44.38195903937191,11.4,0,1.117323424278045,-0.1714035562496797,3
2016-12-12 22:36:09.010000+00:00,6.7664,-72.9778,156.38,4.2,mwr,,70.0,0.874,0.88,us,us200080bv,2017-03-09T02:14:29.040Z,"1 km NNW of Cepitá, Colombia",earthquake,7.9,7.6,,,reviewed,us,rsnc,125892541179.41711,2534,9.0,1806.6099183264805,-5900.97627500785,732.2167364919075,258.63417248147726,293.42241698734614,539.226037110992,42.374979020578365,780.328867715527,42.374979020578365,11.100000000000001,0,1.270410564759738,0.009493385495079021,3
2016-12-13 20:32:19.120000+00:00,6.7816,-72.9809,152.5,4.3,mb,,65.0,0.888,0.99,us,us200080jj,2017-03-09T02:14:30.040Z,"3 km NNW of Cepitá, Colombia",earthquake,7.7,8.1,0.074,52.0,reviewed,us,us,177827941003.89227,2535,10.0,1807.3614170513792,-5904.572189056639,734.3120742388171,259.9687107181897,293.4219279574407,540.1290050815664,40.68184987354272,781.453796332939,40.68184987354272,11.25,0,1.1392212222930154,0.19143292255208894,2
2016-12-16 19:45:20.340000+00:00,3.3938,-74.2744,61.75,4.5,mb,,65.0,1.442,0.99,us,us200081nl,2017-03-16T02:31:23.040Z,"25 km W of Mesetas, Colombia",earthquake,5.5,9.7,0.132,19.0,reviewed,us,us,354813389233.57605,2538,10.0,1707.000591893923,-6062.448711168887,373.497210458802,148.1746946470968,348.4519123390457,250.66822500502604,433.4342647277036,412.7386193547329,148.1746946470968,11.55,9,-0.6450088302244104,-0.771942841266278,1
2016-12-18 12:50:07.350000+00:00,7.128,-76.7766,62.02,4.3,mb,,97.0,3.332,1.16,us,us2000829w,2017-03-16T02:31:28.040Z,"17 km NNE of Murindó, Colombia",earthquake,7.0,16.0,0.218,6.0,reviewed,us,us,177827941003.89227,2539,11.0,1432.01585042855,-6094.234288621084,782.8586589649897,402.10908130305535,164.579110371187,409.6928252230468,403.1589921365313,660.0247686009226,164.579110371187,11.25,2,-0.9066136285831731,0.7542075006730693,1
2016-12-19 10:24:20.130000+00:00,6.8093,-72.9854,158.85,4.6,mb,,64.0,0.915,0.85,us,us200082j5,2017-03-16T02:31:29.040Z,"6 km NNW of Cepitá, Colombia",earthquake,8.2,9.1,0.119,21.0,reviewed,us,us,501187233627.2715,2540,12.0,1804.9485745044303,-5898.344730249522,736.544437920832,262.470658231298,293.5711646995613,541.8770427062608,37.65456488687183,783.5869027374086,37.65456488687183,11.7,0,0.8544000352693202,0.55739927246846,2
2016-12-19 21:02:08.470000+00:00,7.495,-73.3608,123.28,4.5,mb,,36.0,1.615,1.42,us,us10007rdj,2017-03-16T02:31:30.040Z,"17 km W of El Playón, Colombia",earthquake,6.4,8.6,0.097,31.0,reviewed,us,us,354813389233.57605,2541,13.0,1773.7121103006898,-5934.964713869963,814.9505465309594,319.39826744434583,281.8288614332357,570.353329789428,49.34409339292512,822.5459092591607,49.34409339292512,11.55,0,0.7147395017039113,0.9664976846741068,2
2016-12-24 11:46:41.380000+00:00,6.8272,-72.9695,153.23,4.4,mb,,91.0,0.934,0.85,us,us10007ses,2017-03-23T22:52:01.040Z,"8 km N of Cepitá, Colombia",earthquake,9.8,10.2,0.127,18.0,reviewed,us,us,251188643150.95825,2545,16.0,1808.1521752997276,-5902.958766885204,739.1395540166872,265.0455075735821,295.71205590003046,544.5200602070375,36.617868733950246,786.235056212728,36.617868733950246,11.4,0,0.9101192874610865,1.2692435263265942,2
2016-12-26 08:47:55.160000+00:00,6.7446,-72.912,157.41,4.0,mb,,66.0,0.863,0.86,us,us10007t1x,2017-03-23T22:52:03.040Z,"6 km E of Cepitá, Colombia",earthquake,8.8,9.1,0.072,52.0,reviewed,us,us,63095734448.019424,2547,16.0,1813.166734229465,-5898.185777775886,729.7476363962522,260.01100347675634,300.0990343850592,542.9350468275327,47.71645719213198,782.9106845044976,47.71645719213198,10.8,0,1.2930235728284662,1.2388075635837854,2
2016-12-27 03:00:31.440000+00:00,6.7541,-72.8891,155.6,4.4,mwr,,67.0,0.876,0.71,us,us10007myt,2017-03-23T22:52:04.040Z,"7 km SW of San Andrés, Colombia",earthquake,9.2,9.2,,,reviewed,us,rsnc,251188643150.95825,2548,16.0,1816.0171999855572,-5899.06277611382,730.9836200797599,262.18509624856136,302.7787716405883,545.5182083320552,48.1030670646056,785.310741338281,48.1030670646056,11.4,0,0.943531759242172,1.241356720779227,2
2017-01-10 10:05:43.180000+00:00,6.828,-72.9816,140.32,4.3,mb,,91.0,0.934,1.03,us,us10007vkb,2017-04-01T00:26:07.040Z,"8 km N of Cepitá, Colombia",earthquake,9.9,11.8,0.154,12.0,reviewed,us,us,177827941003.89227,2562,16.0,1810.6541833571969,-5915.58774786855,740.7606144758087,264.5112843817376,294.4273856722436,543.6114204578422,35.9404592760263,785.4905711321514,35.9404592760263,11.25,0,0.9331190775992796,1.267603409222716,2
2017-01-10 13:32:16.260000+00:00,6.7894,-73.0015,153.52,4.1,mb,,68.0,0.894,0.72,us,us10007vk7,2017-04-01T00:26:07.040Z,"4 km NW of Cepitá, Colombia",earthquake,9.3,9.0,0.093,32.0,reviewed,us,us,89125093813.3744,2562,17.0,1804.9130392673392,-5904.1573703910935,735.0321195289768,259.6894744101037,291.3711957315043,539.0653728878775,39.0463737318804,780.749101517213,39.0463737318804,10.95,0,1.1284672395101196,1.4362371952175423,2
2017-01-24 14:52:13.780000+00:00,6.8107,-72.9933,152.04,4.3,mb,,74.0,0.916,0.86,us,us20008ih4,2017-04-19T18:30:58.040Z,"6 km NNW of Cepitá, Colombia",earthquake,8.6,8.5,0.074,52.0,reviewed,us,us,177827941003.89227,2576,11.0,1806.1077805716736,-5905.042578755104,737.5027522984059,262.2100488376658,292.7517709423381,541.350425596354,37.16840032514693,783.1781805854648,37.16840032514693,11.25,0,1.1106831188094632,0.37852578360117345,2
2017-01-28 15:49:35.240000+00:00,6.6236,-76.9979,10.0,4.4,mb,,102.0,3.196,1.24,us,us10007vy1,2017-05-15T02:07:49.638Z,"11 km WNW of Vigía del Fuerte, Colombia",earthquake,2.6,1.9,0.131,17.0,reviewed,us,us,251188643150.95825,2581,10.0,1421.5884432534729,-6156.546547038561,733.717869590039,387.3357844156836,162.1225303953858,356.4645890268039,431.341114072556,602.3837498711755,162.1225303953858,11.4,2,-1.4172793745430472,0.4314498025110967,1
2017-02-01 00:18:25.480000+00:00,6.8088,-72.9613,156.06,4.7,mb,,43.0,0.917,0.94,us,us10007wjr,2017-04-27T01:38:40.040Z,"6 km NNE of Cepitá, Colombia",earthquake,6.6,7.0,0.036,231.0,reviewed,us,us,707945784384.1403,2584,9.0,1808.2430388016369,-5900.239873752643,736.8213816148472,263.65329412189385,296.1607730184061,543.7762211605137,38.85100307446131,785.170066537718,38.85100307446131,11.850000000000001,0,0.842870751880031,0.023266619845786308,0
2017-02-24 10:54:15.260000+00:00,6.8171,-73.0117,152.26,4.4,mb,,42.0,0.92,0.84,us,us20008m02,2017-05-17T01:19:38.040Z,"8 km NNW of Cepitá, Colombia",earthquake,7.8,8.3,0.038,200.0,reviewed,us,us,251188643150.95825,2607,6.0,1804.123433585138,-5905.33455407868,738.1663961420405,261.92563960293955,290.920209215897,540.3684762608062,35.7668412595692,782.5065622197576,35.7668412595692,11.4,0,1.1479766127778224,-0.5044929792483343,3
2017-02-28 09:24:38.470000+00:00,6.8309,-73.0154,153.64,4.2,mb,,81.0,0.934,0.94,us,us20008mwt,2017-05-24T02:48:10.040Z,"9 km NNW of Cepitá, Colombia",earthquake,7.0,5.7,0.055,92.0,reviewed,us,us,125892541179.41711,2611,6.0,1803.289835471947,-5903.970398658857,739.489466215387,263.115742969077,290.8578509853495,541.1340257692881,34.18553002961353,783.4782541504484,34.18553002961353,11.100000000000001,0,1.3319501267865488,-0.5006003324934022,3
2017-03-02 19:28:24.220000+00:00,6.8048,-73.0026,154.71,4.2,mb,,54.0,0.909,0.62,us,us1000886z,2017-05-24T02:48:13.040Z,"6 km NNW of Cepitá, Colombia",earthquake,8.7,8.7,0.132,16.0,reviewed,us,us,125892541179.41711,2614,7.0,1804.3964488199028,-5902.872873574307,736.5505128684151,261.1586473465772,291.6092373228665,540.1538576826229,37.398922226027565,782.0322821722648,37.398922226027565,11.100000000000001,0,1.3114080801864791,-0.33196688075912817,3
2017-03-03 22:59:02.720000+00:00,7.4887,-76.3631,10.0,4.5,mb,,100.0,1.486,1.25,us,us10008889,2017-05-24T02:48:15.040Z,"28 km NNE of Mutatá, Colombia",earthquake,4.3,1.9,0.163,11.0,reviewed,us,us,354813389233.57605,2615,7.0,1486.9287189339727,-6128.95323696582,829.0332948052072,399.4355432793318,163.0962520779067,449.2940005464372,359.7435428346855,705.1363026977943,163.0962520779067,11.55,1,-0.9838817231654214,0.11875361603564079,1
2017-03-07 17:11:13.900000+00:00,7.2863,-71.9714,39.39,4.4,mb,,38.0,1.77,1.07,us,us100087hy,2017-05-31T01:58:57.040Z,"34 km NNE of Cubará, Colombia",earthquake,6.0,10.6,0.1,29.0,reviewed,us,us,251188643150.95825,2619,7.0,1943.7566618004128,-5972.122834598942,803.0218429584695,368.7273222391474,415.0918771152925,660.7814197747138,128.35871210815165,895.7161246022489,128.35871210815165,11.4,11,1.1696678144979804,-0.28057064239366336,3
2017-03-21 08:31:20.990000+00:00,6.2863,-77.5221,7.11,5.0,mb,,50.0,3.492,1.09,us,us20008thb,2022-05-03T18:13:09.593Z,"14 km WNW of Bahía Solano, Colombia",earthquake,6.9,4.1,0.044,168.0,reviewed,us,us,1995262314968.8828,2632,9.0,1366.733657128808,-6176.210046752125,696.8245840736628,420.1047638267589,214.58016419765335,333.7433230664592,494.591913606889,564.6915822064883,214.58016419765335,12.3,4,-2.22095955892904,0.19337101338689247,1
2017-03-22 01:50:07.150000+00:00,6.5268,-72.7996,175.11,4.2,mb,,113.0,2.254,0.64,us,us20008vlw,2017-06-12T19:46:53.040Z,"7 km WNW of Covarachía, Colombia",earthquake,10.2,9.2,0.128,17.0,reviewed,us,us,125892541179.41711,2633,11.0,1820.340907029182,-5880.425997152974,704.2740704467462,246.1586454465432,308.98230240869566,536.495273984378,74.9205854015201,772.0473284365529,74.9205854015201,11.100000000000001,0,1.340088934004983,0.2815421243778422,2
2017-03-28 16:56:59.920000+00:00,6.7392,-72.9569,162.2,4.3,mb,,80.0,0.85,0.37,us,us10008eb4,2017-06-16T23:08:00.040Z,"2 km SE of Cepitá, Colombia",earthquake,7.9,12.7,0.53,1.0,reviewed,us,us,177827941003.89227,2640,12.0,1807.169992186411,-5895.122587940254,728.603961351826,257.0685645657824,295.114867154392,538.8680958048176,46.05744833019988,779.3674878658339,46.05744833019988,11.25,0,1.1344509439993662,0.5332380840456329,2
2017-04-01 22:52:44.220000+00:00,6.8604,-73.0279,145.68,4.3,mb,,42.0,0.962,1.23,us,us10008dv4,2017-06-16T23:08:07.040Z,"13 km NNW of Cepitá, Colombia",earthquake,8.4,8.9,0.147,13.0,reviewed,us,us,177827941003.89227,2644,11.0,1804.197301476925,-5911.557540238585,743.6186174321534,265.4524224857671,290.26084531028454,542.4188043353047,30.630749676888797,785.2564220785142,30.630749676888797,11.25,0,1.0749682384459425,0.39514322208653807,2
2017-04-07 00:54:39.930000+00:00,7.7414,-73.2421,118.58,4.2,mb,,72.0,1.843,1.44,us,us10008h72,2017-06-23T07:26:34.040Z,"16 km E of San Alberto, Colombia",earthquake,4.8,20.7,0.304,3.0,reviewed,us,us,125892541179.41711,2649,10.0,1786.319575618621,-5932.32606694618,842.2147384085478,349.2292003019719,307.1792685017632,600.0170142636755,70.41599948381467,852.716202224883,70.41599948381467,11.100000000000001,0,1.1388829081919338,0.4991975007356341,2
2017-04-12 05:07:42.150000+00:00,6.8208,-72.9632,148.07,4.0,mb,,43.0,0.929,0.48,us,us10008gv1,2017-07-05T18:09:57.040Z,"7 km N of Cepitá, Colombia",earthquake,7.2,7.6,0.119,19.0,reviewed,us,us,63095734448.019424,2654,10.0,1810.326514163416,-5907.737462285055,739.0627671116205,264.73646504085013,296.2381322973541,544.5374045620354,37.57135046876343,786.0968248375018,37.57135046876343,10.8,0,1.3989441541641046,0.19998931009634693,2
2017-04-12 11:28:02.910000+00:00,7.1971,-72.8957,165.79,4.8,mb,,28.0,1.308,0.66,us,us10008gwg,2017-07-05T18:09:57.040Z,"7 km E of Tona, Colombia",earthquake,3.6,8.0,0.026,451.0,reviewed,us,us,1000000000000.0,2654,10.0,1810.6477616940876,-5884.031229162258,777.4074359147122,305.5230455266482,314.9186337873931,579.2045763965114,26.496543399533635,823.9901594331004,26.496543399533635,12.0,0,0.8770626746479183,0.3163068943687031,0
2017-04-17 07:49:22.970000+00:00,6.7429,-73.002,152.32,4.4,mb,,28.0,0.848,0.96,us,us10008ibd,2017-07-11T01:48:34.040Z,"3 km WSW of Cepitá, Colombia",earthquake,5.4,6.0,0.037,218.0,reviewed,us,us,251188643150.95825,2659,11.0,1805.3836910863577,-5905.881292971469,730.162189988678,255.0755945778715,290.29834763072364,535.4896586894176,43.92315589855237,776.6257490051794,43.92315589855237,11.4,0,1.0069289385040172,0.35894989639317626,2
2017-04-27 06:13:39.920000+00:00,6.9549,-73.0223,146.22,4.1,mb,,56.0,2.462,0.99,us,us10008nts,2017-07-21T02:32:08.040Z,"4 km SE of Piedecuesta, Colombia",earthquake,5.6,11.0,0.233,5.0,reviewed,us,us,89125093813.3744,2669,8.0,1804.2579745068272,-5909.687441688634,753.746344187594,275.207791743146,293.4887414667284,550.2279892162071,21.376112750030504,794.0323748391666,21.376112750030504,10.95,0,1.3536111435765812,-0.10922967831572292,3
2017-04-30 15:01:19.210000+00:00,6.9336,-73.0095,146.12,4.3,mb,,32.0,1.036,0.81,us,us10008prv,2017-07-29T03:16:08.040Z,"7 km SE of Piedecuesta, Colombia",earthquake,7.1,7.7,0.119,20.0,reviewed,us,us,177827941003.89227,2673,10.0,1805.6889299317347,-5909.646725537587,751.4612977824349,273.6684292266507,294.23067300482364,549.5637898227099,24.133901648132145,792.980702393094,24.133901648132145,11.25,0,1.1255834235046513,0.23885886321461108,2
2017-05-03 16:45:37.940000+00:00,6.892,-76.3217,7.88,4.3,mb,,44.0,1.009,0.75,us,us10008nw5,2017-07-29T03:16:18.040Z,"13 km SSW of Dabeiba, Colombia",earthquake,5.9,1.4,0.187,8.0,reviewed,us,us,177827941003.89227,2676,10.0,1493.8153399570274,-6137.978761115726,763.5630901250521,347.4752068896004,108.99398350032725,383.2630460877551,353.9594663174452,640.3062703754521,108.99398350032725,11.25,2,-0.9986036466420347,0.46027669567529045,1
2017-05-07 02:10:07.670000+00:00,6.8701,-73.0792,151.21,4.3,mb,,42.0,0.97,0.74,us,us10008q7n,2017-08-01T23:02:08.040Z,"13 km SSW of Piedecuesta, Colombia",earthquake,7.8,8.2,0.068,61.0,reviewed,us,us,177827941003.89227,2679,11.0,1797.2690287082564,-5907.797430464944,744.003496724229,264.0126487919514,285.01595213832456,539.1278057733958,28.12260725097581,782.7183985798266,28.12260725097581,11.25,0,1.079453024076622,0.40294967304339874,2
2017-05-24 00:55:46.730000+00:00,6.8156,-73.0095,155.0,4.3,mb,,54.0,0.919,1.06,us,us10008ujp,2017-08-10T01:34:00.040Z,"7 km NNW of Cepitá, Colombia",earthquake,7.3,5.8,0.061,76.0,reviewed,us,us,177827941003.89227,2696,8.0,1803.5608213727637,-5902.681865993596,737.6795730393801,261.8857489090312,291.1213294534126,540.4291473820414,36.00713169348522,782.5216985478385,36.00713169348522,11.25,0,1.1970684143335273,-0.150311998408035,3
2017-05-24 02:15:59.390000+00:00,6.831,-73.0859,150.12,4.4,mb,,42.0,0.931,1.21,us,us10008wmz,2017-08-10T01:34:00.040Z,"10 km N of Jordán, Colombia",earthquake,7.5,8.1,0.076,49.0,reviewed,us,us,251188643150.95825,2696,9.0,1797.040345001485,-5909.527390089925,739.9189135397927,259.75485374778566,283.2759977736866,535.5517213850994,32.3137805211684,778.7933549655115,32.3137805211684,11.4,0,1.028289678066577,0.037009991197978306,3
2017-05-27 12:15:48.070000+00:00,6.7984,-73.0164,155.49,4.7,mb,,39.0,0.901,0.87,us,us10008vse,2017-08-10T01:34:04.040Z,"6 km NW of Cepitá, Colombia",earthquake,7.6,8.0,0.043,168.0,reviewed,us,us,707945784384.1403,2699,9.0,1802.772443687246,-5902.645211813889,735.7686999543354,259.83496851329727,289.9698408309797,538.5588044048776,37.561936330155554,780.5401200016416,37.561936330155554,11.850000000000001,0,0.8134481249625866,0.024108891820298385,0
2017-05-31 21:14:42.710000+00:00,12.0713,-73.8903,10.0,4.4,mb,,30.0,3.816,1.34,us,us10008wyh,2017-08-15T02:26:49.040Z,"97 km NNE of Santa Marta, Colombia",earthquake,7.0,1.9,0.098,30.0,reviewed,us,us,251188643150.95825,2704,7.0,1726.004933677833,-5976.086928488169,1330.2680151280128,818.6719664952049,673.9845536240051,1001.5994291564152,557.0272664351352,1263.9001293215065,557.0272664351352,11.4,17,1.2075842775420274,1.3572709884543912,0
2017-06-09 10:50:38.010000+00:00,6.8434,-73.0518,143.54,4.2,mb,,63.0,0.944,0.97,us,us20009mr1,2017-08-16T02:42:21.040Z,"13 km NW of Cepitá, Colombia",earthquake,7.1,6.4,0.072,53.0,reviewed,us,us,125892541179.41711,2712,5.0,1802.414853002068,-5914.552883532258,742.0397140165575,262.6053861033154,287.25632523983205,539.2091712037097,31.660955875756727,782.1578670428445,31.660955875756727,11.100000000000001,0,1.2972877124765958,-0.6732556113332145,3
2017-06-19 16:13:13.880000+00:00,8.4913,-73.4929,159.43,4.4,mb,,80.0,2.853,0.56,us,us20009pb3,2017-08-23T16:35:49.040Z,"5 km WSW of El Carmen, Colombia",earthquake,10.3,15.4,0.268,6.0,reviewed,us,us,251188643150.95825,2723,7.0,1745.5726890488197,-5890.274183979473,917.195665979632,425.18913809716247,339.7938341795369,653.3933067974059,157.91627652185466,911.4802001577297,157.91627652185466,11.4,0,1.2700312214202527,0.2212318450515357,3
2017-07-08 22:23:35.820000+00:00,6.8382,-73.0105,158.22,4.3,mb,,45.0,2.371,1.09,us,us1000989h,2017-10-03T00:47:56.040Z,"10 km NNW of Cepitá, Colombia",earthquake,7.7,8.9,0.086,38.0,reviewed,us,us,177827941003.89227,2742,6.0,1802.4384586026788,-5899.377041499281,739.7306628639835,264.0834549893185,291.5661499578051,542.0863691801201,33.62064261560397,784.4517704509165,33.62064261560397,11.25,0,1.2685346471319447,-0.49747802838689026,3
2017-07-09 05:56:30.720000+00:00,6.9017,-73.075,136.75,4.4,mb,,55.0,2.389,0.95,us,us100098br,2017-10-06T23:56:10.040Z,"9 km SSW of Piedecuesta, Colombia",earthquake,8.0,11.3,0.064,71.0,reviewed,us,us,251188643150.95825,2742,7.0,1801.7614443985285,-5921.005653586592,749.1467213934535,267.4018510128282,286.33418666791613,541.9318262981368,24.762077411288303,785.8143145061701,24.762077411288303,11.4,0,1.0370980411824897,-0.29932019837288615,3
2017-07-24 13:25:03.430000+00:00,6.7983,-72.9907,165.12,4.7,mb,,64.0,2.349,0.74,us,us2000a0ep,2022-08-07T12:48:44.277Z,"5 km NNW of Cepitá, Colombia",earthquake,8.7,7.4,0.032,289.0,reviewed,us,us,707945784384.1403,2757,5.0,1802.6230393749136,-5892.693202042219,734.6179816204948,261.11537317367845,292.74249281747814,540.6118793037366,38.55261231785327,782.2609163968852,38.55261231785327,11.850000000000001,0,0.9750829426369998,-0.685520857933931,0
2017-07-26 14:39:29.630000+00:00,6.721,-72.9232,163.31,4.3,mb,,91.0,2.325,0.5,us,us2000a19y,2017-10-14T00:19:41.040Z,"6 km ESE of Cepitá, Colombia",earthquake,9.3,10.7,0.119,20.0,reviewed,us,us,177827941003.89227,2759,6.0,1810.3812057002883,-5893.225803699687,726.515418112612,257.11861901083086,298.4126543663557,540.2566306522704,49.46177315270063,780.0863301268438,49.46177315270063,11.25,0,1.3093197172873106,-0.5387971986931916,3
2017-08-17 21:03:49.920000+00:00,6.768,-72.9476,154.94,4.5,mb,,61.0,0.879,1.45,us,us2000aax0,2017-11-14T01:42:12.040Z,"3 km ENE of Cepitá, Colombia",earthquake,5.5,8.9,0.205,7.0,reviewed,us,us,354813389233.57605,2782,8.0,1810.1333445187304,-5901.370759337844,732.5587754533545,260.3710318878075,296.7280214892616,541.7925138981622,43.58266677494528,782.5210150422439,43.58266677494528,11.55,0,1.0390460398594725,-0.16863235009008287,0
2017-08-31 18:47:04.470000+00:00,6.6414,-72.9379,159.56,4.3,mb,,44.0,0.757,0.85,us,us2000adl4,2017-11-28T18:33:55.040Z,"10 km ESE of Aratoca, Colombia",earthquake,5.9,5.9,0.082,42.0,reviewed,us,us,177827941003.89227,2796,5.0,1810.256457889128,-5898.21020599687,718.3834603782732,248.6430211639929,295.3849292708937,533.1446632361443,56.92150062571922,772.1574353267223,56.92150062571922,11.25,0,1.2966190426035225,-0.7400482851536533,3
2017-09-04 20:28:22.740000+00:00,6.7475,-73.0026,155.72,4.9,mb,,38.0,0.852,1.02,us,us2000afmq,2022-08-07T16:27:37.312Z,"3 km WSW of Cepitá, Colombia",earthquake,6.9,4.9,0.031,335.0,reviewed,us,us,1412537544622.7554,2800,6.0,1804.3176703224144,-5902.615158892952,730.2585220108092,255.4977884513778,290.3301476474921,535.7897617049563,43.41574658077369,776.9891229459645,43.41574658077369,12.15,0,0.7134799111819514,-0.5236550151197122,0
2017-09-29 22:52:03.560000+00:00,6.7514,-72.9693,162.39,4.3,mb,,43.0,2.323,0.9,us,us2000ax0h,2022-08-07T19:05:46.716Z,"0 km ESE of Cepitá, Colombia",earthquake,6.4,10.8,0.053,99.0,reviewed,us,us,177827941003.89227,2825,5.0,1805.7933809912404,-5895.184678623846,729.8945144244369,257.60628511990376,294.02276271966593,538.7799235690563,44.274405491623256,779.590728656342,44.274405491623256,11.25,0,1.3163574903953423,-0.703623310688511,3
2017-10-01 01:35:25.240000+00:00,7.5275,-73.148,128.61,5.1,mww,,30.0,2.83,0.9,us,us2000axct,2025-12-22T17:26:58.811Z,"8 km NE of El Playón, Colombia",earthquake,4.9,3.6,0.052,35.0,reviewed,us,us,2818382931264.449,2826,5.0,1794.0764913566863,-5922.835600192515,817.7658028760192,329.42148281524106,304.1532515254162,587.9117589259083,45.47545247127343,838.2586264195821,45.47545247127343,12.45,0,0.5223064295711948,-0.45512789901105183,0
2017-11-04 23:57:23+00:00,6.769,-72.8931,154.55,4.2,mb,,70.0,2.381,0.5,us,us2000bna1,2018-01-24T01:25:10.040Z,"6 km SW of San Andrés, Colombia",earthquake,8.8,13.6,0.167,10.0,reviewed,us,us,125892541179.41711,2861,5.0,1815.8560945880529,-5900.00420938461,732.712478050773,263.4016923628284,302.65537656427745,546.304226714291,46.47036938894527,786.3332823203938,46.47036938894527,11.100000000000001,0,1.4058858899071984,-0.7058395717906746,3
2017-11-16 00:56:07.710000+00:00,4.7377,-76.1183,105.19,4.5,mb,,80.0,1.595,0.72,us,us2000bpce,2018-02-06T02:45:36.040Z,"1 km N of Argelia, Colombia",earthquake,4.3,7.2,0.061,80.0,reviewed,us,us,354813389233.57605,2872,7.0,1498.144204262824,-6062.022101800604,517.519986681394,226.7733811453664,177.75058874888316,150.18812817470268,424.12613195509147,412.5813136131696,150.18812817470268,11.55,3,-0.9330096373135596,-0.7344455595078277,1
2017-11-23 20:44:40.960000+00:00,7.4948,-76.076,42.05,4.4,mb,,81.0,1.357,1.28,us,us2000btmv,2022-08-07T21:28:37.809Z,"48 km NE of Mutatá, Colombia",earthquake,6.7,11.2,0.109,24.0,reviewed,us,us,251188643150.95825,2880,8.0,1509.9534299568977,-6090.497388715329,825.5242576164314,380.6531834347963,149.40373319613704,452.4065406871529,328.3890895934266,711.0904387253063,149.40373319613704,11.4,1,-0.6421562880499282,0.27836942869289377,1
2017-11-24 13:26:44.090000+00:00,6.7846,-72.9665,161.53,4.1,mb,,67.0,2.351,0.77,us,us2000btx0,2018-02-14T02:01:13.040Z,"3 km NNE of Cepitá, Colombia",earthquake,8.8,10.8,0.087,36.0,reviewed,us,us,89125093813.3744,2880,9.0,1806.2074338302475,-5895.507566835048,733.5686172860966,261.0067706845351,295.0465283872835,541.518527472925,41.01646443369772,782.6923580133492,41.01646443369772,10.95,0,1.3911805364079786,0.014732252914697392,3
2017-11-28 19:55:00.800000+00:00,6.8214,-73.0132,175.72,4.0,mb,,75.0,2.355,1.17,us,us1000bmqu,2018-02-20T09:06:06.040Z,"8 km NNW of Cepitá, Colombia",earthquake,7.7,14.7,0.3,3.0,reviewed,us,us,63095734448.019424,2885,10.0,1797.147287467266,-5883.051119327715,735.8433480884117,262.27886370039585,290.86244866388176,540.5789276707916,35.260899965108834,782.785853182387,35.260899965108834,10.8,0,1.5051053877714293,0.2089793601097969,2
2017-12-10 05:33:09.080000+00:00,6.7699,-73.0058,150.71,4.3,mb,,67.0,2.317,0.84,us,us2000c2jb,2018-03-06T00:49:34.040Z,"3 km WNW of Cepitá, Colombia",earthquake,7.8,11.5,0.089,36.0,reviewed,us,us,177827941003.89227,2896,10.0,1805.3585092593976,-5907.200268368948,733.2621131127014,257.5444639835962,290.4679333612564,537.2334194279989,40.93818283107856,778.7422722211851,40.93818283107856,11.25,0,1.1174665043539929,0.1893915299161257,2
2017-12-11 11:18:04.630000+00:00,6.7772,-73.0024,165.28,4.3,mb,,92.0,2.325,0.78,us,us2000c2tp,2018-03-06T00:49:36.040Z,"4 km NW of Cepitá, Colombia",earthquake,10.8,9.5,0.081,43.0,reviewed,us,us,177827941003.89227,2897,11.0,1801.4522102598503,-5893.167555958506,732.3297139594678,258.4379540425507,290.9980615758721,538.0628797932507,40.290736346383966,779.6141955012513,40.290736346383966,11.25,0,1.1618149280339667,0.37143097168373845,2
2017-12-15 07:04:35.150000+00:00,6.7093,-72.9882,160.29,4.1,mb,,66.0,2.278,0.65,us,us1000buhv,2018-03-06T00:49:42.040Z,"3 km ENE of Aratoca, Colombia",earthquake,9.0,5.9,0.114,21.0,reviewed,us,us,89125093813.3744,2901,10.0,1804.6152630012416,-5898.285647466108,725.6093146716643,252.49549946550772,291.1176631727564,534.0734964085102,47.946550733498114,774.6180709945584,47.946550733498114,10.95,0,1.3351070640965652,0.17052333502481934,2
2017-12-21 19:26:40.150000+00:00,4.1427,-76.2035,156.27,4.6,mb,,91.0,2.002,0.76,us,us1000bung,2018-03-14T00:58:26.040Z,"5 km SW of Andalucía, Colombia",earthquake,7.8,6.3,0.051,114.0,reviewed,us,us,501187233627.2715,2908,10.0,1478.1800805962,-6019.658655307303,448.9568974996066,244.59661374312904,243.62456557940016,85.05189914522043,475.1277077340753,346.99337099822,85.05189914522043,11.7,14,-0.985861915953752,-0.3634045679596037,1
2018-01-06 07:32:13.770000+00:00,6.7578,-73.0621,155.13,4.2,mb,,63.0,2.276,0.78,us,us1000c1dr,2018-03-23T23:16:52.040Z,"4 km NE of Jordán, Colombia",earthquake,9.6,12.0,0.146,13.0,reviewed,us,us,125892541179.41711,2923,6.0,1798.319423013854,-5904.920513900893,731.4375121796297,253.54382332971085,284.10785262844547,531.7910852131857,40.74971747378636,773.888349693856,40.74971747378636,11.100000000000001,0,1.3040283824856493,-0.5191446861845368,3
2018-01-06 07:56:49.420000+00:00,5.4667,-77.705,36.89,4.5,mb,,102.0,3.426,1.23,us,us1000c1du,2018-03-23T23:16:52.040Z,"55 km WSW of Nuquí, Colombia",earthquake,7.6,15.1,0.139,15.0,reviewed,us,us,354813389233.57605,2923,7.0,1342.6830471479257,-6160.683427978439,603.4330345890882,411.04505939938304,250.3247403529344,259.0649927042016,538.7466139495853,475.2572856043968,250.3247403529344,11.55,2,-1.8088949979449993,-0.3982453192005709,1
2018-01-08 12:58:27.190000+00:00,6.7908,-72.9803,153.38,4.9,mww,,29.0,2.348,1.01,us,us1000c201,2025-12-22T17:29:49.261Z,"4 km N of Cepitá, Colombia",earthquake,6.8,4.8,0.083,14.0,reviewed,us,us,1412537544622.7554,2925,9.0,1807.1329448430467,-5903.604884757958,735.1995298725984,260.9053958960402,293.69420703396224,540.8768424065333,39.76561621238932,782.3030775513745,39.76561621238932,12.15,0,0.6418443180418961,0.019548772474022886,0
2018-01-16 01:01:51.730000+00:00,6.8863,-73.0674,152.84,4.1,mb,,97.0,2.38,0.79,us,us2000cqx7,2018-04-10T01:11:41.040Z,"11 km S of Piedecuesta, Colombia",earthquake,6.5,15.2,0.234,5.0,reviewed,us,us,89125093813.3744,2933,7.0,1797.9530483941617,-5905.677593841232,745.5540080851084,266.1934171723089,286.7189773225365,541.3206760619134,26.617573497680567,784.9411785167032,26.617573497680567,10.95,0,1.3773426143008118,-0.30299770701699913,3
2018-01-21 17:51:58.320000+00:00,6.8149,-72.9797,152.9,4.7,mb,,43.0,2.368,1.16,us,us2000cm5z,2022-08-07T23:21:21.062Z,"6 km N of Cepitá, Colombia",earthquake,8.0,6.5,0.036,238.0,reviewed,us,us,707945784384.1403,2939,7.0,1807.2435970186864,-5903.74547333162,737.8533574846502,263.31286569938385,294.318338884631,542.7621381060789,37.34683743440449,784.4642910391323,37.34683743440449,11.850000000000001,0,0.8737109481412558,-0.3288030943782127,0
2018-01-23 05:31:34.170000+00:00,8.229,-74.9986,54.81,4.5,mb,,93.0,3.428,1.23,us,us2000cmwp,2022-08-07T23:41:52.366Z,"4 km WSW of Pueblo Nuevo, Colombia",earthquake,8.0,8.5,0.065,69.0,reviewed,us,us,354813389233.57605,2940,8.0,1618.0662732403773,-6038.1153819161145,904.0355558107232,404.35144787906415,229.8653002232636,557.6303951905123,240.74567628154816,820.0107133641208,229.8653002232636,11.55,1,-0.052421054942263366,0.42352049460285146,1
2018-02-04 15:11:18.180000+00:00,6.7188,-72.9886,169.81,4.5,mb,,81.0,2.285,0.72,us,us1000cfp3,2022-08-07T23:55:21.447Z,"4 km SSW of Cepitá, Colombia",earthquake,9.0,8.9,0.036,227.0,reviewed,us,us,354813389233.57605,2953,9.0,1801.7727998814803,-5889.142170719385,725.51821945545,253.40416876233903,291.2610295269484,534.7556753218489,46.9292669000816,775.4223922020185,46.9292669000816,11.55,0,1.0541244067522348,-0.0004179653853318793,0
2018-02-25 00:38:05.840000+00:00,6.5126,-73.3959,132.15,4.4,mb,,65.0,1.895,1.03,us,us2000d7jp,2022-08-08T00:36:28.141Z,"10 km NW of Simacota, Colombia",earthquake,7.5,7.2,0.098,30.0,reviewed,us,us,251188643150.95825,2973,4.0,1771.2902159854618,-5940.122286051938,707.6210285196956,213.84718944337905,243.3269020559326,486.3208328361872,73.898305197254,729.9570303673701,73.898305197254,11.4,0,0.876627178501475,-0.9272342581308372,3
2018-03-01 10:26:43.730000+00:00,6.8318,-72.9728,156.74,4.4,mb,,66.0,2.386,0.53,us,us2000d9nv,2018-05-27T01:06:07.040Z,"8 km N of Cepitá, Colombia",earthquake,5.2,9.6,0.123,19.0,reviewed,us,us,251188643150.95825,2977,4.0,1806.7742834375367,-5899.673827118881,739.2176742457107,265.3319661455872,295.46775385498705,544.6071303178074,35.996049297014295,786.4178847296704,35.996049297014295,11.4,0,1.2417601252641102,-0.8568215425684955,3
2018-03-20 16:16:49.390000+00:00,6.5655,-72.7018,165.66,4.1,mb,,106.0,2.349,0.98,us,us1000d9nh,2018-06-19T01:35:45.040Z,"4 km N of Capitanejo, Colombia",earthquake,11.2,10.5,0.109,23.0,reviewed,us,us,89125093813.3744,2997,6.0,1833.0253553088808,-5885.818118217656,709.5122561700588,255.9561238383647,320.1749955368944,547.585944729624,77.14518170475833,782.3326796336493,77.14518170475833,10.95,0,1.567561023785859,-0.6030849667848973,3
2018-03-26 08:22:54.920000+00:00,6.7888,-72.9836,149.1,4.1,mb,,43.0,3.122,0.58,us,us1000ddse,2018-06-22T21:32:09.040Z,"3 km NNW of Cepitá, Colombia",earthquake,9.4,9.5,0.046,129.0,reviewed,us,us,89125093813.3744,3002,6.0,1808.0441682656349,-5907.7974256581065,735.4899543760514,260.539459941648,293.29210957123405,540.4589630889392,39.82818113149201,781.9041941971627,39.82818113149201,10.95,0,1.4054788903685032,-0.5170991812173262,3
2018-04-12 04:32:53.860000+00:00,7.7652,-75.0172,35.0,4.5,mb,,114.0,2.982,0.85,us,us2000e25t,2018-07-07T02:25:19.040Z,"27 km W of San Carlos, Colombia",earthquake,3.2,2.0,0.102,28.0,reviewed,us,us,354813389233.57605,3019,7.0,1623.0194764168598,-6064.472699271655,856.0809885520806,355.31239884681924,180.2176832058677,508.0858967575221,220.8852116100014,770.4744959887661,180.2176832058677,11.55,1,-0.22382948683195167,0.10153453322241925,1
2018-04-15 02:41:28.910000+00:00,6.7456,-72.9178,150.11,4.4,mb,,82.0,2.348,0.71,us,us2000e0h2,2018-07-07T02:25:23.040Z,"6 km E of Cepitá, Colombia",earthquake,9.5,10.2,0.154,12.0,reviewed,us,us,251188643150.95825,3022,7.0,1814.6953978866295,-5905.286767752603,730.7127996655778,259.7916291960773,299.48977002984714,542.5357957633264,47.30999972638785,782.6000622353691,47.30999972638785,11.4,0,1.1404357109373928,-0.3563940645609961,3
2018-04-23 01:45:43.070000+00:00,6.7387,-72.8998,165.4,4.2,mb,,96.0,2.353,0.87,us,us1000dvyh,2018-07-25T21:35:53.040Z,"8 km ESE of Cepitá, Colombia",earthquake,11.8,13.6,0.121,19.0,reviewed,us,us,125892541179.41711,3030,6.0,1812.111502957678,-5890.287338006131,728.1746607601273,260.111369015926,301.3049454891217,543.4934284133128,48.95324058053959,783.2351169745197,48.95324058053959,11.100000000000001,0,1.4212033365905277,-0.5351798376321766,3
2018-04-23 06:49:34.250000+00:00,7.3432,-73.0316,150.8,4.3,mb,,61.0,2.793,0.88,us,us1000dqiv,2018-07-25T21:35:57.040Z,"2 km NW of Matanza, Colombia",earthquake,7.9,7.8,0.052,102.0,reviewed,us,us,177827941003.89227,3030,7.0,1800.4408258611018,-5900.614012716055,795.0189592151424,314.48682004878737,306.8874471870348,580.8177505873889,26.848201785989907,828.4751554212827,26.848201785989907,11.25,0,1.2952541681151943,-0.16558897369891765,3
2018-04-23 23:28:56.760000+00:00,6.7576,-73.0624,163.69,4.1,mb,,147.0,2.275,1.18,us,us1000dvzr,2018-07-25T21:36:12.040Z,"4 km NE of Jordán, Colombia",earthquake,9.2,12.7,0.234,5.0,reviewed,us,us,89125093813.3744,3031,9.0,1795.812788300124,-5896.800570691215,730.4087177556715,253.50924347151013,284.0709704013819,531.7517549877322,40.76623553227706,773.8505683824031,40.76623553227706,10.95,0,1.3530252554218882,0.014070126064126231,3
2018-05-01 19:19:51.510000+00:00,3.3148,-74.1082,46.79,4.4,mb,,81.0,1.534,0.91,us,us1000dvhz,2018-07-27T20:20:32.040Z,"10 km SW of Mesetas, Colombia",earthquake,6.5,11.4,0.087,38.0,reviewed,us,us,251188643150.95825,3039,11.0,1728.8078471734027,-6072.325357318209,365.6778726173589,155.30198580703194,364.33217667781673,269.4740888381913,436.8848171195745,422.9134477600476,155.30198580703194,11.4,9,-0.5935440777987586,-0.637324115222146,1
2018-05-20 11:17:41.600000+00:00,6.7626,-72.966,160.16,4.5,mb,,47.0,2.334,1.0,us,us1000e8yh,2018-08-15T19:46:59.040Z,"1 km NE of Cepitá, Colombia",earthquake,2.5,6.2,0.044,151.0,reviewed,us,us,354813389233.57605,3057,9.0,1806.7397952402057,-5897.061469516792,731.362319671879,258.8755820644515,294.6185143880211,539.8932572192144,43.27055990051935,780.7964961830622,43.27055990051935,11.55,0,1.027672845689882,0.00943236994984159,0
2018-05-25 12:53:49.220000+00:00,7.262,-73.4769,102.64,4.5,mb,,69.0,1.415,1.06,us,us1000ebyi,2018-08-21T21:23:50.040Z,"14 km S of Sabana de Torres, Colombia",earthquake,7.6,8.5,0.04,185.0,reviewed,us,us,354813389233.57605,3062,5.0,1768.4332292618278,-5961.303719809443,792.3628988214141,291.19382089820766,258.456787167057,542.101393191835,42.17428817661316,793.7981078948193,42.17428817661316,11.55,0,0.7313070510409216,-0.5183695539371265,0
2018-05-25 17:36:47.310000+00:00,7.0283,-72.1113,46.66,4.3,mb,,85.0,2.353,1.07,us,us1000ec86,2018-08-21T21:23:51.040Z,"2 km NNW of Cubará, Colombia",earthquake,7.3,11.0,0.091,34.0,reviewed,us,us,177827941003.89227,3063,6.0,1928.043468700816,-5973.365129569865,773.8435547569754,336.7915677884813,393.038683991908,630.6413252245788,112.06425548142404,864.0086904244517,112.06425548142404,11.25,11,1.2018986175050934,-0.5267933924213029,3
2018-05-25 21:54:20.740000+00:00,1.6617,-78.7266,35.0,4.4,mwr,,124.0,1.328,0.87,us,us1000ecfs,2018-08-21T21:23:52.040Z,"16 km SSE of Tumaco, Colombia",earthquake,6.0,2.0,0.098,10.0,reviewed,us,us,251188643150.95825,3063,7.0,1238.1092386867376,-6211.1371058583,183.7317754464965,618.0126106820722,617.5123250516824,314.70390677987,868.3239958214939,168.2294310616834,168.2294310616834,11.4,6,-2.7820039473820297,-1.4914854669300999,4
2018-05-31 03:02:11.150000+00:00,6.7598,-72.934,160.29,4.6,mww,,60.0,2.35,0.73,us,us1000efau,2018-08-28T16:29:07.040Z,"4 km E of Cepitá, Colombia",earthquake,7.8,6.4,0.103,9.0,reviewed,us,us,501187233627.2715,3068,7.0,1810.0056543306289,-5895.962224436706,731.0456096622991,260.29533169123727,298.0270652777086,542.2799640056489,45.0755238533572,782.7311164205237,45.0755238533572,11.7,0,1.0065102468246363,-0.34808937211455504,0
2018-06-08 09:43:47.950000+00:00,6.7417,-72.8204,163.27,4.1,mb,,80.0,2.404,0.7,us,us1000eq2m,2018-08-29T16:35:38.040Z,"7 km N of Molagavita, Colombia",earthquake,7.5,7.7,0.062,70.0,reviewed,us,us,89125093813.3744,3076,7.0,1820.8859894831148,-5889.754936417037,728.7473877519134,264.88511888177294,309.99243284963137,550.2534766301867,53.63194554347593,788.9854206111231,53.63194554347593,10.95,0,1.5096435267826043,-0.3636516883233941,3
2018-06-19 16:27:06.350000+00:00,6.7098,-73.0523,161.29,4.2,mb,,66.0,2.241,1.25,us,us1000eyr0,2018-09-19T15:15:54.040Z,"4 km WNW of Aratoca, Colombia",earthquake,4.0,10.5,0.132,16.0,reviewed,us,us,125892541179.41711,3088,8.0,1797.7240443092098,-5899.344803360929,725.5463015348748,249.2550145853703,284.1610210530518,528.9171623801038,46.19270078943877,770.3145755698569,46.19270078943877,11.100000000000001,0,1.2753936149127854,-0.17864323763682255,3
2018-06-20 20:12:15.450000+00:00,6.9233,-76.2432,59.71,4.7,mb,,103.0,2.814,1.16,us,us1000ewt5,2022-08-08T05:05:46.116Z,"8 km WNW of Uramita, Colombia",earthquake,11.3,8.2,0.04,190.0,reviewed,us,us,707945784384.1403,3089,9.0,1489.8886973079905,-6085.544159114885,760.766338106912,343.7869697301732,105.11622799838274,387.3575230632472,345.0697844265204,645.2332921587664,105.11622799838274,11.850000000000001,1,-1.0329940799119564,0.29529597855809747,1
2018-07-18 01:28:54.680000+00:00,2.3132,-79.3951,10.0,4.6,mb,,145.0,2.258,1.19,us,us2000g7l1,2018-10-04T14:15:34.040Z,"87 km WNW of Salahonda, Colombia",earthquake,8.2,1.9,0.056,97.0,reviewed,us,us,501187233627.2715,3116,9.0,1169.6953184549543,-6247.256765339441,256.74261411996474,648.1166835066113,608.1440223479206,342.22561806369697,876.6221485935173,264.8621701304114,264.8621701304114,11.7,6,-3.3124710642830006,-0.888254811935017,4
2018-07-18 18:18:07.020000+00:00,2.7213,-79.6595,10.0,4.1,mb,,158.0,2.747,0.66,us,us2000gbw8,2018-10-04T14:15:34.040Z,"134 km NW of Salahonda, Colombia",earthquake,10.5,2.0,0.12,19.0,reviewed,us,us,89125093813.3744,3117,10.0,1140.4968763236325,-6250.630377594566,302.0062214393103,658.2470300129693,598.1460539098285,356.6237810107904,873.6849576217513,312.98854005695824,312.98854005695824,10.95,10,-2.9388914062374565,-0.5647298245509839,4
2018-07-24 01:59:14.240000+00:00,4.8949,-76.0266,128.08,4.4,mb,,93.0,1.7,0.73,us,us2000gf70,2018-10-09T16:43:32.040Z,"2 km SE of El Águila, Colombia",earthquake,8.4,7.0,0.071,58.0,reviewed,us,us,251188643150.95825,3122,9.0,1501.9886859061037,-6036.08429727676,532.697353080513,217.530435869918,157.9247351418369,169.99292140909432,405.322430989741,432.3856929123564,157.9247351418369,11.4,14,-0.7181225786436684,-0.3336715444973265,1
2018-07-24 20:15:58.570000+00:00,4.2587,-73.662,49.03,4.3,mb,,81.0,0.878,1.33,us,us2000gf7t,2018-10-09T16:43:27.040Z,"11 km W of Restrepo, Colombia",earthquake,3.4,14.3,0.177,9.0,reviewed,us,us,177827941003.89227,3123,10.0,1773.4802034385164,-6049.931532399985,469.4689576362335,67.79499661800132,306.42839183884274,330.8106198768051,323.63182137108384,525.5364934213796,67.79499661800132,11.25,9,-0.10993723662887399,-0.5573144511489728,2
2018-07-27 06:01:04.550000+00:00,6.129,-77.4093,10.0,4.5,mb,,107.0,3.328,1.13,us,us2000geyk,2022-08-08T06:30:27.606Z,"10 km S of Bahía Solano, Colombia",earthquake,5.4,1.7,0.094,33.0,reviewed,us,us,354813389233.57605,3125,10.0,1378.6757459548664,-6172.546759250627,679.1470329614867,401.6532370217208,202.49703987250305,313.1794109495013,486.09529064994695,546.7525308586755,202.49703987250305,11.55,2,-1.7744543193439584,0.31093657160771837,1
2018-08-07 15:53:59.180000+00:00,6.7814,-72.9952,146.36,5.3,mww,,30.0,2.332,0.79,us,us1000g4v6,2025-12-22T17:49:49.038Z,"3 km NW of Cepitá, Colombia",earthquake,6.7,4.5,0.055,32.0,reviewed,us,us,5623413251903.491,3137,10.0,1807.6715265400608,-5910.856024035289,735.0155405582013,259.21813285367926,291.87090308658253,538.9620114276843,40.12189196845977,780.4697644271263,40.12189196845977,12.75,0,0.2211748799954304,0.1955576817540842,0
2018-08-08 18:02:52.180000+00:00,6.8586,-72.9701,148.36,4.3,mb,,66.0,2.41,0.79,us,us1000g8wc,2018-10-17T18:11:56.040Z,"11 km N of Cepitá, Colombia",earthquake,7.1,7.5,0.106,25.0,reviewed,us,us,177827941003.89227,3138,11.0,1809.387527747603,-5907.212641870498,743.1043989620772,268.1183171086768,296.4235831513,546.8769559295371,33.526042272311585,788.9626532291625,33.526042272311585,11.25,0,1.1131287956666396,0.3907495710816477,2
2018-09-11 06:20:26.040000+00:00,6.7218,-72.9768,150.58,4.1,mb,,67.0,2.294,1.1,us,us2000hcfu,2022-08-08T09:02:21.909Z,"3 km S of Cepitá, Colombia",earthquake,9.0,11.4,0.184,8.0,reviewed,us,us,89125093813.3744,3171,3.0,1808.5655557708117,-5906.995711467856,728.0915269248646,254.31742333058253,292.6027602133388,535.9408289397968,47.042671702935365,776.4886765655322,47.042671702935365,10.95,0,1.481734918923518,-1.0698891537679318,3
2018-09-16 17:43:41.550000+00:00,6.7762,-72.9383,167.86,4.2,mb,,65.0,2.36,0.78,us,us2000hfi3,2022-08-08T08:14:20.644Z,"4 km ENE of Cepitá, Colombia",earthquake,9.5,7.1,0.077,47.0,reviewed,us,us,125892541179.41711,3177,4.0,1807.29616052638,-5888.711477577862,731.9177423654673,261.6635716771125,297.9128894200053,543.1655342185583,43.24086291765925,783.8720809362665,43.24086291765925,11.100000000000001,0,1.4750369332464217,-0.8751479001183678,3
2018-09-20 07:38:14.640000+00:00,6.736,-73.0257,161.11,4.3,mb,,66.0,2.278,0.64,us,us1000h3aa,2018-11-27T15:51:55.040Z,"4 km N of Aratoca, Colombia",earthquake,8.3,8.8,0.137,15.0,reviewed,us,us,177827941003.89227,3180,5.0,1800.4178054064494,-5898.362592407937,728.3874426142651,253.1869997374976,287.5836428144281,533.0524938713361,43.945350582509214,774.4159783714456,43.945350582509214,11.25,0,1.2821349032804708,-0.7043424866554608,3
2018-09-21 02:07:28.320000+00:00,13.0831,-81.086,10.0,4.6,mb,,54.0,3.259,1.08,us,us2000hhz5,2018-11-27T15:52:01.040Z,"43 km SE of Mountain, Colombia",earthquake,4.1,1.9,0.057,93.0,reviewed,us,us,501187233627.2715,3181,7.0,960.0636177009984,-6121.0524061247,1439.9014867142469,1207.9726319823883,970.5274566059688,1182.1479461491806,1094.954061878051,1384.7434363560844,970.5274566059688,11.7,12,-1.6651678727203965,2.2442212026083763,1
2018-09-23 04:37:46.130000+00:00,13.1048,-81.1478,10.0,4.6,mb,,46.0,0.341,1.18,us,us2000hive,2018-11-27T15:52:03.040Z,"37 km SE of Mountain, Colombia",earthquake,7.5,1.9,0.047,135.0,reviewed,us,us,501187233627.2715,3183,7.0,953.3768217652776,-6121.545096408177,1442.2479912836534,1214.1425245076166,976.617885322636,1187.2132560478958,1101.7716987227109,1389.110435529343,976.617885322636,11.7,12,-1.682551818047545,2.2560328578843625,1
2018-09-25 15:37:14.720000+00:00,13.1504,-81.1488,6.54,4.7,mb,,46.0,0.306,0.72,us,us2000hjs8,2018-12-01T16:45:13.040Z,"33 km SE of Mountain, Colombia",earthquake,4.7,4.9,0.038,213.0,reviewed,us,us,707945784384.1403,3186,8.0,953.611486543812,-6123.7547657194855,1447.9653979496857,1218.0783161497309,980.622649521204,1191.831146390681,1104.8738796849484,1393.9628687118357,980.622649521204,11.850000000000001,12,-1.8027022524172787,2.4488366198612015,1
2018-09-25 16:06:02.650000+00:00,13.1491,-81.1419,10.0,4.5,mb,,56.0,3.225,0.94,us,us2000hjsk,2018-12-01T16:45:13.040Z,"34 km SE of Mountain, Colombia",earthquake,6.6,1.9,0.069,61.0,reviewed,us,us,354813389233.57605,3186,9.0,953.8351794472592,-6120.343242673105,1447.0376782635856,1217.4853510787193,980.0404137883884,1191.3781787037797,1104.1878821625794,1393.5935082377125,980.0404137883884,11.55,12,-1.6330417143984584,2.623586428321889,1
2018-09-25 16:28:10.840000+00:00,7.4492,-73.0569,155.27,4.4,mb,,90.0,2.79,0.4,us,us1000h54i,2018-12-01T16:43:48.040Z,"12 km NW of Suratá, Colombia",earthquake,11.6,12.5,0.161,11.0,reviewed,us,us,251188643150.95825,3186,10.0,1796.1117580055304,-5895.751484504481,805.8513626081957,324.5026711977913,309.2198880535121,587.7906482819994,37.39424932964681,836.6036561387658,37.39424932964681,11.4,0,1.1579671668003015,0.40189433706600675,2
2018-10-08 14:45:44.670000+00:00,6.5258,-72.7411,172.7,4.1,mb,,115.0,2.293,0.28,us,us1000hb5v,2018-12-21T21:15:51.040Z,"2 km NNW of Covarachía, Colombia",earthquake,12.2,13.2,0.198,7.0,reviewed,us,us,89125093813.3744,3198,14.0,1827.0580121858875,-5880.862644980262,704.4405304801165,249.82825391335143,315.4032347412268,541.4338595971128,78.29611080263935,776.1552379096428,78.29611080263935,10.95,0,1.3644183167323374,0.8080660642174828,2
2018-10-12 04:56:51.120000+00:00,6.7486,-73.025,162.03,4.5,mb,,70.0,2.289,1.01,us,us1000haxx,2018-12-21T21:15:50.040Z,"5 km W of Cepitá, Colombia",earthquake,8.8,9.7,0.037,210.0,reviewed,us,us,354813389233.57605,3202,13.0,1800.176321318613,-5897.313430046972,729.635512328866,254.46845331648413,287.92569016896016,534.0666598939908,42.60734045933185,775.5719072056335,42.60734045933185,11.55,0,0.9018774195743443,0.7193754085290399,2
2018-10-23 10:43:41.130000+00:00,6.7716,-72.9271,162.13,4.4,mb,,62.0,2.363,0.82,us,us1000hg2l,2019-01-10T17:18:34.040Z,"5 km ENE of Cepitá, Colombia",earthquake,8.1,7.4,0.045,140.0,reviewed,us,us,251188643150.95825,3213,9.0,1810.1350041163691,-5893.853513793235,732.0988333003781,261.8122939671364,299.02629653037616,543.7286158231055,44.28226428148815,784.2334425713193,44.28226428148815,11.4,0,1.1443408907772978,0.009213193917015302,3
2018-10-23 20:54:35.890000+00:00,7.2094,-77.007,43.4,4.8,mb,,83.0,3.41,0.89,us,us1000hg9i,2022-05-03T19:36:30.180Z,"28 km SSE of Riosucio, Colombia",earthquake,5.6,7.3,0.043,164.0,reviewed,us,us,1000000000000.0,3214,10.0,1411.399763554598,-6116.853435108206,794.08848426543,427.2165185841361,190.54843035017612,421.1434455366922,428.6580499596133,667.3944502010913,190.54843035017612,12.0,1,-1.493776974122989,0.6203322293340958,1
2018-11-09 11:11:59.230000+00:00,6.4397,-72.668,190.13,4.3,mb,,101.0,2.284,1.0,us,us1000hsrb,2019-01-21T16:42:53.040Z,"3 km NE of Tipacoque, Colombia",earthquake,8.9,10.5,0.1,28.0,reviewed,us,us,177827941003.89227,3230,9.0,1829.713051418907,-5862.997111931617,693.2308214792703,247.17154440701228,322.68319551424804,541.8376376607432,90.7261035635264,774.2480387375754,90.7261035635264,11.25,0,1.4172985321448046,-0.10594629840617695,3
2018-11-15 02:51:22.300000+00:00,6.7828,-73.0085,159.16,4.1,mb,,66.0,2.326,0.62,us,us1000hvgw,2019-01-30T18:36:27.040Z,"4 km NW of Cepitá, Colombia",earthquake,9.6,9.6,0.093,32.0,reviewed,us,us,89125093813.3744,3236,9.0,1802.5797872450537,-5899.102720307184,733.6548176628944,258.68374212302416,290.46448548457045,537.9995538046603,39.48325660721862,779.6960432439123,39.48325660721862,10.95,0,1.360927532408861,0.016883618196350664,3
2018-11-15 13:19:12.780000+00:00,6.3239,-77.5772,35.0,4.6,mb,,102.0,3.558,1.1,us,us1000hs53,2019-01-30T18:36:24.040Z,"21 km WNW of Bahía Solano, Colombia",earthquake,5.2,2.0,0.146,14.0,reviewed,us,us,501187233627.2715,3236,10.0,1354.731545085762,-6150.002365844714,697.9035326275098,427.38119985723193,220.7892885078168,339.72529003779454,499.7953345676127,569.1877450405915,220.7892885078168,11.7,2,-1.770914253979407,0.3894204875715379,1
2018-11-17 08:56:39.320000+00:00,7.1417,-76.7067,10.0,4.5,mb,,87.0,3.291,1.19,us,us1000ht4m,2019-01-30T18:36:25.040Z,"21 km NE of Murindó, Colombia",earthquake,3.6,1.9,0.121,20.0,reviewed,us,us,354813389233.57605,3238,11.0,1451.2750439428637,-6142.533759731994,790.8228356473879,397.4242208489644,159.40181039794683,410.77590145051306,395.4472914681579,662.2426349794318,159.40181039794683,11.55,1,-1.3058243519029538,0.7474045610671836,1
2018-11-20 16:55:22.150000+00:00,6.7308,-72.9062,164.6,4.1,mb,,69.0,2.343,0.56,us,us1000hx42,2019-02-02T20:02:31.040Z,"7 km ESE of Cepitá, Colombia",earthquake,9.2,8.9,0.112,22.0,reviewed,us,us,89125093813.3744,3242,12.0,1811.7165635345111,-5891.345015934532,727.4186941769099,258.99739694540114,300.4526384474584,542.3801988535391,49.3689091380242,782.1076862592505,49.3689091380242,10.95,0,1.343446249591177,0.5264935122398502,2
2018-11-25 01:19:06.590000+00:00,13.1429,-81.2054,10.0,4.6,mb,,31.0,3.163,0.74,us,us1000hw9h,2019-02-02T20:02:29.040Z,"30 km SE of Mountain, Colombia",earthquake,5.7,1.9,0.044,155.0,reviewed,us,us,501187233627.2715,3246,9.0,947.0754511803632,-6121.551311717124,1446.3673903216545,1221.4132797949571,983.8444403930332,1193.741651452503,1109.3064453489133,1395.0880503229637,983.8444403930332,11.7,12,-1.7466600114752848,2.627312585822266,1
2018-12-28 08:51:32.530000+00:00,6.6657,-72.931,162.42,4.5,mb,,62.0,0.782,0.64,us,us2000iykc,2019-03-05T17:46:36.040Z,"10 km ESE of Aratoca, Colombia",earthquake,8.8,8.0,0.08,46.0,reviewed,us,us,354813389233.57605,3279,12.0,1810.0433584643608,-5894.984829464674,720.6681047891672,251.3605486640339,296.54679057981207,535.5087439998665,54.69755268158815,774.7420382532833,54.69755268158815,11.55,0,0.9566881224665151,0.5097887904585893,2
2019-01-20 14:05:29.580000+00:00,13.135,-81.0719,10.0,4.5,mb,,61.0,0.371,1.43,us,us2000j6mc,2019-04-05T21:41:01.040Z,"40 km SE of Mountain, Colombia",earthquake,5.6,1.9,0.057,90.0,reviewed,us,us,354813389233.57605,3302,6.0,961.3671119409548,-6119.524949437424,1445.5132892129357,1211.4031815952703,974.0689552296157,1186.7096351982143,1097.1736425041622,1389.7685336406594,974.0689552296157,11.55,12,-1.5316144213018077,2.0813696049410475,1
2019-01-22 11:10:32.160000+00:00,6.7516,-72.9118,163.39,4.4,mb,,86.0,2.356,0.67,us,us2000j76k,2019-04-12T17:13:53.040Z,"6 km E of Cepitá, Colombia",earthquake,5.5,8.7,0.044,149.0,reviewed,us,us,251188643150.95825,3304,6.0,1811.4161132659665,-5892.417820234362,729.7984711445688,260.6986969305034,300.2639870353788,543.4748390479193,47.04917452501476,783.5344162220548,47.04917452501476,11.4,0,1.2322932492750913,-0.5298802129271277,3
2019-01-22 15:00:49.430000+00:00,6.7852,-72.9828,157.0,4.4,mb,,101.0,0.891,0.64,us,us2000je34,2019-04-12T17:16:26.040Z,"3 km NNW of Cepitá, Colombia",earthquake,9.5,8.6,0.155,12.0,reviewed,us,us,251188643150.95825,3305,7.0,1805.8443661871916,-5900.315151952699,734.1683953612968,260.2257075706528,293.29724369275044,540.2495313779377,40.23167203092515,781.6417252271408,40.23167203092515,11.4,0,1.1506528761317445,-0.33815651726719254,3
2019-01-24 03:04:57.770000+00:00,6.7506,-73.0062,159.2,5.2,mb,,62.0,2.301,0.69,us,us2000j832,2019-04-12T17:14:29.040Z,"3 km W of Cepitá, Colombia",earthquake,7.5,6.5,0.028,433.0,reviewed,us,us,3981071705534.986,3306,8.0,1802.925201994479,-5899.38574361236,730.1834044104368,255.61921230161923,290.005748611188,535.7342270403939,42.96702405110113,777.0178896677896,42.96702405110113,12.600000000000001,0,0.4110726512022726,-0.1657875964358938,0
2019-02-06 00:34:22.470000+00:00,6.8571,-72.9948,149.88,4.4,mb,,76.0,0.961,0.87,us,us2000jdz7,2022-08-08T12:02:43.541Z,"11 km N of Cepitá, Colombia",earthquake,8.6,6.5,0.051,111.0,reviewed,us,us,251188643150.95825,3319,12.0,1806.405113878844,-5906.567569350522,742.7611780707379,266.73793408062085,293.730837313875,544.7922265582849,32.392873783058334,787.173923679146,32.392873783058334,11.4,0,0.9941465107201173,0.5702050998312389,2
2019-03-05 17:52:34.670000+00:00,6.6645,-72.911,163.72,4.4,mb,,90.0,0.785,1.03,us,us1000jfj4,2019-05-24T21:21:36.040Z,northern Colombia,earthquake,8.8,7.1,0.13,17.0,reviewed,us,us,251188643150.95825,3347,5.0,1811.7259885092471,-5893.132864270428,720.3880794516342,252.3644744383241,298.7084517015985,537.0717998706718,55.71014101901061,776.0208942635994,55.71014101901061,11.4,0,1.244114220168918,-0.7337890006202933,3
2019-03-08 04:32:03.670000+00:00,6.8063,-73.0291,150.05,4.3,mb,,77.0,0.908,1.33,us,us1000jgmj,2019-05-24T21:21:40.040Z,"8 km NW of Cepitá, Colombia",earthquake,8.8,5.6,0.147,13.0,reviewed,us,us,177827941003.89227,3349,6.0,1803.011078547803,-5908.114012759171,737.2643795631335,259.99302083933475,288.7856613651281,538.1497287437904,36.30496323168264,780.385974124746,36.30496323168264,11.25,0,1.2161174101774057,-0.5073194507949589,3
2019-03-09 23:33:42.340000+00:00,4.9707,-73.0395,10.0,4.4,mb,,66.0,0.917,0.99,us,us1000jif9,2019-05-24T21:21:42.040Z,"9 km SE of Campohermoso, Colombia",earthquake,5.1,1.8,0.179,9.0,reviewed,us,us,251188643150.95825,3351,7.0,1848.6036940392548,-6061.452898995674,551.1570879897694,117.99827948913752,314.901198946974,422.521783064005,239.0904666790265,629.4861783517076,117.99827948913752,11.4,8,0.10439618046400401,-0.9271227060174498,3
2019-03-11 14:54:25.280000+00:00,5.8662,-78.163,10.0,4.5,mb,,146.0,3.675,1.06,us,us1000jjc6,2019-05-24T21:21:44.040Z,"92 km WSW of Bahía Solano, Colombia",earthquake,9.0,1.9,0.172,10.0,reviewed,us,us,354813389233.57605,3352,8.0,1297.9870885475652,-6193.131737600055,650.1306012600425,470.80426689264414,288.55814480080136,323.6613720353872,574.0157545774524,526.5175312469592,288.55814480080136,11.55,2,-2.084835062087215,-0.0644336637337996,1
2019-03-21 18:38:57.208000+00:00,6.8116,-72.8719,151.62,4.3,mb,,96.0,0.936,0.48,us,us1000jjx4,2019-06-06T18:54:12.040Z,"2 km W of San Andrés, Colombia",earthquake,9.8,7.6,0.168,10.0,reviewed,us,us,177827941003.89227,3363,6.0,1818.734905367252,-5901.589959400072,737.6495641610804,268.676018085321,305.88304982320693,551.2265941709642,44.0105414952145,791.500027417615,44.0105414952145,11.25,0,1.2952878781058992,-0.5171727977452968,3
2019-03-31 13:28:32.210000+00:00,5.6738,-78.2892,10.0,4.6,mb,,112.0,3.794,0.82,us,us2000k7zx,2025-12-22T18:06:53.998Z,"112 km W of Nuquí, Colombia",earthquake,2.4,1.9,0.051,117.0,reviewed,us,us,501187233627.2715,3372,8.0,1284.778800260453,-6198.078432401875,628.8785098856755,479.1039485681747,306.12967759331696,314.62449287550146,593.0892826719388,508.4109511810348,306.12967759331696,11.7,2,-2.2612949794504154,-0.11358937197038067,1
2019-04-08 02:07:34.647000+00:00,6.8088,-73.0399,151.76,4.4,mb,,42.0,0.911,1.03,us,us2000kc2d,2019-06-18T15:50:50.040Z,"9 km NW of Cepitá, Colombia",earthquake,3.1,5.8,0.042,164.0,reviewed,us,us,251188643150.95825,3380,6.0,1801.3927088999174,-5906.798898311387,737.3311744593387,259.7145211713521,287.68078337555926,537.480804763403,35.71509155603346,779.8843390926305,35.71509155603346,11.4,0,1.1313847486211748,-0.5050077970153484,3
2019-04-15 08:55:14.135000+00:00,6.8341,-73.0238,150.87,4.1,mb,,92.0,0.937,0.75,us,us70003bdb,2019-06-20T19:03:41.040Z,"10 km NNW of Cepitá, Colombia",earthquake,7.7,4.7,0.075,48.0,reviewed,us,us,89125093813.3744,3387,6.0,1803.2152100013016,-5906.825677569206,740.163858972495,263.02338567752474,290.0329834368607,540.7117584351029,33.53885222465287,783.199590012526,33.53885222465287,10.95,0,1.4041967371784694,-0.4999249372901474,3
2019-04-17 10:23:56.778000+00:00,5.2349,-73.5971,158.21,4.2,mb,,87.0,0.818,1.19,us,us70003cd0,2019-06-26T20:54:47.040Z,"2 km N of Villapinzón, Colombia",earthquake,5.0,6.4,0.186,9.0,reviewed,us,us,125892541179.41711,3389,7.0,1747.112127691575,-5935.068664592437,566.8498425032651,78.50071833689357,246.5384828187659,381.0545073520676,215.99860543359569,605.9272086440682,78.50071833689357,11.100000000000001,0,0.7746358494933573,-0.765031484825922,3
2019-04-27 06:49:50.341000+00:00,6.8591,-73.0333,154.61,4.5,mb,,133.0,0.961,0.53,us,us70003cw3,2019-07-13T18:42:43.040Z,"13 km NNW of Cepitá, Colombia",earthquake,11.5,12.9,0.075,52.0,reviewed,us,us,354813389233.57605,3399,6.0,1801.057800735245,-5903.263505907838,742.4118872481985,265.06281968693014,289.6474173727627,541.8904867858713,30.56911062115053,784.7816714110411,30.56911062115053,11.55,0,1.068858561542038,-0.4891988805288557,0
2019-04-29 02:44:20.622000+00:00,6.8466,-72.9779,145.68,4.1,mb,,58.0,0.953,0.73,us,us70003dpn,2019-07-13T18:42:50.040Z,"10 km N of Cepitá, Colombia",earthquake,5.9,6.4,0.077,46.0,reviewed,us,us,89125093813.3744,3401,7.0,1809.407799677307,-5910.1519172537455,742.1299292231814,266.53823129265965,295.28306895222573,545.3328418823735,34.2766169055131,787.3797867856072,34.2766169055131,10.95,0,1.3767952686047547,-0.3231256981297388,3
2019-04-30 13:11:27.942000+00:00,6.7377,-72.9229,160.23,4.3,mb,,64.0,0.854,0.58,us,us70003ekn,2019-07-25T18:54:02.040Z,"5 km ESE of Cepitá, Colombia",earthquake,9.2,6.6,0.051,107.0,reviewed,us,us,177827941003.89227,3402,8.0,1811.2480222846063,-5895.93752357177,728.6736668828504,258.74975647302136,298.7758956585107,541.5281906065966,47.82125773251384,781.5617780610736,47.82125773251384,11.25,0,1.2456349940550273,-0.17958245198838652,3
2019-05-06 18:56:32.594000+00:00,6.991,-76.2643,20.21,4.5,mb,,88.0,2.877,0.98,us,us70003hlq,2019-07-25T18:54:27.040Z,"1 km SSE of Dabeiba, Colombia",earthquake,5.4,7.2,0.18,9.0,reviewed,us,us,354813389233.57605,3409,9.0,1496.7423134888063,-6123.300047590093,772.9764539074534,350.81154409736973,112.1984823989841,394.6777575526169,346.97766919534195,652.2324815321156,112.1984823989841,11.55,2,-1.044523532120316,0.3117361893283689,1
2019-05-11 09:56:46.040000+00:00,6.8258,-72.9874,147.27,4.3,mb,,74.0,0.932,0.66,us,us70003mm5,2019-08-01T17:15:22.040Z,"8 km N of Cepitá, Colombia",earthquake,7.7,10.0,0.153,12.0,reviewed,us,us,177827941003.89227,3413,8.0,1808.0446330739576,-5909.199436884439,739.6970547711304,264.00146238924725,293.7491240724761,542.978613016945,35.89005210937448,784.9064284866672,35.89005210937448,11.25,0,1.1730181022028139,-0.15026782565407015,3
2019-05-12 07:28:08.579000+00:00,3.9341,-73.9292,10.0,4.5,mb,,65.0,0.985,1.14,us,us70003jzm,2019-08-01T17:15:13.040Z,"18 km NNW of Cubarral, Colombia",earthquake,5.7,1.9,0.087,39.0,reviewed,us,us,354813389233.57605,3414,9.0,1756.7343243372463,-6098.011246576968,436.4222156537946,87.8283458765415,315.3668179234389,293.7572470403651,365.2501552969307,479.7074712144363,87.8283458765415,11.55,9,-0.6231476409649155,-0.825749830978975,1
2019-05-25 15:13:36.186000+00:00,6.8325,-73.0636,151.32,4.2,mb,,83.0,0.934,1.29,us,us60003s3s,2019-08-13T14:30:36.040Z,"11 km NNE of Jordán, Colombia",earthquake,8.8,9.5,0.079,45.0,reviewed,us,us,125892541179.41711,3428,10.0,1798.9875136754124,-5907.669184470996,739.9378588042119,260.95128989813446,285.7115530013813,537.4302309032308,32.550977582251505,780.4058360659827,32.550977582251505,11.100000000000001,0,1.1944625366609363,0.21252785290865384,2
2019-06-07 10:59:07.448000+00:00,6.5335,-73.0598,185.75,4.1,mb,,88.0,2.095,0.71,us,us70003wnm,2019-08-27T17:47:46.040Z,"7 km S of Curití, Colombia",earthquake,13.9,7.4,0.052,100.0,reviewed,us,us,89125093813.3744,3440,6.0,1790.5130867400069,-5878.441086338487,703.7832359188109,231.5508174934805,280.4759822704916,515.1097426377216,65.50713100540428,754.3773112000305,65.50713100540428,10.95,0,1.493926109810881,-0.5821708689674773,3
2019-06-09 19:43:17.036000+00:00,6.8764,-73.0401,135.34,4.7,mb,,64.0,0.978,1.09,us,us70003xh9,2019-08-27T17:48:01.040Z,"12 km S of Piedecuesta, Colombia",earthquake,8.5,6.7,0.048,131.0,reviewed,us,us,707945784384.1403,3443,7.0,1805.872373016052,-5921.56187851317,746.5825653716665,266.47368565254504,289.37399915188405,542.6963970581427,28.50624352101988,785.866215272264,28.50624352101988,11.850000000000001,0,0.7765406616398345,-0.3086643916590217,0
2019-06-16 16:18:35.241000+00:00,6.7518,-72.9741,154.59,4.2,mb,,62.0,0.86,0.58,us,us600041eu,2019-09-06T14:25:14.040Z,"0 km S of Cepitá, Colombia",earthquake,7.7,7.5,0.059,80.0,reviewed,us,us,125892541179.41711,3450,5.0,1807.566040483256,-5902.737488746169,730.8545931594476,257.3943933592583,293.5107600691901,538.4210287553603,44.03321196198483,779.2994951303843,44.03321196198483,11.100000000000001,0,1.366308267832101,-0.7050264354302007,3
2019-06-28 06:48:47.655000+00:00,3.8732,-78.7685,10.0,4.7,mb,,131.0,2.036,0.96,us,us700046fu,2019-09-14T16:08:15.040Z,"154 km NNW of Mosquera, Colombia",earthquake,7.2,1.9,0.123,20.0,reviewed,us,us,707945784384.1403,3461,6.0,1236.1252675608234,-6224.925156547872,429.6767602223048,529.0129956420398,440.590779560904,252.5678138898733,721.576122432915,338.75375497589806,252.5678138898733,11.850000000000001,13,-2.815101462371776,-0.988211878016202,4
2019-07-03 07:40:08.833000+00:00,6.8198,-73.106,153.8,4.5,mb,,63.0,0.921,1.19,us,us7000494j,2019-09-26T14:30:05.040Z,"9 km N of Jordán, Colombia",earthquake,8.4,8.2,0.034,249.0,reviewed,us,us,354813389233.57605,3466,7.0,1793.9472549812692,-5906.799458492538,738.2745041631994,257.6955373696133,280.832278680707,533.0951190284769,33.35385066884589,776.4664882550377,33.35385066884589,11.55,0,0.9986203946885523,-0.31853576753327884,0
2019-07-14 16:21:42.415000+00:00,6.043,-73.1646,175.58,4.3,mb,,86.0,0.17,0.63,us,us70004k4j,2019-09-28T20:01:23.040Z,"12 km SW of Encino, Colombia",earthquake,8.8,4.5,0.046,135.0,reviewed,us,us,177827941003.89227,3478,7.0,1784.3666463852796,-5896.937469282472,652.2216885692975,178.96893224904255,268.105092875022,471.4335306188709,119.76856011064946,704.9325901794429,119.76856011064946,11.25,0,1.1061623220071901,-0.5472470903014337,3
2019-07-15 03:49:54.119000+00:00,6.815,-73.012,148.53,4.4,mb,,44.0,0.919,0.96,us,us70004kbz,2019-09-28T20:01:24.040Z,"7 km NNW of Cepitá, Colombia",earthquake,3.5,6.6,0.046,139.0,reviewed,us,us,251188643150.95825,3478,8.0,1805.182516205424,-5908.911911692351,738.3826947772404,261.7021092246641,290.8374131838962,540.1833327332532,35.97506300278593,782.3009697203166,35.97506300278593,11.4,0,1.0774398987128662,-0.15106943738888517,3
2019-08-01 18:12:10.979000+00:00,6.7727,-72.9539,156.19,4.2,mb,,102.0,0.883,0.58,us,us60004ypr,2019-10-19T21:42:03.040Z,"3 km NE of Cepitá, Colombia",earthquake,9.1,8.7,0.093,32.0,reviewed,us,us,125892541179.41711,3496,5.0,1809.1029530890517,-5900.325539147214,732.9177125105005,260.4982882041705,296.1474941355352,541.6366221562594,42.8076197393044,782.5040036303534,42.8076197393044,11.100000000000001,0,1.3867962551549904,-0.6998595686157875,3
2019-08-02 00:07:43.705000+00:00,6.8896,-73.0482,141.75,4.3,mb,,108.0,0.991,0.78,us,us600052u6,2019-10-19T21:42:19.040Z,"10 km S of Piedecuesta, Colombia",earthquake,7.0,8.7,0.104,26.0,reviewed,us,us,177827941003.89227,3496,6.0,1803.1295665822363,-5915.565221210238,747.2398826513629,267.41934908049205,288.8636030964204,543.0867763936443,26.832281594545687,786.503722269333,26.832281594545687,11.25,0,1.184752383736849,-0.4819290513796579,3
2019-08-03 11:06:16.644000+00:00,6.7475,-72.963,158.92,4.1,mb,,91.0,0.857,0.8,us,us6000504r,2019-10-19T21:42:07.040Z,"1 km ESE of Cepitá, Colombia",earthquake,6.0,8.6,0.117,20.0,reviewed,us,us,89125093813.3744,3497,6.0,1807.4657623117405,-5898.328315787229,729.8825409978164,257.55596530373066,294.6243251139203,538.9970169535933,44.94360639591903,779.6778921997372,44.94360639591903,10.95,0,1.4525984387412727,-0.5294203009844546,3
2019-08-04 16:46:49.003000+00:00,6.8016,-72.9363,149.53,4.5,mb,,81.0,0.914,0.79,us,us600050kq,2019-10-19T21:42:10.040Z,"6 km NE of Cepitá, Colombia",earthquake,8.5,6.8,0.072,56.0,reviewed,us,us,354813389233.57605,3499,7.0,1812.747130611356,-5905.737396250925,736.8192504838881,264.2494568617958,298.695347152937,545.2470035670907,40.88102416916654,786.2328091868955,40.88102416916654,11.55,0,1.051694898396961,-0.3375848129098525,0
2019-08-07 20:39:05.213000+00:00,6.8251,-73.0014,154.03,4.3,mb,,119.0,0.93,0.9,us,us600055gq,2019-10-29T20:33:41.040Z,"8 km NNW of Cepitá, Colombia",earthquake,9.3,7.7,0.533,1.0,reviewed,us,us,177827941003.89227,3502,9.0,1804.6410611764995,-5903.230834126349,738.818205132831,263.23164937608834,292.223649740255,541.8053440561064,35.34713234406992,783.9041006287508,35.34713234406992,11.25,0,1.1716766923816637,0.029167515039311098,3
2019-08-11 11:00:09.768000+00:00,6.7753,-72.976,149.39,4.5,mb,,66.0,0.883,0.75,us,us600053pi,2019-10-29T20:33:59.040Z,"2 km N of Cepitá, Colombia",earthquake,8.4,8.3,0.096,32.0,reviewed,us,us,354813389233.57605,3505,10.0,1808.7941672334496,-5907.447727587428,733.9999989811851,259.6015970104872,293.81212695291657,540.0460930341527,41.53721619971193,781.2321395037009,41.53721619971193,11.55,0,0.9491743395367002,0.189415262399347,2
2019-08-18 13:45:56.569000+00:00,6.8157,-72.9968,160.89,4.2,mb,,106.0,0.921,0.73,us,us700058g4,2019-11-02T15:26:24.040Z,"7 km NNW of Cepitá, Colombia",earthquake,7.9,8.8,0.167,10.0,reviewed,us,us,125892541179.41711,3512,8.0,1803.1585583384565,-5896.687984399829,736.9913433857051,262.52929527651645,292.49305889292833,541.4526766413996,36.506919039844405,783.3835971983972,36.506919039844405,11.100000000000001,0,1.3184889373725373,-0.15057584214593542,3
2019-09-11 17:44:27.448000+00:00,6.859,-73.0785,147.99,4.2,mb,,78.0,0.96,0.74,us,us60005l0w,2019-12-05T18:30:50.040Z,"14 km N of Jordán, Colombia",earthquake,5.7,9.4,0.236,7.0,reviewed,us,us,125892541179.41711,3537,4.0,1798.313634378455,-5910.971798504596,743.1917180592699,262.92360910675296,284.79517950845576,538.3159842020227,29.352259444727263,781.7755279524667,29.352259444727263,11.100000000000001,0,1.3352726042286678,-0.8430423053483828,3
2019-09-14 04:06:22.079000+00:00,6.7638,-72.9877,153.57,4.2,mb,,66.0,0.87,0.63,us,us70005g8v,2019-12-05T18:31:04.040Z,"1 km NW of Cepitá, Colombia",earthquake,8.2,8.8,0.07,58.0,reviewed,us,us,125892541179.41711,3539,5.0,1806.4164147827476,-5903.988452075801,732.2676416850815,257.8674969853157,292.2938449772915,538.2291439433924,42.24514470884343,779.4297513397763,42.24514470884343,11.100000000000001,0,1.3577094283410467,-0.7005358952858878,3
2019-09-22 00:36:45.031000+00:00,6.7979,-73.0169,157.95,4.9,mb,,35.0,0.901,0.86,us,us60005lvz,2019-12-10T17:27:02.040Z,"6 km NW of Cepitá, Colombia",earthquake,6.6,7.1,0.053,111.0,reviewed,us,us,1412537544622.7554,3547,5.0,1802.009319684948,-5900.330902560526,735.4236565122756,259.76046695485326,289.9041930065951,538.4804867829165,37.59757996765697,780.4624089414913,37.59757996765697,12.15,0,0.7532820246925243,-0.6841555853770891,0
2019-10-09 03:14:02.291000+00:00,6.7757,-72.9948,155.82,4.3,mb,,77.0,0.881,0.67,us,us70005sf9,2019-12-28T20:45:56.040Z,"3 km NW of Cepitá, Colombia",earthquake,7.9,6.2,0.076,49.0,reviewed,us,us,177827941003.89227,3564,6.0,1804.9868342742495,-5901.930091161158,733.2845010929034,258.6760711173304,291.7867337155096,538.5604167442941,40.73135200410236,779.9953560943619,40.73135200410236,11.25,0,1.2525972601336386,-0.5181654010982807,3
2019-10-10 19:08:28.497000+00:00,7.1349,-77.1082,40.25,4.5,mb,,100.0,3.372,0.77,us,us70005t5l,2019-12-28T20:45:58.040Z,"34 km S of Riosucio, Colombia",earthquake,7.5,8.7,0.131,17.0,reviewed,us,us,354813389233.57605,3566,7.0,1401.5200738148396,-6123.38496060626,786.3165198665897,430.5643857866727,195.5698523497524,414.5015685625446,439.7452421865639,658.6974109666347,195.5698523497524,11.55,1,-1.2227346193958761,0.07157832526076342,1
2019-10-23 12:29:14.754000+00:00,6.8341,-73.0033,151.29,4.4,mb,,35.0,0.938,0.96,us,us70005xmv,2020-01-11T21:26:28.040Z,"9 km NNW of Cepitá, Colombia",earthquake,6.7,5.6,0.045,140.0,reviewed,us,us,251188643150.95825,3578,5.0,1805.206611779308,-5905.781321373242,740.113881106957,264.03111146363614,292.2394039801685,542.3448812508885,34.34196083587063,784.5715779186114,34.34196083587063,11.4,0,1.1768032461504825,-0.6774705728414262,3
2019-11-05 16:04:50.773000+00:00,6.7317,-73.0004,155.0,4.3,mb,,91.0,0.837,0.56,us,us700063ei,2020-02-01T23:21:37.040Z,"3 km SW of Cepitá, Colombia",earthquake,5.9,5.7,0.103,27.0,reviewed,us,us,177827941003.89227,3592,5.0,1804.812171891183,-5903.422022077827,728.6408260864661,254.05627429945977,290.23984319720284,534.771617449838,45.163968765305626,775.75117402421,45.163968765305626,11.25,0,1.2642737053483517,-0.7086917998704105,3
2019-11-07 01:14:33.757000+00:00,7.6659,-77.0953,35.0,4.4,mb,,48.0,3.095,0.99,us,us60006bx4,2020-02-01T23:21:44.040Z,"24 km N of Riosucio, Colombia",earthquake,6.8,1.9,0.149,13.0,reviewed,us,us,251188643150.95825,3593,6.0,1402.3730000066632,-6120.774782109795,845.1994057860543,468.6423000410789,230.04163590180733,472.7355015516262,442.2543460643356,717.7583259320219,230.04163590180733,11.4,1,-1.020985893575876,0.0570738023209223,1
2019-12-08 04:39:58.262000+00:00,6.7551,-72.9621,150.42,4.3,mb,,71.0,0.865,1.05,us,us60006r9u,2020-02-29T19:52:59.040Z,"1 km E of Cepitá, Colombia",earthquake,8.1,7.4,0.201,7.0,reviewed,us,us,177827941003.89227,3624,3.0,1810.0032761459895,-5906.277832829176,731.7006479233676,258.34619463587273,294.8814123791019,539.6430817542009,44.20717165760605,780.4045804378893,44.20717165760605,11.25,0,1.317308364251823,-1.0599975173626839,3
2019-12-21 15:45:23.608000+00:00,6.7991,-73.0086,153.68,4.2,mb,,60.0,0.903,1.25,us,us70006x1b,2020-03-07T17:48:03.040Z,"6 km NW of Cepitá, Colombia",earthquake,6.6,8.0,0.264,4.0,reviewed,us,us,125892541179.41711,3638,3.0,1804.0985737847525,-5904.109955895236,736.0583857049409,260.2933592722157,290.82822378732925,539.2370310441181,37.76630458051438,781.1260981488298,37.76630458051438,11.100000000000001,0,1.4081518903013275,-1.0429006556793174,3
2019-12-24 20:11:15.897000+00:00,3.6387,-74.0515,10.0,4.5,mb,,78.0,1.228,0.84,us,us70006qq5,2020-03-14T22:25:09.040Z,"12 km NNW of Lejanías, Colombia",earthquake,7.0,1.8,0.069,61.0,reviewed,us,us,354813389233.57605,3641,8.0,1744.3089767582449,-6103.829517919239,403.6984143867678,119.25620312725606,335.6326368309954,276.07600997853086,400.44679846782304,448.80850474203294,119.25620312725606,11.55,9,-0.7016148949733575,-1.08538459714241,1
2019-12-25 00:25:01.178000+00:00,3.4416,-74.098,10.0,4.6,mb,,77.0,1.411,0.91,us,us70006qs6,2020-03-14T22:25:06.040Z,"8 km NW of Mesetas, Colombia",earthquake,6.0,1.6,0.046,141.0,reviewed,us,us,501187233627.2715,3641,9.0,1739.724880882681,-6106.542619161447,381.858061591743,141.1800674678618,352.3023762449302,270.161134000722,422.9545529003922,431.7759578723816,141.1800674678618,11.7,9,-0.8697724409926714,-0.9651883265174003,1
2019-12-25 04:28:44.138000+00:00,6.8126,-72.9562,156.27,4.5,mb,,83.0,2.38,0.93,us,us70006xsb,2020-03-14T22:25:01.040Z,"6 km NNE of Cepitá, Colombia",earthquake,9.4,9.4,0.118,21.0,reviewed,us,us,354813389233.57605,3641,11.0,1808.69277831453,-5899.832801426044,737.2057526838552,264.2900646122787,296.80000799897846,544.4759843850225,38.73979429521539,785.8490127377665,38.73979429521539,11.55,0,0.9708093072364238,0.3779596494305156,2
2019-12-25 10:25:55.027000+00:00,3.5986,-74.0042,10.0,4.5,mb,,70.0,1.277,0.75,us,us70006qwx,2020-03-14T22:24:56.040Z,"8 km NNE of Lejanías, Colombia",earthquake,7.3,1.8,0.074,54.0,reviewed,us,us,354813389233.57605,3641,12.0,1749.4247717272615,-6102.657545315046,399.2553727582782,123.92223464431471,342.1367902824386,281.02233445004805,403.4605515946281,450.384911385035,123.92223464431471,11.55,9,-0.7921241826182382,-0.39207688792888307,1
2020-01-04 13:52:56.648000+00:00,6.7808,-72.9851,164.34,4.7,mb,,95.0,2.337,0.93,us,us70006upb,2020-03-21T17:13:35.040Z,northern Colombia,earthquake,9.8,7.8,0.03,347.0,reviewed,us,us,707945784384.1403,3651,18.0,1803.49119372559,-5893.471909725915,732.8278918175939,259.6744692494876,292.9497615256793,539.7296791112843,40.58823888892412,781.0994120703502,40.58823888892412,11.850000000000001,0,0.628393246493555,1.6143055460681572,2
2020-01-12 23:31:10.615000+00:00,6.7526,-73.0103,158.18,4.5,mb,,42.0,2.3,1.26,us,us60007eu4,2020-04-02T21:27:35.040Z,"3 km W of Cepitá, Colombia",earthquake,6.8,3.9,0.078,48.0,reviewed,us,us,354813389233.57605,3660,19.0,1802.7915737291853,-5900.459081330348,730.5186675488048,255.607666286506,289.6041820664417,535.5553257700332,42.62093975176664,776.9164943312755,42.62093975176664,11.55,0,0.7333572621753429,1.7829574619484143,2
2020-01-30 06:33:44.146000+00:00,6.7813,-72.9965,162.56,4.6,mb,,46.0,2.331,1.0,us,us60007jud,2020-04-18T22:09:55.040Z,"3 km NW of Cepitá, Colombia",earthquake,3.8,8.9,0.059,84.0,reviewed,us,us,501187233627.2715,3677,6.0,1802.833562331751,-5895.51479577655,733.0918584392998,259.1421918668849,291.7280766385094,538.8497955957176,40.08221315857782,780.3732054441373,40.08221315857782,11.7,0,1.0193304798236384,-0.5138045849393239,0
2020-02-01 10:26:51.495000+00:00,6.7604,-72.9662,155.42,4.5,mb,,62.0,2.332,0.74,us,us60007m2t,2020-04-18T22:10:09.040Z,"1 km NE of Cepitá, Colombia",earthquake,9.0,9.1,0.036,224.0,reviewed,us,us,354813389233.57605,3679,7.0,1808.106297061328,-5901.595177471817,731.6834808635259,258.6496863883308,294.5497059014252,539.7108154793876,43.48614644262646,780.5900871125327,43.48614644262646,11.55,0,1.0577892149653694,-0.3468348467938085,0
2020-02-09 02:41:12.337000+00:00,6.7729,-72.9888,159.2,4.2,mb,,106.0,2.329,0.77,us,us70007q7d,2020-04-25T22:19:45.040Z,"2 km NW of Cepitá, Colombia",earthquake,4.5,9.6,0.136,15.0,reviewed,us,us,125892541179.41711,3687,6.0,1804.633407335363,-5898.5657399551865,732.5842726649904,258.7067539652699,292.3739189835786,538.8310932366774,41.256148751474754,780.1547946001579,41.256148751474754,11.100000000000001,0,1.3587869343973333,-0.5192662364895635,3
2020-02-14 01:29:41.493000+00:00,5.5129,-73.3156,5.06,4.5,mb,,65.0,1.201,0.84,us,us70007pt2,2020-05-02T22:09:47.040Z,"2 km NE of Soracá, Colombia",earthquake,7.0,6.1,0.115,22.0,reviewed,us,us,354813389233.57605,3692,6.0,1819.2059332827275,-6069.732935691287,611.5749711142079,122.35397693719013,263.459735837254,423.8533797431098,179.89120991180033,649.778065784697,122.35397693719013,11.55,8,-0.01038561097730176,-0.9150282665678183,0
2020-02-21 10:34:05.457000+00:00,3.4822,-79.3807,10.0,4.8,mb,,145.0,4.276,0.88,us,us70007u3c,2020-05-09T21:41:06.040Z,"149 km NW of Mosquera, Colombia",earthquake,4.2,1.9,0.03,340.0,reviewed,us,us,1000000000000.0,3699,6.0,1170.056352097108,-6240.514177318362,386.3572642072905,604.4154537509551,521.0549112122645,316.1994679990137,802.1703228434774,343.5705317956314,316.1994679990137,12.0,5,-3.216423357009943,-1.0585428697742967,4
2020-02-21 12:35:45.268000+00:00,6.7795,-72.9879,162.22,4.5,mb,,62.0,2.335,0.83,us,us70007u4y,2020-05-09T21:41:07.040Z,"3 km NNW of Cepitá, Colombia",earthquake,5.0,8.8,0.034,260.0,reviewed,us,us,354813389233.57605,3699,7.0,1803.823965658598,-5895.588996475592,732.938315243248,259.40304965467755,292.6178480228858,539.4052312770829,40.60807889283618,780.7958191307146,40.60807889283618,11.55,0,1.083249049022195,-0.3381210863757783,0
2020-02-26 17:14:43.506000+00:00,2.6379,-79.6043,10.0,4.5,mb,,149.0,2.648,1.29,us,us600084nf,2020-05-19T22:13:58.040Z,"124 km WNW of Salahonda, Colombia",earthquake,9.6,1.8,0.066,67.0,reviewed,us,us,354813389233.57605,3705,9.0,1146.5964487594215,-6249.954462147434,292.75724547081126,655.7089949323516,599.7133128066009,352.93379623241435,873.9113241171758,302.881477528162,302.881477528162,11.55,6,-3.2570025133025835,-0.7708049850028862,4
2020-02-27 00:49:48.476000+00:00,5.183,-73.5712,155.06,4.1,mb,,80.0,0.819,0.84,us,us600089jg,2020-05-19T22:14:27.040Z,"4 km SE of Villapinzón, Colombia",earthquake,7.2,7.9,0.213,6.0,reviewed,us,us,89125093813.3744,3705,10.0,1750.82659372691,-5937.777399762563,561.5299396893822,76.37865912234476,251.75475845995103,380.568070311899,220.94185180009893,603.6471148784325,76.37865912234476,10.95,0,0.7714530916925096,-0.2519281638225441,2
2020-02-28 04:48:30.169000+00:00,6.699,-72.9774,158.91,4.2,mb,,47.0,2.276,1.06,us,us600085uj,2020-05-19T22:14:04.040Z,"4 km E of Aratoca, Colombia",earthquake,7.4,7.8,0.078,46.0,reviewed,us,us,125892541179.41711,3706,11.0,1806.166424438164,-5899.3805450575655,724.6614381409847,252.06070689605292,292.0944495107684,534.1806734456127,49.410922957874966,774.4544932090039,49.410922957874966,11.100000000000001,0,1.2169765468182399,0.34410199491316423,2
2020-02-29 08:06:10.519000+00:00,5.8438,-77.6307,10.0,4.7,mb,,106.0,3.441,0.81,us,us600086tp,2022-08-08T18:32:52.925Z,"42 km WNW of Nuquí, Colombia",earthquake,7.2,1.9,0.081,46.0,reviewed,us,us,707945784384.1403,3707,11.0,1355.52118303512,-6181.053639813629,647.6567177832411,413.6583206460018,230.95858083000175,292.5432425111195,517.8510804703443,516.3138848603346,230.95858083000175,11.850000000000001,2,-2.124145911016057,0.41826235534296924,1
2020-02-29 11:18:59.323000+00:00,5.8029,-77.6217,10.0,4.3,mb,,106.0,3.421,1.21,us,us60008ad2,2020-05-19T22:14:29.040Z,"40 km WNW of Nuquí, Colombia",earthquake,5.2,1.9,0.188,8.0,reviewed,us,us,177827941003.89227,3707,12.0,1356.5908443942897,-6181.290639652392,643.1394164963816,411.35682839554914,230.9138981322605,287.9961623552749,518.1798268848307,511.70433689605215,230.9138981322605,11.25,16,-1.8012319580530047,0.5804618614431952,1
2020-03-06 02:38:56.633000+00:00,6.7766,-72.9332,160.52,4.6,mb,,38.0,2.364,1.36,us,us60008ask,2020-05-23T22:03:27.040Z,"5 km ENE of Cepitá, Colombia",earthquake,7.7,5.6,0.098,31.0,reviewed,us,us,501187233627.2715,3713,12.0,1809.9579592827292,-5895.51344817052,732.8268543589525,261.9734783381157,298.4738270522451,543.6095876234556,43.46967214181379,784.2545785662038,43.46967214181379,11.7,0,0.8794704305644692,0.5438336947016914,2
2020-03-17 02:54:47.709000+00:00,6.7596,-72.9509,156.88,4.3,mb,,46.0,2.34,0.52,us,us70008gxz,2020-05-30T22:17:25.040Z,"2 km ENE of Cepitá, Colombia",earthquake,6.1,6.4,0.16,11.0,reviewed,us,us,177827941003.89227,3724,11.0,1809.2600789184316,-5899.735769603684,731.4254508088299,259.376566527746,296.19081602458374,540.8913407840669,44.26457319589218,781.5610416895579,44.26457319589218,11.25,0,1.1426044959682442,0.36065205117395144,2
2020-03-28 05:55:09.624000+00:00,6.7999,-73.0549,155.01,4.9,mb,,75.0,2.315,1.22,us,us70008hq3,2020-06-13T18:44:38.040Z,"8 km NNE of Jordán, Colombia",earthquake,8.8,7.2,0.077,53.0,reviewed,us,us,1412537544622.7554,3735,8.0,1798.9390438391536,-5904.292757824072,735.9871103200737,258.09864275307115,285.85074831706186,535.6007860690905,36.2955122060256,778.094244113107,36.2955122060256,12.15,0,0.6439092123872678,-0.14915237130100018,0
2020-03-30 21:32:15.092000+00:00,6.737,-72.9452,161.04,4.2,mb,,108.0,2.325,0.66,us,us70008mnx,2020-06-13T18:44:38.040Z,"3 km ESE of Cepitá, Colombia",earthquake,9.9,7.6,0.141,14.0,reviewed,us,us,125892541179.41711,3738,6.0,1808.7198259365236,-5895.881507497861,728.5032892231224,257.4783784702193,296.34021546908605,539.6556502516491,46.8077806503012,779.9741507588573,46.8077806503012,11.100000000000001,0,1.3801832923214064,-0.5331295590678251,3
2020-03-31 14:16:28.847000+00:00,6.6873,-72.9791,162.39,4.2,mb,,77.0,2.265,0.4,us,us70008mt2,2020-06-13T18:44:38.040Z,"4 km E of Aratoca, Colombia",earthquake,8.7,8.6,0.096,30.0,reviewed,us,us,125892541179.41711,3738,7.0,1805.022927271674,-5896.2705761444895,722.9963049810972,250.83043230849088,291.6902099839048,533.1660725503618,50.58415441964812,773.3165456456688,50.58415441964812,11.100000000000001,0,1.335510521960441,-0.3681311462494361,3
2020-04-07 03:29:53.210000+00:00,6.8873,-72.9804,151.53,4.5,mb,,128.0,2.428,0.67,us,us70008qd0,2020-06-21T00:55:14.040Z,"13 km SE of Piedecuesta, Colombia",earthquake,15.1,11.3,0.065,69.0,reviewed,us,us,354813389233.57605,3745,9.0,1807.2952279283325,-5904.171854952934,745.8188434124708,270.45240395320064,296.0628993542212,548.2667666944348,30.20170352524853,790.8085788731927,30.20170352524853,11.55,0,1.0047289859879263,0.04698683935530029,0
2020-04-07 12:40:45.551000+00:00,6.7669,-73.0082,166.43,4.0,mb,,64.0,2.313,0.89,us,us70008wmh,2020-06-21T00:55:17.040Z,"3 km WNW of Cepitá, Colombia",earthquake,10.1,6.6,0.15,12.0,reviewed,us,us,63095734448.019424,3745,10.0,1800.5603557400725,-5892.383555955026,731.0863969107738,257.1264774563984,290.142051023868,536.811881637043,41.17282364885849,778.3162744179497,41.17282364885849,10.8,0,1.4538457303960346,0.1903000705573712,2
2020-04-10 01:11:56.787000+00:00,6.7079,-72.9393,167.78,4.1,mb,,91.0,2.305,0.61,us,us70008ydx,2020-06-30T14:03:12.040Z,"6 km SE of Cepitá, Colombia",earthquake,11.1,9.4,0.131,16.0,reviewed,us,us,89125093813.3744,3748,11.0,1807.471383994408,-5889.648887208158,724.5837079655018,254.9739270653392,296.40926082315457,537.9608894341276,50.02511421243949,777.8400148945473,50.02511421243949,10.95,0,1.3653422447014452,0.345224772419946,2
2020-04-12 02:41:46.006000+00:00,6.7502,-72.9651,163.67,4.6,mb,,62.0,2.324,1.28,us,us70008uic,2020-06-30T14:03:00.040Z,"1 km ESE of Cepitá, Colombia",earthquake,7.0,8.2,0.03,327.0,reviewed,us,us,501187233627.2715,3750,13.0,1805.857611738681,-5893.851547818801,729.6149308363838,257.7093327652028,294.452992437162,539.0300884166726,44.5766022935636,779.7713330691172,44.5766022935636,11.7,0,0.8484378228029535,0.7161186144962611,2
2020-04-12 12:31:13.698000+00:00,7.3954,-77.1263,47.51,4.8,mb,,90.0,3.208,0.72,us,us70008uu4,2020-06-30T14:03:02.040Z,"5 km S of Riosucio, Colombia",earthquake,9.1,8.4,0.071,62.0,reviewed,us,us,1000000000000.0,3750,14.0,1397.1705124941586,-6113.260295468326,813.9342104662483,450.69818845316456,213.2754451304745,443.4357443238087,442.677558789318,687.5988558069862,213.2754451304745,12.0,15,-1.5914241593961191,1.397438859174864,1
2020-04-18 13:41:40.467000+00:00,6.7158,-72.9119,163.06,4.4,mb,,62.0,2.328,0.81,us,us70008zdr,2020-07-09T14:31:25.040Z,"8 km ESE of Cepitá, Colombia",earthquake,3.2,10.4,0.053,103.0,reviewed,us,us,251188643150.95825,3756,16.0,1811.6357692966149,-5893.168966920109,725.9851309323285,257.23802076670296,299.5410843948804,540.7960525177488,50.54223495844125,780.4109080586272,50.54223495844125,11.4,0,0.9606793763499203,1.232784652971202,2
2020-04-30 06:47:37.916000+00:00,7.0761,-73.0361,156.35,4.3,mb,,55.0,2.558,0.78,us,us700097ct,2020-07-18T21:57:05.040Z,"5 km ENE of Floridablanca, Colombia",earthquake,8.1,5.0,0.074,52.0,reviewed,us,us,177827941003.89227,3768,17.0,1799.4321941243911,-5898.968127914183,765.5673890006833,286.86398983450874,295.91911755004224,558.7617318461764,10.695137205391296,803.9851425140818,10.695137205391296,11.25,0,1.0041103207313455,1.5277053170578625,2
2020-05-05 16:28:11.641000+00:00,6.8361,-73.0526,153.61,4.7,mb,,104.0,2.346,0.85,us,us70009ese,2020-07-18T21:57:48.040Z,"12 km NNE of Jordán, Colombia",earthquake,10.7,6.0,0.318,3.0,reviewed,us,us,707945784384.1403,3774,16.0,1799.4453411303275,-5905.104232109649,740.0532982867327,261.8348977077935,286.98513204627176,538.5801105805187,32.42694928386673,781.4566952037272,32.42694928386673,11.850000000000001,0,0.6112694748531621,1.279525925791001,2
2020-05-06 04:42:13.846000+00:00,6.8426,-73.0651,150.7,4.0,mb,,90.0,2.345,0.53,us,us70009fec,2020-07-29T22:14:08.040Z,"12 km NNE of Jordán, Colombia",earthquake,9.4,8.2,0.144,13.0,reviewed,us,us,63095734448.019424,3774,17.0,1798.9741392706994,-5908.180299115886,741.100323420644,261.89591001054384,285.80684763541694,538.0955003166179,31.41756209071858,781.2035767698362,31.41756209071858,10.8,0,1.1851241996070256,1.4563047340255315,2
2020-05-12 06:48:40.445000+00:00,6.7365,-73.0246,156.4,4.4,mb,,62.0,2.279,0.81,us,us70009el5,2020-07-29T22:14:38.040Z,"4 km N of Aratoca, Colombia",earthquake,8.1,6.4,0.039,189.0,reviewed,us,us,251188643150.95825,3780,14.0,1801.8948325705571,-5902.7956318667175,728.9937590752952,253.29207945393836,287.7133895816415,533.1791967389154,43.92120736151062,774.5342762093326,43.92120736151062,11.4,0,0.9355456304041943,0.8915410106508462,2
2020-05-14 18:40:54.018000+00:00,6.9785,-73.1839,149.86,4.2,mb,,126.0,2.402,1.04,us,us70009mjb,2020-08-02T00:31:59.040Z,"10 km S of Girón, Colombia",earthquake,10.6,8.9,0.303,3.0,reviewed,us,us,125892541179.41711,3783,12.0,1786.44760657567,-5910.996525920237,755.849137803931,270.59849870604376,277.09566505261154,539.639875677876,17.050818115348516,785.6464499872042,17.050818115348516,11.100000000000001,0,1.1088036481656924,0.6206143459856677,2
2020-05-16 19:36:30.779000+00:00,6.705,-72.9513,161.75,4.5,mb,,82.0,2.296,0.89,us,us70009ic3,2020-08-02T00:29:56.040Z,"6 km SSE of Cepitá, Colombia",earthquake,4.1,6.4,0.076,50.0,reviewed,us,us,354813389233.57605,3785,12.0,1808.00437976503,-5895.787956305789,724.9759303108503,254.04263362142268,295.0484089355051,536.7621442265541,49.80202449737191,776.7642492779618,49.80202449737191,11.55,0,0.9518290262272324,0.5231585461825415,2
2020-05-19 07:19:00.003000+00:00,5.913,-77.5001,10.0,5.0,mww,,51.0,3.338,1.44,us,us70009kin,2025-12-22T18:34:28.908Z,"33 km NW of Nuquí, Colombia",earthquake,3.8,1.8,0.093,11.0,reviewed,us,us,1995262314968.8828,3787,11.0,1369.4364423858187,-6177.179626917899,655.2989295398763,402.3781916982314,215.34433180850536,293.96952831360994,501.8473991504308,523.114035843463,215.34433180850536,12.3,4,-2.3214297785286377,0.4305053964816971,1
2020-05-19 15:04:29.237000+00:00,6.7759,-72.954,163.78,4.2,mb,,59.0,2.351,0.44,us,us6000a01z,2020-08-02T00:28:09.040Z,"3 km NE of Cepitá, Colombia",earthquake,6.1,5.6,0.073,52.0,reviewed,us,us,125892541179.41711,3788,12.0,1806.8712656523376,-5893.083668165567,732.366873745786,260.80606218711245,296.2065633630625,541.8703844658922,42.48268326017724,782.7776128903638,42.48268326017724,11.100000000000001,0,1.2383301501784232,0.5440792453299026,2
2020-05-28 08:52:53.546000+00:00,6.7503,-72.9388,155.03,4.2,mb,,62.0,2.339,1.1,us,us6000a5zr,2020-08-15T20:19:42.040Z,"3 km E of Cepitá, Colombia",earthquake,8.1,7.7,0.159,11.0,reviewed,us,us,125892541179.41711,3796,12.0,1811.079796049054,-5901.223294023158,730.6412576096428,259.1144567150656,297.3076722863016,541.1754119979483,45.77762509019398,781.5732237648142,45.77762509019398,11.100000000000001,0,1.1996740810371505,0.5335008481711364,2
2020-06-09 06:18:28.889000+00:00,6.9545,-73.162,138.61,4.2,mb,,156.0,2.392,0.74,us,us6000acxc,2020-08-18T17:59:09.040Z,"12 km S of Girón, Colombia",earthquake,12.4,20.2,0.265,4.0,reviewed,us,us,125892541179.41711,3808,9.0,1792.0331473276078,-5921.304245926498,754.6246339418907,269.01157376639634,278.64628852386284,539.3835160673133,18.831164884345892,784.8855735162067,18.831164884345892,11.100000000000001,0,1.1406356641756346,0.07758298153834624,3
2020-06-22 20:02:31.296000+00:00,6.8021,-72.998,151.78,4.2,mb,,105.0,2.348,0.79,us,us7000acbg,2020-08-30T00:01:24.040Z,"5 km NNW of Cepitá, Colombia",earthquake,8.3,10.5,0.374,2.0,reviewed,us,us,125892541179.41711,3822,4.0,1805.7312195367483,-5905.543394535527,736.6066701083666,261.12234901453814,292.04253220509656,540.3161343002763,37.86142516187611,782.1038095782782,37.86142516187611,11.100000000000001,0,1.3783288173710142,-0.8657647798601664,3
2020-07-06 11:38:06.518000+00:00,6.9035,-73.1327,152.47,4.2,mb,,71.0,2.362,0.59,us,us7000alf4,2020-09-11T22:14:20.040Z,"13 km SW of Piedecuesta, Colombia",earthquake,7.2,9.4,0.083,40.0,reviewed,us,us,125892541179.41711,3835,3.0,1791.262739443355,-5907.859949839053,747.4516521284794,265.0170509819463,280.2282777167809,537.5808622965866,24.02123126965208,782.1964713521509,24.02123126965208,11.100000000000001,0,1.3665723547511468,-1.0019459985260044,3
2020-07-09 03:22:51.274000+00:00,6.786,-72.9901,156.01,4.9,mb,,41.0,2.339,1.02,us,us7000akj8,2020-09-19T20:57:59.040Z,"3 km NNW of Cepitá, Colombia",earthquake,3.2,6.0,0.022,655.0,reviewed,us,us,1412537544622.7554,3838,4.0,1805.3771817886116,-5901.475441433116,734.3715311331335,259.9316189492861,292.52604112227857,539.722651252373,39.84658380441928,781.2188358142982,39.84658380441928,12.15,0,0.7803936025594703,-0.867512926529784,0
2020-07-09 20:10:56.738000+00:00,6.7795,-73.0182,156.12,4.3,mb,,59.0,2.318,0.79,us,us7000apit,2020-09-19T20:58:26.040Z,"5 km WNW of Cepitá, Colombia",earthquake,9.6,7.2,0.092,34.0,reviewed,us,us,177827941003.89227,3839,4.0,1802.4750780806255,-5902.33532946692,733.6584122225231,257.8702068176214,289.3411890635269,536.9689301261942,39.50541403794542,778.7520765796452,39.50541403794542,11.25,0,1.2968393059298833,-0.8699258533674843,3
2020-07-11 20:26:43.599000+00:00,6.829,-73.079,151.9,4.6,mb,,48.0,2.326,0.87,us,us7000am18,2020-09-19T20:58:09.040Z,"10 km N of Jordán, Colombia",earthquake,3.2,6.7,0.065,73.0,reviewed,us,us,501187233627.2715,3841,5.0,1797.2451205025238,-5907.644783207116,739.4916512548438,259.87490036867894,283.9673437935607,535.9410007127025,32.63824370591836,779.0727023309626,32.63824370591836,11.7,0,0.9680094879801645,-0.6723967408148984,0
2020-07-12 13:36:56.060000+00:00,6.8703,-73.0943,156.06,4.2,mb,,124.0,2.353,0.75,us,us7000aqeq,2020-09-19T20:58:31.040Z,"13 km SSW of Piedecuesta, Colombia",earthquake,9.5,6.8,0.098,29.0,reviewed,us,us,125892541179.41711,3841,6.0,1794.3110021541995,-5903.661316100653,743.4448842551133,263.3423838436399,283.40410112380624,537.9590940899193,27.86439194703724,781.7409386135294,27.86439194703724,11.100000000000001,0,1.3152232677960773,-0.4822276766246613,3
2020-07-13 01:41:21.084000+00:00,6.8861,-73.1059,151.07,4.2,mb,,155.0,2.36,0.82,us,us7000arnz,2020-09-19T20:58:32.040Z,"12 km SSW of Piedecuesta, Colombia",earthquake,12.2,10.5,0.096,30.0,reviewed,us,us,125892541179.41711,3842,7.0,1794.4957266681502,-5908.568284401655,745.7446750950588,264.42328630809925,282.5964745540893,538.2923225200614,25.99686127136565,782.3902876247386,25.99686127136565,11.100000000000001,0,1.2634624451987895,-0.30006562502202005,3
2020-07-19 19:26:04.780000+00:00,6.8045,-72.9999,160.01,4.6,mb,,59.0,2.349,1.25,us,us7000arb0,2020-09-26T16:58:39.040Z,"6 km NNW of Cepitá, Colombia",earthquake,8.4,6.3,0.028,378.0,reviewed,us,us,501187233627.2715,3849,8.0,1803.1370767145677,-5897.7588131670445,735.8902393616195,261.2643967383257,291.8935919381059,540.3472777952445,37.536695189169954,782.1874723035165,37.536695189169954,11.7,0,0.9576760801328708,-0.1522203971690481,0
2020-07-21 21:40:11.185000+00:00,6.9523,-72.8355,173.3,4.6,mb,,47.0,2.562,1.11,us,us7000asp1,2020-09-26T16:58:44.040Z,"8 km NNE of Guaca, Colombia",earthquake,8.2,6.4,0.028,385.0,reviewed,us,us,501187233627.2715,3851,9.0,1815.5926669164696,-5878.122690364324,750.1881063194928,284.2899782032339,313.3372961697626,564.8256627980791,36.73393303496941,806.290522014933,36.73393303496941,11.7,0,1.0950407217668523,0.06032811283794845,0
2020-07-22 19:21:57.282000+00:00,6.7749,-73.0218,152.11,4.6,mb,,41.0,2.312,0.81,us,us6000b257,2020-10-03T17:32:15.040Z,"5 km WNW of Cepitá, Colombia",earthquake,7.8,6.0,0.029,362.0,reviewed,us,us,501187233627.2715,3852,11.0,1803.284188820779,-5906.313333895255,733.6359916880589,257.2341608946933,288.848345030266,536.3286997121174,39.88213371702315,778.1042900835668,39.88213371702315,11.7,0,0.8264885376147176,0.37101553450873026,2
2020-07-25 10:48:02.425000+00:00,2.7258,-79.5197,10.0,4.6,mb,,140.0,2.692,0.73,us,us6000b3ya,2020-10-03T17:32:22.040Z,"121 km WNW of Mosquera, Colombia",earthquake,8.0,1.8,0.04,189.0,reviewed,us,us,501187233627.2715,3854,11.0,1155.7405006023691,-6247.805652360161,302.5052488863695,643.4859289917639,586.1891878606095,341.408183141867,860.6119040529815,300.2647285040012,300.2647285040012,11.7,6,-3.3502488551269822,-0.39546110151507413,4
2020-07-29 08:04:19.082000+00:00,6.8524,-73.0498,153.81,4.3,mb,,104.0,2.361,0.7,us,us6000b97s,2020-10-10T17:11:14.040Z,"13 km NW of Cepitá, Colombia",earthquake,7.5,9.8,0.109,24.0,reviewed,us,us,177827941003.89227,3858,12.0,1799.6145724349597,-5904.624712740885,741.7856081573428,263.6037723472181,287.7023492676044,540.0655439593129,30.749246964980188,783.089957625394,30.749246964980188,11.25,0,1.0750754985136366,0.5731749211006053,2
2020-08-03 04:28:34.203000+00:00,6.7679,-72.9421,158.46,4.3,mb,,107.0,2.352,1.19,us,us6000bakj,2020-10-10T17:11:19.040Z,"3 km ENE of Cepitá, Colombia",earthquake,8.7,7.2,0.093,33.0,reviewed,us,us,177827941003.89227,3863,13.0,1809.674847711398,-5897.856492524076,732.1331782895315,260.65255564145576,297.3217048690515,542.2313368732727,43.86516938471792,782.8868852621631,43.86516938471792,11.25,0,1.1028223355875657,0.717548240571887,2
2020-08-11 20:57:08.383000+00:00,6.7127,-72.9893,154.38,4.3,mb,,107.0,2.28,1.03,us,us6000bg1q,2020-10-21T22:04:15.040Z,"3 km ENE of Aratoca, Colombia",earthquake,7.8,5.8,0.108,25.0,reviewed,us,us,177827941003.89227,3872,9.0,1806.2065434531144,-5903.891803779263,726.6661654812298,252.7703852221168,291.0645308130927,534.2396844141058,47.54945420586899,774.8406937477598,47.54945420586899,11.25,0,1.1574859079328954,-0.0059854835210124855,3
2020-08-14 02:34:37.500000+00:00,4.2369,-73.6232,10.0,4.4,mb,,73.0,0.921,0.97,us,us6000beig,2021-01-23T21:56:25.260Z,"7 km WSW of Restrepo, Colombia",earthquake,5.3,1.8,0.108,25.0,reviewed,us,us,251188643150.95825,3874,9.0,1788.601521774969,-6086.244251737723,469.9537259069106,72.49488578562575,311.15973136131487,334.31858816251406,325.2565454187263,527.2937708216821,72.49488578562575,11.4,9,-0.3441252167672169,-0.755783444524833,1
2020-08-15 04:34:02.238000+00:00,6.7784,-73.0629,158.9,4.3,mb,,92.0,2.292,0.92,us,us6000bhqf,2020-10-24T20:09:08.040Z,"6 km NE of Jordán, Colombia",earthquake,9.9,10.4,0.142,14.0,reviewed,us,us,177827941003.89227,3875,10.0,1797.0696409106536,-5901.112400381856,733.211806899445,255.562374810304,284.4850527338428,533.3084165718184,38.4767380431105,775.6564401409528,38.4767380431105,11.25,0,1.131501093734493,0.1977769347021527,2
2020-08-15 17:34:12.687000+00:00,6.7766,-73.0629,155.66,4.3,mb,,98.0,2.291,0.82,us,us6000bhr5,2020-10-24T20:09:09.040Z,"6 km NE of Jordán, Colombia",earthquake,8.9,8.9,0.122,19.0,reviewed,us,us,177827941003.89227,3876,11.0,1798.0136385765377,-5904.212244820415,733.4003267012166,255.3824312502589,284.44382350170105,533.1700363893282,38.67393921106015,775.497163024167,38.67393921106015,11.25,0,1.0897488193019023,0.3739927509221721,2
2020-08-22 22:38:23.371000+00:00,6.7594,-72.948,160.93,4.0,mb,,61.0,2.341,1.05,us,us7000be93,2020-10-31T19:06:34.040Z,"2 km E of Cepitá, Colombia",earthquake,7.4,7.2,0.156,11.0,reviewed,us,us,63095734448.019424,3883,9.0,1808.380072722879,-5895.801583398956,730.9272239212055,259.5106423769002,296.50091682354844,541.1117667721234,44.422684978969336,781.7411276869452,44.422684978969336,10.8,0,1.4802571359001502,0.005128782176682975,3
2020-09-03 03:23:38.808000+00:00,8.2139,-76.9417,43.48,4.5,mb,,85.0,3.015,0.64,us,us7000bh09,2020-11-17T19:44:24.040Z,"25 km NE of Unguía, Colombia",earthquake,7.5,4.5,0.048,129.0,reviewed,us,us,354813389233.57605,3894,7.0,1414.9889906226788,-6100.662854526096,904.0067711151984,502.2017052706851,265.50171234999243,531.4782873910018,438.0964301775451,779.3048599741957,265.50171234999243,11.55,1,-0.9160580666420751,0.3934336246213371,1
2020-09-04 04:58:19.712000+00:00,6.7707,-73.026,157.95,4.4,mb,,41.0,2.306,0.98,us,us7000bhmn,2020-11-17T19:44:33.040Z,"5 km WNW of Cepitá, Colombia",earthquake,7.7,5.8,0.052,105.0,reviewed,us,us,251188643150.95825,3895,8.0,1801.1738976142872,-5900.950285711301,732.4947908460979,256.607901745232,288.30011581941955,535.670869330776,40.20524749925909,777.4513882579415,40.20524749925909,11.4,0,1.1065641020133534,-0.16181006639643822,3
2020-09-06 12:11:41.640000+00:00,5.9644,-77.4663,10.66,4.4,mb,,109.0,3.322,0.84,us,us7000bix1,2020-11-17T19:44:46.040Z,"29 km SSW of Bahía Solano, Colombia",earthquake,8.6,5.6,0.104,27.0,reviewed,us,us,251188643150.95825,3897,9.0,1372.8096718659738,-6175.153565174992,660.9061710544308,400.78656226395617,210.73405405310157,297.9745573514691,496.7190219879741,528.6642951442074,210.73405405310157,11.4,2,-1.7117856828324727,0.08660916599017333,1
2020-09-13 06:02:15.916000+00:00,6.8111,-73.0107,153.1,4.4,mb,,60.0,2.348,0.6,us,us7000bpfk,2020-11-21T20:10:46.040Z,"7 km NNW of Cepitá, Colombia",earthquake,7.3,8.7,0.088,37.0,reviewed,us,us,251188643150.95825,3904,8.0,1804.005367636795,-5904.579287759259,737.4201503227223,261.37926827496835,290.88437901639134,539.9880766991191,36.43169750230919,782.0438544208803,36.43169750230919,11.4,0,1.0985379169858047,-0.15151937858679562,3
2020-09-19 12:42:26.715000+00:00,6.7621,-72.9752,164.54,4.1,mb,,76.0,2.328,0.31,us,us6000c0hz,2020-11-28T21:31:54.040Z,"0 km N of Cepitá, Colombia",earthquake,9.6,12.1,0.184,8.0,reviewed,us,us,89125093813.3744,3910,6.0,1804.521267588236,-5893.198678280188,730.7927645635247,258.346963577529,293.61105498434864,539.1107045342345,42.92618400162551,780.1279399708594,42.92618400162551,10.95,0,1.4759944108169862,-0.5230069035338522,3
2020-09-21 14:59:54.325000+00:00,4.4655,-78.4196,10.0,4.7,mb,,67.0,4.102,0.95,us,us7000bqrk,2020-11-28T21:32:01.040Z,"119 km W of Santa Genoveva de Docordó, Colombia",earthquake,4.9,1.8,0.048,132.0,reviewed,us,us,707945784384.1403,3913,7.0,1273.0487877525975,-6212.598932280425,495.2598213359962,482.6422328602632,371.28864955091234,237.81033251677465,656.0378264001714,383.0581313256193,237.81033251677465,11.850000000000001,13,-2.596444290407116,-0.6555702528916102,4
2020-09-27 14:21:58.605000+00:00,6.6236,-72.7907,171.49,4.2,mb,,177.0,2.332,0.39,us,us6000c40q,2020-12-05T21:03:10.040Z,"5 km SSE of Molagavita, Colombia",earthquake,11.0,10.7,0.078,46.0,reviewed,us,us,125892541179.41711,3918,7.0,1821.963559073945,-5882.433040128397,715.0905941993622,255.5997724485856,311.2069355909964,544.1434198843613,66.19265081926127,780.9213447599675,66.19265081926127,11.100000000000001,0,1.4506878991063838,-0.39983363162273816,3
2020-09-28 22:59:45.625000+00:00,5.1128,-76.7076,78.11,4.6,mb,,55.0,2.392,1.17,us,us6000c4r3,2020-12-05T21:03:11.040Z,"5 km SSW of Istmina, Colombia",earthquake,7.9,8.6,0.114,23.0,reviewed,us,us,501187233627.2715,3920,8.0,1441.1085307474034,-6099.93209290413,560.802297307442,295.3757238105619,177.08917697470486,185.7403561031273,454.8168577410226,438.2199493726282,177.08917697470486,11.7,3,-1.3650605047978117,-0.40120421565589337,1
2020-09-29 22:05:39.109000+00:00,4.0316,-71.4695,25.25,4.4,mb,,62.0,2.955,0.75,us,us6000c2xu,2020-12-05T21:03:08.040Z,"74 km ESE of Puerto Gaitán, Colombia",earthquake,8.3,4.9,0.072,56.0,reviewed,us,us,251188643150.95825,3921,9.0,2011.748609093407,-6001.863228675514,446.1483840422096,298.2776456118889,517.5511715160608,565.4114437229964,389.0311047119422,717.514982348085,298.2776456118889,11.4,7,0.6969123719578559,-0.9791428226604538,3
2020-10-05 06:54:22.066000+00:00,6.8449,-73.0339,148.35,4.2,mb,,99.0,0.947,0.96,us,us6000c71t,2020-12-12T22:28:49.040Z,"11 km NNW of Cepitá, Colombia",earthquake,9.3,8.6,0.124,18.0,reviewed,us,us,125892541179.41711,3926,9.0,1802.8633024462888,-5909.403046730519,741.6283209833074,263.6125868034905,289.2182258660568,540.7434911488671,32.047347049408486,783.4822988556942,32.047347049408486,11.100000000000001,0,1.2226942080613146,0.03618763494726331,3
2020-10-11 13:15:04.213000+00:00,6.7857,-72.9701,153.14,4.8,mb,,59.0,2.35,0.82,us,us6000c8ij,2020-12-19T17:22:54.040Z,"3 km N of Cepitá, Colombia",earthquake,5.1,7.8,0.109,26.0,reviewed,us,us,1000000000000.0,3932,9.0,1808.272852413716,-5903.5734965116735,734.6783256014071,260.9284513914577,294.68181482884444,541.311427415845,40.739619139690944,782.5450389827082,40.739619139690944,12.0,0,0.7326589730585684,0.016758689673364385,0
2020-10-22 15:39:13.203000+00:00,6.9731,-73.1719,142.47,4.4,mb,,122.0,1.077,1.19,us,us7000c71b,2021-01-09T20:05:38.040Z,"10 km S of Girón, Colombia",earthquake,6.8,4.9,0.31,3.0,reviewed,us,us,251188643150.95825,3944,7.0,1789.8297685683413,-5917.711625404912,756.16432010122,270.5250105408371,278.1884242003794,540.1191367314743,17.13941056566523,785.9280956144664,17.13941056566523,11.4,0,1.0337783227966295,-0.2691852747992083,3
2020-10-29 03:57:39.412000+00:00,6.7952,-73.0287,143.71,4.3,mb,,44.0,0.898,0.69,us,us7000c7d3,2021-01-18T23:01:40.040Z,"7 km NW of Cepitá, Colombia",earthquake,6.5,6.2,0.062,73.0,reviewed,us,us,177827941003.89227,3950,6.0,1804.9315822098615,-5914.259229139987,736.8178188493357,258.90780274037314,288.5673217760173,537.329603816603,37.50206827603961,779.4319868945503,37.50206827603961,11.25,0,1.18469727878887,-0.5119079872545255,3
2020-10-29 17:39:48.059000+00:00,6.8712,-73.1354,144.54,4.3,mb,,126.0,0.973,0.79,us,us7000c7m3,2021-01-18T23:01:43.040Z,"15 km ENE of Zapatoca, Colombia",earthquake,7.5,7.4,0.094,32.0,reviewed,us,us,177827941003.89227,3951,7.0,1793.3903517514736,-5915.8811110112165,744.9200347858954,261.599663311314,279.0300219474372,534.8196118712802,27.6230461552509,779.1243075018709,27.6230461552509,11.25,0,1.1286583035583386,-0.3031497035634213,3
2020-11-01 22:18:10.610000+00:00,7.0238,-72.9871,171.26,4.4,mb,,58.0,1.128,0.75,us,us7000cb94,2021-01-18T23:01:58.040Z,"7 km ENE of Piedecuesta, Colombia",earthquake,7.2,7.4,0.218,6.0,reviewed,us,us,251188643150.95825,3954,7.0,1800.3503785420764,-5883.942327883165,758.1142817730408,283.79339361293984,299.343611327742,558.393816677332,18.348487454346703,802.4987391767917,18.348487454346703,11.4,0,1.2603214194704166,-0.26254477685842315,3
2020-11-06 10:22:48.718000+00:00,6.917,-73.0665,145.81,4.3,mb,,135.0,1.017,0.65,us,us7000cba1,2021-01-23T22:25:31.040Z,"8 km SSW of Piedecuesta, Colombia",earthquake,9.1,9.0,0.066,67.0,reviewed,us,us,177827941003.89227,3958,6.0,1799.9618690925304,-5911.942598535213,749.7082882946189,269.3388750176054,287.675623820624,543.7975214703215,23.33413671057723,787.7396753074938,23.33413671057723,11.25,0,1.2006221555651886,-0.47145231997715015,3
2020-11-16 13:59:21.031000+00:00,4.7244,-76.5228,72.99,4.8,mb,,58.0,1.761,1.13,us,us7000cfn8,2021-01-27T17:29:55.040Z,"15 km ENE of Sipí, Colombia",earthquake,7.0,7.2,0.082,48.0,reviewed,us,us,1000000000000.0,3968,6.0,1462.817158728339,-6103.771197584166,518.7225537528817,271.5861123277786,198.54603818059516,141.53258082143316,460.7740420361092,399.3587418043164,141.53258082143316,12.0,3,-1.5050861360161734,-0.8905333628861417,1
2020-11-16 23:19:53.836000+00:00,6.885,-73.1113,147.53,4.6,mb,,96.0,0.986,0.79,us,us6000cqfa,2021-01-27T17:28:25.040Z,"13 km SSW of Piedecuesta, Colombia",earthquake,7.2,7.4,0.173,10.0,reviewed,us,us,501187233627.2715,3969,7.0,1794.9640098495383,-5912.113980267455,746.0504866099736,264.0704742027964,281.9887097292207,537.7845321455567,26.083333718841093,781.9377885740491,26.083333718841093,11.7,0,0.8911402078400072,-0.2989284655984206,0
2020-11-20 00:57:00.461000+00:00,6.8332,-73.0682,148.74,4.7,mb,,35.0,0.934,0.76,us,us6000cqlc,2021-02-03T17:50:24.040Z,"11 km NNE of Jordán, Colombia",earthquake,6.2,5.5,0.03,346.0,reviewed,us,us,707945784384.1403,3972,8.0,1799.256621278297,-5910.255579166566,740.3202734740411,260.8045299341534,285.23457970330537,537.1206691372824,32.37656331062845,780.1625282377055,32.37656331062845,11.850000000000001,0,0.7916691157169236,-0.13998280454585085,0
2020-11-20 01:03:50.614000+00:00,6.8537,-73.0993,145.96,4.1,mb,,118.0,0.955,0.98,us,us6000cs0r,2021-02-03T17:50:24.040Z,"13 km N of Jordán, Colombia",earthquake,5.3,6.8,0.116,21.0,reviewed,us,us,89125093813.3744,3972,9.0,1796.7735748665211,-5913.618445348568,742.8624402233326,261.433071511591,282.42460021488307,536.2677223139698,29.646080952216877,779.9303435780074,29.646080952216877,10.95,0,1.2721174362415903,0.04292231132844317,3
2020-11-24 19:05:36.274000+00:00,6.9956,-77.9807,10.0,4.5,mb,,107.0,2.444,1.09,us,us6000cs48,2021-02-03T17:50:00.040Z,"26 km WSW of Juradó, Colombia",earthquake,7.2,1.9,0.181,12.0,reviewed,us,us,354813389233.57605,3977,9.0,1314.7609219697251,-6175.234754818387,774.7260425107825,501.432865414141,277.8891827239883,425.4654217444907,536.2661126683024,647.5902874584557,277.8891827239883,11.55,2,-1.8159255810116215,0.449830189353781,1
2020-11-25 00:21:50.838000+00:00,5.31,-77.6121,10.0,4.6,mb,,75.0,2.249,1.24,us,us7000cked,2021-02-06T18:28:34.040Z,"47 km NW of Pizarro, Colombia",earthquake,8.2,1.9,0.103,28.0,reviewed,us,us,501187233627.2715,3977,10.0,1358.763195727561,-6186.238405561205,588.674755273059,397.7401358403797,247.5279045105627,238.83252038931127,535.4731984999152,456.9780362085317,238.83252038931127,11.7,2,-2.1011880563950673,0.07282938009663473,1
2020-12-01 04:20:34.830000+00:00,6.9488,-76.9087,51.14,4.4,mb,,44.0,1.563,0.92,us,us7000cli2,2021-02-06T18:29:24.040Z,"10 km WSW of Murindó, Colombia",earthquake,6.8,7.3,0.098,30.0,reviewed,us,us,251188643150.95825,3983,9.0,1420.955223698475,-6110.394137514223,764.5914962094577,400.45566931227,166.25176591269295,391.1011881889589,418.2440908080767,639.0601936217392,166.25176591269295,11.4,2,-1.0867589310498242,0.3535912124520822,1
2020-12-07 22:40:36.876000+00:00,6.8728,-73.095,144.94,4.0,mb,,71.0,0.974,0.87,us,us7000cpv9,2021-02-12T22:41:05.040Z,"13 km SSW of Piedecuesta, Colombia",earthquake,6.9,9.1,0.138,14.0,reviewed,us,us,63095734448.019424,3990,8.0,1797.4397422424738,-5914.215226895808,745.0447950030058,263.563994628612,283.3969005956152,538.1001548214841,27.579515092287355,781.918031016416,27.579515092287355,10.8,0,1.3875702257475673,-0.1295332224151141,3
2020-12-08 03:21:59.906000+00:00,4.7546,-77.4135,35.0,5.1,mww,,31.0,2.357,0.77,us,us7000cp26,2025-12-22T18:46:41.468Z,"22 km SSW of Pizarro, Colombia",earthquake,3.8,1.9,0.05,38.0,reviewed,us,us,2818382931264.449,3990,9.0,1375.9474181973842,-6162.454944444528,525.179740705168,370.31124153550286,261.8446036453451,174.7862292561566,542.5017866050074,394.0155415518624,174.7862292561566,12.45,4,-2.4083130984700887,-0.28551016539888113,1
2020-12-12 02:24:10.270000+00:00,5.7554,-77.8605,10.0,5.0,mww,,53.0,2.359,0.88,us,us7000cqgq,2025-12-22T18:46:50.892Z,"65 km W of Nuquí, Colombia",earthquake,7.0,1.8,0.068,21.0,reviewed,us,us,1995262314968.8828,3994,11.0,1330.9281343797525,-6187.410131841309,637.892750784923,435.2667395499786,257.8508025381846,295.4689283499329,545.0090579591791,509.1007759562374,257.8508025381846,12.3,4,-2.501270307445839,0.4106719748236551,1
2020-12-16 23:32:30.193000+00:00,6.7841,-73.0438,153.59,4.9,mb,,26.0,0.886,0.9,us,us7000crpn,2021-02-27T23:25:04.040Z,"8 km NE of Jordán, Colombia",earthquake,6.2,5.1,0.059,91.0,reviewed,us,us,1412537544622.7554,3999,10.0,1800.553209986277,-5905.486805202789,734.4527484350958,257.06049144671493,286.67946806903825,535.2711478623743,38.27642712737602,777.4389598093162,38.27642712737602,12.15,0,0.5866419076513467,0.19965835922548406,0
2021-01-07 04:37:35.909000+00:00,6.8167,-73.0503,149.56,4.6,mb,,40.0,0.918,0.95,us,us6000d6cd,2021-03-13T22:59:42.040Z,"10 km NNE of Jordán, Colombia",earthquake,5.8,5.4,0.032,287.0,reviewed,us,us,501187233627.2715,4020,7.0,1800.9276923225873,-5909.118033483985,738.4437602011357,260.0011583222317,286.7512104043351,537.2623856724258,34.58347468765846,779.8894659724805,34.58347468765846,11.7,0,0.9150358358842579,-0.3240045940906683,0
2021-01-09 18:34:54.562000+00:00,5.3231,-73.7168,158.64,4.1,mb,,66.0,0.766,1.1,us,us7000d154,2021-03-20T21:23:24.040Z,"1 km NNW of Lenguazaque, Colombia",earthquake,4.1,4.8,0.303,3.0,reviewed,us,us,89125093813.3744,4023,8.0,1734.342256735256,-5937.450101878434,576.3332315650613,78.6217977858678,230.28451023449696,375.1203540072627,210.2470756130755,604.4079453466309,78.6217977858678,10.95,0,0.800924870828,-0.5520891623671257,3
2021-01-13 01:11:23.039000+00:00,2.5119,-79.8007,10.0,4.7,mb,,62.0,2.631,0.75,us,us6000d7wm,2021-03-20T21:24:59.040Z,"137 km WNW of Salahonda, Colombia",earthquake,2.3,1.9,0.063,76.0,reviewed,us,us,707945784384.1403,4026,7.0,1125.2772738151607,-6254.466580467438,278.78280228713686,681.0952087956393,625.307866524947,377.7073595001736,899.8191371820687,315.03675584379306,315.03675584379306,11.850000000000001,5,-3.478926011724803,-1.1473511508524525,4
2021-01-18 17:15:23.244000+00:00,6.8733,-73.0737,154.12,4.3,mb,,82.0,2.366,0.82,us,us7000d3pp,2021-03-27T21:06:21.040Z,"12 km SSW of Piedecuesta, Colombia",earthquake,7.5,8.2,0.118,20.0,reviewed,us,us,177827941003.89227,4032,7.0,1796.9828951037312,-5904.821184301915,744.0001280402772,264.58950426950923,285.6912048973641,539.8098169142512,27.88341631716675,783.3666523169301,27.88341631716675,11.25,0,1.2013897060758287,-0.3054148066438297,3
2021-01-19 04:29:59.564000+00:00,7.0221,-73.1158,150.93,4.1,mb,,86.0,1.122,0.78,us,us7000d3qi,2021-03-27T21:06:24.040Z,"5 km SW of Floridablanca, Colombia",earthquake,7.5,4.1,0.234,5.0,reviewed,us,us,89125093813.3744,4032,8.0,1792.995961918891,-5907.300747506356,760.4170986724272,277.8986129086329,285.7107285162347,548.336450481754,10.83493350080459,793.9650892698335,10.83493350080459,10.95,0,1.3463179612173366,-0.08086562881583274,3
2021-01-19 14:51:18.043000+00:00,6.8519,-73.1146,146.2,4.4,mb,,127.0,0.953,0.62,us,us7000d3qv,2021-03-27T21:06:26.040Z,"13 km N of Jordán, Colombia",earthquake,3.4,8.0,0.154,13.0,reviewed,us,us,251188643150.95825,4032,9.0,1795.1319311191835,-5913.892352440655,742.6396391388337,260.55813505758863,280.736352506461,534.927204135747,29.746960092311788,778.762316649384,29.746960092311788,11.4,0,1.0011071371843396,0.04483917121891658,3
2021-01-23 08:24:16.930000+00:00,6.0582,-77.4439,32.79,4.5,mb,,108.0,1.908,0.69,us,us7000d2mv,2021-04-13T17:07:11.040Z,"19 km SSW of Bahía Solano, Colombia",earthquake,6.4,6.1,0.109,25.0,reviewed,us,us,354813389233.57605,4036,10.0,1370.2026129738483,-6152.071914557761,668.9259761806534,402.2015139898221,206.96608960158616,306.9476630786949,491.68026227081793,538.9976133137669,206.96608960158616,11.55,2,-1.688986689165209,0.2954589374941988,1
2021-02-05 07:53:34.702000+00:00,6.8018,-73.0451,156.28,4.4,mb,,43.0,0.904,1.21,us,us6000dem5,2021-04-22T21:50:19.040Z,"9 km NW of Cepitá, Colombia",earthquake,7.1,7.3,0.097,31.0,reviewed,us,us,251188643150.95825,4049,13.0,1799.5740335068378,-5902.755379245198,736.0413773150336,258.7628856485442,286.9529454218989,536.5276481063552,36.328517338659296,778.9172402648767,36.328517338659296,11.4,0,0.9644499404554768,0.7356168320350126,2
2021-02-11 05:39:36.975000+00:00,6.8276,-73.0564,145.13,4.1,mb,,59.0,0.929,0.56,us,us6000dj4s,2021-04-22T21:53:10.040Z,"11 km NNE of Jordán, Colombia",earthquake,4.7,8.9,0.096,30.0,reviewed,us,us,89125093813.3744,4055,12.0,1801.539474296168,-5913.382895515316,740.1456008648493,260.8012323209591,286.36330395940354,537.6208506472615,33.25077430796381,780.4496115892607,33.25077430796381,10.95,0,1.20361119533955,0.5636648783165645,2
2021-02-12 01:57:26.949000+00:00,6.8531,-73.0407,147.02,4.5,mb,,70.0,0.955,1.13,us,us6000dgv4,2021-04-23T21:04:21.040Z,"13 km NW of Cepitá, Colombia",earthquake,8.0,7.1,0.118,21.0,reviewed,us,us,354813389233.57605,4056,12.0,1802.5161481242592,-5910.778460951334,742.6712339286257,264.10737480082724,288.697592652641,540.8396642924007,30.95275177872253,783.756951176677,30.95275177872253,11.55,0,0.8711152463133695,0.5723276282243982,2
2021-02-19 04:13:18.273000+00:00,6.605,-73.499,117.51,4.2,mb,,98.0,0.819,0.54,us,us6000dkqy,2021-05-04T14:14:45.040Z,"10 km S of El Carmen de Chucurí, Colombia",earthquake,8.0,5.1,0.16,11.0,reviewed,us,us,125892541179.41711,4063,11.0,1764.4027057112,-5956.141970716159,719.3004218352891,219.9427948868278,233.54717600474856,485.579186942254,70.68392464853117,731.644931668823,70.68392464853117,11.100000000000001,0,0.7714744231141952,0.34679267950064385,2
2021-02-19 15:55:40.380000+00:00,3.4642,-74.3272,10.0,4.4,mb,,138.0,1.371,1.16,us,us6000dkrn,2021-05-04T14:15:00.040Z,"32 km WNW of Mesetas, Colombia",earthquake,9.3,1.9,0.071,58.0,reviewed,us,us,251188643150.95825,4064,12.0,1715.2422335449726,-6113.307655996117,384.3625676401278,141.4954021607705,338.9045962248605,244.7201831728482,427.7426877933081,412.6974576669592,141.4954021607705,11.4,9,-0.8719545277933319,-0.4090164693270357,1
2021-02-22 07:29:56.832000+00:00,6.8919,-73.1569,145.44,4.5,mb,,44.0,0.995,0.69,us,us6000dk12,2021-05-04T14:16:12.040Z,"14 km E of Betulia, Colombia",earthquake,6.9,8.8,0.067,67.0,reviewed,us,us,354813389233.57605,4066,13.0,1790.833326734839,-5915.440521064728,747.0453474865392,262.78855866,277.3143373874199,534.7874772537743,25.56588740592421,779.5791902204218,25.56588740592421,11.55,0,0.7925593383634362,0.7699839483952702,2
2021-02-23 14:27:39.875000+00:00,6.9172,-73.133,140.54,4.4,mb,,120.0,1.019,0.6,us,us7000ddy0,2021-05-04T14:16:35.040Z,"12 km SW of Piedecuesta, Colombia",earthquake,5.9,8.9,0.061,77.0,reviewed,us,us,251188643150.95825,4067,12.0,1794.616204672976,-5919.031806712646,750.3645518340982,266.4056350882822,280.59506494833784,538.6432202584507,22.501225791983185,783.40680936214,22.501225791983185,11.4,0,0.8999420848413956,0.597269342387505,2
2021-02-27 08:30:17.942000+00:00,7.5998,-73.4299,111.0,4.4,mb,,57.0,1.73,1.3,us,us7000dfic,2021-05-13T22:36:17.040Z,"18 km SSW of San Alberto, Colombia",earthquake,5.9,8.7,0.134,16.0,reviewed,us,us,251188643150.95825,4071,13.0,1769.5964048661535,-5947.327518962788,827.9033434361252,328.9708082674034,281.26584578974746,574.9654885569049,63.26424771392798,828.4742589285232,63.26424771392798,11.4,0,0.7355951783331496,1.0017400742376426,2
2021-02-27 20:16:17.174000+00:00,6.8501,-73.0533,143.81,4.4,mb,,59.0,0.951,0.72,us,us7000dfik,2021-05-13T22:36:50.040Z,"13 km NW of Cepitá, Colombia",earthquake,6.7,7.6,0.134,16.0,reviewed,us,us,251188643150.95825,4072,14.0,1802.1565666360405,-5914.260592259808,742.7305381316037,263.20686415685657,287.26710424144204,539.610339648358,30.898140744214228,782.6532110939393,30.898140744214228,11.4,0,0.8855825021192758,0.9260746878447239,2
2021-03-03 06:45:17.990000+00:00,6.8353,-73.0135,149.97,4.4,mb,,37.0,0.939,0.88,us,us7000df2q,2021-05-13T22:41:44.040Z,"9 km NNW of Cepitá, Colombia",earthquake,7.4,7.9,0.048,129.0,reviewed,us,us,251188643150.95825,4075,15.0,1804.533578167781,-5907.341211592942,740.4003214347086,263.64723188891,291.17121806298246,541.6241193028685,33.80118179354643,783.9945330117137,33.80118179354643,11.4,0,0.9030145801631154,1.0970513900518533,2
2021-03-09 08:01:16.518000+00:00,6.879,-72.969,146.4,4.3,mb,,78.0,0.986,0.78,us,us7000dhdg,2021-05-21T19:48:42.040Z,"12 km W of Guaca, Colombia",earthquake,8.8,10.1,0.068,62.0,reviewed,us,us,177827941003.89227,4081,14.0,1809.9932604903336,-5908.785107497028,745.5388054292816,270.1945129503642,297.06679314153683,548.5332950525191,31.649945172883537,790.8377764663056,31.649945172883537,11.25,0,1.0294147174505863,0.9286368526696508,2
2021-03-18 13:07:11.664000+00:00,4.0071,-71.3188,10.0,4.4,mb,,110.0,2.568,0.76,us,us6000dwn7,2021-05-26T22:08:55.040Z,"86 km S of Orocué, Colombia",earthquake,8.3,1.9,0.108,25.0,reviewed,us,us,251188643150.95825,4090,12.0,2032.461387711035,-6011.142571216888,444.5072507482346,315.1398011691511,533.5647411895992,581.7393201815792,399.5047330625629,731.4546318630534,315.1398011691511,11.4,7,0.6153856740937238,-0.4711809139949005,2
2021-03-21 10:36:02.540000+00:00,6.8481,-72.9508,148.73,4.3,mb,,79.0,0.958,0.77,us,us6000dxf9,2021-06-02T15:23:12.040Z,"10 km NNE of Cepitá, Colombia",earthquake,8.3,9.8,0.218,6.0,reviewed,us,us,177827941003.89227,4093,14.0,1811.3094505155352,-5906.38169822584,741.9280707965959,268.0607553167179,298.2365925822671,547.6169447500629,35.627893798008614,789.3361572560549,35.627893798008614,11.25,0,1.0425676795671701,0.9182534566462387,2
2021-03-21 16:44:41.252000+00:00,6.7799,-72.9547,148.07,4.3,mb,,78.0,0.89,0.64,us,us6000dxfr,2021-06-02T15:23:15.040Z,"3 km NE of Cepitá, Colombia",earthquake,9.1,7.8,0.129,17.0,reviewed,us,us,177827941003.89227,4094,15.0,1811.3571093167611,-5907.971722567624,734.6518445964515,261.1608356854088,296.2187578943311,542.1162451339171,42.04919227870059,783.0806590753818,42.04919227870059,11.25,0,0.9984738391179743,1.0749465328681738,2
2021-03-25 01:57:28.780000+00:00,6.8553,-72.9767,144.38,4.4,mb,,78.0,0.962,0.49,us,us6000dw7r,2021-06-02T15:22:44.040Z,"11 km N of Cepitá, Colombia",earthquake,8.3,8.1,0.041,176.0,reviewed,us,us,251188643150.95825,4097,18.0,1809.8764376595807,-5911.240356007109,743.2236260491242,267.4601458691245,295.63055371860406,546.0965854319047,33.487310747622296,788.2282019709543,33.487310747622296,11.4,0,0.8184309196411462,1.6314795301696048,2
2021-03-31 01:17:23.664000+00:00,6.8986,-73.0525,143.44,4.4,mb,,128.0,1.0,0.75,us,us6000dxst,2021-06-08T17:59:19.040Z,"9 km S of Piedecuesta, Colombia",earthquake,7.4,6.5,0.148,13.0,reviewed,us,us,251188643150.95825,4103,17.0,1802.1623058630016,-5913.983272818826,748.0083059336249,268.1254087150656,288.6516868167864,543.45188899148,25.73463476579314,787.0210039256688,25.73463476579314,11.4,0,0.8144754953509551,1.4728700984172818,2
2021-04-14 00:19:11.366000+00:00,7.2025,-72.9353,166.8,4.1,mb,,115.0,1.309,1.05,us,us6000e396,2021-06-19T21:26:19.040Z,"3 km E of Tona, Colombia",earthquake,8.1,8.7,0.157,11.0,reviewed,us,us,89125093813.3744,4117,17.0,1806.265023014436,-5884.253269336349,777.8610216093514,304.23062021144506,311.00773211054286,576.5997062482254,22.650839753403165,821.8935799795769,22.650839753403165,10.95,0,1.2987845131489701,1.559637664378729,2
2021-04-17 09:17:13.360000+00:00,6.7812,-73.0701,155.7,4.3,mb,,66.0,0.883,0.88,us,us6000e2cb,2021-07-03T16:47:49.040Z,"6 km NNE of Jordán, Colombia",earthquake,7.4,8.0,0.101,28.0,reviewed,us,us,177827941003.89227,4120,19.0,1797.2429605464738,-5904.343796115103,733.8911145689443,255.4957492778107,283.771783274172,532.9499621393254,38.04066826606241,775.4232689584829,38.04066826606241,11.25,0,0.8769409090353053,1.7948491940054185,2
2021-04-22 11:51:47.945000+00:00,6.826,-73.08,149.95,4.3,mb,,71.0,0.927,0.81,us,us7000dy9f,2021-07-03T16:50:03.040Z,"10 km N of Jordán, Colombia",earthquake,4.2,8.3,0.238,5.0,reviewed,us,us,177827941003.89227,4125,12.0,1797.716776499505,-5909.565550254814,739.4000955056352,259.52595731194214,283.78439660639845,535.6289885298693,32.952238254669815,778.7396794844127,32.952238254669815,11.25,0,1.038517396240627,0.5666738604713868,2
2021-04-23 17:05:32.811000+00:00,6.9124,-73.1087,146.54,4.0,mb,,127.0,1.013,0.73,us,us7000dyke,2021-07-07T18:34:00.040Z,"10 km SW of Piedecuesta, Colombia",earthquake,7.3,8.5,0.196,8.0,reviewed,us,us,63095734448.019424,4127,12.0,1795.4139825835343,-5912.630864605942,749.1242765073839,266.9759418158183,283.04367649409363,540.1472580885995,23.058054578370182,784.5612446552024,23.058054578370182,10.8,0,1.2910912689058947,0.5933394269709155,2
2021-04-26 08:49:14.439000+00:00,6.8169,-72.9781,153.46,4.1,mb,,131.0,0.924,0.74,us,us7000dyzw,2021-07-07T18:35:21.040Z,"6 km N of Cepitá, Colombia",earthquake,8.7,8.1,0.082,41.0,reviewed,us,us,89125093813.3744,4129,12.0,1807.238145244882,-5903.138689449174,738.002405890474,263.5915878470281,294.5383729643972,543.0432774823188,37.220769651158015,784.7482752232576,37.220769651158015,10.95,0,1.2755798912344642,0.5560551941735341,2
2021-05-01 06:36:35.562000+00:00,11.867,-73.9181,10.0,4.5,mb,,76.0,0.76,0.53,us,us7000dz7e,2021-07-10T20:14:49.040Z,"75 km NNE of Santa Marta, Colombia",earthquake,5.2,1.9,0.082,43.0,reviewed,us,us,354813389233.57605,4134,10.0,1724.408127151988,-5981.443403606282,1308.0796690060847,795.8910534049432,651.3301854895292,979.0036774219616,535.074387909526,1241.3282678851797,535.074387909526,11.55,17,0.9786564906399804,1.8280262734106367,0
2021-05-04 16:07:49.410000+00:00,6.8578,-73.1141,147.49,4.2,mb,,102.0,0.959,0.68,us,us7000e22n,2021-07-10T20:16:06.040Z,"13 km N of Jordán, Colombia",earthquake,7.9,7.7,0.105,25.0,reviewed,us,us,125892541179.41711,4138,10.0,1794.789295864189,-5912.5779291530125,743.1220190816558,261.1798667469518,280.94697753798886,535.4288618348926,29.092961001175283,779.3222046366461,29.092961001175283,11.100000000000001,0,1.1587361607886169,0.22335008481623259,2
2021-05-09 19:28:33.611000+00:00,3.9981,-71.5392,16.47,4.5,mb,,74.0,2.43,0.55,us,us7000e1s3,2021-07-23T18:08:28.040Z,"69 km ESE of Puerto Gaitán, Colombia",earthquake,9.0,4.5,0.07,60.0,reviewed,us,us,354813389233.57605,4143,10.0,2007.3016194237669,-6012.860392772146,443.05939397637576,291.80423386897337,512.5878119132141,557.3212314156989,388.78811211928735,708.9331219936231,291.80423386897337,11.55,7,0.5029639596538449,-0.8094869625439903,2
2021-05-10 12:04:40.125000+00:00,6.9105,-73.168,147.66,4.2,mb,,123.0,1.014,1.03,us,us7000e3t3,2021-07-23T18:08:45.040Z,"12 km E of Betulia, Colombia",earthquake,8.8,10.0,0.159,11.0,reviewed,us,us,125892541179.41711,4143,11.0,1788.978799967611,-5913.445460891758,748.7846084990829,264.2304996994869,276.6721980652488,535.4088635723884,23.74966427158535,780.531786093605,23.74966427158535,11.100000000000001,0,1.1190261488896913,0.4208938809385168,2
2021-05-12 22:10:26.120000+00:00,6.8993,-73.0977,148.15,4.1,mb,,128.0,1.0,0.57,us,us7000e4e8,2021-07-23T18:08:49.040Z,"11 km SSW of Piedecuesta, Colombia",earthquake,7.4,6.8,0.262,4.0,reviewed,us,us,89125093813.3744,4146,12.0,1796.1341409208271,-5910.920489462998,747.5180516650589,266.13201671637813,283.84255955182726,539.9705522701288,24.6179872339165,784.1087257074681,24.6179872339165,10.95,0,1.2127303412638109,0.5892222455179804,2
2021-05-13 23:55:24.860000+00:00,6.7359,-72.9762,156.36,4.3,mb,,70.0,0.844,0.89,us,us7000e2xc,2021-07-23T18:08:41.040Z,"2 km S of Cepitá, Colombia",earthquake,8.1,7.4,0.169,10.0,reviewed,us,us,177827941003.89227,4147,12.0,1806.894377689352,-5901.31667699683,728.9338209149784,255.7276501977113,292.952496661022,537.051032269944,45.59608876801661,777.7637056213578,45.59608876801661,11.25,0,1.0979872815932468,0.5325776000300814,2
2021-05-17 18:52:32.764000+00:00,6.8907,-73.2411,148.04,4.3,mb,,119.0,1.004,0.73,us,us7000e52q,2021-07-24T21:07:41.040Z,"4 km ESE of Betulia, Colombia",earthquake,5.6,9.2,0.266,4.0,reviewed,us,us,177827941003.89227,4151,10.0,1781.3984878022816,-5915.609276225042,746.6039648273893,259.2180949833969,268.30779635417,528.218316107705,28.581205985847813,774.0320246016935,28.581205985847813,11.25,0,1.0222511324521628,0.24346133157210226,2
2021-05-28 16:10:43.587000+00:00,6.7826,-73.0743,154.11,4.7,mb,,60.0,0.884,1.1,us,us6000efla,2021-08-07T22:05:45.040Z,"5 km NNE of Jordán, Colombia",earthquake,6.1,6.1,0.027,409.0,reviewed,us,us,707945784384.1403,4162,8.0,1797.2645827096194,-5905.9688481056055,734.2297031881628,255.4348126834843,283.3506542474463,532.7234060577522,37.81855920809752,775.2669845424774,37.81855920809752,11.850000000000001,0,0.8043241237718627,-0.15399654375288352,0
2021-05-31 02:36:21.827000+00:00,6.8076,-73.064,147.27,4.1,mb,,59.0,0.909,0.82,us,us7000e9gq,2021-08-07T22:06:27.040Z,"8 km NNE of Jordán, Colombia",earthquake,7.5,8.1,0.079,44.0,reviewed,us,us,89125093813.3744,4164,10.0,1800.2112348417563,-5911.835846468985,737.734062690518,258.4330708589084,285.0541102757792,535.4713300089942,35.259826341527564,778.1696009018702,35.259826341527564,10.95,0,1.2590076693679928,0.20378576967377907,2
2021-06-14 16:25:35.061000+00:00,6.8245,-73.0833,154.37,4.5,mb,,48.0,0.925,0.77,us,us7000ed00,2021-08-26T21:59:19.040Z,"10 km N of Jordán, Colombia",earthquake,6.7,5.8,0.036,224.0,reviewed,us,us,354813389233.57605,4179,5.0,1796.105015259626,-5905.488819492092,738.7131607823892,259.2206264858652,283.39183672575183,535.251749997981,33.067457639722704,778.3874986689123,33.067457639722704,11.55,0,1.0650221448550872,-0.6734243557545856,0
2021-06-14 20:05:24.265000+00:00,6.809,-73.0231,159.33,4.5,mb,,66.0,0.912,0.89,us,us7000ed1w,2021-08-26T21:59:20.040Z,"8 km NW of Cepitá, Colombia",earthquake,2.4,6.4,0.041,173.0,reviewed,us,us,354813389233.57605,4179,6.0,1800.9290985588157,-5899.078933390469,736.4552318321254,260.55691722341163,289.49705570777513,538.8361160951855,36.212755882432106,781.0266200577903,36.212755882432106,11.55,0,1.085892896877036,-0.5043898887310142,0
2021-06-18 20:24:15.425000+00:00,6.9061,-73.1082,146.42,4.3,mb,,127.0,1.007,1.19,us,us6000ep4d,2021-08-27T18:57:25.040Z,"11 km SW of Piedecuesta, Colombia",earthquake,6.2,7.8,0.177,9.0,reviewed,us,us,177827941003.89227,4183,6.0,1795.524117957919,-5912.807966881695,748.4592607562552,266.356179035273,282.9156221496981,539.6887626844125,23.76070782467764,784.0295794746843,23.76070782467764,11.25,0,1.1826226622813374,-0.4715487883336761,3
2021-06-27 03:34:23.207000+00:00,6.8763,-73.0865,152.51,4.1,mb,,94.0,0.977,1.1,us,us7000ei68,2021-09-09T22:06:35.040Z,"13 km SSW of Piedecuesta, Colombia",earthquake,8.1,4.6,0.261,4.0,reviewed,us,us,89125093813.3744,4191,7.0,1796.1173890972004,-5906.714487626918,744.5160618421415,264.3053233437087,284.4019287769253,539.040247545292,27.3141430729877,782.7900631401111,27.3141430729877,10.95,0,1.365318787665986,-0.3046798505720081,3
2021-06-30 12:15:03.653000+00:00,6.8959,-73.0946,143.46,4.4,mb,,117.0,0.996,0.68,us,us6000er3h,2021-09-09T22:06:07.040Z,"11 km SSW of Piedecuesta, Colombia",earthquake,7.4,7.9,0.045,142.0,reviewed,us,us,251188643150.95825,4194,5.0,1797.8207961319,-5915.320597485372,747.7145615547174,265.92578351867706,284.07778834294777,539.9449020540967,25.03378288224295,784.0080754537452,25.03378288224295,11.4,0,1.111044797766336,-0.6531529833497383,3
2021-07-01 14:07:41.149000+00:00,6.9212,-73.1343,142.32,4.5,mb,,126.0,1.023,0.87,us,us7000ei04,2021-09-09T22:06:28.040Z,"11 km SW of Piedecuesta, Colombia",earthquake,8.7,10.5,0.051,114.0,reviewed,us,us,354813389233.57605,4195,6.0,1793.9540358265665,-5917.331352822003,750.5818547309086,266.7591586612066,280.5746094849854,538.8600872545197,22.064884187890154,783.681534446964,22.064884187890154,11.55,0,0.978079458220293,-0.46484877941194874,0
2021-07-01 23:05:17.686000+00:00,5.6818,-78.2452,10.0,4.4,mb,,142.0,3.995,0.6,us,us7000ej4a,2021-09-09T22:06:57.040Z,"107 km W of Nuquí, Colombia",earthquake,6.1,1.9,0.162,11.0,reviewed,us,us,251188643150.95825,4196,7.0,1289.5203023439265,-6197.003938645163,629.7623156867647,474.5545972705992,301.1828203278362,312.3343264642737,588.164306924697,508.2284997477414,301.1828203278362,11.4,2,-2.038790585288608,-0.2929059926378198,1
2021-07-06 02:57:24.423000+00:00,6.8036,-73.0454,151.82,4.2,mb,,48.0,0.905,0.95,us,us7000ej0c,2021-09-10T20:08:16.040Z,"9 km NW of Cepitá, Colombia",earthquake,6.5,4.1,0.051,109.0,reviewed,us,us,125892541179.41711,4200,8.0,1800.827821807041,-5906.978789576434,736.7636039462392,258.9280827735762,286.9634058269372,536.6423014518513,36.12620125591124,779.0564805759507,36.12620125591124,11.100000000000001,0,1.2521489885160282,-0.15229701668967266,3
2021-07-06 11:41:27.346000+00:00,6.8865,-73.064,146.21,4.6,mb,,48.0,0.987,0.7,us,us7000ej2x,2021-09-10T20:08:16.040Z,"11 km S of Piedecuesta, Colombia",earthquake,6.2,4.9,0.035,243.0,reviewed,us,us,501187233627.2715,4200,9.0,1800.220144655757,-5911.865106011852,746.3705133478235,266.3708521165687,287.0882183039307,541.6031679863743,26.68453687030759,785.1834183355169,26.68453687030759,11.7,0,0.853901546166284,0.0524731975585397,0
2021-07-10 23:38:00.184000+00:00,6.9115,-73.102,139.72,4.3,mb,,96.0,1.012,0.77,us,us7000em7i,2021-09-17T22:50:48.040Z,"10 km SW of Piedecuesta, Colombia",earthquake,8.0,9.7,0.111,23.0,reviewed,us,us,177827941003.89227,4205,10.0,1798.0767518898242,-5918.910250295771,749.8479056828713,267.18102411167456,283.73193860674905,540.5970779384663,23.218964499268075,784.918859283527,23.218964499268075,11.25,0,1.0499445712107038,0.23790003730201545,2
2021-07-17 23:51:20.370000+00:00,6.8194,-77.6752,10.0,4.4,mb,,105.0,3.87,0.92,us,us7000en10,2021-09-25T21:08:01.040Z,"32 km SSE of Juradó, Colombia",earthquake,7.3,1.9,0.105,26.0,reviewed,us,us,251188643150.95825,4212,9.0,1348.170487453708,-6170.435139808941,755.3062439632292,462.4311201883768,240.0086977298617,395.2995919853333,503.5773971736466,624.8662327674168,240.0086977298617,11.4,2,-1.6362336316143629,0.3697363841689418,1
2021-07-19 15:29:59.545000+00:00,6.8374,-73.0921,145.75,4.3,mb,,118.0,0.938,0.47,us,us7000enfm,2021-09-25T21:08:12.040Z,"11 km N of Jordán, Colombia",earthquake,8.2,7.7,0.077,47.0,reviewed,us,us,177827941003.89227,4214,9.0,1797.6387196495075,-5913.794064237254,741.1291128468104,260.1139798517952,282.772953353563,535.5612837176259,31.52727122314859,778.9528141676377,31.52727122314859,11.25,0,1.0946748870175793,0.0382120255914329,3
2021-07-21 16:44:14.693000+00:00,6.9569,-73.0289,140.93,4.2,mb,,152.0,1.058,1.05,us,us6000expn,2021-09-25T21:08:28.040Z,"4 km SSE of Piedecuesta, Colombia",earthquake,5.1,7.2,0.115,21.0,reviewed,us,us,125892541179.41711,4216,10.0,1805.102260610396,-5914.892449879198,754.6027696750809,275.1023316611138,292.84626165624775,549.8692885989567,20.81457920395809,793.7759768458237,20.81457920395809,11.100000000000001,0,1.1854780844456745,0.24609579857222752,2
2021-07-27 11:02:43.101000+00:00,6.9326,-73.0044,142.03,4.2,mb,,78.0,1.036,0.56,us,us6000f1j7,2021-10-03T05:24:20.040Z,"7 km SE of Piedecuesta, Colombia",earthquake,5.0,9.7,0.187,8.0,reviewed,us,us,125892541179.41711,4221,10.0,1807.405543772972,-5913.381297808142,751.8471174192412,273.8109181807604,294.74598182403696,549.8866416113957,24.52405983976389,793.2295816131698,24.52405983976389,11.100000000000001,0,1.1969885386726742,0.23701886442474565,2
2021-07-28 11:38:35.719000+00:00,7.2538,-72.8955,165.68,4.3,mb,,45.0,1.365,0.7,us,us6000ezsk,2021-10-03T05:22:42.040Z,"6 km SSW of Vetas, Colombia",earthquake,8.0,9.1,0.04,181.0,reviewed,us,us,177827941003.89227,4222,12.0,1810.4732380760263,-5883.391024542238,783.5132474606592,311.245482572949,317.0995572731496,583.755356249322,29.18781238664724,829.0893543781456,29.18781238664724,11.25,0,1.2764232462139526,0.6861601521782531,2
2021-07-31 00:48:51.247000+00:00,6.9039,-72.9706,145.88,4.4,mb,,59.0,1.011,0.98,us,us6000f0v5,2021-10-14T01:04:05.040Z,"11 km SW of Santa Bárbara, Colombia",earthquake,7.4,6.5,0.064,71.0,reviewed,us,us,251188643150.95825,4225,13.0,1809.884380850718,-5909.018891547929,748.2868979758276,272.5872514628275,297.55842274991835,550.3274170414084,29.248030934557352,792.9326421120684,29.248030934557352,11.4,0,0.9690484047592741,0.7593373381574972,2
2021-08-09 22:50:22.478000+00:00,6.9103,-73.0035,142.09,4.1,mb,,59.0,1.014,0.97,us,us6000f3qf,2021-10-23T15:45:59.040Z,"9 km SSE of Piedecuesta, Colombia",earthquake,8.1,7.4,0.112,22.0,reviewed,us,us,89125093813.3744,4235,11.0,1807.5664206736944,-5913.575340113132,749.433198996908,271.62029577389666,294.21426692885,548.2205221565893,26.704777444582472,791.3077380933754,26.704777444582472,10.95,0,1.255388441797317,0.40707802206183924,2
2021-08-12 12:08:33.564000+00:00,5.6461,-73.9576,122.74,4.3,mb,,62.0,0.874,0.69,us,us6000f4h9,2021-10-23T15:46:09.040Z,"3 km ESE of Pauna, Colombia",earthquake,4.1,6.1,0.067,63.0,reviewed,us,us,177827941003.89227,4237,11.0,1718.3211410757342,-5975.804285072408,614.7264678232409,104.74864019674877,191.4844519899784,375.4513041327284,188.00566926603204,615.5783038909045,104.74864019674877,11.25,0,0.3255646959467573,0.08919187099115568,2
2021-08-18 12:36:03.721000+00:00,5.0726,-76.3165,91.81,4.4,mb,,84.0,1.359,0.68,us,us6000f7xk,2021-10-29T14:46:27.040Z,"21 km NNW of San José del Palmar, Colombia",earthquake,7.1,9.3,0.114,22.0,reviewed,us,us,251188643150.95825,4243,11.0,1479.5772224670334,-6077.074859200261,555.1931686655216,251.88619069175564,153.59546972984836,181.82399149949077,420.092754984688,442.25932356949687,153.59546972984836,11.4,14,-1.0412671462143877,0.08977143684794682,1
2021-08-28 12:37:21.469000+00:00,6.8607,-73.0284,149.08,4.5,mb,,79.0,0.963,0.35,us,us7000f57u,2021-11-06T20:28:55.040Z,"13 km NNW of Cepitá, Colombia",earthquake,8.1,7.2,0.064,72.0,reviewed,us,us,354813389233.57605,4253,7.0,1803.159231203313,-5908.34091740633,743.2448298026762,265.4583822421357,290.21496675310004,542.4024429156245,30.580573350194,785.2497424651062,30.580573350194,11.55,0,1.0193222130457111,-0.3127146872354845,0
2021-09-07 06:13:54.981000+00:00,6.8762,-73.0522,153.61,4.3,mb,,76.0,0.977,0.51,us,us7000f8sd,2021-11-17T17:26:42.040Z,"12 km S of Piedecuesta, Colombia",earthquake,7.8,8.8,0.039,183.0,reviewed,us,us,177827941003.89227,4263,5.0,1799.3351442650608,-5904.59477099527,744.3735897034194,265.8828795375103,288.0722143119863,541.727091107351,28.129037689826408,785.0464676026558,28.129037689826408,11.25,0,1.2618907914337145,-0.6609576264890726,3
2021-09-25 01:18:57.757000+00:00,6.8914,-72.9662,144.48,4.2,mb,,98.0,0.999,0.67,us,us7000fe9m,2021-12-04T14:29:26.040Z,"12 km W of Guaca, Colombia",earthquake,8.1,6.6,0.101,29.0,reviewed,us,us,125892541179.41711,4281,4.0,1810.7930817520355,-5910.364747933109,747.1066000702708,271.56416752696674,297.69400265232144,549.7117061333262,30.667695992454664,792.1212565640475,30.667695992454664,11.100000000000001,0,1.375708363692893,-0.8421859916500869,3
2021-10-05 19:37:47.920000+00:00,6.9037,-72.9739,149.94,4.7,mb,,47.0,1.01,1.16,us,us6000fs0z,2021-12-10T21:14:12.040Z,"12 km SW of Santa Bárbara, Colombia",earthquake,6.0,4.8,0.027,430.0,reviewed,us,us,707945784384.1403,4292,4.0,1808.364629237447,-5905.271711454268,747.7773099131197,272.4043827943528,297.1997286253242,550.0501906929,29.05888511605082,792.6944787446986,29.05888511605082,11.850000000000001,0,0.9584336905170457,-0.8347412161866413,0
2021-10-11 08:30:08.506000+00:00,6.0015,-73.3101,173.75,4.0,mb,,63.0,0.25,0.57,us,us6000ftnd,2021-12-18T19:58:51.040Z,"7 km NNE of Gámbita, Colombia",earthquake,7.3,4.9,0.097,30.0,reviewed,us,us,63095734448.019424,4297,4.0,1770.0437959622614,-5903.644030276993,647.9503736015001,166.45659711734282,252.5399162457029,455.90451205447096,126.00578692283646,691.0308001771351,126.00578692283646,10.8,0,1.3688400868308777,-1.0827265887406117,3
2021-10-12 04:51:47.707000+00:00,6.8198,-72.9919,151.95,5.0,mb,,68.0,0.925,0.97,us,us6000ftws,2021-12-18T19:58:57.040Z,"7 km NNW of Cepitá, Colombia",earthquake,7.7,5.8,0.024,552.0,reviewed,us,us,1995262314968.8828,4298,5.0,1806.2439215572635,-5904.971814930723,738.4941863083294,263.1812651495196,293.11951672631494,542.1589112751035,36.297428031589774,784.0746794687544,36.297428031589774,12.3,0,0.6524821598783492,-0.6800187624353313,0
2021-10-17 15:51:35.992000+00:00,6.3622,-73.4851,119.01,4.5,mb,,87.0,0.614,0.53,us,us6000fwgx,2021-12-25T22:58:57.040Z,"8 km N of Contratación, Colombia",earthquake,6.1,6.3,0.106,26.0,reviewed,us,us,354813389233.57605,4304,6.0,1766.2744709786227,-5957.153405303482,692.8035500416444,194.75938630459427,232.0377768494786,467.61698998956047,93.21310702673368,710.6478420202266,93.21310702673368,11.55,0,0.6057928565662855,-0.6140154158201448,0
2021-10-26 17:32:17.503000+00:00,6.9354,-73.0916,143.36,4.6,mb,,167.0,1.036,0.9,us,us7000fptx,2022-01-08T17:43:47.040Z,"7 km SW of Piedecuesta, Colombia",earthquake,7.7,7.0,0.129,20.0,reviewed,us,us,501187233627.2715,4313,5.0,1798.0090403187603,-5914.826832498194,751.9886981141391,270.0758754249384,285.53824728088875,543.2927002898318,20.734780706631653,787.7398585831213,20.734780706631653,11.7,0,0.9428675416728552,-0.6404646178421722,0
2021-10-29 05:50:59.898000+00:00,6.9536,-73.0577,135.42,4.3,mb,,72.0,1.054,0.56,us,us7000fpnb,2022-01-14T17:58:41.040Z,"3 km SSW of Piedecuesta, Colombia",earthquake,5.4,14.2,0.267,6.0,reviewed,us,us,177827941003.89227,4315,6.0,1803.735396132785,-5921.072701016827,754.9136549374405,273.44689078719534,289.68585735941525,547.3644421400681,19.77209791397217,791.588697656145,19.77209791397217,11.25,0,1.1632646043883141,-0.4627514977247306,3
2021-11-02 19:08:15.281000+00:00,6.963,-73.0158,147.45,4.0,mb,,120.0,1.065,1.11,us,us7000frsj,2022-01-14T17:59:05.040Z,"4 km SE of Piedecuesta, Colombia",earthquake,7.3,13.2,0.299,3.0,reviewed,us,us,63095734448.019424,4320,8.0,1804.5406081745364,-5908.213069215545,754.4707580149881,276.3274860919946,294.42121435023694,551.3719454173561,21.00541828300519,795.1832630228349,21.00541828300519,10.8,0,1.4521033381166408,-0.10744898604039502,3
2021-11-05 04:13:49.802000+00:00,2.1522,-78.9939,24.44,4.5,mb,,81.0,1.977,1.11,us,us7000frle,2022-01-15T20:51:33.040Z,"39 km WNW of Salahonda, Colombia",earthquake,7.1,4.9,0.07,63.0,reviewed,us,us,354813389233.57605,4322,8.0,1210.7893030897849,-6225.432299904361,238.3396241308911,615.9102182256661,591.7779594192981,309.2467821359081,853.3501264841659,217.10243940285716,217.10243940285716,11.55,6,-2.9860448056871993,-1.144210831442885,4
2021-11-09 15:17:15.454000+00:00,6.9146,-72.9885,141.22,4.3,mb,,77.0,1.019,0.55,us,us7000fsq4,2022-01-15T20:51:43.040Z,"10 km SE of Piedecuesta, Colombia",earthquake,7.8,6.5,0.065,71.0,reviewed,us,us,177827941003.89227,4327,9.0,1809.3507480660403,-5913.874000767873,750.0020146070575,272.7756782951111,295.9369858478763,549.7390970015557,27.15591791040104,792.6869362085185,27.15591791040104,11.25,0,1.134985786332858,0.05323770521411684,3
2021-11-18 06:58:09.429000+00:00,7.1732,-77.4752,54.65,4.2,mb,,128.0,2.165,0.46,us,us7000fwha,2022-01-22T20:52:11.040Z,"32 km ENE of Juradó, Colombia",earthquake,7.9,10.4,0.152,12.0,reviewed,us,us,125892541179.41711,4335,8.0,1359.0564502805516,-6117.774748948571,788.717318548341,465.3948862324482,233.2772005707332,426.7913974885923,480.2519095875667,663.0264637291083,233.2772005707332,11.100000000000001,2,-1.0583558468167829,0.29056232709017255,1
2021-11-26 03:20:30.248000+00:00,6.851,-73.001,152.05,4.4,mb,,31.0,0.955,1.17,us,us7000fx5d,2022-02-05T23:04:11.040Z,"11 km NNW of Cepitá, Colombia",earthquake,8.0,4.7,0.088,37.0,reviewed,us,us,251188643150.95825,4343,8.0,1805.159179325004,-5904.778221392629,741.8447249701113,265.8251639904276,292.90939993417743,543.8287067048436,32.71790617945722,786.2195318133545,32.71790617945722,11.4,0,1.1055960682483814,-0.1402528984754917,3
2021-11-28 09:42:15.997000+00:00,7.5242,-76.9244,27.74,4.7,mb,,94.0,1.916,0.79,us,us7000fxps,2022-02-05T23:04:26.040Z,"23 km ENE of Riosucio, Colombia",earthquake,6.6,8.9,0.166,12.0,reviewed,us,us,707945784384.1403,4345,10.0,1422.720473303138,-6125.592868137745,830.6177798868044,444.1624563176486,205.53283148270415,454.9296086934067,421.6910783428483,702.8191317867648,205.53283148270415,11.850000000000001,1,-1.383973571078884,0.7093982162907664,1
2021-11-29 07:53:37.665000+00:00,3.6391,-74.0114,10.0,4.4,mb,,67.0,1.237,0.62,us,us7000fxxc,2022-02-05T23:04:32.040Z,"12 km N of Lejanías, Colombia",earthquake,4.1,1.9,0.084,44.0,reviewed,us,us,251188643150.95825,4346,10.0,1748.5797029337125,-6102.604511848086,403.7427330115415,119.37977960589733,337.85879789876054,280.517175176336,399.2872089174844,452.4037670434104,119.37977960589733,11.4,9,-0.6477301184165926,-0.7340857114303233,1
2021-12-02 13:52:42.417000+00:00,7.3528,-77.0462,35.0,4.8,mwr,,45.0,1.638,1.02,us,us6000g8g5,2022-02-05T23:03:50.040Z,"12 km SE of Riosucio, Colombia",earthquake,3.0,1.9,0.093,11.0,reviewed,us,us,1000000000000.0,4349,13.0,1408.6320527980442,-6123.98052591726,810.8725288330608,440.9419747592054,203.37040540604377,437.5109269489728,433.5751105236896,683.1441422716523,203.37040540604377,12.0,15,-1.6016403605089375,1.1991320821688445,1
2021-12-09 23:14:40.346000+00:00,6.8146,-72.9486,153.37,4.8,mb,,30.0,0.925,0.85,us,us6000gb0x,2022-02-12T23:07:23.040Z,"7 km NNE of Cepitá, Colombia",earthquake,7.2,6.3,0.028,397.0,reviewed,us,us,1000000000000.0,4357,12.0,1810.312156923409,-5902.321164704124,737.7652608256128,264.88008187817024,297.66712958890963,545.240297596229,38.95107108380994,786.5391371268822,38.95107108380994,12.0,0,0.6699053035029218,0.55610691081272,0
2021-12-20 04:20:40.937000+00:00,6.8648,-72.9781,149.82,4.4,mb,,53.0,0.971,1.03,us,us6000gdr7,2022-03-01T16:38:07.040Z,"12 km N of Cepitá, Colombia",earthquake,7.8,5.4,0.061,77.0,reviewed,us,us,251188643150.95825,4367,11.0,1808.114825260736,-5906.002265416442,743.5984211711251,268.33191672533417,295.7220498096457,546.7152728493988,32.48900555914145,788.9732173035901,32.48900555914145,11.4,0,1.029184184760618,0.39393330161308854,2
2022-01-25 20:08:49.479000+00:00,6.8946,-72.993,147.93,4.2,mb,,154.0,0.999,0.91,us,us7000gh0d,2022-04-09T20:19:03.040Z,"12 km SSE of Piedecuesta, Colombia",earthquake,4.2,8.3,0.176,9.0,reviewed,us,us,125892541179.41711,4404,3.0,1807.014325357687,-5907.895914794265,747.0376916925475,270.56077593772915,294.9083873197961,547.8320956434644,28.79536845069541,790.61386469439,28.79536845069541,11.100000000000001,0,1.406592177992989,-1.0159429715049937,3
2022-01-26 01:19:49.149000+00:00,6.9341,-73.114,146.2,4.2,mb,,159.0,1.035,1.05,us,us7000ghbu,2022-04-09T20:19:04.040Z,"9 km SW of Piedecuesta, Colombia",earthquake,6.2,8.7,0.199,7.0,reviewed,us,us,125892541179.41711,4404,4.0,1794.8825383418523,-5912.847968614001,751.505564592033,268.9576158405702,283.1172093771371,541.4535769178603,20.615670513814425,786.1614233130067,20.615670513814425,11.100000000000001,0,1.325294534873745,-0.8177450528535419,3
2022-01-26 06:52:51.335000+00:00,6.964,-72.9927,142.58,4.3,mb,,154.0,1.068,0.39,us,us7000ghc0,2022-04-09T20:19:06.040Z,"6 km ESE of Piedecuesta, Colombia",earthquake,7.9,6.0,0.265,4.0,reviewed,us,us,177827941003.89227,4404,5.0,1808.3325648967816,-5912.095123140507,755.1690446993038,277.5178435540115,296.9074112892368,553.2589843506936,22.45038991077437,796.7978591938183,22.45038991077437,11.25,0,1.2541623820693628,-0.640545806887202,3
2022-02-18 06:42:12.497000+00:00,6.8903,-72.9916,143.24,4.4,mb,,154.0,0.995,0.6,us,us7000gn7i,2022-04-30T14:18:25.040Z,"12 km SSE of Piedecuesta, Colombia",earthquake,9.8,11.2,0.149,13.0,reviewed,us,us,251188643150.95825,4427,6.0,1808.5370490519108,-5912.357832106634,747.1366842378621,270.2004536497898,294.9427049379122,547.6100826854928,29.287268446768252,790.3262222264599,29.287268446768252,11.4,0,1.1290222650398805,-0.4852656113726853,3
2022-02-20 18:35:07.326000+00:00,6.9148,-73.0374,148.24,4.3,mb,,60.0,1.016,0.67,us,us7000gmgp,2022-05-04T13:39:00.040Z,"8 km S of Piedecuesta, Colombia",earthquake,8.6,4.2,0.114,22.0,reviewed,us,us,177827941003.89227,4430,7.0,1802.2688657334936,-5908.747804374801,749.178441697084,270.4625815026324,290.71842253903964,545.9037245674002,24.610967340182366,789.4617049793413,24.610967340182366,11.25,0,1.19827147148082,-0.29651005533701763,3
2022-03-01 14:09:02.940000+00:00,6.7961,-73.078,148.31,4.3,mb,,63.0,0.897,0.46,us,us6000h24a,2022-05-07T21:32:53.040Z,"7 km NNE of Jordán, Colombia",earthquake,7.6,6.7,0.1,28.0,reviewed,us,us,177827941003.89227,4438,6.0,1798.5091249823802,-5911.429108048517,736.3706023272711,256.6130669228512,283.2688579055615,533.4711482274103,36.27528990292401,776.2172987152876,36.27528990292401,11.25,0,1.184078589106257,-0.5070905380796532,3
2022-03-04 05:01:04.372000+00:00,5.6481,-77.8548,10.0,4.4,mb,,115.0,2.375,0.69,us,us6000h1z6,2022-05-07T21:32:50.040Z,"65 km W of Nuquí, Colombia",earthquake,2.8,1.9,0.149,13.0,reviewed,us,us,251188643150.95825,4441,7.0,1331.792672582014,-6188.434712931892,626.0392008783774,431.659696062754,260.0407571636779,284.8670718625199,547.8983255696877,497.1865473664032,260.0407571636779,11.4,2,-1.883917861034112,-0.33519281082995284,1
2022-03-07 18:34:28.862000+00:00,6.7994,-72.9917,151.42,4.9,mb,,52.0,0.905,0.94,us,us6000h2un,2022-05-14T21:52:21.040Z,"5 km NNW of Cepitá, Colombia",earthquake,6.7,5.5,0.025,518.0,reviewed,us,us,1412537544622.7554,4445,8.0,1806.495271630286,-5905.719828556098,736.3582800354425,261.17339825310563,292.65995949726874,540.6155058175432,38.39769057566068,782.290362625691,38.39769057566068,12.15,0,0.655555404420181,-0.15469713898698598,0
2022-03-19 22:22:52.414000+00:00,6.8581,-73.1023,146.73,4.5,mb,,47.0,0.959,0.67,us,us6000h63b,2022-05-28T18:35:19.040Z,"13 km N of Jordán, Colombia",earthquake,6.4,5.4,0.113,23.0,reviewed,us,us,354813389233.57605,4457,7.0,1796.225139326535,-5912.926430021504,743.2451243732023,261.7426537441588,282.21963943361493,536.3766860331407,29.131253882481207,780.1253009275291,29.131253882481207,11.55,0,0.9746414346869766,-0.3083940984354016,0
2022-03-24 01:34:04.202000+00:00,4.9824,-76.3122,93.71,4.7,mb,,68.0,1.431,0.52,us,us7000gwqz,2022-05-28T18:35:28.040Z,"12 km NW of San José del Palmar, Colombia",earthquake,7.2,2.6,0.079,49.0,reviewed,us,us,707945784384.1403,4461,7.0,1479.790386585907,-6075.96641691737,545.1809391020723,250.02471058499395,161.95439446733985,171.9534013350027,425.2385533782422,432.65456127210894,161.95439446733985,11.850000000000001,3,-1.2056874373815825,-0.6460108679539028,1
2022-03-26 10:15:17.319000+00:00,6.9022,-73.1458,144.17,4.4,mb,,120.0,1.005,0.45,us,us7000gyqt,2022-06-04T20:42:06.040Z,"14 km SW of Piedecuesta, Colombia",earthquake,7.2,7.0,0.203,8.0,reviewed,us,us,251188643150.95825,4463,7.0,1792.3058860599697,-5916.171485915036,748.3090330476161,264.3190132148928,278.79424145540065,536.4632204253946,24.274662330367,781.2265710914039,24.274662330367,11.4,0,1.0398696552817572,-0.2925306435328954,3
2022-04-01 18:39:00.317000+00:00,6.8993,-73.0593,145.03,4.5,mb,,71.0,1.0,1.06,us,us7000gz2y,2022-06-04T20:42:36.040Z,"9 km S of Piedecuesta, Colombia",earthquake,6.3,6.0,0.063,79.0,reviewed,us,us,354813389233.57605,4470,7.0,1800.9978023122278,-5912.678382569616,747.8928407602798,267.8805371398184,287.94434526104146,542.9731691935942,25.443891724675893,786.6345395006349,25.443891724675893,11.55,0,0.9939268474236099,-0.2993289311087246,0
2022-04-05 13:49:44.129000+00:00,6.843,-73.0655,148.39,4.3,mb,,82.0,0.944,0.64,us,us7000h0qr,2022-06-11T20:21:16.040Z,"12 km NNE of Jordán, Colombia",earthquake,7.3,7.0,0.153,12.0,reviewed,us,us,177827941003.89227,4473,7.0,1799.599444930973,-5910.382001106172,741.4186745047274,261.9173310727992,285.77412399482125,538.0949765782672,31.365088985326068,781.2125931382546,31.365088985326068,11.25,0,1.172652315854286,-0.3163187442986787,3
2022-04-09 21:34:57.981000+00:00,6.851,-73.0487,150.58,4.4,mb,,30.0,0.952,0.99,us,us7000h0yx,2022-06-20T22:07:37.040Z,"13 km NW of Cepitá, Colombia",earthquake,7.0,4.7,0.083,42.0,reviewed,us,us,251188643150.95825,4478,7.0,1800.668227353521,-5907.675102376527,742.0200780032932,263.51548095210023,287.78431035940764,540.0438763093211,30.93136126356501,783.0387022605535,30.93136126356501,11.4,0,1.103619748455664,-0.3143111240682224,3
2022-04-13 13:18:37.131000+00:00,6.8718,-73.1367,138.53,4.1,mb,,126.0,0.974,0.59,us,us7000h3d8,2022-06-20T22:08:36.040Z,"15 km ENE of Zapatoca, Colombia",earthquake,7.8,10.4,0.1,27.0,reviewed,us,us,89125093813.3744,4481,9.0,1794.9847734038642,-5921.624584863832,745.7038554845618,261.60398711863763,278.907498683398,534.765702528486,27.5640857506282,779.0930370968077,27.5640857506282,10.95,0,1.2241412387754194,0.04993071574941779,3
2022-04-20 21:02:55.036000+00:00,2.8283,-79.4273,10.0,4.4,mb,,80.0,2.662,0.75,us,us6000hf3t,2022-06-26T01:20:13.040Z,"114 km WNW of Mosquera, Colombia",earthquake,7.7,1.9,0.118,21.0,reviewed,us,us,251188643150.95825,4489,9.0,1165.713569917158,-6245.391706757783,313.87147381071554,629.9570261923114,570.9386488359771,328.8443204989193,845.6863353258773,298.5205016175244,298.5205016175244,11.4,6,-3.067670996268336,-0.726959230408099,4
2022-04-23 09:56:57.526000+00:00,6.8684,-76.4688,10.0,4.4,mb,23.0,55.0,1.151,0.5,us,us6000hftr,2022-07-05T03:39:38.040Z,"26 km WSW of Dabeiba, Colombia",earthquake,5.9,1.9,0.17,11.0,reviewed,us,us,251188643150.95825,4491,9.0,1477.6329094187288,-6140.052614948785,760.7074803518937,357.5464266217556,120.13068079758526,379.9952680537532,370.3520843182248,635.2021887695386,120.13068079758526,11.4,2,-1.1178899393873916,0.2880108491963075,1
2022-04-25 05:48:45.474000+00:00,6.8799,-73.1434,151.78,4.0,mb,16.0,97.0,0.982,0.43,us,us7000h6md,2022-07-05T03:40:30.040Z,"15 km ENE of Zapatoca, Colombia",earthquake,7.5,8.9,0.3,3.0,reviewed,us,us,63095734448.019424,4493,11.0,1790.4471821736176,-5909.144107915066,744.991414809061,262.1398020650575,278.4161308915548,534.8840743279344,26.717918753414345,779.38141591562,26.717918753414345,10.8,0,1.3200338844856851,0.4095814283874927,2
2022-04-28 07:57:56.167000+00:00,5.4306,-76.5299,71.91,4.3,mb,34.0,76.0,1.249,0.49,us,us7000h5ku,2022-07-05T03:41:40.040Z,"7 km SSE of Lloró, Colombia",earthquake,4.1,8.4,0.137,16.0,reviewed,us,us,177827941003.89227,4496,11.0,1460.7109103039456,-6098.3168624014215,596.1458801077929,283.7394164764329,138.55490374430877,220.0548829674968,420.7979851166309,476.2627981811095,138.55490374430877,11.25,14,-1.0772162144148973,0.2120720309189919,1
2022-04-29 23:47:47.572000+00:00,6.9193,-73.1481,142.64,4.1,mb,26.0,112.0,1.022,0.81,us,us7000h5y8,2022-07-05T03:42:15.040Z,"13 km SW of Piedecuesta, Colombia",earthquake,6.8,8.0,0.158,11.0,reviewed,us,us,89125093813.3744,4498,12.0,1792.443885057048,-5917.483055095159,750.3382578432492,265.974273789786,279.0500360706866,537.6433625682492,22.414956918070494,782.6140624140409,22.414956918070494,10.95,0,1.1682366038348395,0.5981411096611365,2
2022-05-14 13:10:43.487000+00:00,6.9193,-73.1647,143.27,4.2,mb,35.0,124.0,1.023,1.01,us,us6000hl48,2022-07-24T02:38:31.040Z,"13 km E of Betulia, Colombia",earthquake,8.6,7.1,0.052,102.0,reviewed,us,us,125892541179.41711,4512,9.0,1790.548236436125,-5917.403514686146,750.2623609614951,265.2740664049027,277.284414875275,536.3641236687673,22.71689628945328,781.5379305782753,22.71689628945328,11.100000000000001,0,1.154394721050784,0.06783451471767855,3
2022-05-16 11:25:56.202000+00:00,6.8748,-73.099,147.84,4.3,mb,98.0,107.0,0.976,0.88,us,us6000hlfw,2022-07-24T02:39:06.040Z,"13 km SSW of Piedecuesta, Colombia",earthquake,7.4,6.4,0.039,186.0,reviewed,us,us,177827941003.89227,4514,10.0,1796.1822628549503,-5911.561015655833,744.9134328117907,263.5857435196193,283.0231801422672,537.9438679748016,27.31269822467976,781.8334980246752,27.31269822467976,11.25,0,1.082089140428866,0.22790115268098446,2
2022-05-21 15:33:01.013000+00:00,6.9515,-73.138,140.07,4.3,mb,30.0,125.0,1.053,0.9,us,us6000hmxa,2022-08-02T19:50:38.040Z,"10 km WSW of Piedecuesta, Colombia",earthquake,7.7,5.5,0.066,65.0,reviewed,us,us,177827941003.89227,4520,10.0,1794.1043734056077,-5919.203928623685,754.124004121869,269.70816423181856,281.09682294105625,540.9857625584284,18.734750732729136,786.1665180836682,18.734750732729136,11.25,0,1.0430224309828,0.25290575573498597,2
2022-05-28 03:01:19.115000+00:00,6.8281,-73.0753,149.97,4.3,mb,35.0,71.0,0.929,0.85,us,us7000hd7k,2022-08-06T22:13:00.040Z,"10 km NNE of Jordán, Colombia",earthquake,3.3,7.2,0.07,60.0,reviewed,us,us,177827941003.89227,4526,8.0,1798.187863381936,-5909.373134128511,739.6241143486894,259.9576115306568,284.3426200267719,536.1635037160914,32.79987884185333,779.2381201577123,32.79987884185333,11.25,0,1.1464374627715983,-0.1424862693759661,3
2022-05-29 02:26:02.891000+00:00,6.9374,-73.1291,136.93,4.2,mb,32.0,126.0,1.039,0.99,us,us7000hdcz,2022-08-06T22:13:03.040Z,"10 km WSW of Piedecuesta, Colombia",earthquake,7.9,9.0,0.152,13.0,reviewed,us,us,125892541179.41711,4527,8.0,1795.9822192747704,-5922.085446612319,752.9811391870585,268.6418462389957,281.611364154364,540.5486436123019,20.23868531070501,785.4754116518732,20.23868531070501,11.100000000000001,0,1.170669910403072,-0.10778179655387675,3
2022-05-30 01:23:25.370000+00:00,6.8191,-73.056,146.23,4.5,mb,77.0,66.0,0.921,1.01,us,us7000hdii,2022-08-06T22:13:05.040Z,"10 km NNE of Jordán, Colombia",earthquake,7.1,6.3,0.039,191.0,reviewed,us,us,354813389233.57605,4528,8.0,1801.294425432974,-5912.43048402108,739.097907873081,259.9681292690101,286.19609210280515,536.9951150316649,34.1828869307586,779.7222895943936,34.1828869307586,11.55,0,0.9594033163632594,-0.1465146280955312,0
2022-05-31 20:49:09.658000+00:00,6.8655,-73.1145,154.171,4.1,mb,32.0,73.0,0.967,0.98,us,us7000hdxz,2022-08-06T22:13:11.040Z,"14 km N of Jordán, Colombia",earthquake,6.11,6.221,0.185,9.0,reviewed,us,us,89125093813.3744,4530,9.0,1792.7923455201123,-5906.1477206651,743.1537679161256,261.9444400202598,281.11123191797384,536.0017890311668,28.23577993876396,779.9840121821911,28.23577993876396,10.95,0,1.3057607921996217,0.049145319736774086,3
2022-06-01 04:20:25.077000+00:00,6.8568,-73.0358,145.81,4.3,mb,48.0,36.0,0.959,0.77,us,us7000he04,2022-08-06T22:13:12.040Z,"13 km NNW of Cepitá, Colombia",earthquake,7.2,6.0,0.052,103.0,reviewed,us,us,177827941003.89227,4530,10.0,1803.358162441359,-5911.727472821252,743.2147476648913,264.7126028391915,289.3193793206372,541.5143201809097,30.724039477385425,784.4112508924561,30.724039477385425,11.25,0,1.0976580985388884,0.2172950662436513,2
2022-06-05 16:31:25.199000+00:00,6.8882,-73.069,147.18,4.2,mb,17.0,128.0,0.989,0.48,us,us7000hg8m,2022-08-13T21:51:48.040Z,"11 km S of Piedecuesta, Colombia",earthquake,6.1,8.4,0.186,9.0,reviewed,us,us,125892541179.41711,4535,11.0,1799.417336020024,-5911.079735801433,746.4375394018277,266.31153035057434,286.59999774921613,541.3438014947064,26.37172859359798,785.0050157652508,26.37172859359798,11.100000000000001,0,1.1570369462302674,0.4065667852255361,2
2022-06-12 00:50:07.200000+00:00,6.9518,-76.0316,10.0,4.6,mb,45.0,77.0,0.905,0.72,us,us7000hgu3,2022-08-21T00:16:13.040Z,"15 km WSW of Peque, Colombia",earthquake,4.5,1.8,0.105,27.0,reviewed,us,us,501187233627.2715,4541,12.0,1524.1726965563464,-6127.517737429979,769.899323647673,330.244915530535,93.09060900651232,393.1281312115757,321.55863246656264,652.9230970764718,93.09060900651232,11.7,1,-1.169151476640461,0.8121378972362358,1
2022-06-16 14:16:03.256000+00:00,6.903,-73.131,141.53,4.3,mb,19.0,69.0,1.005,0.75,us,us7000hj15,2022-08-21T00:17:55.040Z,northern Colombia,earthquake,8.0,8.4,0.217,6.0,reviewed,us,us,177827941003.89227,4545,13.0,1794.5915265210847,-5918.206409892588,748.7126443068802,265.0397312348456,280.39513220433963,537.673098003756,24.068899857325192,782.2624516703644,24.068899857325192,11.25,0,0.9647123602760664,0.7698881734129603,2
2022-06-18 16:26:27.157000+00:00,6.8826,-73.0661,149.42,4.5,mb,42.0,61.0,0.983,0.92,us,us7000hie8,2022-08-28T03:18:28.040Z,"11 km S of Piedecuesta, Colombia",earthquake,7.3,7.1,0.04,181.0,reviewed,us,us,354813389233.57605,4548,13.0,1799.0900221476184,-5908.9309809522,745.5651889353196,265.87994533216045,286.7569523923599,541.1334407139459,27.050974830445547,784.6972175444391,27.050974830445547,11.55,0,0.8501342748582238,0.7610421534657942,2
2022-06-19 07:45:21.702000+00:00,6.9376,-73.133,139.72,4.2,mb,18.0,121.0,1.039,0.34,us,us7000hjmu,2022-08-28T03:18:39.040Z,"10 km WSW of Piedecuesta, Colombia",earthquake,4.8,8.3,0.199,7.0,reviewed,us,us,125892541179.41711,4548,14.0,1794.7747545246457,-5919.554738363736,752.6657415057723,268.4951377090006,281.2030932185595,540.263663465358,20.236068785732307,785.2400830512906,20.236068785732307,11.100000000000001,0,1.023969874653309,0.9572428794724932,2
2022-06-24 03:03:35.937000+00:00,6.8663,-73.0524,143.55,4.3,mb,45.0,71.0,0.967,1.2,us,us7000hjtj,2022-08-28T03:20:51.040Z,"13 km S of Piedecuesta, Colombia",earthquake,5.6,5.9,0.103,27.0,reviewed,us,us,177827941003.89227,4553,14.0,1802.263426024193,-5914.278089707103,744.5097201017793,264.8775060426194,287.7869394330725,540.9404601677925,29.18264854538244,784.1526777632071,29.18264854538244,11.25,0,0.9761637178777514,0.9304890123249208,2
2022-06-30 23:37:46.794000+00:00,4.9528,-76.0895,114.035,4.5,mb,82.0,93.0,1.351,0.62,us,us6000hyzh,2022-09-03T21:03:23.040Z,"7 km NW of El Águila, Colombia",earthquake,4.4,6.29,0.045,143.0,reviewed,us,us,354813389233.57605,4560,11.0,1498.5950121310232,-6050.786141299107,540.1954027050651,225.1384082837503,154.22109804136946,173.98879463835743,406.99780840564256,436.3166564237516,154.22109804136946,11.55,14,-0.9447638784698059,0.04075958426328992,1
2022-07-01 02:13:57.207000+00:00,6.8389,-73.0269,146.56,4.2,mb,43.0,119.0,0.941,0.96,us,us6000hz0g,2022-09-03T21:03:24.040Z,"11 km NNW of Cepitá, Colombia",earthquake,7.9,5.3,0.088,36.0,reviewed,us,us,125892541179.41711,4560,12.0,1804.1267441929044,-5910.956838946486,741.1944769085145,263.3515728671908,289.81938254180665,540.8355989276313,32.92314141177268,783.417531094147,32.92314141177268,11.100000000000001,0,1.137394965590352,0.5655935725719216,2
2022-07-01 08:37:57.875000+00:00,6.8015,-73.0028,151.46,4.3,mb,36.0,84.0,0.906,0.42,us,us6000i0a8,2022-09-03T21:03:30.040Z,"6 km NNW of Cepitá, Colombia",earthquake,7.9,7.9,0.113,22.0,reviewed,us,us,177827941003.89227,4560,12.0,1805.331612036327,-5906.005895291816,736.5798985586164,260.82170450475195,291.5103585476974,539.885410346058,37.73453443557211,781.7278578671588,37.73453443557211,11.25,0,1.075635099792401,0.553683716508979,2
2022-07-07 08:57:41.304000+00:00,6.8925,-73.1057,143.63,4.2,mb,52.0,96.0,0.993,0.51,us,us6000i23h,2024-01-18T16:39:21.699Z,"12 km SSW of Piedecuesta, Colombia",earthquake,4.1,9.2,0.075,49.0,reviewed,us,us,125892541179.41711,4566,13.0,1796.6386231835909,-5915.5497383625525,747.3272827508101,265.08302600193906,282.7966892169067,538.8115318186335,25.28870408981742,782.9758899155291,25.28870408981742,11.100000000000001,0,1.072167643902145,0.764725927969989,2
2022-07-07 23:44:24.163000+00:00,6.8663,-73.0722,142.05,4.0,mb,16.0,130.0,0.967,0.45,us,us6000i246,2022-09-13T06:26:13.040Z,"13 km S of Piedecuesta, Colombia",earthquake,8.0,10.4,0.258,4.0,reviewed,us,us,63095734448.019424,4567,14.0,1800.653107832465,-5916.325270586061,744.6890494549099,263.9521878101594,285.66430099391,539.3811073333833,28.67911959528791,782.8420910020691,28.67911959528791,10.8,0,1.2251727125358047,0.9304279918980136,2
2022-07-08 00:50:32.197000+00:00,6.8134,-73.0292,153.68,4.3,mb,27.0,104.0,0.916,0.73,us,us6000i2nk,2022-09-13T06:26:16.040Z,"8 km NW of Cepitá, Colombia",earthquake,3.9,6.5,0.188,8.0,reviewed,us,us,177827941003.89227,4567,15.0,1801.9220290596884,-5904.582324836437,737.5991816824082,260.6954988164036,288.94480086258375,538.6875685668015,35.54560007247708,781.0070249884709,35.54560007247708,11.25,0,0.9973476940558558,1.0917916006899742,2
2022-07-19 20:04:09.546000+00:00,6.8944,-73.1666,149.374,4.3,mb,14.0,123.0,0.999,0.62,us,us6000i676,2022-09-27T16:57:04.040Z,"12 km E of Betulia, Colombia",earthquake,7.21,8.738,0.377,2.0,reviewed,us,us,177827941003.89227,4579,9.0,1788.6913854346767,-5911.974210071359,746.8427886770396,262.6339233932217,276.35167991943945,534.2360920062466,25.472750305635124,779.1737243602719,25.472750305635124,11.25,0,1.0889253438370354,0.061871731612243186,3
2022-07-22 04:42:44.785000+00:00,6.7709,-73.067,155.483,4.1,mb,29.0,132.0,0.873,0.86,us,us6000i76m,2022-09-27T16:57:06.040Z,"5 km NE of Jordán, Colombia",earthquake,6.64,5.691,0.103,26.0,reviewed,us,us,89125093813.3744,4581,10.0,1797.663571035914,-5904.578807277833,732.8071856258576,254.6143912682913,283.8709246551663,532.4047869148675,39.22513183678227,774.7186318128905,39.22513183678227,10.95,0,1.2889347538091291,0.1943135555587652,2
2022-08-06 01:03:43.339000+00:00,8.2722,-77.1925,10.0,4.5,mb,34.0,79.0,1.002,0.66,us,us6000i8kd,2022-10-21T23:18:19.040Z,"27 km NNW of Unguía, Colombia",earthquake,6.1,1.735,0.074,56.0,reviewed,us,us,354813389233.57605,4596,7.0,1395.41104707864,-6138.2054329879775,915.1956469125968,524.9924411615343,287.1187205329384,540.9793889719065,466.41899487842136,784.9418354587665,287.1187205329384,11.55,1,-1.1724829797240668,0.42949983214968274,1
2022-08-13 12:20:48.392000+00:00,6.8811,-73.0954,157.36,4.2,mb,16.0,166.0,0.982,0.59,us,us6000id49,2022-10-28T02:27:16.040Z,"12 km SSW of Piedecuesta, Colombia",earthquake,9.79,8.28,0.236,5.0,reviewed,us,us,125892541179.41711,4603,5.0,1793.7815893071645,-5902.326709693623,744.4521955773325,264.3875739046651,283.58090081609805,538.7197785936729,26.657452309769152,782.6329256801263,26.657452309769152,11.100000000000001,0,1.3491625841445354,-0.6559794570305192,3
2022-08-13 13:02:01.435000+00:00,6.9068,-72.9904,150.758,4.6,mb,53.0,53.0,1.012,1.15,us,us6000iaij,2022-10-28T02:25:38.040Z,"11 km SE of Piedecuesta, Colombia",earthquake,8.36,7.341,0.028,378.0,reviewed,us,us,501187233627.2715,4603,6.0,1806.414565411968,-5904.977000032088,748.0130918129224,271.90468403792465,295.5186629382034,548.9835652882165,27.77617053528345,791.8686495466401,27.77617053528345,11.7,0,0.9910355075186874,-0.4781113328059795,0
2022-08-15 03:44:02.857000+00:00,6.8682,-73.0414,151.179,4.1,mb,35.0,113.0,0.97,0.56,us,us6000iax3,2022-10-28T02:26:02.040Z,"13 km S of Piedecuesta, Colombia",earthquake,7.3,9.519,0.105,25.0,reviewed,us,us,89125093813.3744,4605,7.0,1801.182387419591,-5906.663459758392,743.8024283675657,265.5886968211663,289.0167195894938,541.9562800518481,29.32741588584571,785.0512806729485,29.32741588584571,10.95,0,1.377865565393864,-0.31077164507610183,3
2022-08-17 15:46:51.547000+00:00,4.8445,-76.0511,128.811,4.6,mb,33.0,81.0,1.435,0.78,us,us7000i2l7,2022-10-28T02:28:00.040Z,"7 km S of El Águila, Colombia",earthquake,11.08,6.655,0.096,32.0,reviewed,us,us,501187233627.2715,4608,8.0,1499.344277398853,-6036.471526525124,527.1638824917267,219.79186977096603,164.0980107982809,163.8084199209959,410.909037481257,426.2059763394534,163.8084199209959,11.7,3,-0.8840410104100126,-0.5234797835637882,1
2022-08-22 21:52:44.167000+00:00,6.7699,-73.0547,156.746,4.4,mb,57.0,35.0,0.872,0.64,us,us6000icw1,2022-11-01T15:12:54.040Z,"6 km NE of Jordán, Colombia",earthquake,8.12,5.96,0.054,97.0,reviewed,us,us,251188643150.95825,4613,7.0,1798.569279883858,-5903.005249554312,732.5505755292851,255.1118537298304,285.17816628644687,533.3105589764298,39.569890151839,775.4535921306397,39.569890151839,11.4,0,1.1142351150642458,-0.3374926807383687,3
2022-08-30 19:17:46.874000+00:00,5.1534,-76.2303,100.779,4.5,mb,28.0,116.0,1.246,0.74,us,us7000i614,2022-11-06T04:37:19.040Z,"23 km WSW of Pueblo Rico, Colombia",earthquake,7.33,8.545,0.135,17.0,reviewed,us,us,354813389233.57605,4621,7.0,1486.4043363886856,-6065.399489921839,563.2073909864819,244.09975513365785,140.95938328869607,192.16552204827585,407.2011771446297,453.34761345965615,140.95938328869607,11.55,3,-0.9289972157691686,-0.5992140203883299,1
2022-09-01 04:57:05.410000+00:00,6.7234,-73.0693,162.621,4.4,mb,62.0,32.0,0.826,0.87,us,us7000i47m,2022-11-06T04:36:35.040Z,northern Colombia,earthquake,8.4,5.268,0.041,168.0,reviewed,us,us,251188643150.95825,4622,8.0,1795.5384496736615,-5898.44846346727,726.8543232347964,249.7626281112603,282.5919420175126,528.5835515636202,44.41495470617585,770.3677743573029,44.41495470617585,11.4,0,1.0999185024643372,-0.1721249614781486,3
2022-09-18 15:32:50.802000+00:00,6.8579,-73.104,150.256,4.2,mb,61.0,126.0,0.959,0.34,us,us7000iah9,2022-11-26T20:57:58.040Z,"13 km N of Jordán, Colombia",earthquake,7.5,6.945,0.076,49.0,reviewed,us,us,125892541179.41711,4640,6.0,1795.0330040398196,-5909.6325469671865,742.8025227272111,261.6453476284034,282.0320961012397,536.2277649864302,29.139536462270325,779.9955216680954,29.139536462270325,11.100000000000001,0,1.2814883405028108,-0.48633152593177104,3
2022-09-19 06:12:41.227000+00:00,6.6815,-72.995,158.846,4.9,mb,110.0,43.0,0.789,0.74,us,us7000i97s,2022-11-26T20:57:41.040Z,"2 km ESE of Aratoca, Colombia",earthquake,7.45,4.309,0.022,650.0,reviewed,us,us,1412537544622.7554,4640,7.0,1804.4374161176013,-5900.207250514917,722.7844298281796,249.4206204192207,289.85160472788937,531.4333133220894,50.68106430261011,771.7232265260494,50.68106430261011,12.15,0,0.6926655709946682,-0.36640770234082737,0
2022-09-20 04:54:53.822000+00:00,6.9237,-74.9252,61.869,4.5,mb,86.0,37.0,0.943,0.87,us,us7000i9ft,2022-11-26T20:57:44.040Z,"16 km E of Amalfi, Colombia",earthquake,5.86,6.704,0.086,40.0,reviewed,us,us,354813389233.57605,4641,8.0,1628.911823759009,-6047.589951631136,760.5498159287251,263.51676762038267,104.68832758312108,425.098842951475,200.1109678841096,686.5593050877648,104.68832758312108,11.55,1,-0.24947189447028742,0.014191192042880812,1
2022-09-26 03:41:59.137000+00:00,3.3162,-79.1953,10.0,4.2,mb,34.0,155.0,2.941,0.53,us,us7000ib1b,2022-12-03T22:03:24.040Z,"121 km NW of Mosquera, Colombia",earthquake,6.65,1.587,0.102,27.0,reviewed,us,us,125892541179.41711,4647,8.0,1190.4483432043066,-6237.76874797596,367.960308914644,589.046288988972,516.0844387168306,296.01207500987465,794.2541678939356,316.0548828006825,296.01207500987465,11.100000000000001,10,-2.6923081952626333,-0.7731876563519586,4
2022-10-03 23:49:57.944000+00:00,6.9083,-76.7318,15.899,4.7,mb,95.0,48.0,1.391,0.66,us,us6000iqkx,2022-12-10T22:53:03.040Z,"12 km SE of Murindó, Colombia",earthquake,2.32,4.006,0.035,244.0,reviewed,us,us,707945784384.1403,4655,7.0,1447.9672931302466,-6140.553613240152,764.3956836281703,382.432178262443,146.99318639553076,385.0036177150084,398.99968194046926,636.1435847006342,146.99318639553076,11.850000000000001,1,-1.4053846934642877,-0.03118142347870021,1
2022-10-12 09:09:35.502000+00:00,6.895,-73.0863,147.754,4.4,mb,38.0,74.0,0.996,0.78,us,us6000iujm,2022-12-17T22:54:19.040Z,"11 km SSW of Piedecuesta, Colombia",earthquake,7.43,8.964,0.107,25.0,reviewed,us,us,251188643150.95825,4663,8.0,1797.4408784326945,-5910.992787934964,747.1019515674888,266.2091699791515,284.9392138526815,540.5224219295845,25.262481505942624,784.4728237786055,25.262481505942624,11.4,0,1.0556039554220866,-0.12119437283401724,3
2022-10-15 17:29:46.927000+00:00,6.877,-73.0918,150.275,4.4,mb,63.0,96.0,0.978,0.82,us,us6000itz5,2022-12-31T23:03:33.040Z,"13 km SSW of Piedecuesta, Colombia",earthquake,6.76,8.109,0.067,66.0,reviewed,us,us,251188643150.95825,4667,9.0,1796.2136990818442,-5908.994905109523,744.8591036198975,264.1349603523902,283.8537516583831,538.6799291392477,27.1575084746614,782.503586786596,27.1575084746614,11.4,0,1.0351060371799907,0.05153248801117902,3
2022-10-18 07:17:09.599000+00:00,6.7912,-73.0398,161.151,4.7,mb,82.0,30.0,0.894,0.86,us,us6000iuha,2022-12-31T23:03:37.040Z,"8 km WNW of Cepitá, Colombia",earthquake,6.18,5.757,0.026,455.0,reviewed,us,us,707945784384.1403,4669,9.0,1798.7487995451218,-5898.092578277289,734.3237004253255,257.963961988808,287.2757357645978,536.1356730984763,37.61302559136345,778.3344847088736,37.61302559136345,11.850000000000001,0,0.8279004122372317,0.024705686624080538,0
2022-11-20 05:02:15.566000+00:00,6.844,-73.0742,152.394,4.2,mb,22.0,72.0,0.945,0.53,us,us7000is4g,2023-01-30T06:00:19.040Z,"12 km N of Jordán, Colombia",earthquake,7.53,3.782,0.176,13.0,reviewed,us,us,125892541179.41711,4702,3.0,1797.5408124865676,-5906.839548522901,741.0493631917518,261.61037112525287,284.86531598886927,537.4860003292611,31.076461891230757,780.7247985893249,31.076461891230757,11.100000000000001,0,1.3811790858934674,-1.0245136649613333,3
2022-11-27 16:47:02.911000+00:00,7.503,-73.2225,139.778,4.4,mb,18.0,84.0,1.606,0.45,us,us6000j63p,2023-02-05T23:24:22.040Z,"4 km NNW of El Playón, Colombia",earthquake,7.78,7.999,0.203,7.0,reviewed,us,us,251188643150.95825,4710,5.0,1783.2783568783975,-5914.8965706367935,813.6611541926904,324.3533035278602,295.6220262729957,580.5841261524557,44.06243920754903,831.4888909681974,44.06243920754903,11.4,0,1.1539682301802883,-0.45837505960035635,3
2022-11-28 13:37:13.142000+00:00,6.8133,-76.113,22.187,4.7,mb,44.0,49.0,0.848,0.87,us,us7000isz1,2023-02-05T23:24:41.040Z,"5 km NNE of Frontino, Colombia",earthquake,3.28,5.562,0.11,27.0,reviewed,us,us,707945784384.1403,4710,6.0,1513.0037318788325,-6119.718460889874,753.1880082246334,324.9950396781657,86.34824325541538,376.6724115730772,331.7998090212499,635.9855676746371,86.34824325541538,11.850000000000001,1,-1.1026234588191428,-0.2865698072939524,1
2022-12-02 01:48:58.293000+00:00,7.2127,-77.0842,43.133,4.7,mb,44.0,67.0,1.781,0.77,us,us6000j67s,2023-02-05T23:25:56.040Z,"25 km S of Riosucio, Colombia",earthquake,4.56,6.695,0.086,41.0,reviewed,us,us,707945784384.1403,4714,7.0,1403.205654199465,-6118.963190108925,794.4835679884521,433.971958048583,197.8499290721076,422.6585326419668,437.1798940126108,667.4264203304468,197.8499290721076,11.850000000000001,1,-1.359514821328467,0.09497836672644967,1
2022-12-02 08:46:33.715000+00:00,2.5622,-79.849,10.0,4.6,mb,29.0,143.0,2.759,0.99,us,us6000j695,2023-02-05T23:26:00.040Z,"144 km WNW of Salahonda, Colombia",earthquake,3.31,1.935,0.182,9.0,reviewed,us,us,501187233627.2715,4714,8.0,1119.9608306928644,-6255.169636975396,284.3616541920554,684.1117836179995,625.638111035125,381.3680544009253,901.046219718372,322.3764989475497,322.3764989475497,11.7,6,-3.4281967212964806,-0.9508197002036053,4
2022-12-02 11:50:09.209000+00:00,7.2489,-77.1841,27.87,4.3,mb,40.0,105.0,1.791,0.39,us,us6000j69v,2023-02-05T23:26:02.040Z,"22 km SSW of Riosucio, Colombia",earthquake,5.7,2.22,0.137,15.0,reviewed,us,us,177827941003.89227,4714,9.0,1395.7815430244575,-6135.673629029685,800.3756612253778,445.0398971639938,209.3060076655705,428.3656088655558,448.2918273964128,671.1808585159699,209.3060076655705,11.25,2,-1.1686879488751036,0.46553295064377553,1
2022-12-02 13:24:00.291000+00:00,6.795,-72.9223,156.937,4.1,mb,33.0,120.0,0.911,0.64,us,us6000j6ai,2023-02-05T23:26:04.040Z,"7 km NE of Cepitá, Colombia",earthquake,8.61,8.017,0.145,13.0,reviewed,us,us,89125093813.3744,4714,10.0,1812.0551114242296,-5898.344704116775,735.2312510686129,264.3462166175978,300.05975991896776,545.8817186189094,42.30398074685844,786.6072178924491,42.30398074685844,10.95,0,1.3653821725842126,0.19111360774588684,2
2022-12-03 11:41:36.885000+00:00,7.2431,-77.1037,40.005,4.7,mwr,107.0,50.0,1.762,0.53,us,us6000j6n3,2023-02-11T23:03:03.040Z,"22 km S of Riosucio, Colombia",earthquake,6.64,5.474,0.083,14.0,reviewed,us,us,707945784384.1403,4715,12.0,1401.7213294967405,-6122.05340285787,798.2087051738112,437.7879011405774,201.4986417047333,426.3184071289413,439.408836107513,670.7380888603426,201.4986417047333,11.850000000000001,1,-1.5086174671255015,0.992432674784306,1
2022-12-14 06:36:56.178000+00:00,6.7855,-73.04,154.45,4.5,mb,70.0,38.0,0.888,0.81,us,us6000j95b,2023-02-18T22:04:09.040Z,"8 km WNW of Cepitá, Colombia",earthquake,6.41,3.877,0.043,160.0,reviewed,us,us,354813389233.57605,4726,13.0,1800.6905290218251,-5904.533372177876,734.5019932095878,257.386251045193,287.1221880980352,535.682264553441,38.222841901663024,777.8173565967008,38.222841901663024,11.55,0,0.8668386104826575,0.7303484446847068,2
2022-12-21 18:53:54.611000+00:00,7.3105,-76.9735,39.736,4.9,mb,52.0,78.0,1.65,0.72,us,us6000jawa,2023-02-28T23:06:41.040Z,"21 km SE of Riosucio, Colombia",earthquake,7.23,6.917,0.11,26.0,reviewed,us,us,1412537544622.7554,4734,14.0,1415.4770812571812,-6118.193204078585,805.6304287316068,431.82761496249566,194.1438986327032,431.863720129248,425.3292775216351,678.8010348918046,194.1438986327032,12.15,15,-1.6710108957570238,1.3584917311349747,1
2023-01-02 00:22:05.645000+00:00,6.8279,-73.0877,153.952,4.3,mb,14.0,59.0,0.929,0.92,us,us7000j43n,2023-03-11T22:51:46.040Z,"10 km N of Jordán, Colombia",earthquake,7.15,9.255,0.218,6.0,reviewed,us,us,177827941003.89227,4745,7.0,1795.75948251501,-5905.981868013959,739.1291429457777,259.35852916164947,283.00409069388405,535.1685892684205,32.63166635194584,778.3983430031849,32.63166635194584,11.25,0,1.1856901808583276,-0.318256980014063,3
2023-01-05 11:03:59.462000+00:00,6.7877,-73.0479,153.901,4.4,mb,37.0,73.0,0.89,0.72,us,us7000j4qq,2023-03-11T22:51:50.040Z,"8 km NE of Jordán, Colombia",earthquake,3.34,5.421,0.126,18.0,reviewed,us,us,251188643150.95825,4748,7.0,1800.027115511343,-5905.276079846686,734.8039058248579,257.2192261576116,286.31980370987367,535.2201076094243,37.785269826378496,777.4826247105015,37.785269826378496,11.4,0,1.1074204976676965,-0.333094532746948,3
2023-01-12 02:54:20.701000+00:00,6.7855,-73.0545,152.774,4.3,mb,58.0,36.0,0.888,0.79,us,us7000j3t1,2023-03-20T06:03:25.040Z,"7 km NE of Jordán, Colombia",earthquake,4.52,4.734,0.101,28.0,reviewed,us,us,177827941003.89227,4755,7.0,1799.681263464875,-5906.580890997814,734.7000170878835,256.6786596963909,285.5560754824389,534.5243577105215,37.87252798780028,776.8464006653678,37.87252798780028,11.25,0,1.1870916523334236,-0.3339049880462516,3
2023-01-13 07:21:53.883000+00:00,6.7854,-73.0766,155.374,4.6,mb,89.0,94.0,0.887,0.66,us,us7000j430,2023-03-20T06:03:34.040Z,"6 km NNE of Jordán, Colombia",earthquake,3.4,8.036,0.062,77.0,reviewed,us,us,501187233627.2715,4756,7.0,1796.6516892752966,-5904.805863629198,734.3820478133042,255.60575966198792,283.1675379800576,532.7563022592929,37.475045434382594,775.36173974227,37.475045434382594,11.7,0,0.9243359870014662,-0.3305253829631977,0
2023-01-13 16:41:41.660000+00:00,6.8346,-73.0505,152.595,4.5,mb,41.0,43.0,0.937,0.72,us,us7000j47t,2023-03-20T06:03:36.040Z,"12 km NW of Cepitá, Colombia",earthquake,7.48,6.23,0.093,34.0,reviewed,us,us,354813389233.57605,4757,8.0,1799.9612198310936,-5906.020817012469,740.0124729655194,261.7846556930326,287.1731809333205,538.6303418688221,32.6447556523222,781.4633205187916,32.6447556523222,11.55,0,0.9944385548198323,-0.1410306788454108,0
2023-01-14 18:18:29.987000+00:00,6.8355,-73.1176,151.159,4.5,mb,131.0,117.0,0.937,0.83,us,us7000j4es,2023-03-20T06:03:42.040Z,northern Colombia,earthquake,3.67,5.123,0.049,126.0,reviewed,us,us,354813389233.57605,4758,8.0,1793.4540381057802,-5909.47795106249,740.2803687720874,258.7581425461054,279.98526506921434,533.4081570087222,31.562140033434883,777.1007544982859,31.562140033434883,11.55,0,0.9577619839349357,-0.13598846868875414,0
2023-01-26 09:38:21.148000+00:00,6.85,-73.1106,144.034,4.2,mb,40.0,116.0,0.952,0.71,us,us6000jlzd,2023-04-11T18:51:46.040Z,northern Colombia,earthquake,7.17,8.18,0.118,21.0,reviewed,us,us,125892541179.41711,4769,9.0,1796.1767336719868,-5915.848355799446,742.6930306367685,260.54552766785093,281.11506815536563,535.0918367680284,29.97455852700784,778.8558567862258,29.97455852700784,11.100000000000001,0,1.1690613438587143,0.042716679965717534,3
2023-01-27 04:34:39.050000+00:00,5.0309,-76.2007,106.371,4.5,mb,56.0,59.0,1.332,0.94,us,us6000jjlq,2023-04-11T18:51:35.040Z,"15 km NNE of San José del Palmar, Colombia",earthquake,3.99,5.929,0.078,48.0,reviewed,us,us,354813389233.57605,4770,10.0,1488.4927667618497,-6060.376636057103,549.3640141762532,238.5018479344712,151.32967532764468,179.41158656035438,411.9961451605303,441.08304430614896,151.32967532764468,11.55,14,-0.9896593048872299,-0.10574057151601182,1
2023-02-01 19:51:04.511000+00:00,6.7763,-73.1251,154.167,4.6,mb,76.0,27.0,0.879,0.9,us,us6000jktm,2023-04-13T21:53:16.040Z,"5 km NW of Jordán, Colombia",earthquake,6.57,5.308,0.035,246.0,reviewed,us,us,501187233627.2715,4776,10.0,1792.034477968382,-5907.583086486144,733.5441744874217,252.4196299085432,277.7192768469312,528.2056316512857,38.140779811838215,771.3305472737467,38.140779811838215,11.7,0,0.8162179507291183,0.20219846610577216,0
2023-02-07 02:56:17.992000+00:00,6.8089,-73.0222,159.15,4.6,mb,128.0,35.0,0.912,0.57,us,us6000jm59,2023-04-15T21:39:42.040Z,northern Colombia,earthquake,6.29,4.431,0.056,96.0,reviewed,us,us,501187233627.2715,4781,12.0,1801.0743256800906,-5899.222814105142,736.4658073647528,260.5913277003877,289.591731584438,538.9003059132202,36.25362210672086,781.0781095830824,36.25362210672086,11.7,0,0.8391681452746811,0.5600840946273931,2
2023-02-15 13:04:09.720000+00:00,6.7659,-73.0236,158.822,5.2,mb,270.0,37.0,0.87,0.52,us,us6000jp3b,2023-04-22T21:33:11.040Z,"5 km WNW of Cepitá, Colombia",earthquake,7.01,5.671,0.022,673.0,reviewed,us,us,3981071705534.986,4789,9.0,1801.1861539487136,-5900.105309254428,731.8751821281755,256.25195899771785,288.453271062576,535.4972355042745,40.79033206396471,777.1898904080803,40.79033206396471,12.600000000000001,0,0.3780519618140581,0.01747364066048156,0
2023-03-02 20:38:15.605000+00:00,6.7351,-73.0147,156.85,4.5,mb,33.0,136.0,0.84,0.85,us,us7000jihp,2023-05-08T02:00:26.040Z,"4 km N of Aratoca, Colombia",earthquake,9.39,7.258,0.145,14.0,reviewed,us,us,354813389233.57605,4805,8.0,1802.7893888791089,-5902.073831711114,728.7901802822053,253.65700840349277,288.75817619368297,533.8722425494801,44.35324728274898,775.0806811972742,44.35324728274898,11.55,0,1.0114989340103466,-0.1732969736782086,0
2023-03-04 07:20:02.788000+00:00,6.8798,-73.1083,149.739,4.4,mb,34.0,96.0,0.981,0.76,us,us7000jhah,2023-05-08T02:00:44.040Z,northern Colombia,earthquake,7.26,9.034,0.107,25.0,reviewed,us,us,251188643150.95825,4806,8.0,1794.6559980756908,-5909.986276997491,745.2251232971745,263.6754838044602,282.16538313699914,537.6096120545832,26.67856436726407,781.6694421994572,26.67856436726407,11.4,0,1.052056476593708,-0.12383451202410102,3
2023-03-07 01:32:41.615000+00:00,6.8238,-73.0726,155.436,4.3,mb,43.0,36.0,0.925,0.76,us,us7000jhsj,2023-05-15T02:50:24.040Z,"Santander, Colombia",earthquake,7.83,5.953,0.116,21.0,reviewed,us,us,177827941003.89227,4809,9.0,1796.902285296353,-5904.149336273643,738.5110900807408,259.65194336278586,284.5255135420428,536.0434334299299,33.32014490070098,779.0352897627696,33.32014490070098,11.25,0,1.1459483494135179,0.0343572029695149,3
2023-03-07 03:59:40.088000+00:00,5.3828,-77.5523,10.0,5.0,mww,95.0,62.0,2.167,0.85,us,us7000jhss,2023-05-15T02:50:23.040Z,"47 km SW of Nuquí, Colombia",earthquake,5.59,1.672,0.093,11.0,reviewed,us,us,1995262314968.8828,4809,10.0,1365.056748480337,-6184.081506076444,596.7218779562104,392.648880991392,238.15723128705292,242.70749066295525,526.2998837581982,464.56998106280815,238.15723128705292,12.3,4,-2.416016301368308,0.09233369410132121,1
2023-03-11 05:11:59.326000+00:00,6.893,-73.1444,146.285,4.3,mb,23.0,125.0,0.996,0.49,us,us7000jj2g,2023-05-15T02:49:16.040Z,"14 km SW of Piedecuesta, Colombia",earthquake,5.66,10.651,0.161,11.0,reviewed,us,us,177827941003.89227,4813,9.0,1791.876428244458,-5914.233101564233,747.0625927516278,263.4369475114653,278.6793377814169,535.8426581840406,25.27712201889313,780.4916065288508,25.27712201889313,11.25,0,1.0842388728503356,0.05922865796163565,3
2023-03-11 21:12:00.955000+00:00,5.3643,-77.6548,10.0,4.9,mb,196.0,97.0,2.269,0.68,us,us7000jj76,2023-05-15T02:49:08.040Z,"55 km NW of Pizarro, Colombia",earthquake,6.57,1.837,0.044,160.0,reviewed,us,us,1412537544622.7554,4814,10.0,1354.0326033561523,-6186.701539817884,594.6770268503583,403.43068638961455,249.38358483280408,246.4300229213538,537.6062862677703,463.39664929292655,246.4300229213538,12.15,4,-2.373920805059817,0.09446470084363158,1
2023-03-12 20:26:44.696000+00:00,6.8364,-73.0707,146.381,4.2,mb,49.0,118.0,0.938,0.83,us,us7000jjdu,2023-05-20T23:20:18.040Z,"11 km NNE of Jordán, Colombia",earthquake,7.92,8.125,0.098,29.0,reviewed,us,us,125892541179.41711,4815,11.0,1799.668729924521,-5912.535243015513,740.94612340734,261.0088842762976,285.04690085510515,537.1715115521145,31.976323462522807,780.2810051857292,31.976323462522807,11.100000000000001,0,1.1426954720242084,0.3907170434513246,2
2023-03-14 05:06:59.998000+00:00,6.8028,-72.9977,157.397,4.5,mb,62.0,38.0,0.908,0.65,us,us7000jjrd,2023-05-20T23:20:22.040Z,"5 km NNW of Cepitá, Colombia",earthquake,7.43,6.699,0.041,178.0,reviewed,us,us,354813389233.57605,4816,12.0,1804.128605167437,-5900.191652173594,736.0167696775926,261.2067267047134,292.0912625704584,540.3936924560193,37.80099408433308,782.185699075992,37.80099408433308,11.55,0,0.9291809012520742,0.5556430755865472,2
2023-03-15 11:30:53.484000+00:00,5.4355,-77.764,28.643,4.4,mb,21.0,116.0,2.347,0.6,us,us7000jlgv,2023-05-20T23:20:39.040Z,"62 km WSW of Nuquí, Colombia",earthquake,7.68,6.83,0.203,7.0,reviewed,us,us,251188643150.95825,4817,13.0,1338.1478526017097,-6170.40641005548,600.7806378144032,416.7692183152414,257.6556629940184,259.45420831796287,546.0743676788937,472.5031015425666,257.6556629940184,11.4,16,-1.9501600705802655,0.6590284805465778,1
2023-03-15 11:46:13.358000+00:00,5.4963,-77.6017,10.0,4.4,mb,19.0,134.0,2.174,1.01,us,us7000jk3n,2023-05-20T23:20:26.040Z,"43 km WSW of Nuquí, Colombia",earthquake,5.43,1.818,0.17,10.0,reviewed,us,us,251188643150.95825,4817,14.0,1359.4679053223351,-6184.089506242715,609.265946182149,400.54808705843936,238.46081660435365,256.4235619108566,526.8798354155946,477.54180070006186,238.46081660435365,11.4,16,-1.991170971988284,0.8385596066667157,1
2023-03-26 23:00:41.400000+00:00,6.8516,-73.1229,156.193,4.3,mb,29.0,67.0,0.954,0.88,us,us7000jmx9,2023-06-03T22:06:25.040Z,"13 km NNW of Jordán, Colombia",earthquake,7.08,3.882,0.201,7.0,reviewed,us,us,177827941003.89227,4829,16.0,1791.3958944269332,-5904.661751388776,741.4151322745995,260.1557278494034,279.83853379365485,534.2539320518674,29.766890047286644,778.1899698673728,29.766890047286644,11.25,0,0.9478603464514231,1.2882892427777815,2
2023-03-27 22:08:57.857000+00:00,6.8433,-73.0951,152.713,4.4,mb,53.0,71.0,0.945,0.64,us,us6000k059,2023-06-03T22:06:02.040Z,"12 km N of Jordán, Colombia",earthquake,3.13,6.878,0.091,35.0,reviewed,us,us,251188643150.95825,4830,17.0,1795.2965658152266,-5907.200472142951,740.9359196686024,260.5723993967424,282.6030221021927,535.7852694707899,30.840610954841942,779.2801929535143,30.840610954841942,11.4,0,0.8279337179582308,1.4608324891236046,2
2023-04-01 15:35:03.444000+00:00,6.8743,-73.063,153.178,4.3,mb,25.0,121.0,0.976,1.05,us,us6000k2d7,2023-06-03T22:06:21.040Z,"12 km S of Piedecuesta, Colombia",earthquake,8.66,7.999,0.16,11.0,reviewed,us,us,177827941003.89227,4835,19.0,1798.354257998805,-5905.367734623776,744.2206025675598,265.1865693852733,286.86422284537286,540.7289274482004,28.02822433657813,784.1627135889693,28.02822433657813,11.25,0,0.8860634269558978,1.8222788274261532,2
2023-04-07 22:09:32.105000+00:00,6.8355,-72.9739,152.736,4.4,mb,70.0,43.0,0.943,0.54,us,us6000k2ru,2023-06-13T03:12:28.040Z,"8 km N of Cepitá, Colombia",earthquake,7.85,5.295,0.05,118.0,reviewed,us,us,251188643150.95825,4841,17.0,1807.8111030654236,-5903.46415428778,740.092675526946,265.64182971054817,295.4394782375298,544.8021399981841,35.57492134418855,786.6698876998985,35.57492134418855,11.4,0,0.8810880671785727,1.4493799777002396,2
2023-04-15 03:50:57.952000+00:00,2.2187,-79.0054,10.0,4.6,mb,50.0,74.0,0.933,0.98,us,us6000k4lx,2023-06-17T21:36:56.040Z,"43 km WNW of Salahonda, Colombia",earthquake,6.4,1.812,0.086,40.0,reviewed,us,us,501187233627.2715,4848,9.0,1212.2380636895746,-6239.563781944323,246.2593916804445,613.6528948233276,586.9266516250254,306.99755750400345,849.5405987889085,221.85250219588292,221.85250219588292,11.7,6,-3.1700122327332996,-0.9497553179491132,4
2023-04-15 20:52:53.218000+00:00,3.3662,-74.2162,10.0,4.5,mb,37.0,129.0,1.473,0.91,us,us6000k4sq,2023-06-17T21:36:57.040Z,"19 km W of Mesetas, Colombia",earthquake,8.17,1.922,0.076,51.0,reviewed,us,us,354813389233.57605,4849,9.0,1727.258710679315,-6110.596917044903,373.5018926106725,150.3866838508792,353.953496470264,257.2248403689192,434.53012563140265,416.21956103580726,150.3866838508792,11.55,9,-0.8472424369276164,-0.9797933268107448,1
2023-04-18 18:51:21.373000+00:00,6.8783,-73.1335,152.061,4.2,mb,24.0,116.0,0.981,0.71,us,us6000k5cn,2023-07-03T02:47:15.040Z,"15 km SW of Piedecuesta, Colombia",earthquake,4.1,7.817,0.159,11.0,reviewed,us,us,125892541179.41711,4852,10.0,1791.393274390264,-5908.587582592878,744.785338886034,262.4075783952088,279.42952545827615,535.5273617045228,26.824472922959657,779.8846293759982,26.824472922959657,11.100000000000001,0,1.1752085394883014,0.23188808727959762,2
2023-05-05 17:25:52.488000+00:00,6.9456,-73.1785,143.778,4.3,mb,26.0,122.0,1.05,0.5,us,us6000kavr,2023-07-15T22:10:26.040Z,"12 km ENE of Betulia, Colombia",earthquake,7.25,10.965,0.126,18.0,reviewed,us,us,177827941003.89227,4869,8.0,1788.8771630512415,-5917.0216375412565,753.0386933394109,267.41444397607233,276.6206510558336,537.4075262342753,20.272471495946967,783.0187214547884,20.272471495946967,11.25,0,1.0936156732724407,-0.09993452285401186,3
2023-05-05 18:34:52.103000+00:00,6.8252,-73.0964,154.889,4.3,mb,22.0,105.0,0.927,0.61,us,us6000kavv,2023-07-15T22:10:26.040Z,"10 km N of Jordán, Colombia",earthquake,6.96,3.119,0.153,12.0,reviewed,us,us,177827941003.89227,4869,9.0,1794.602287882918,-5905.397629933171,738.7268947493981,258.68313506147626,282.0004941919667,534.2722700191016,32.831007056214176,777.5821740644063,32.831007056214176,11.25,0,1.132974398034872,0.03646747013311681,3
2023-05-06 01:48:01.030000+00:00,6.7608,-72.9894,153.56,4.4,mb,47.0,99.0,0.868,1.09,us,us6000k9y1,2023-07-15T22:10:03.040Z,"1 km WNW of Cepitá, Colombia",earthquake,7.81,7.896,0.082,43.0,reviewed,us,us,251188643150.95825,4869,10.0,1806.2553585277324,-5904.088198880162,731.9455398004999,257.48486921994584,292.0447918388492,537.8643568759268,42.49212726616954,779.0511465358878,42.49212726616954,11.4,0,1.048083789728418,0.18634044794497576,2
2023-05-14 01:04:46.263000+00:00,6.8341,-72.9826,155.214,4.2,mb,25.0,138.0,0.941,0.99,us,us6000kcvg,2023-07-24T01:17:07.040Z,"8 km N of Cepitá, Colombia",earthquake,9.61,7.177,0.152,13.0,reviewed,us,us,125892541179.41711,4877,12.0,1806.199906697016,-5901.403213772423,739.6469450489312,265.0644691496896,294.46824754745734,543.9985732929777,35.28182222840249,785.961190601613,35.28182222840249,11.100000000000001,0,1.1966668212402554,0.5623895509696107,2
2023-05-14 16:43:09.036000+00:00,6.8463,-73.0895,151.854,4.6,mb,50.0,43.0,0.948,0.67,us,us6000kbvy,2023-07-24T01:16:56.040Z,"12 km N of Jordán, Colombia",earthquake,7.13,6.073,0.032,300.0,reviewed,us,us,501187233627.2715,4878,14.0,1796.1107127886194,-5907.803845375678,741.3615860606154,261.13310535970714,283.2820934361187,536.4598512694251,30.576572356242693,779.9173782644186,30.576572356242693,11.7,0,0.7294042904747124,0.9299343783720526,2
2023-05-21 19:19:27.492000+00:00,6.0107,-73.62,129.645,4.2,mb,40.0,108.0,0.547,0.77,us,us7000k48g,2023-07-29T22:00:41.040Z,"5 km WSW of Güepsa, Colombia",earthquake,5.12,6.793,0.102,27.0,reviewed,us,us,125892541179.41711,4885,10.0,1750.4267342997189,-5955.113757874333,653.5584248172912,152.94139460807287,218.3783164244017,430.2195904050434,134.956960218231,670.4483076791481,134.956960218231,11.100000000000001,0,0.6898721130733285,-0.0011142456713176757,2
2023-05-22 17:14:14.864000+00:00,4.3829,-76.2681,120.179,4.5,mb,56.0,64.0,1.941,1.01,us,us6000kdxg,2023-07-29T22:00:28.040Z,"10 km WNW of Bolívar, Colombia",earthquake,7.28,6.094,0.056,94.0,reviewed,us,us,354813389233.57605,4886,11.0,1479.4745615976517,-6054.397074898369,477.6968234021614,246.13396341695628,220.49650230866823,107.61442041478396,462.2304644759262,369.9287063928737,107.61442041478396,11.55,14,-1.0892241696065068,-0.11794797845120818,1
2023-06-07 17:39:23.875000+00:00,6.0189,-77.8504,10.0,5.1,mww,109.0,39.0,3.702,0.88,us,us7000k6yf,2023-08-12T17:15:07.040Z,"54 km WSW of Bahía Solano, Colombia",earthquake,6.66,1.783,0.062,25.0,reviewed,us,us,2818382931264.449,4902,12.0,1331.387308777908,-6184.242079120442,666.9923094468198,442.8390015222113,252.1274237264893,320.6786738680355,536.3773307361763,538.0447744854864,252.1274237264893,12.45,4,-2.5617910883621318,0.6696694351575999,1
2023-06-27 10:55:56.610000+00:00,6.7328,-73.0596,161.999,4.5,mb,107.0,53.0,0.835,0.7,us,us6000kndk,2023-09-08T14:18:23.040Z,"4 km E of Jordán, Colombia",earthquake,7.81,7.163,0.038,200.0,reviewed,us,us,354813389233.57605,4921,7.0,1796.6822293002645,-5898.621153407709,727.9387841630228,251.1758412909309,283.8401032434952,530.0799649097308,43.537598709984216,771.8491186341085,43.537598709984216,11.55,0,1.0411781355151757,-0.347039282638317,0
2023-06-28 08:34:45.730000+00:00,5.351,-77.7289,18.135,4.3,mb,36.0,62.0,2.342,1.06,us,us6000kqi7,2023-09-08T14:18:36.040Z,"59 km NW of Pizarro, Colombia",earthquake,5.98,4.113,0.105,26.0,reviewed,us,us,177827941003.89227,4922,6.0,1344.338125025348,-6180.667744743729,592.4482618024915,411.2524994549935,257.5129942369739,249.42685489689865,545.7828290487626,462.73469819783503,249.42685489689865,11.25,2,-1.731289806534694,-0.6140633855177379,1
2023-07-01 10:59:39.481000+00:00,6.6362,-73.4187,124.108,4.3,mb,13.0,140.0,0.811,0.57,us,us7000kem8,2023-09-08T14:18:43.040Z,"12 km ESE of El Carmen de Chucurí, Colombia",earthquake,7.01,8.448,0.188,9.0,reviewed,us,us,177827941003.89227,4925,8.0,1770.766165473636,-5947.005769704506,721.9205094600838,225.95052510125092,242.88417640326023,494.2466259271063,62.87624540035703,739.6056023958055,62.87624540035703,11.25,0,0.8350179292296449,-0.18014159515075429,3
2023-07-08 21:33:30.978000+00:00,6.9022,-73.0887,147.942,4.2,mb,15.0,128.0,1.003,0.54,us,us7000kfrf,2023-09-09T21:55:20.040Z,"10 km SSW of Piedecuesta, Colombia",earthquake,5.15,8.861,0.264,4.0,reviewed,us,us,125892541179.41711,4933,8.0,1797.111662541947,-5910.799636781773,747.8557331064493,266.8310789808002,284.88540524967254,540.9007934783805,24.43030909923889,784.9585865975384,24.43030909923889,11.100000000000001,0,1.2333750145382973,-0.11963108784279226,3
2023-07-09 19:23:09.568000+00:00,6.9043,-76.6725,45.793,4.2,mb,19.0,88.0,1.339,1.09,us,us6000kr6p,2023-09-16T19:16:06.040Z,"18 km ESE of Murindó, Colombia",earthquake,4.02,9.645,0.146,13.0,reviewed,us,us,125892541179.41711,4934,9.0,1447.4930686267382,-6110.225658098429,760.3616351724826,377.1221797682704,141.1362293016591,384.2377766055132,392.495241940881,636.3643692856778,141.1362293016591,11.100000000000001,2,-0.8455753339914575,0.31943366201924783,1
2023-07-12 06:22:49.141000+00:00,6.886,-73.1223,152.324,4.3,mb,27.0,126.0,0.988,1.09,us,us7000kh1r,2023-09-16T19:16:22.040Z,"13 km SW of Piedecuesta, Colombia",earthquake,6.89,7.632,0.217,6.0,reviewed,us,us,177827941003.89227,4936,8.0,1792.4433505929314,-5907.891603406196,745.58355017648,263.6850298597036,280.84116150758246,537.0062459019466,25.94181394878589,781.306901368601,25.94181394878589,11.25,0,1.1472843373612425,-0.12085422024411006,3
2023-07-20 08:39:06.678000+00:00,5.53,-77.6608,10.0,4.2,mb,26.0,114.0,2.22,0.4,us,us6000kw5y,2023-09-28T21:33:13.040Z,"47 km WSW of Nuquí, Colombia",earthquake,7.52,1.935,0.113,22.0,reviewed,us,us,125892541179.41711,4944,8.0,1353.0115450952924,-6185.137345797787,612.990026392239,407.7486946180682,243.34313223406232,262.80568858172967,531.7491882134037,481.80793358835456,243.34313223406232,11.100000000000001,2,-1.6749934558860806,-0.21118941611255052,1
2023-07-22 00:35:13.337000+00:00,6.9171,-73.0906,150.864,4.3,mb,119.0,128.0,1.018,0.62,us,us7000khit,2023-09-28T21:34:06.040Z,"9 km SSW of Piedecuesta, Colombia",earthquake,8.4,7.884,0.054,99.0,reviewed,us,us,177827941003.89227,4946,9.0,1796.0153196106012,-5907.897632069936,749.1104052157386,268.2590496633832,285.10883164182286,541.9258463903487,22.76099737958244,786.1666516394896,22.76099737958244,11.25,0,1.134328264856204,0.06337208664332236,3
2023-08-04 05:47:15.686000+00:00,6.9172,-73.1242,144.024,4.2,mb,46.0,126.0,1.019,0.65,us,us6000kxr4,2023-10-07T21:38:57.040Z,"11 km SW of Piedecuesta, Colombia",earthquake,8.18,9.982,0.102,27.0,reviewed,us,us,125892541179.41711,4959,8.0,1794.5212448925286,-5915.446404793218,749.9449567963978,266.7867056152923,281.5320360128585,539.324446561692,22.47310439736853,783.9799503844697,22.47310439736853,11.100000000000001,0,1.2020377904581943,-0.11307837686658068,3
2023-08-06 11:09:28.977000+00:00,6.8571,-72.9948,151.542,4.3,mb,54.0,112.0,0.962,0.87,us,us6000ky9h,2023-10-17T22:01:25.040Z,northern Colombia,earthquake,8.09,7.478,0.051,110.0,reviewed,us,us,177827941003.89227,4961,9.0,1805.9225246828044,-5904.989603437589,742.5627461038325,266.73793408062085,293.730837313875,544.7922265582849,32.392873783058334,787.173923679146,32.392873783058334,11.25,0,1.1691586705773054,0.03799176108307023,3
2023-08-11 01:27:15.364000+00:00,6.805,-73.0938,152.801,4.3,mb,49.0,107.0,0.907,0.83,us,us6000kz6d,2023-10-17T22:01:29.040Z,"7 km N of Jordán, Colombia",earthquake,8.14,6.27,0.096,32.0,reviewed,us,us,177827941003.89227,4966,8.0,1795.5488159649317,-5907.548694743264,736.7982575475326,256.7655447379761,281.7799983760144,532.9080338875814,35.09383518159723,775.9575944341882,35.09383518159723,11.25,0,1.1469163540357141,-0.1476383218549533,3
2023-08-13 12:58:42.674000+00:00,2.7209,-79.6777,10.0,4.3,mb,35.0,137.0,1.644,0.87,us,us6000kzpp,2023-10-27T21:39:00.040Z,"136 km WNW of Salahonda, Colombia",earthquake,8.71,1.948,0.126,18.0,reviewed,us,us,177827941003.89227,4968,9.0,1138.5116843209858,-6250.994415110647,301.96186335381446,660.164304102044,599.7010868132936,358.6019219747935,875.3810855920493,314.6746343881938,314.6746343881938,11.25,10,-3.096474397966619,-0.7398530544494024,4
2023-08-17 18:16:44.890000+00:00,6.6842,-73.032,162.835,4.4,mb,65.0,38.0,0.788,0.63,us,us7000kp30,2023-10-27T21:39:03.040Z,northern Colombia,earthquake,8.1,5.177,0.046,138.0,reviewed,us,us,251188643150.95825,4973,15.0,1799.4606833288433,-5897.54927408509,722.6108746186472,247.7565319481642,285.8728001097451,528.6237958292187,49.40605537710888,769.4399576347237,49.40605537710888,11.4,0,0.9259824651321266,1.054719394626961,2
2023-08-28 05:12:11.574000+00:00,6.9246,-73.1476,140.334,4.4,mb,37.0,124.0,1.027,0.69,us,us7000krf7,2023-11-04T21:35:39.040Z,"12 km WSW of Piedecuesta, Colombia",earthquake,7.15,9.871,0.105,26.0,reviewed,us,us,251188643150.95825,4983,16.0,1793.13904472772,-5919.591830076566,751.1882155090875,266.53947014803106,279.2609091461837,538.1035105352136,21.82335589315077,783.1232394558797,21.82335589315077,11.4,0,0.7885161370815952,1.3100468543421517,2
2023-09-07 08:53:43.296000+00:00,6.7367,-73.0211,162.243,4.2,mb,81.0,107.0,0.841,0.72,us,us7000ktw5,2023-11-17T19:47:50.040Z,"4 km N of Aratoca, Colombia",earthquake,8.1,6.538,0.053,98.0,reviewed,us,us,125892541179.41711,4993,15.0,1800.560177939023,-5897.133381488758,728.3298782832976,253.4892312647699,288.097191553797,533.4767918055322,43.99654465824624,774.7884128294066,43.99654465824624,11.100000000000001,0,1.1146225443170066,1.0689462478806018,2
2023-09-12 23:11:26.605000+00:00,6.8017,-73.0819,153.481,4.3,mb,35.0,46.0,0.903,0.94,us,us7000kve4,2023-11-18T22:29:33.040Z,"7 km NNE of Jordán, Colombia",earthquake,7.59,6.791,0.119,20.0,reviewed,us,us,177827941003.89227,4999,13.0,1796.591596638096,-5906.570240406043,736.3621020938543,256.991364476021,282.9824819377834,533.5947989578028,35.60147417099222,776.454793900062,35.60147417099222,11.25,0,1.0231619894083916,0.7374032415825473,2
2023-09-19 06:40:32.368000+00:00,6.8044,-72.971,154.791,4.3,mb,37.0,138.0,0.913,0.48,us,us7000kxen,2024-01-18T20:54:48.607Z,"5 km N of Cepit?, Colombia",earthquake,8.4,8.835,0.071,56.0,reviewed,us,us,177827941003.89227,5005,13.0,1807.6297021603627,-5901.804821164847,736.4978237741066,262.72150389451167,295.0111833470852,542.6605636262765,38.812723602419474,784.1274692325195,38.812723602419474,11.25,0,1.0796627825535323,0.7301667882732416,2
2023-09-22 22:48:15.157000+00:00,6.867,-73.0508,146.27,4.3,mb,25.0,131.0,0.969,0.46,us,us6000lb5j,2023-12-02T23:01:05.040Z,northern Colombia,earthquake,7.69,7.474,0.168,10.0,reviewed,us,us,177827941003.89227,5009,15.0,1801.6386751310915,-5911.63586918439,744.2600401367883,265.02330471723315,287.97702242164115,541.121116572175,29.15518701102993,784.3209906034308,29.15518701102993,11.25,0,0.9633415240831985,1.1084370084704256,2
2023-10-01 22:42:18.776000+00:00,7.421,-77.0416,37.484,4.5,mb,37.0,97.0,1.575,0.72,us,us6000lc5g,2023-12-14T21:26:51.040Z,"8 km ESE of Riosucio, Colombia",earthquake,6.18,8.835,0.102,28.0,reviewed,us,us,354813389233.57605,5018,12.0,1408.353921033388,-6120.5219990367295,818.0309374793361,445.6386626480327,207.6507224812998,444.9658065561297,433.5564794671242,690.7415345905445,207.6507224812998,11.55,1,-1.2824747312438791,1.0415671769736854,1
2023-10-13 03:49:50.275000+00:00,6.8699,-73.1439,143.627,4.2,mb,33.0,125.0,0.973,0.99,us,us6000lgjt,2023-12-16T22:13:10.040Z,"14 km ENE of Zapatoca, Colombia",earthquake,8.74,10.22,0.141,15.0,reviewed,us,us,125892541179.41711,5029,11.0,1792.7804348312318,-5917.0307752222525,744.8889841366179,261.0957882551745,278.0850825517704,534.0555859371586,27.83054508838276,778.4521750347378,27.83054508838276,11.100000000000001,0,1.1033238509193242,0.4059550768898044,2
2023-10-19 05:39:29.493000+00:00,6.7914,-73.0949,157.651,4.2,mb,22.0,74.0,0.893,0.78,us,us7000l5zr,2023-12-26T21:24:57.040Z,"6 km N of Jordán, Colombia",earthquake,7.07,7.049,0.167,10.0,reviewed,us,us,125892541179.41711,5035,6.0,1794.0857811796868,-5903.142472066149,734.759117029949,255.34402624688067,281.3342457431585,531.7670315178767,36.58970644936097,774.6762121741432,36.58970644936097,11.100000000000001,0,1.3073894337865575,-0.5059699588471925,3
2023-10-29 21:34:37.065000+00:00,6.8086,-73.0954,156.55,4.3,mb,22.0,126.0,0.91,0.71,us,us7000l8e3,2024-01-10T06:01:12.040Z,"8 km N of Jordán, Colombia",earthquake,8.03,8.92,0.138,15.0,reviewed,us,us,177827941003.89227,5046,5.0,1794.2879377902443,-5903.992817871961,736.7417494052613,257.0540001206277,281.6955606375144,533.0608570282192,34.67941805465554,776.1715261016724,34.67941805465554,11.25,0,1.2433237753887016,-0.6778239440695722,3
2023-10-30 11:44:01.671000+00:00,6.7196,-72.9917,160.352,4.4,mb,65.0,82.0,0.827,0.55,us,us7000l7iu,2024-01-18T21:10:25.633Z,"4 km NE of Aratoca, Colombia",earthquake,8.03,7.522,0.069,60.0,reviewed,us,us,251188643150.95825,5046,6.0,1804.198758039676,-5898.212161051177,726.710894799373,253.32048833782656,290.9401297249832,534.5640824993245,46.7378539497845,775.2815127536716,46.7378539497845,11.4,0,1.1761726069487601,-0.5342393758015017,3
2023-11-04 11:00:36.531000+00:00,6.7014,-73.0657,159.015,4.6,mb,100.0,38.0,0.804,0.68,us,us7000l8uy,2024-01-10T06:01:55.040Z,"4 km SE of Jordán, Colombia",earthquake,9.22,7.08,0.029,354.0,reviewed,us,us,501187233627.2715,5051,7.0,1797.0333779982968,-5902.028263395392,724.9076194019557,247.75308229090132,282.5381794176191,527.1983443558236,46.89241311880026,768.6710644782827,46.89241311880026,11.7,0,0.9303172430867911,-0.3562922820661099,0
2023-11-08 15:56:18.308000+00:00,7.0146,-73.3307,129.259,4.3,mb,24.0,59.0,1.142,0.87,us,us7000lara,2024-01-13T23:11:50.040Z,"13 km NNW of Betulia, Colombia",earthquake,8.15,5.516,0.177,9.0,reviewed,us,us,177827941003.89227,5056,9.0,1777.0250907584634,-5934.684413007753,762.2555056532457,268.9546692345985,262.9160863227752,531.5845113707866,25.73657601405742,779.6614854473404,25.73657601405742,11.25,0,0.9444960954356693,0.10750657655570323,3
2023-11-10 07:48:04.471000+00:00,4.3431,-73.4809,10.0,4.5,mb,50.0,81.0,1.589,0.63,us,us7000la0s,2024-01-13T23:11:01.040Z,"8 km N of Cumaral, Colombia",earthquake,7.64,1.887,0.084,42.0,reviewed,us,us,354813389233.57605,5057,10.0,1803.4610314430831,-6080.937737450026,481.711055844065,77.25360295023317,314.2604913898824,352.69616301643583,311.23236600078326,546.9811568293837,77.25360295023317,11.55,9,-0.37546526731522906,-0.5559743182140577,1
2023-11-18 23:32:53.076000+00:00,2.5126,-79.7082,10.0,4.5,mwr,48.0,131.0,1.486,1.07,us,us6000lpdj,2024-01-26T16:37:52.040Z,"127 km WNW of Salahonda, Colombia",earthquake,7.57,1.89,0.063,24.0,reviewed,us,us,354813389233.57605,5066,9.0,1135.372590094249,-6252.638397958343,278.8604418694358,671.4967035279551,617.6231613970247,367.8255173378623,891.3698782396946,305.97269832374934,305.97269832374934,11.55,6,-3.3181236302557005,-0.8009575745229192,4
2023-11-24 03:43:52.190000+00:00,6.8801,-73.1356,148.794,4.4,mb,35.0,121.0,0.983,1.01,us,us6000lqdx,2024-02-01T15:13:43.040Z,"15 km SW of Piedecuesta, Colombia",earthquake,7.83,8.228,0.112,23.0,reviewed,us,us,251188643150.95825,5071,9.0,1792.1108799549622,-5911.734827415711,745.3706666506213,262.4995730030817,279.2551919819124,535.5060498685459,26.635903546590093,779.9086849971386,26.635903546590093,11.4,0,1.0091181859446912,0.055498712001112796,3
2023-11-26 00:47:46.677000+00:00,6.8472,-73.1152,150.456,4.0,mb,26.0,127.0,0.949,1.04,us,us7000lev6,2024-02-06T21:53:55.040Z,"12 km N of Jordán, Colombia",earthquake,6.47,6.897,0.143,13.0,reviewed,us,us,63095734448.019424,5073,10.0,1793.860357179109,-5909.925943768222,741.6252517629947,260.05390290571887,280.54792183369614,534.5120122255538,30.267460921443,778.3031417779126,30.267460921443,10.8,0,1.3466404174804107,0.21987810663890342,2
2023-12-15 20:24:22.404000+00:00,7.2102,-76.2392,46.554,4.4,mwr,154.0,66.0,1.234,0.94,us,us7000ljdl,2024-02-17T22:43:11.040Z,"22 km E of Mutatá, Colombia",earthquake,7.42,5.851,0.093,11.0,reviewed,us,us,251188643150.95825,5093,7.0,1492.4933794903277,-6094.341112047562,793.7802775960264,366.9586339995463,129.68246923634342,419.1921094205176,343.9809186347796,676.7187436373047,129.68246923634342,11.4,1,-0.7209580722698693,0.02612809092250392,1
2023-12-17 03:16:46.063000+00:00,6.8023,-73.0045,154.824,4.5,mb,60.0,71.0,0.907,1.03,us,us7000ljm4,2024-02-27T22:56:59.040Z,"6 km NNW of Cepitá, Colombia",earthquake,7.66,6.809,0.041,177.0,reviewed,us,us,354813389233.57605,5094,8.0,1804.1770060326564,-5902.855181365804,736.2676834561773,260.8157308811956,291.3455571700772,539.810358553871,37.58569563014164,781.6840339359995,37.58569563014164,11.55,0,1.0193761154421812,-0.1539276762722542,0
2024-01-15 11:23:19.711000+00:00,6.8935,-73.1499,151.315,4.3,mb,24.0,124.0,0.997,0.82,us,us6000m3qt,2024-03-29T17:37:51.040Z,"14 km E of Betulia, Colombia",earthquake,4.04,6.697,0.218,6.0,reviewed,us,us,177827941003.89227,5123,3.0,1789.859304821944,-5909.619599332916,746.5127991853752,263.2517779761428,278.1068367929209,535.4561644708107,25.286633565089243,780.1783390833447,25.286633565089243,11.25,0,1.2632644477308326,-1.003490425789413,3
2024-01-21 17:19:48.289000+00:00,6.7852,-73.0286,154.112,5.0,mww,95.0,29.0,0.889,0.8,us,us6000m59q,2024-12-01T19:39:49.237Z,"6 km WNW of Cepitá, Colombia",earthquake,7.3,5.527,0.083,14.0,reviewed,us,us,1995262314968.8828,5130,5.0,1801.9643956429115,-5904.499670688149,734.5096052624559,257.9183895891022,288.3468750823707,536.5712656478439,38.57484234967946,778.555729309655,38.57484234967946,12.3,0,0.6394585387348253,-0.6874384708246533,0
2024-01-22 19:05:50.061000+00:00,6.8566,-73.0861,152.431,4.7,mb,57.0,82.0,0.958,0.59,us,us7000lt0d,2024-03-30T22:32:27.040Z,"13 km N of Jordán, Colombia",earthquake,7.1,4.035,0.089,39.0,reviewed,us,us,707945784384.1403,5131,6.0,1796.255814318552,-5907.021554847408,742.4027261910577,262.33063076073154,283.91677064188514,537.5310799116875,29.488890427241444,781.0596894995714,29.488890427241444,11.850000000000001,0,0.8579033734993586,-0.4855513556170254,0
2024-01-28 06:10:38.878000+00:00,5.7787,-77.752,17.402,4.4,mb,42.0,86.0,2.249,0.48,us,us7000lwas,2024-03-30T22:35:24.040Z,"53 km W of Nuquí, Colombia",earthquake,4.25,4.815,0.102,28.0,reviewed,us,us,251188643150.95825,5136,7.0,1341.0252804583984,-6177.427910544659,639.7211523775917,424.4101291182753,245.5708167339664,291.95710938567834,532.7632364732195,510.2980029849748,245.5708167339664,11.4,2,-1.7796359907028676,-0.30159478231454623,1
2024-01-28 08:17:55.788000+00:00,6.2056,-77.5807,21.804,4.5,mb,135.0,53.0,2.04,0.55,us,us7000luhv,2024-03-30T22:34:42.040Z,"19 km W of Bahía Solano, Colombia",earthquake,7.19,4.901,0.045,147.0,reviewed,us,us,354813389233.57605,5136,8.0,1357.4842353597282,-6164.290957791371,686.3260047946349,422.4232744357676,221.06489355749548,327.530509092408,502.7256941720391,556.0790483115422,221.06489355749548,11.55,2,-1.719912366461772,-0.00421856429612848,1
2024-02-04 13:04:08.095000+00:00,6.877,-73.0575,151.984,4.1,mb,27.0,95.0,0.978,0.69,us,us7000lwxf,2024-04-13T19:37:36.040Z,"12 km S of Piedecuesta, Colombia",earthquake,5.81,4.934,0.165,10.0,reviewed,us,us,89125093813.3744,5143,9.0,1799.256344785621,-5906.295483046266,744.6544708466938,265.7152249495207,287.52600457321194,541.3722381783199,27.88692936596044,784.766865322202,27.88692936596044,10.95,0,1.3233847393110822,0.04799350420777588,3
2024-02-15 18:27:12.430000+00:00,7.0504,-77.0477,38.654,4.7,mb,52.0,91.0,1.734,0.62,us,us7000lzgv,2024-04-24T14:42:03.040Z,"26 km WNW of Murindó, Colombia",earthquake,6.71,8.08,0.08,47.0,reviewed,us,us,707945784384.1403,5155,9.0,1408.5985389312025,-6124.568778927183,777.2472528270915,419.4977099251764,185.1228547197393,404.2205763500757,433.1741262575938,649.5380933872855,185.1228547197393,11.850000000000001,1,-1.4513365190218401,0.3959022766003908,1
2024-02-18 17:42:23.689000+00:00,8.3606,-77.0365,50.379,4.4,mb,45.0,110.0,0.825,0.64,us,us7000m01m,2024-04-24T14:42:05.040Z,"28 km WSW of Necoclí, Colombia",earthquake,6.7,8.493,0.098,30.0,reviewed,us,us,251188643150.95825,5158,8.0,1402.838021432674,-6094.0683609830685,919.035430725604,521.4357023149975,284.8539694229039,548.6987688930616,452.7708774184616,795.1715722904055,284.8539694229039,11.4,1,-0.8292335414841479,0.6238504147742667,1
2024-02-20 01:38:03.569000+00:00,6.6953,-73.0637,165.776,4.6,mb,80.0,27.0,0.798,0.65,us,us7000m0a2,2024-05-02T15:50:11.040Z,"4 km W of Aratoca, Colombia",earthquake,8.05,5.462,0.031,302.0,reviewed,us,us,501187233627.2715,5159,9.0,1795.305764969345,-5895.615666819574,723.4625142987198,247.24739560547505,282.6360536281263,526.8965560978303,47.59436907551925,768.2689819870923,47.59436907551925,11.7,0,0.9089002736889681,-0.002300401282268567,0
2024-02-20 23:23:46.651000+00:00,6.7875,-73.0181,156.388,4.6,mb,87.0,38.0,0.892,0.58,us,us7000m0g8,2024-05-02T15:50:12.040Z,"6 km NW of Cepitá, Colombia",earthquake,7.73,6.267,0.066,69.0,reviewed,us,us,501187233627.2715,5160,9.0,1802.3777169427265,-5901.979636582879,734.4884242609672,258.66855447406755,289.5340611336412,537.5884025552247,38.65875407024373,779.464217378842,38.65875407024373,11.7,0,0.903097657324954,0.020649809812444884,0
2024-02-22 04:05:32.387000+00:00,6.6747,-73.0893,162.0,4.6,mb,136.0,79.0,0.777,0.77,us,us7000m0pr,2024-05-27T05:19:35.291Z,"6 km S of Jordán, Colombia",earthquake,8.48,6.971,0.037,222.0,reviewed,us,us,501187233627.2715,5161,9.0,1793.8378668001385,-5900.253948470549,721.6855625489696,243.93066788747248,279.45707206077293,523.2668501507538,49.57456271359763,764.7284910306353,49.57456271359763,11.7,0,0.875939058249285,-0.007377065690899239,0
2024-02-23 14:45:22.097000+00:00,6.7778,-73.0481,156.009,4.5,mb,27.0,104.0,0.88,0.7,us,us6000mfn5,2024-05-02T15:50:11.040Z,"7 km NE of Jordán, Colombia",earthquake,7.15,6.455,0.171,10.0,reviewed,us,us,354813389233.57605,5162,12.0,1799.4331628055625,-5903.40140821671,733.4884021861136,256.2220944773118,286.070596235352,534.4441278417866,38.85557801224401,776.5940424171579,38.85557801224401,11.55,0,0.8953221074018584,0.551529285564427,2
2024-02-24 23:49:53.421000+00:00,6.7838,-73.0243,157.159,4.4,mb,31.0,57.0,0.887,0.95,us,us6000mfut,2024-05-02T15:50:11.040Z,"6 km WNW of Cepitá, Colombia",earthquake,7.47,5.301,0.143,14.0,reviewed,us,us,251188643150.95825,5164,13.0,1801.529365395958,-5901.487746430716,733.9988403431943,257.9926461785968,288.77949250654154,536.8085184587732,38.854783383629176,778.7210521749453,38.854783383629176,11.4,0,0.9744839273338005,0.7287294910956847,2
2024-03-06 21:12:44.200000+00:00,6.8523,-73.1205,146.029,4.4,mb,44.0,127.0,0.954,0.74,us,us7000m3sa,2024-05-15T17:35:04.040Z,"13 km NNW of Jordán, Colombia",earthquake,7.18,7.577,0.112,23.0,reviewed,us,us,251188643150.95825,5175,15.0,1794.570733360437,-5914.234676455096,742.7031881063028,260.3341583821908,280.1144192675059,534.4966349545115,29.690038321658637,778.4101964577868,29.690038321658637,11.4,0,0.8397625375680214,1.1095528356157023,2
2024-03-15 06:19:02.541000+00:00,6.829,-73.0474,152.662,4.0,mb,22.0,74.0,0.931,1.1,us,us6000mk1f,2024-05-18T21:24:08.040Z,"11 km NW of Cepitá, Colombia",earthquake,8.96,8.764,0.149,12.0,reviewed,us,us,63095734448.019424,5183,15.0,1800.2824471160852,-5905.928943721069,739.4010444727921,261.37192386719346,287.3665864438142,538.4429329526912,33.332628557131905,781.1730647680762,33.332628557131905,10.8,0,1.252288860324392,1.096455555221662,2
2024-03-16 18:58:09.414000+00:00,6.7884,-73.0908,159.68,4.3,mb,28.0,130.0,0.89,0.99,us,us6000mk83,2024-05-18T21:24:17.040Z,"6 km N of Jordán, Colombia",earthquake,7.36,7.668,0.137,15.0,reviewed,us,us,177827941003.89227,5185,15.0,1793.9333746935104,-5901.123204807193,734.1962348356451,255.2345747514926,281.7054623751652,531.860023522729,36.962488368702566,774.6823584079077,36.962488368702566,11.25,0,0.9928524276870293,1.0898752213297545,2
2024-03-28 21:36:07.005000+00:00,6.8313,-73.0523,156.698,4.3,mb,34.0,74.0,0.933,0.75,us,us7000m9p7,2024-06-01T21:55:51.040Z,"11 km NNE of Jordán, Colombia",earthquake,8.88,10.1,0.119,20.0,reviewed,us,us,177827941003.89227,5197,7.0,1798.600568916159,-5902.221174126172,739.1688253674713,261.36785616762234,286.8967955544788,538.2322298445368,32.95331687477846,781.050747976944,32.95331687477846,11.25,0,1.2150247166600265,-0.31937018939240974,3
2024-03-29 04:38:41.170000+00:00,5.4232,-77.1372,41.556,4.4,mb,27.0,136.0,1.772,0.47,us,us7000m8pn,2024-06-01T21:55:48.040Z,"20 km WSW of Pie de Pató, Colombia",earthquake,5.24,8.141,0.112,23.0,reviewed,us,us,251188643150.95825,5197,7.0,1402.73586639182,-6142.991493528458,598.2047715548589,348.6034379130758,194.83307369061717,229.2677738197047,482.121730103337,468.3585301484468,194.83307369061717,11.4,2,-1.4683080102383521,-0.45697210846475717,1
2024-03-29 13:58:15.567000+00:00,6.8548,-73.061,151.045,4.0,mb,52.0,113.0,0.956,1.07,us,us7000m9ww,2024-06-01T21:55:51.040Z,"14 km NNE of Jordán, Colombia",earthquake,8.03,7.568,0.1,27.0,reviewed,us,us,63095734448.019424,5197,7.0,1799.251099647138,-5907.572788531366,742.3741850625568,263.31608046425384,286.5623675973585,539.3674535438306,30.189125766125407,782.5600317298348,30.189125766125407,10.8,0,1.4541784941198697,-0.3138459813452158,3
2024-04-03 02:32:33.405000+00:00,6.8504,-73.1701,157.268,4.5,mb,20.0,72.0,0.955,0.41,us,us7000mbfp,2024-06-12T21:51:58.040Z,"11 km ENE of Zapatoca, Colombia",earthquake,6.75,8.55,0.204,7.0,reviewed,us,us,354813389233.57605,5202,10.0,1786.2265251964752,-5905.12874271178,741.1576758745118,257.9694961334468,274.7489829279698,530.479227721028,30.354532775050703,774.9933392503495,30.354532775050703,11.55,0,0.9128360381005746,0.22832453520525772,2
2024-04-05 12:07:46.145000+00:00,6.6676,-72.9997,166.421,4.5,mb,44.0,66.0,0.774,0.68,us,us7000ma4w,2024-06-12T21:51:54.040Z,"3 km SE of Aratoca, Colombia",earthquake,8.96,5.882,0.048,127.0,reviewed,us,us,354813389233.57605,5204,10.0,1801.8048538137384,-5893.32775988455,720.4080445056128,247.81527513653185,289.0878600416318,530.0091522922386,52.02970514943634,770.1877607038642,52.02970514943634,11.55,0,0.9974088813096578,0.16153797807584017,2
2024-04-07 12:28:49.237000+00:00,6.8911,-73.0577,150.844,4.0,mb,22.0,73.0,0.992,0.97,us,us7000mcg1,2024-06-12T21:52:00.040Z,"10 km S of Piedecuesta, Colombia",earthquake,8.48,7.735,0.15,12.0,reviewed,us,us,63095734448.019424,5206,10.0,1799.5120777659872,-5907.208929677104,746.3106641697052,267.1272454989262,287.88842679994906,542.4573674665495,26.36923651170547,786.0093300882646,26.36923651170547,10.8,0,1.3826489319660864,0.2290485289439341,2
2024-04-17 20:50:01.215000+00:00,6.6333,-73.0152,161.851,4.4,mb,106.0,99.0,0.739,0.75,us,us7000mcrm,2024-06-25T21:02:56.040Z,"6 km ENE of Curití, Colombia",earthquake,5.57,5.759,0.06,81.0,reviewed,us,us,251188643150.95825,5217,9.0,1801.6621913075105,-5898.5677918685815,717.2465805736763,243.6477469775539,286.80775674556713,526.1799124118669,55.32844655723688,766.1331534343615,55.32844655723688,11.4,0,1.0773540937802373,-0.026420076664707207,3
2024-04-30 15:44:52.095000+00:00,4.9949,-76.0626,126.48,4.6,mb,27.0,64.0,1.301,0.6,us,us6000mv7u,2024-07-15T03:58:44.040Z,"6 km W of La Celia, Colombia",earthquake,9.73,7.747,0.125,21.0,reviewed,us,us,501187233627.2715,5230,7.0,1498.3535025728063,-6037.662276099525,543.6920557562933,222.78762961903615,148.7796807519818,179.32755880985871,401.8249831224607,441.6843274406162,148.7796807519818,11.7,3,-0.8476615855452537,-0.6545659751716375,1
2024-05-02 07:34:52.820000+00:00,11.436,-72.8008,10.0,4.4,mb,27.0,63.0,0.835,0.64,us,us6000mvna,2024-07-15T03:58:27.040Z,"16 km SE of Riohacha, Colombia",earthquake,2.88,1.878,0.117,21.0,reviewed,us,us,251188643150.95825,5231,7.0,1843.5718787820003,-5955.912859258669,1261.215977016395,760.7555097192861,653.0964086210356,978.3602528119352,481.29261556280255,1239.5727815473251,481.29261556280255,11.4,17,1.5475019909280903,1.0758942240086413,0
2024-05-06 15:01:53.386000+00:00,8.0283,-75.3563,54.489,4.5,mwr,111.0,43.0,1.833,0.6,us,us6000mwpt,2024-07-20T22:20:01.040Z,"8 km NE of Montelíbano, Colombia",earthquake,6.48,2.24,0.089,12.0,reviewed,us,us,354813389233.57605,5236,6.0,1581.2100032363471,-6051.433579692623,882.1778558515467,395.2174554231507,199.92860207075265,525.2577717420486,266.1362290984364,787.1824697761742,199.92860207075265,11.55,1,-0.19861793151925933,0.03437752939409589,1
2024-05-12 01:01:01.671000+00:00,11.8046,-73.5013,10.0,4.6,mb,47.0,57.0,0.953,0.95,us,us6000mxzf,2024-07-20T22:20:07.040Z,"62 km NNW of Dibulla, Colombia",earthquake,4.13,1.386,0.045,148.0,reviewed,us,us,501187233627.2715,5241,7.0,1768.277851873582,-5970.10340064579,1301.2992830901442,791.2659336148891,659.0963625833416,986.9388658371544,522.6329067729455,1249.3023412734913,522.6329067729455,11.7,17,1.140891824919777,1.245103334619253,0
2024-05-18 01:43:12.811000+00:00,6.7942,-73.0861,156.26,4.1,mb,31.0,40.0,0.896,0.82,us,us6000mzca,2024-07-26T23:58:11.040Z,"6 km N of Jordán, Colombia",earthquake,7.52,7.367,0.174,9.0,reviewed,us,us,89125093813.3744,5247,8.0,1795.3838165461264,-5904.153973517155,735.2251871949542,256.0392400115188,282.35001022047214,532.6814582106779,36.37449578340415,775.5097497702699,36.37449578340415,10.95,0,1.3410389244278522,-0.15172871419875147,3
2024-05-18 07:42:59.295000+00:00,6.8165,-73.0627,152.088,4.2,mb,23.0,72.0,0.918,0.54,us,us6000n0q5,2024-07-26T23:58:11.040Z,"9 km NNE of Jordán, Colombia",earthquake,5.36,10.407,0.146,13.0,reviewed,us,us,125892541179.41711,5247,9.0,1798.918281036887,-5907.108867755885,738.1221486820999,259.3876475529072,285.41079053704243,536.2624556203573,34.314914797272365,779.0455214505276,34.314914797272365,11.100000000000001,0,1.2217327658853916,0.03035073661533456,3
2024-05-21 09:58:18.662000+00:00,6.8392,-76.5066,48.925,4.3,mb,32.0,155.0,1.165,0.78,us,us6000n00i,2024-08-06T02:09:50.040Z,"31 km SW of Dabeiba, Colombia",earthquake,4.77,10.1,0.099,29.0,reviewed,us,us,177827941003.89227,5250,10.0,1464.65417997591,-6103.821097916393,752.8535337864969,358.5120245646869,121.7707358125218,376.6944334552322,374.77963500685297,631.4049127572596,121.7707358125218,11.25,2,-0.8873578334996097,0.4642827763517858,1
2024-05-27 05:12:32.717000+00:00,6.6912,-73.0834,159.324,4.6,mb,133.0,78.0,0.793,0.59,us,us6000n17w,2024-08-06T20:32:45.040Z,"4 km SSE of Jordán, Colombia",earthquake,7.84,6.653,0.027,421.0,reviewed,us,us,501187233627.2715,5256,15.0,1795.1582407981612,-5902.41288451296,723.7732795605687,245.86336913284796,280.41424061704976,524.9963715892915,47.79982232388645,766.5798057508869,47.79982232388645,11.7,0,0.711254340146889,1.0608860914837888,2
2024-05-30 14:37:43.435000+00:00,6.8079,-72.9871,155.391,4.4,mb,20.0,137.0,0.914,0.56,us,us7000mqnd,2024-08-06T20:32:51.040Z,"6 km NNW of Cepitá, Colombia",earthquake,10.29,8.545,0.19,8.0,reviewed,us,us,251188643150.95825,5259,16.0,1805.783754107667,-5901.699798237103,736.8037498343516,262.24622488423114,293.35481047063263,541.633698546892,37.7222951071194,783.349025375515,37.7222951071194,11.4,0,0.9085782866512179,1.2650650142165294,2
2024-06-03 22:48:15.286000+00:00,6.8081,-73.1092,159.344,4.2,mb,22.0,128.0,0.91,0.77,us,us7000mrix,2024-08-16T21:59:23.040Z,"8 km N of Jordán, Colombia",earthquake,7.76,8.506,0.158,11.0,reviewed,us,us,125892541179.41711,5264,16.0,1792.0616764272793,-5901.776346050776,736.3566876264509,256.3654799577186,280.19723589357693,531.9321385841957,34.63592751554131,775.2130783593568,34.63592751554131,11.100000000000001,0,1.0487325748636018,1.2741377152197095,2
2024-06-25 19:03:26.123000+00:00,6.848,-77.0329,41.197,4.6,mwr,96.0,39.0,1.631,0.72,us,us6000n84y,2024-09-04T21:57:40.040Z,"27 km WSW of Murindó, Colombia",earthquake,6.16,6.039,0.078,16.0,reviewed,us,us,501187233627.2715,5286,7.0,1410.2212679964364,-6124.38167729716,754.7390707299794,404.6510582854957,173.85554983050025,381.713536203835,432.6200348520777,627.1207753402558,173.85554983050025,11.7,1,-1.3317279622891882,-0.022909629562409585,1
2024-06-26 23:41:18.165000+00:00,4.6492,-72.7316,9.723,4.4,mb,38.0,77.0,1.284,0.66,us,us6000na3m,2024-09-04T21:57:42.040Z,"24 km WSW of Ubalá, Colombia",earthquake,7.28,4.736,0.108,25.0,reviewed,us,us,251188643150.95825,5287,7.0,1882.1206881308472,-6054.552899617756,515.6122300421862,148.71863058878066,361.8627882876679,442.0564052591861,278.0478311460656,633.3320038080798,148.71863058878066,11.4,8,0.18923686556534852,-1.0509665716907353,3
2024-06-29 09:16:47.923000+00:00,6.7902,-73.0799,151.808,4.3,mb,41.0,97.0,0.892,0.93,us,us6000n957,2024-09-04T21:57:44.040Z,"6 km NNE of Jordán, Colombia",earthquake,9.38,9.365,0.052,105.0,reviewed,us,us,177827941003.89227,5289,8.0,1797.324243182998,-5908.238155931339,735.3207399004228,255.930512495559,282.92404815054084,532.8644669009929,36.897919414007454,775.5674488198495,36.897919414007454,11.25,0,1.1457345925432012,-0.15338138355253939,3
2024-06-30 03:46:55.021000+00:00,6.6903,-73.0526,160.601,4.8,mb,84.0,31.0,0.793,0.55,us,us6000n9a9,2024-09-04T21:57:44.040Z,"3 km W of Aratoca, Colombia",earthquake,4.14,5.638,0.023,607.0,reviewed,us,us,1000000000000.0,5290,8.0,1797.9645018290198,-5900.244673319308,723.5275974908382,247.30931249972303,283.7467198025203,527.4147458696654,48.32618565095096,768.5793001182622,48.32618565095096,12.0,0,0.7385664376263491,-0.18214455839863153,0
2024-07-08 08:36:25.807000+00:00,6.8439,-73.0492,151.923,4.1,mb,21.0,97.0,0.946,0.95,us,us7000mzkf,2024-09-20T16:00:56.040Z,"12 km NW of Cepitá, Colombia",earthquake,5.16,5.759,0.175,9.0,reviewed,us,us,89125093813.3744,5298,5.0,1800.2547051056472,-5906.503225609477,741.0947136087352,262.779290298211,287.5484708718411,539.4537163954298,31.67935136860274,782.3751096604261,31.67935136860274,10.95,0,1.4258551728648339,-0.6722011298094563,3
2024-07-10 09:53:36.292000+00:00,3.7915,-78.5829,10.0,4.7,mb,99.0,121.0,2.496,0.62,us,us7000my8v,2024-09-20T16:00:53.040Z,"142 km N of Mosquera, Colombia",earthquake,9.01,1.883,0.057,94.0,reviewed,us,us,707945784384.1403,5300,6.0,1256.4033452347774,-6221.482526901922,420.6266771579491,510.5346880376501,430.0182056441799,230.71074825914076,708.5990285148157,321.05758412031633,230.71074825914076,11.850000000000001,13,-2.7533033487195717,-1.0288267586478892,4
2024-07-17 05:35:17.058000+00:00,6.7526,-73.012,154.52,4.0,mb,34.0,60.0,0.857,0.78,us,us6000ngp7,2024-09-28T22:41:06.040Z,"4 km W of Cepitá, Colombia",earthquake,7.51,7.36,0.122,18.0,reviewed,us,us,63095734448.019424,5307,7.0,1803.6784322203057,-5903.988586933736,730.9490193573602,255.52128650080687,289.4199818036533,535.4182552477721,42.56669466395118,776.8016119244945,42.56669466395118,10.8,0,1.4730160137138517,-0.3480834976659196,3
2024-07-18 01:09:17.169000+00:00,6.6727,-72.9858,160.309,4.5,mb,51.0,93.0,0.781,0.61,us,us7000mzxt,2024-09-28T22:42:14.040Z,"4 km ESE of Aratoca, Colombia",earthquake,11.74,10.112,0.084,41.0,reviewed,us,us,354813389233.57605,5308,8.0,1804.992065819777,-5898.634027436132,721.666786114792,249.05155017993616,290.69423481192405,531.5270545686441,51.908251092137306,771.5837981893694,51.908251092137306,11.55,0,1.028833780806428,-0.19383879860984501,0
2024-07-26 18:54:53.752000+00:00,6.7791,-73.0808,162.67,4.3,mb,59.0,55.0,0.881,0.69,us,us6000ng7y,2024-10-08T21:49:12.005Z,"5 km NNE of Jordán, Colombia",earthquake,7.24,4.942,0.087,40.0,reviewed,us,us,177827941003.89227,5317,8.0,1794.1338710420814,-5898.083368257819,732.842154055057,254.77369721103312,282.56758839539253,531.9363612900651,38.11017664494872,774.5233115440483,38.11017664494872,11.25,0,1.193805490134959,-0.1547013182098668,3
2024-08-03 10:31:47.425000+00:00,6.8,-73.1113,150.293,4.1,mb,33.0,118.0,0.902,0.45,us,us6000nhvf,2024-10-11T19:39:09.040Z,"7 km NNW of Jordán, Colombia",earthquake,10.55,8.924,0.099,28.0,reviewed,us,us,89125093813.3744,5324,8.0,1794.4865291411115,-5910.5412911460535,736.5563944720286,255.45008987306232,279.772972607224,531.1366155280728,35.526829796491775,774.3531521211299,35.526829796491775,10.95,0,1.3030257351866625,-0.14916291692664227,3
2024-08-14 04:14:47.736000+00:00,6.7459,-73.0255,162.088,4.3,mb,43.0,69.0,0.85,0.74,us,us6000njzx,2024-10-26T15:47:46.040Z,"5 km W of Cepitá, Colombia",earthquake,6.82,6.065,0.062,74.0,reviewed,us,us,177827941003.89227,5335,7.0,1800.1180778984317,-5897.306928956655,729.3381349189725,254.1761061747392,287.8139184439252,533.820996820263,42.88402436015565,775.3005189947653,42.88402436015565,11.25,0,1.2359875678520311,-0.3464297005779572,3
2024-08-20 06:52:35.662000+00:00,4.8749,-72.6496,10.0,4.5,mb,39.0,77.0,1.099,1.21,us,us7000nday,2024-11-02T21:29:15.040Z,"18 km NW of Ubalá, Colombia",earthquake,7.45,1.93,0.104,27.0,reviewed,us,us,354813389233.57605,5341,6.0,1890.0811721537857,-6049.603989896692,540.5605683878499,158.67170363631269,358.3887318066504,458.71857538290055,254.99017610347065,655.8430603640652,158.67170363631269,11.55,8,0.206243347810457,-1.1637995461491144,0
2024-08-28 03:03:59.692000+00:00,6.6946,-73.0791,164.104,4.5,mb,75.0,38.0,0.797,0.63,us,us6000nn5s,2024-11-09T21:18:32.040Z,"4 km SSE of Jordán, Colombia",earthquake,7.92,5.848,0.03,325.0,reviewed,us,us,354813389233.57605,5349,7.0,1794.2069643312943,-5897.695161231406,723.5821371128097,246.41360148849145,280.9480439805284,525.6013849479987,47.46910633443717,767.1690152791406,47.46910633443717,11.55,0,1.03502654311542,-0.35682913643895525,0
2024-08-31 03:10:05.578000+00:00,6.6974,-73.0714,160.692,4.4,mb,72.0,59.0,0.8,0.79,us,us6000nnti,2024-11-09T21:18:52.040Z,"4 km SE of Jordán, Colombia",earthquake,9.04,7.165,0.035,229.0,reviewed,us,us,251188643150.95825,5352,7.0,1795.9759685563158,-5900.662025847512,724.2813210026361,247.07277926144027,281.839939834077,526.4348241976388,47.25368539679042,767.9345016776043,47.25368539679042,11.4,0,1.1114173906573115,-0.35762017269954016,3
2024-09-12 00:17:02.145000+00:00,6.6603,-73.007,165.506,4.2,mb,14.0,86.0,0.767,0.28,us,us6000nymq,2024-11-21T22:58:53.040Z,"3 km SSE of Aratoca, Colombia",earthquake,10.47,7.356,0.199,7.0,reviewed,us,us,125892541179.41711,5364,6.0,1801.3463949172317,-5894.514155598675,719.7289899688213,246.71651414594376,288.1626862314319,528.8665775150243,52.612332696053,769.0512052080181,52.612332696053,11.100000000000001,0,1.3587166949486256,-0.5510442696382071,3
2024-09-20 03:22:06.345000+00:00,6.7359,-73.0129,161.791,4.1,mb,51.0,129.0,0.841,1.01,us,us6000nu30,2024-11-23T23:27:00.040Z,"4 km N of Aratoca, Colombia",earthquake,9.82,7.336,0.083,40.0,reviewed,us,us,89125093813.3744,5372,6.0,1801.5382535672625,-5897.31465108962,728.296802587064,253.8277784116888,288.9700536782777,534.0783166403687,44.32148910824589,775.2728002927212,44.32148910824589,10.95,0,1.441313148300586,-0.5286899311538972,3
2024-09-21 21:31:52.345000+00:00,6.7061,-73.0217,157.575,4.7,mb,57.0,136.0,0.811,0.53,us,us7000ng6u,2024-11-23T23:27:35.040Z,"1 km NNW of Aratoca, Colombia",earthquake,12.12,10.112,0.083,44.0,reviewed,us,us,707945784384.1403,5374,7.0,1801.9655264806,-5901.957423450081,725.5818656657395,250.44133440455957,287.4131475416341,531.1116260424552,47.27908709484311,772.0600566757229,47.27908709484311,11.850000000000001,0,0.8559771142233566,-0.3579975781303773,0
2024-09-22 00:58:34.333000+00:00,5.3148,-73.6778,163.486,4.3,mb,38.0,104.0,0.824,0.97,us,us7000ngk9,2024-11-23T23:27:41.040Z,"3 km ENE of Lenguazaque, Colombia",earthquake,8.84,7.216,0.116,21.0,reviewed,us,us,177827941003.89227,5374,8.0,1737.0507362950646,-5931.717564067658,574.9882954147992,80.09573565117,234.56313412248065,378.22054924528624,209.8232765550802,606.5570848030752,80.09573565117,11.25,0,0.6631803400862313,-0.5555089120424135,3
2024-09-22 07:21:35.387000+00:00,6.7026,-73.1251,159.092,4.3,mb,40.0,98.0,0.806,0.64,us,us6000ntmm,2024-11-23T23:26:45.040Z,"4 km SW of Jordán, Colombia",earthquake,8.79,6.58,0.09,36.0,reviewed,us,us,177827941003.89227,5374,9.0,1790.8870231006222,-5903.800410955834,725.0278467421225,244.9904534594086,276.10926292147394,522.5200688763542,46.33568331399132,764.7898116671049,46.33568331399132,11.25,0,1.1164777079855461,0.00198658354441535,3
2024-09-28 19:12:09.322000+00:00,11.8435,-73.4642,10.0,4.5,mb,55.0,47.0,1.448,0.83,us,us7000nh0q,2024-12-06T19:30:18.040Z,"65 km NNW of Dibulla, Colombia",earthquake,5.62,1.88,0.058,88.0,reviewed,us,us,354813389233.57605,5381,8.0,1771.8913614174828,-5968.1088276735145,1305.526339979229,795.9098160514731,664.5639569809571,992.3873934472114,526.639805871785,1254.7409951231657,526.639805871785,11.55,17,1.228846506060428,1.4313926120026097,0
2024-09-28 19:13:34.230000+00:00,11.7919,-73.4917,10.0,4.6,mb,39.0,106.0,1.47,0.78,us,us6000p020,2024-12-06T19:30:14.040Z,"60 km NNW of Dibulla, Colombia",earthquake,8.73,1.896,0.096,32.0,reviewed,us,us,501187233627.2715,5381,9.0,1769.360045984835,-5970.083444264728,1299.9191114022206,789.942907448515,658.1398906775835,985.9703839613628,521.1424877785626,1248.3277451749848,521.1424877785626,11.7,17,1.0895153083749676,1.5951277717074817,0
2024-09-29 07:05:47.358000+00:00,6.7214,-73.1171,157.274,4.7,mb,49.0,40.0,0.824,0.72,us,us7000nh2v,2024-12-06T19:30:18.040Z,"2 km WSW of Jordán, Colombia",earthquake,8.81,6.182,0.027,405.0,reviewed,us,us,707945784384.1403,5381,10.0,1792.166494468927,-5905.050024585151,727.2649216935135,247.25786272286857,277.3652765359056,524.6023694429497,44.2487793145182,766.9889598390151,44.2487793145182,11.850000000000001,0,0.7356066644957128,0.1858462387126607,0
2024-10-04 19:36:25.084000+00:00,6.8784,-73.1242,147.571,4.2,mb,95.0,126.0,0.98,0.76,us,us6000nwlu,2024-12-14T14:50:33.040Z,"14 km SW of Piedecuesta, Colombia",earthquake,8.76,9.899,0.06,79.0,reviewed,us,us,125892541179.41711,5387,11.0,1793.6459862649435,-5912.56120880206,745.3338487991663,262.82652452050314,280.4265022485264,536.2593252989558,26.787369392044,780.5020087358598,26.787369392044,11.100000000000001,0,1.1321670774873962,0.40778120545352375,2
2024-10-06 08:07:10.298000+00:00,6.7626,-73.075,154.22,4.2,mb,41.0,76.0,0.865,0.67,us,us6000nwur,2024-12-14T14:50:40.040Z,"4 km NE of Jordán, Colombia",earthquake,9.15,6.578,0.075,49.0,reviewed,us,us,125892541179.41711,5388,12.0,1797.235130068718,-5906.131135752925,732.0617890156153,253.398294328096,282.81889559254915,531.1285030385246,40.01116470224933,773.4492416531903,40.01116470224933,11.100000000000001,0,1.136928725148862,0.5472974093791374,2
2024-10-08 18:42:13.867000+00:00,6.7111,-73.0424,153.622,4.3,mb,31.0,74.0,0.814,0.65,us,us7000nnts,2024-12-23T15:47:44.040Z,"3 km NW of Aratoca, Colombia",earthquake,8.5,6.827,0.142,14.0,reviewed,us,us,177827941003.89227,5391,13.0,1800.959704007151,-5906.302688428856,726.5823367551254,249.8813128652591,285.26249340801667,529.8150185463138,46.24717564265819,771.0976255767671,46.24717564265819,11.25,0,1.024441491242507,0.7068114362384813,2
2024-10-24 20:31:59.106000+00:00,5.4511,-78.3798,10.0,4.6,mb,60.0,121.0,2.93,0.76,us,us7000nmzv,2025-01-04T23:07:59.040Z,"125 km WNW of Pizarro, Colombia",earthquake,7.08,1.9,0.084,43.0,reviewed,us,us,501187233627.2715,5407,9.0,1275.4590910409777,-6202.449678965446,604.2707067054962,484.1533168861695,321.88436260209465,302.3080145036504,609.9173235876508,486.71017871663753,302.3080145036504,11.7,2,-2.366343166654477,0.001888582954542479,1
2024-10-28 04:03:01.124000+00:00,6.7988,-72.9723,153.555,4.3,mb,40.0,41.0,0.907,0.75,us,us7000nnkf,2025-01-16T18:44:07.040Z,"4 km N of Cepitá, Colombia",earthquake,7.99,7.129,0.067,64.0,reviewed,us,us,177827941003.89227,5410,10.0,1807.8762624039248,-5903.088141147628,736.0408587188937,262.1034535583391,294.741490033855,542.1296771681643,39.31464714546215,783.5472212915595,39.31464714546215,11.25,0,1.1512572326844295,0.1962365369404766,2
2024-10-28 07:08:37.689000+00:00,7.0174,-76.8664,10.0,4.6,mb,105.0,83.0,1.562,0.64,us,us7000nnla,2025-01-16T18:44:11.040Z,"6 km NW of Murindó, Colombia",earthquake,5.43,1.871,0.052,111.0,reviewed,us,us,501187233627.2715,5410,11.0,1434.5348587872447,-6148.211323528073,777.1282134663769,401.6121976254484,165.95733970109018,398.2235686207449,413.270930259921,646.9885780540063,165.95733970109018,11.7,1,-1.4867353867865962,0.7218643508932021,1
2024-11-05 03:14:06.554000+00:00,5.3197,-77.462,31.25,5.0,mww,60.0,61.0,2.109,0.67,us,us7000npzi,2025-01-24T19:51:14.040Z,"41 km NNW of Pizarro, Colombia",earthquake,7.25,3.823,0.073,18.0,reviewed,us,us,1995262314968.8828,5418,9.0,1370.3499600221123,-6161.906311922001,587.7768731952584,381.5456982969762,232.07864405379536,231.90374234423552,519.7145776334695,457.0187462609156,231.90374234423552,12.3,4,-2.257201175891873,-0.10769693142775533,1
2024-11-11 00:39:55.094000+00:00,6.851,-73.1198,151.447,4.2,mb,16.0,63.0,0.953,0.42,us,us7000nr2x,2025-01-26T16:29:09.040Z,"13 km NNW of Jordán, Colombia",earthquake,4.82,9.472,0.216,6.0,reviewed,us,us,125892541179.41711,5424,8.0,1793.085882337018,-5909.081334240061,741.9166555000492,260.2333458959652,280.1549606607367,534.4494746626701,29.83531572270911,778.340040879942,29.83531572270911,11.100000000000001,0,1.2259654837433724,-0.13231337663739368,3
2024-11-16 18:25:27.585000+00:00,6.8484,-73.1054,147.606,4.3,mb,69.0,68.0,0.95,0.84,us,us7000ns6u,2025-01-26T16:30:28.040Z,"12 km N of Jordán, Colombia",earthquake,6.8,8.508,0.07,59.0,reviewed,us,us,177827941003.89227,5430,9.0,1795.6889985502476,-5912.311707918864,742.0944469049346,260.61870031655883,281.6307421570406,535.3744995142101,30.18316076239009,779.055526419206,30.18316076239009,11.25,0,1.0994263652812424,0.0429077515788676,3
2024-11-22 00:03:15.283000+00:00,7.1019,-72.9334,183.216,4.3,mb,40.0,46.0,1.211,0.75,us,us6000p6wi,2025-01-30T17:00:32.040Z,"11 km SSE of Tona, Colombia",earthquake,7.72,8.504,0.09,35.0,reviewed,us,us,177827941003.89227,5435,10.0,1802.0773411830107,-5869.917214854008,765.0228609730028,294.1755748953797,307.583612857832,568.7334402514234,20.9767296101484,813.004079107986,20.9767296101484,11.25,0,1.3641116547625034,0.2909368830779251,2
2024-11-25 04:51:31.827000+00:00,6.7154,-73.0998,160.779,4.6,mb,73.0,38.0,0.818,0.61,us,us6000p7iv,2025-02-02T00:50:26.040Z,"1 km SSW of Jordán, Colombia",earthquake,7.58,7.482,0.034,257.0,reviewed,us,us,501187233627.2715,5438,10.0,1792.959592811671,-5901.25084299936,726.2088235383379,247.48102808424332,279.11718716745804,525.5255744093051,44.98271309621063,767.6147331863003,44.98271309621063,11.7,0,0.8468762518578417,0.1829507456152627,0
2024-11-30 04:22:28.332000+00:00,6.6663,-73.0851,162.202,4.4,mb,51.0,59.0,0.769,0.72,us,us7000nv23,2025-02-02T00:53:54.040Z,"7 km NNW of Curití, Colombia",earthquake,9.04,7.38,0.079,46.0,reviewed,us,us,251188643150.95825,5443,7.0,1794.2427631136495,-5900.031646883157,720.7579882287287,243.3035187242561,279.7583374623337,522.9689834174707,50.54202560742113,764.2722314959497,50.54202560742113,11.4,0,1.1064454145009652,-0.3657908434557146,3
2024-12-04 06:34:19.360000+00:00,6.7566,-73.0416,157.068,4.1,mb,32.0,38.0,0.859,0.96,us,us7000nvtk,2025-02-15T18:29:24.040Z,"6 km ENE of Jordán, Colombia",earthquake,6.96,6.695,0.135,15.0,reviewed,us,us,89125093813.3744,5447,8.0,1799.8751672361016,-5902.450507318818,731.0802224398074,254.43223485159743,286.3005575666215,533.3420297860526,41.31194680349209,775.1586802003815,41.31194680349209,10.95,0,1.3576837419275427,-0.16638437868241657,3
2024-12-04 18:02:38.894000+00:00,5.2739,-73.6689,158.03,4.2,mb,50.0,122.0,0.847,0.66,us,us7000nvyp,2025-02-15T18:29:31.040Z,"5 km SE of Lenguazaque, Colombia",earthquake,8.01,5.715,0.094,32.0,reviewed,us,us,125892541179.41711,5448,9.0,1739.6147502532615,-5937.053747211641,571.0775291687634,76.89305102070925,237.48537001277475,376.58774950325073,213.89734396290345,603.8072766830859,76.89305102070925,11.100000000000001,0,0.6960176196120655,-0.39305162472550553,3
2024-12-11 06:43:03.144000+00:00,6.7518,-73.1458,157.623,4.2,mb,26.0,40.0,0.856,0.8,us,us6000ph1t,2025-02-18T20:02:54.040Z,"5 km WNW of Jordán, Colombia",earthquake,7.42,7.087,0.176,10.0,reviewed,us,us,125892541179.41711,5454,8.0,1788.9957571931643,-5905.245175752909,730.4980076090975,248.99338549457957,274.9196151115805,524.6675084870946,40.94360838717945,767.7797430810571,40.94360838717945,11.100000000000001,0,1.2242622892798418,-0.15951708842302142,3
2024-12-12 18:11:46.878000+00:00,6.3981,-73.0625,189.047,4.4,mb,35.0,82.0,0.503,0.84,us,us7000ny84,2025-02-18T20:02:56.040Z,"9 km NE of Ocamonte, Colombia",earthquake,7.8,5.408,0.095,32.0,reviewed,us,us,251188643150.95825,5456,9.0,1789.7610699307102,-5876.96571816862,688.8919757409652,218.34939746693323,278.88913147456543,505.0240097149838,80.46881417336846,742.4701900999447,80.46881417336846,11.4,0,1.1390774424468078,-0.08904154857551667,3
2024-12-24 06:39:57.991000+00:00,7.1166,-75.7263,49.827,4.5,mb,35.0,97.0,0.94,0.97,us,us6000pfet,2025-03-08T22:39:09.040Z,"7 km SE of Ituango, Colombia",earthquake,6.57,9.486,0.131,20.0,reviewed,us,us,354813389233.57605,5467,7.0,1546.5050333704069,-6078.837688278772,783.1236411005657,324.0684168004375,98.32111895339784,417.1758406282125,287.2757051785784,678.6343765482526,98.32111895339784,11.55,1,-0.5917849282907939,-0.04250698126968753,1
2024-12-31 08:59:21.553000+00:00,11.5228,-73.3585,10.0,4.5,mb,47.0,37.0,0.921,1.28,us,us6000pgmd,2025-03-08T22:39:14.040Z,"28 km N of Dibulla, Colombia",earthquake,5.67,1.896,0.121,21.0,reviewed,us,us,354813389233.57605,5474,8.0,1784.963151872303,-5971.737709526267,1270.6597794374604,761.495043941785,635.6861532407822,963.1502785635614,490.3296158231785,1225.338127342926,490.3296158231785,11.55,17,1.2002024649706255,1.3230349199550149,0
2025-01-02 15:46:30.445000+00:00,6.7993,-73.0647,155.659,4.2,mb,13.0,97.0,0.901,0.59,us,us6000pjzy,2025-03-17T21:34:17.040Z,"8 km NNE of Jordán, Colombia",earthquake,5.3,9.552,0.236,8.0,reviewed,us,us,125892541179.41711,5477,9.0,1797.7436601844258,-5903.991249598337,735.8456381701047,257.56767664230205,284.7794886020903,534.7748969368969,36.15367653412136,777.3871600122503,36.15367653412136,11.100000000000001,0,1.2341929660375588,0.025903493964050846,3
2025-01-04 08:17:24.376000+00:00,4.5472,-76.3159,51.986,4.7,mb,83.0,110.0,1.811,0.7,us,us6000phtp,2025-03-17T21:34:34.040Z,"9 km WNW of El Dovio, Colombia",earthquake,7.85,7.78,0.065,71.0,reviewed,us,us,707945784384.1403,5478,8.0,1490.1744792827624,-6120.32217474255,500.97348317548415,249.3512204171197,205.47847432415253,124.16097230156812,454.4748425068109,385.8621498503472,124.16097230156812,11.850000000000001,3,-1.5162972683917353,-0.6125390396445457,1
2025-01-09 03:33:41.557000+00:00,7.1274,-72.8631,176.94,4.3,mb,64.0,35.0,1.246,0.76,us,us6000pisv,2025-03-20T20:54:52.040Z,"13 km SE of Tona, Colombia",earthquake,7.87,8.651,0.08,45.0,reviewed,us,us,177827941003.89227,5483,9.0,1811.01264096995,-5873.326787146213,768.5342863124532,300.12133258071617,315.83662048503226,576.212916689447,28.6575555200652,819.9142820271251,28.6575555200652,11.25,0,1.397800189362095,0.11503349355230214,3
2025-01-26 15:32:30.833000+00:00,6.6868,-73.1248,162.148,4.5,mb,43.0,81.0,0.79,0.45,us,us6000pmg0,2025-04-08T22:01:00.040Z,"5 km ENE of Villanueva, Colombia",earthquake,8.34,7.348,0.046,136.0,reviewed,us,us,354813389233.57605,5501,7.0,1790.094820435257,-5901.077621835956,722.9706721726427,243.41845311417703,275.8271752965748,521.3339070690871,48.092364479851874,763.4118111420554,48.092364479851874,11.55,0,1.0039364529868668,-0.35615496840422767,0
2025-01-30 05:03:43.838000+00:00,6.6984,-73.0999,160.532,4.6,mb,150.0,45.0,0.801,0.68,us,us7000p9zc,2025-04-15T20:55:24.040Z,"3 km S of Jordán, Colombia",earthquake,8.05,5.049,0.038,210.0,reviewed,us,us,501187233627.2715,5504,9.0,1793.0831660817043,-5901.69459712322,724.4076344331277,245.77590058349676,278.7622573474477,524.217947318552,46.86956849663641,766.10589960652,46.86956849663641,11.7,0,0.8688034947290981,0.00036502532044624316,0
2025-02-06 21:03:22.973000+00:00,6.7282,-73.0557,156.313,4.5,mb,43.0,61.0,0.831,0.51,us,us7000pbxz,2025-04-26T14:47:03.040Z,"4 km E of Jordán, Colombia",earthquake,7.74,7.553,0.077,51.0,reviewed,us,us,354813389233.57605,5512,7.0,1798.7464844804713,-5903.9564335037085,728.1098981804247,250.91142252187095,284.16697864368217,530.0427378254088,44.11271874468894,771.7059419195242,44.11271874468894,11.55,0,1.0155864421578238,-0.3497975202020543,0
2025-02-12 17:26:49.653000+00:00,4.2294,-78.6675,10.0,4.8,mww,114.0,70.0,2.923,0.67,us,us7000pd4n,2025-05-02T16:26:16.040Z,"144 km W of Santa Genoveva de Docordó, Colombia",earthquake,6.74,1.866,0.054,33.0,reviewed,us,us,1000000000000.0,5518,6.0,1246.547529197211,-6219.997069542051,469.1233444848285,512.2353463601955,408.62128768527697,252.2140505490346,692.5300441430146,368.99924179514,252.2140505490346,12.0,13,-2.8010234801475224,-0.8855056840785136,4
2025-02-17 15:48:20.623000+00:00,6.7251,-73.1606,161.194,4.6,mb,79.0,82.0,0.831,0.66,us,us7000pe90,2025-05-02T16:26:20.040Z,"6 km NNE of Villanueva, Colombia",earthquake,12.71,9.985,0.038,206.0,reviewed,us,us,501187233627.2715,5523,7.0,1786.5413763565532,-5902.637907659278,727.2043724192848,245.6148724910973,272.7289648897293,521.4267135568749,44.0322333864849,764.4239889184221,44.0322333864849,11.7,0,0.902355140948806,-0.3415509081274484,0
2025-03-01 09:38:49.850000+00:00,2.871,-79.4812,10.0,5.0,mww,71.0,138.0,2.729,0.91,us,us6000pw9c,2025-05-21T02:06:42.645Z,"121 km WNW of Mosquera, Colombia",earthquake,7.91,1.879,0.073,18.0,reviewed,us,us,1995262314968.8828,5534,5.0,1159.7947871441863,-6246.253849484842,318.60618247136006,634.0395643210459,572.2808121302087,333.7393898460444,847.9510431945789,306.1583886479372,306.1583886479372,12.3,5,-3.5068937382131358,-1.4161620593464794,4
2025-03-06 00:31:49.019000+00:00,6.8782,-73.1015,151.019,4.2,mb,11.0,96.0,0.979,0.81,us,us6000px4q,2025-05-16T17:30:01.040Z,"13 km SSW of Piedecuesta, Colombia",earthquake,5.01,5.771,0.305,3.0,reviewed,us,us,125892541179.41711,5539,6.0,1794.9940562221452,-5908.577234329358,744.8993518946043,263.81807719049243,282.8487041323465,538.0151731888201,26.91100472956738,781.9729250510613,26.91100472956738,11.100000000000001,0,1.2900266870800492,-0.4801808677443007,3
2025-03-10 07:57:09.421000+00:00,4.5564,-76.6012,122.305,4.5,mb,54.0,61.0,1.943,0.58,us,us6000pxx4,2025-05-16T17:30:04.040Z,"11 km SSE of Sipí, Colombia",earthquake,7.6,8.6,0.079,47.0,reviewed,us,us,354813389233.57605,5543,6.0,1443.4184402298863,-6059.399366299274,496.3987601931137,280.8303361715846,219.022305223004,123.08772026763371,478.7989408411475,379.2916322429165,123.08772026763371,11.55,3,-1.0578453106259065,-0.9249873298170181,1
2025-03-15 09:19:12.076000+00:00,6.6997,-73.1497,160.676,4.5,mb,57.0,113.0,0.805,0.87,us,us6000pz0i,2025-05-17T19:19:58.040Z,"4 km NE of Villanueva, Colombia",earthquake,10.83,7.185,0.034,253.0,reviewed,us,us,354813389233.57605,5548,6.0,1787.9066686911788,-5903.098260461286,724.5307835865435,243.54617384641725,273.37933845612974,520.333176971261,46.75248922495404,762.8919264954554,46.75248922495404,11.55,0,1.0146646217009603,-0.5279971378168611,0
2025-03-24 21:43:45.839000+00:00,6.7029,-73.0438,163.334,4.4,mb,42.0,39.0,0.806,0.73,us,us6000q3pn,2025-05-29T17:36:25.040Z,"2 km WNW of Aratoca, Colombia",earthquake,8.21,7.278,0.1,29.0,reviewed,us,us,251188643150.95825,5558,5.0,1798.0326405196863,-5897.219796128029,724.5650193995696,248.9997207765656,284.9480455443163,529.080470039937,47.11359436139624,770.2820436510051,47.11359436139624,11.4,0,1.189811930661498,-0.7122366370639364,3
2025-03-26 17:15:21.119000+00:00,6.6999,-72.9498,167.0,4.3,mb,74.0,39.0,0.813,0.75,us,us7000pmup,2025-06-06T21:12:24.040Z,"6 km SSE of Cepitá, Colombia",earthquake,8.2,4.774,0.052,107.0,reviewed,us,us,177827941003.89227,5560,7.0,1806.6488073289283,-5890.817316652695,723.8144988888429,253.6293302428309,295.115184333575,536.504208398146,50.3895823966937,776.4225440334453,50.3895823966937,11.25,0,1.2841992511878837,-0.3651788127194011,3
2025-04-01 02:04:04.952000+00:00,4.7022,-76.0962,99.649,4.5,mb,89.0,99.0,4.136,0.76,us,us7000pp5r,2025-06-06T21:12:29.040Z,"3 km SE of Argelia, Colombia",earthquake,8.65,7.939,0.061,79.0,reviewed,us,us,354813389233.57605,5565,7.0,1501.886063341408,-6067.114431295186,514.1051405223757,224.31275852909585,180.6895261729948,147.22117635204955,424.7144182841743,409.616260504215,147.22117635204955,11.55,3,-0.9570906916162211,-0.7484407578216381,1
2025-04-06 06:38:10.371000+00:00,7.1159,-73.0956,154.712,4.2,mb,33.0,233.0,3.005,0.85,us,us6000q6rh,2025-06-09T13:38:48.040Z,"2 km ESE of Bucaramanga, Colombia",earthquake,11.5,10.894,0.083,40.0,reviewed,us,us,125892541179.41711,5570,7.0,1793.6228745933215,-5901.878517492475,770.0541847431351,288.39667803232,291.1169948525202,557.4368597488108,3.013966684442787,803.7436419069713,3.013966684442787,11.100000000000001,0,1.3290083360347924,-0.23002570234998493,3
2025-04-18 08:48:41.271000+00:00,6.8098,-73.0927,157.841,4.7,mww,80.0,82.0,2.303,0.9,us,us6000q6zq,2025-06-27T00:34:23.040Z,"8 km N of Jordán, Colombia",earthquake,7.56,6.797,0.093,11.0,reviewed,us,us,707945784384.1403,5582,7.0,1794.188861839314,-5902.667008378189,736.7179077071636,257.3006644035648,282.01575126316175,533.3674604649252,34.573758131066604,776.4572466191643,34.573758131066604,11.850000000000001,0,0.8449119846300731,-0.3209963486901377,0
2025-04-18 10:31:44.505000+00:00,6.7231,-73.1046,171.903,4.8,mww,178.0,46.0,2.224,0.6,us,us6000q6zz,2025-06-27T00:34:24.040Z,"1 km SW of Jordán, Colombia",earthquake,8.26,5.434,0.078,16.0,reviewed,us,us,1000000000000.0,5582,8.0,1789.2261389662876,-5890.736930928987,725.7353854113303,248.0224099522381,278.7565252681584,525.7315020992356,44.10071135040659,767.9745909022041,44.10071135040659,12.0,0,0.7740657567632502,-0.16613989349204727,0
2025-05-04 17:52:54.402000+00:00,7.3789,-77.1646,41.437,4.5,mb,52.0,96.0,1.667,0.85,us,us7000px4d,2025-07-12T16:30:45.040Z,"8 km SW of Riosucio, Colombia",earthquake,6.83,8.024,0.086,39.0,reviewed,us,us,354813389233.57605,5599,7.0,1394.4736874790285,-6120.293382314551,812.9082483862195,452.67939095030295,215.59618644186807,442.2727623684357,446.778000560451,685.6716560312879,215.59618644186807,11.55,1,-1.1914420077966699,0.15193114607051839,1
2025-05-07 14:41:17.392000+00:00,6.9246,-73.0749,152.487,4.0,mb,37.0,160.0,2.409,0.71,us,us7000q0uw,2025-07-24T21:30:18.040Z,"7 km SSW of Piedecuesta, Colombia",earthquake,9.66,7.378,0.1,27.0,reviewed,us,us,63095734448.019424,5601,7.0,1797.136509050907,-5905.770034761582,749.7230125302916,269.7270998982636,286.99930981347575,543.7397208398033,22.283080687091115,787.8669889724783,22.283080687091115,10.8,0,1.4679276449476844,-0.29122800666484017,3
2025-05-17 09:41:02.410000+00:00,6.8592,-73.1237,147.138,4.0,mb,55.0,117.0,0.961,0.58,us,us6000qgwk,2025-07-25T17:06:13.040Z,"14 km NNW of Jordán, Colombia",earthquake,8.42,5.662,0.08,42.0,reviewed,us,us,63095734448.019424,5611,8.0,1793.8947933001273,-5913.19561811135,743.3150392420615,260.89323745894524,279.9559613413167,534.7879937299092,28.922011008277916,778.8168542692304,28.922011008277916,10.8,0,1.3823083605222146,-0.13114234914964704,3
2025-05-30 08:17:51.661000+00:00,6.9583,-73.1465,149.925,4.1,mb,31.0,156.0,2.403,0.86,us,us6000qk3r,2025-08-16T21:54:18.040Z,"11 km WSW of Piedecuesta, Colombia",earthquake,9.76,11.607,0.114,21.0,reviewed,us,us,89125093813.3744,5624,7.0,1790.364088860365,-5910.022074144601,753.6641613263413,270.0486535489975,280.406928243049,540.875751758248,18.0940263712152,786.2291017997061,18.0940263712152,10.95,0,1.341972757035114,-0.2755931172946368,3
2025-06-06 18:48:43.634000+00:00,6.9045,-73.0855,155.58,4.1,mb,94.0,90.0,2.387,0.78,us,us6000qlh3,2025-08-20T16:09:01.040Z,"10 km SSW of Piedecuesta, Colombia",earthquake,7.14,7.969,0.06,81.0,reviewed,us,us,89125093813.3744,5632,6.0,1795.2269282937627,-5903.415946274428,747.185530910323,267.2089102862717,285.2921291453548,541.331409557711,24.2349478481834,785.3742845273321,24.2349478481834,10.95,0,1.411751052063988,-0.472959350946555,3
2025-06-08 13:44:00.052000+00:00,4.5212,-73.0907,10.0,4.4,mb,13.0,185.0,1.268,0.85,us,us7000q87l,2025-08-20T16:09:02.040Z,"14 km WSW of Barranca de Upía, Colombia",earthquake,9.42,1.994,0.31,5.0,reviewed,us,us,251188643150.95825,5633,10.0,1844.387313992398,-6067.052806409652,501.4246505913728,110.80119906776564,335.73232383797585,399.82254777295486,288.91722178740224,593.1059288971802,110.80119906776564,11.4,9,-0.0770188151081153,-0.5310793486681571,2
2025-07-06 13:29:24.221000+00:00,6.9246,-73.0776,154.788,4.4,mb,46.0,89.0,2.408,1.08,us,us7000qb07,2025-09-12T16:23:10.040Z,"7 km SSW of Piedecuesta, Colombia",earthquake,4.0,9.356,0.038,198.0,reviewed,us,us,251188643150.95825,5661,20.0,1796.1933232658585,-5903.669407383338,749.445596908288,269.60509987385103,286.7116267207948,543.529311606436,22.2144254277402,787.6898473765068,22.2144254277402,11.4,0,0.7819399163885649,2.016805627044368,2
2025-07-10 09:27:28.554000+00:00,5.2089,-73.6458,146.8,4.4,mb,37.0,155.0,0.764,0.75,us,us6000qu6u,2025-09-20T22:27:05.040Z,"5 km W of Villapinzón, Colombia",earthquake,9.12,7.733,0.112,23.0,reviewed,us,us,251188643150.95825,5665,8.0,1745.338582363751,-5947.700862986524,565.0781515346707,72.76911090166114,243.1133608890031,374.944490952576,220.1569943912788,600.1534919432578,72.76911090166114,11.4,0,0.4913158116679072,-0.5939529324073293,3
2025-07-13 10:38:32.960000+00:00,6.9431,-73.1526,151.092,4.3,mb,91.0,70.0,2.386,0.81,us,us7000qce6,2025-11-28T21:04:58.696Z,"12 km WSW of Piedecuesta, Colombia",earthquake,6.71,10.212,0.058,84.0,reviewed,us,us,177827941003.89227,5668,9.0,1789.4570080398812,-5909.295080376366,751.8848301971768,268.2294193559598,279.2897982716711,539.1931620811363,19.868468457120063,784.4648883554026,19.868468457120063,11.25,0,1.112503758340782,0.07600234449687499,3
2025-07-21 06:16:06.490000+00:00,6.9177,-73.1993,159.857,4.1,mb,17.0,80.0,2.342,0.73,us,us6000qy9t,2025-10-03T18:41:52.040Z,"9 km ENE of Betulia, Colombia",earthquake,7.91,9.042,0.186,8.0,reviewed,us,us,89125093813.3744,5676,8.0,1782.221078152431,-5902.740369933511,748.0919196164264,263.6841915235609,273.55879722198125,533.5800862628074,23.95792920871727,779.1595921996021,23.95792920871727,10.95,0,1.330486826679636,-0.10492309433169393,3
2025-07-23 03:57:10.480000+00:00,6.9544,-73.1265,147.834,4.2,mb,30.0,115.0,2.409,0.67,us,us6000qym2,2025-10-11T20:57:40.040Z,"9 km WSW of Piedecuesta, Colombia",earthquake,7.86,11.659,0.12,19.0,reviewed,us,us,125892541179.41711,5678,8.0,1793.0443204418038,-5911.432093748581,753.4970003169653,270.4952689290316,282.40580061587013,542.1019442070973,18.34083827621937,787.1729758603263,18.34083827621937,11.100000000000001,0,1.2258462429571544,-0.10086219414041983,3
2025-08-08 00:31:47.803000+00:00,2.5724,-79.7378,10.0,4.9,mww,47.0,139.0,1.552,0.92,us,us6000qyzv,2025-10-25T13:40:31.040Z,"133 km WNW of Salahonda, Colombia",earthquake,7.01,1.69,0.069,20.0,reviewed,us,us,1412537544622.7554,5694,5.0,1132.089748745638,-6252.93431839921,285.4929256049274,672.1583765538453,615.61568721937,369.1531062486823,890.2397377736443,312.03686100942946,312.03686100942946,12.15,5,-3.568379412235685,-1.4877345169522356,4
2025-08-19 04:26:44.738000+00:00,7.2465,-73.3228,127.636,4.1,mb,19.0,84.0,2.584,0.86,us,us7000qvpt,2025-11-04T16:44:24.040Z,"18 km NW of Lebrija, Colombia",earthquake,6.31,12.337,0.184,8.0,reviewed,us,us,89125093813.3744,5705,5.0,1777.405462639327,-5932.977657153521,787.5277630617175,293.8582501810466,273.152051251222,551.585939698736,26.217923482583792,801.5612151431744,26.217923482583792,10.95,0,1.2672634575846462,-0.5325575971648064,3
2025-08-28 01:23:39.126000+00:00,5.6861,-77.8684,10.0,4.2,mb,17.0,124.0,2.38,1.3,us,us6000rcab,2025-11-19T21:59:34.040Z,"66 km W of Nuquí, Colombia",earthquake,6.56,1.789,0.136,15.0,reviewed,us,us,125892541179.41711,5714,6.0,1330.236167513998,-6188.343365832759,630.2373562328295,434.1446375138382,260.4481285136496,289.26485712461243,548.071374448212,501.5711172809639,260.4481285136496,11.100000000000001,2,-1.6795087109762856,-0.5004743356509035,1
2025-08-30 21:50:34.213000+00:00,6.885,-73.1159,147.324,4.5,mb,38.0,127.0,0.987,0.66,us,us7000qsn0,2025-11-19T21:59:45.040Z,"13 km SSW of Piedecuesta, Colombia",earthquake,8.4,9.579,0.09,36.0,reviewed,us,us,354813389233.57605,5717,7.0,1794.5487476372,-5912.453768888246,746.0751812578536,263.8660843536276,281.49708975517046,537.4259296211005,26.063778364607906,781.6363618359097,26.063778364607906,11.55,0,0.9764148534271739,-0.2990455608512578,0
2025-09-14 10:10:49.033000+00:00,6.9235,-73.1814,151.558,4.1,mb,54.0,156.0,2.356,0.6,us,us6000rfea,2025-12-03T03:58:30.040Z,"11 km ENE of Betulia, Colombia",earthquake,12.72,15.614,0.077,46.0,reviewed,us,us,89125093813.3744,5731,7.0,1786.4269127360906,-5909.996859035913,749.7164817461592,265.0139718577369,275.6355709663157,535.4161511077664,22.71531342710159,780.8370357722071,22.71531342710159,10.95,0,1.3272700565407085,-0.2833194249035812,3
2025-09-26 00:21:31.074000+00:00,6.7494,-72.9982,166.636,4.5,mb,56.0,80.0,2.305,0.7,us,us6000rcz9,2025-12-11T21:40:43.040Z,"2 km WSW of Cepitá, Colombia",earthquake,8.82,8.457,0.048,128.0,reviewed,us,us,354813389233.57605,5743,7.0,1801.5941345176868,-5892.086841208167,729.1802758090932,255.91059196043156,290.84735549535736,536.2892681463582,43.36605981529439,777.4539586464098,43.36605981529439,11.55,0,1.0934718451969685,-0.345703254929903,0
2025-09-26 19:43:45.326000+00:00,6.7096,-72.9637,169.66,4.4,mb,40.0,125.0,2.292,0.56,us,us6000rhvw,2025-12-11T21:40:46.040Z,"5 km SSE of Cepitá, Colombia",earthquake,11.75,8.718,0.095,35.0,reviewed,us,us,251188643150.95825,5744,7.0,1804.409727473163,-5888.612332061649,724.5468471339126,253.82327539560973,293.78766147862564,536.0928368116381,48.82059814785643,776.3167041816449,48.82059814785643,11.4,0,1.203841873218565,-0.3602578111259685,3
2025-10-05 03:38:21.420000+00:00,6.7319,-72.9942,168.406,4.3,mb,43.0,86.0,2.293,0.7,us,us6000rj7x,2025-12-19T22:50:46.040Z,"3 km SW of Cepitá, Colombia",earthquake,9.69,7.438,0.075,51.0,reviewed,us,us,177827941003.89227,5752,6.0,1801.556428376076,-5890.492816855183,727.0908738186173,254.39675701317017,290.91689552038446,535.2890457309225,45.35211048265944,776.1895522577757,45.35211048265944,11.25,0,1.303134265078505,-0.5292150433414102,3
2025-10-16 04:11:16.736000+00:00,6.7376,-73.0446,166.852,4.3,mb,37.0,93.0,2.269,0.64,us,us6000rhfn,2026-01-09T15:38:37.040Z,"5 km NNW of Aratoca, Colombia",earthquake,7.97,10.378,0.051,108.0,reviewed,us,us,177827941003.89227,5763,5.0,1796.8031394669065,-5893.482235983384,727.8859924838285,252.39651798185417,285.5676003935485,531.6517188559026,43.309777028212686,773.2818172668406,43.309777028212686,11.25,0,1.3006732786760742,-0.7013683582850044,3
2025-11-02 10:53:21.436000+00:00,6.7319,-72.9212,156.469,4.1,mb,79.0,145.0,2.335,0.66,us,us6000rpk7,2026-01-27T17:59:10.040Z,"6 km ESE of Cepitá, Colombia",earthquake,12.15,7.684,0.064,66.0,reviewed,us,us,89125093813.3744,5780,5.0,1812.541551579316,-5899.524619986263,728.4901728475031,258.28125328744,298.84450134384633,541.2337805450119,48.480287746478886,781.1729558828858,48.480287746478886,10.95,0,1.4834204988114787,-0.7151279433048136,3
2025-11-13 07:47:59.187000+00:00,6.8181,-73.0894,160.462,4.1,mb,14.0,162.0,2.312,0.37,us,us7000rf2l,2026-02-10T15:55:17.040Z,"9 km N of Jordán, Colombia",earthquake,13.39,18.3,0.262,4.0,reviewed,us,us,89125093813.3744,5791,5.0,1793.7407630611517,-5899.971557523102,737.3004440492546,258.2911458939126,282.57587906930934,534.2727076600129,33.69298098378114,777.4140283034931,33.69298098378114,10.95,0,1.4426369300218338,-0.6755116407821219,3
2025-11-14 10:30:30.078000+00:00,6.7329,-73.0275,175.46,4.1,mb,31.0,165.0,2.275,0.82,us,us6000rs6i,2026-02-10T15:55:15.040Z,"4 km NNW of Aratoca, Colombia",earthquake,12.11,5.452,0.117,20.0,reviewed,us,us,89125093813.3744,5792,6.0,1796.083945686244,-5884.826504819915,726.3713649485156,252.78953609198672,287.32387797262373,532.6718993811829,44.23213040169561,774.0217087343351,44.23213040169561,10.95,0,1.4978009167692439,-0.5259533559755769,3
2025-11-22 04:07:09.304000+00:00,6.76,-72.9658,165.882,4.1,mb,13.0,167.0,2.332,1.09,us,us6000rtxg,2026-02-20T16:07:37.040Z,"1 km ENE of Cepitá, Colombia",earthquake,13.58,17.407,0.233,5.0,reviewed,us,us,89125093813.3744,5800,7.0,1805.1055365689408,-5891.653947276567,730.4089000776205,258.63146041994304,294.58450180834694,539.7130061517154,43.54451240616316,780.5822189121565,43.54451240616316,10.95,0,1.4597351887959291,-0.34673516805417465,3
2025-11-29 04:32:30.299000+00:00,6.7524,-72.9558,162.717,4.3,mb,36.0,121.0,2.331,0.84,us,us6000rvgw,2025-12-18T03:51:09.040Z,"2 km E of Cepitá, Colombia",earthquake,9.04,7.851,0.089,36.0,reviewed,us,us,177827941003.89227,5807,7.0,1807.083434887075,-5894.436385292548,729.9636752503945,258.4146138071446,295.5076410305246,539.9509201368309,44.764061013696974,780.5971482283117,44.764061013696974,11.25,0,1.2714832271827146,-0.349539213683297,3
2025-12-01 04:05:54.383000+00:00,5.9851,-77.569,10.0,4.3,mb,21.0,126.0,3.426,1.3,us,us6000rvpv,2025-12-25T00:04:59.040Z,"32 km SW of Bahía Solano, Colombia",earthquake,8.78,1.939,0.126,18.0,reviewed,us,us,177827941003.89227,5809,8.0,1361.8286103544992,-6178.011774877468,663.2603904163767,412.2448128447663,221.65580383923404,304.2464117643656,507.0999377364506,531.527145427263,221.65580383923404,11.25,2,-1.6394339366632247,-0.07653335024395987,1
2025-12-25 02:38:27.062000+00:00,6.6699,-72.9808,173.442,4.3,mb,59.0,65.0,2.251,0.69,us,us7000rkng,2026-01-18T06:11:29.040Z,"4 km ESE of Aratoca, Colombia",earthquake,9.2,8.324,0.08,44.0,reviewed,us,us,177827941003.89227,5833,5.0,1801.699222623017,-5886.03733659707,719.8399452301071,249.0467894684261,291.1892392395362,531.7274269730603,52.36864362670291,771.6819843651477,52.36864362670291,11.25,0,1.3472480790652266,-0.7254995710091159,3
2026-01-03 12:50:36.514000+00:00,6.6345,-72.8528,166.279,4.4,mb,51.0,175.0,2.301,0.68,us,us7000rm9f,2026-01-25T07:48:55.040Z,"6 km SW of Molagavita, Colombia",earthquake,15.06,16.32,0.054,100.0,reviewed,us,us,251188643150.95825,5842,4.0,1817.0727355205856,-5889.220248246808,716.8641637775719,252.87681970570236,304.5771205311711,539.7158823617336,61.5935808086257,777.4851203059759,61.5935808086257,11.4,0,1.3029239458826327,-0.924141829612344,3
2026-01-05 05:35:41.316000+00:00,6.7122,-73.0079,172.439,4.7,mww,115.0,48.0,2.269,0.66,us,us7000rmi6,2026-02-02T14:14:36.040Z,"2 km NNE of Aratoca, Colombia",earthquake,8.25,6.216,0.11,8.0,reviewed,us,us,707945784384.1403,5844,5.0,1799.0503278767624,-5887.33164928353,724.5015112696371,251.75249229078665,289.03306665921514,532.6911530492891,47.00775440344379,773.5318209229848,47.00775440344379,11.850000000000001,0,0.985158788486943,-0.7090935739037172,0
2026-01-09 06:39:20.333000+00:00,6.3198,-73.5376,129.29,4.0,mb,25.0,128.0,1.66,0.69,us,us6000s502,2026-01-29T09:28:17.040Z,"7 km WNW of Contratación, Colombia",earthquake,11.98,10.393,0.119,19.0,reviewed,us,us,63095734448.019424,5848,6.0,1758.0645048059666,-5949.460707225055,687.0736599714115,188.4178071322768,226.02968964377857,460.1649782530312,100.01256074180162,703.4097607409053,100.01256074180162,10.8,0,1.0641816267323034,-0.6230982237769311,3
2026-01-16 07:05:29.829000+00:00,6.7451,-73.0141,177.195,4.9,mb,60.0,95.0,2.292,0.62,us,us7000rq18,2026-02-04T07:29:50.410Z,"4 km WSW of Cepitá, Colombia",earthquake,8.58,7.009,0.024,564.0,reviewed,us,us,1412537544622.7554,5855,6.0,1796.9116323776382,-5882.610405013264,727.477687823219,254.67415962050984,289.03268288448766,534.6792617563974,43.301501946785855,776.0001802736672,43.301501946785855,12.15,0,0.8077681656097475,-0.5195150097711576,0
2026-01-24 16:01:00.766000+00:00,6.7755,-72.9296,160.322,4.2,mb,15.0,168.0,2.365,0.66,us,us6000s7h1,2026-02-11T18:34:00.040Z,"5 km ENE of Cepitá, Colombia",earthquake,17.87,21.204,0.187,8.0,reviewed,us,us,125892541179.41711,5864,5.0,1810.3902276802453,-5895.601117042551,732.7318144659005,262.05816885751466,298.8397678825329,543.8190454111364,43.76906682923314,784.4038235834639,43.76906682923314,11.100000000000001,0,1.417470262106598,-0.7000515929574629,3
2026-02-11 05:59:39.727000+00:00,6.7337,-73.13,146.9,4.8,mb,78.0,39.0,2.219,1.08,us,us6000s7rz,2026-02-11T06:32:06.165Z,"3 km W of Jordán, Colombia",earthquake,8.2,8.336,0.026,452.0,reviewed,us,us,1000000000000.0,5881,3.0,1793.7813724818045,-5915.1629134512095,729.8060736035983,247.89112083365612,276.2294575824363,524.521315187401,42.88433485147794,767.219931419761,42.88433485147794,12.0,0,0.7797801740612557,-1.0524815204706244,0
2026-02-14 11:21:41.545000+00:00,6.6881,-72.9517,172.132,4.3,mb,45.0,170.0,2.282,0.81,us,us6000s97b,2026-02-14T12:55:58.040Z,"7 km E of Aratoca, Colombia",earthquake,7.77,11.3,0.06,78.0,reviewed,us,us,177827941003.89227,5884,5.0,1805.002775441574,-5886.1465175582,721.9478069152166,252.3833935178837,294.6891546029734,535.4688894226887,51.52919941382199,775.2641643442329,51.52919941382199,11.25,0,1.3576455733968116,-0.7223810937301637,3
