latitude,longitude,depth,mag
0.1541767612239313,0.7059334537946991,1.1829383787846586,-0.4593568892760917
-0.729569575523082,-0.7852220790496951,0.2624875832927679,1.264910530283963
0.17554638311154575,0.6294716363823716,0.7894441821825207,0.9775326270239525
0.19513520317519267,0.7154107738441281,0.9987608874295837,-0.7467347925360995
0.18088878858344945,0.6791739618904412,1.2618960958660084,1.264910530283963
-0.018420426083272715,0.454677262982113,0.514815424962972,-1.3214905990561177
0.16547079384435914,0.6818327575604126,1.18772605785714,0.6901547237639447
0.1290580828648051,0.748345533110905,1.0916605754907336,-0.17197898601608136
0.1456476577512429,0.6934542676662706,1.2033678888333588,-0.4593568892760917
-1.5631254187577366,-0.25294833944125955,-1.0253045169297568,-1.03411269579611
0.19157359952725686,0.6722267861076057,1.0657572043526489,2.9891779498440147
-0.17527157621012873,-1.2741402957171004,-1.3455175931358323,-0.4593568892760917
0.18430980261370347,0.7041752179484282,1.036111022213276,-0.4593568892760917
0.18787140626163928,0.6998868378355639,1.0854693422927688,-1.03411269579611
0.5868178780363409,0.275251439059962,0.09505917116845929,-0.4593568892760917
0.17517147746439463,0.6734275325392043,1.23483869133586,-1.03411269579611
0.2150989288859907,0.6468824596405905,1.0009441938470018,-1.03411269579611
0.17470284540545597,0.7190130131389298,0.9386731758130633,-1.03411269579611
-1.1816589227814567,-0.850534108168583,0.6259925067470813,-0.4593568892760917
2.352857792147656,1.1906061741503702,0.004327194478888993,0.6901547237639447
0.17737404814140742,0.6660944025462104,1.1005965367563102,-0.4593568892760917
0.17470284540545597,0.6877078383150336,1.1248312379896537,-0.4593568892760917
0.1642523504911179,0.7007873976592645,1.1443874254713862,-0.17197898601608136
0.18290390643688667,0.6859924862698928,1.0972280068551503,0.11539891724392648
0.07708678752847903,-0.7143780395852145,-1.3455175931358323,1.264910530283963
0.2644927478981525,0.6074293626022601,0.8620859056991961,-1.03411269579611
0.21823876368088121,-0.6609448233789528,-1.3455175931358323,2.7018000465840073
0.24645041362900413,0.6355182523415067,0.7960564816181306,0.11539891724392648
-0.3153925618328656,-1.4025343962961867,-1.3455175931358323,-0.7467347925360995
-1.7041836684983513,-0.9173041865258496,-1.3455175931358323,-0.17197898601608136
-0.3732686211118221,1.0407701730069685,-1.3455175931358323,-0.4593568892760917
0.41586090293542344,0.5467916678063887,0.4890212191457583,-1.03411269579611
-0.9378765257214312,-0.6839734245850247,0.839457494187239,0.6901547237639447
-1.7745722037509768,-2.20420417459462,-1.3455175931358323,1.264910530283963
0.27897347851936505,0.6309725694218743,0.8040099549958686,-0.7467347925360995
0.2617746819563069,0.5997531622002381,0.991509191114587,-1.03411269579611
0.27367793625335557,0.6197798973272984,0.854818614338361,-0.4593568892760917
-0.5390237803585176,0.408276990160947,0.7878846775986506,-0.17197898601608136
-0.8754078722648733,0.5966226447178485,-1.3455175931358323,-0.17197898601608136
0.2650082431629854,0.6519427481737651,0.9124579037582049,-0.17197898601608136
0.5271610169334165,-1.0833502644958655,-0.7979755337389925,-0.17197898601608136
-0.8352461048138079,0.5700775718192287,-1.3455175931358323,0.11539891724392648
-1.7685268501906648,-2.223716304108144,-1.3455175931358323,-0.4593568892760917
-1.812671990142711,-0.6979535437529499,-0.9548149097388222,-0.17197898601608136
3.168230711495481,-2.807064650860774,-1.3455175931358323,0.9775326270239525
-0.8937782489752789,0.6357755551482748,-1.3455175931358323,0.11539891724392648
-0.8370269066377758,0.5465772488007445,-1.3455175931358323,-0.7467347925360995
-0.8658009150566257,0.6459390160157601,-1.3455175931358323,0.9775326270239525
-0.8583028021136031,0.6178501262765135,-1.3455175931358323,-0.4593568892760917
-0.9322060778082703,0.582170803737499,-1.3455175931358323,0.11539891724392648
-0.9136951114801832,0.5680191493650536,-1.3455175931358323,-0.7467347925360995
-0.902963437330482,0.5445617101476995,-1.3455175931358323,1.264910530283963
-0.941063223722216,0.6007394896261926,-1.3455175931358323,-0.7467347925360995
-0.8830934380314716,0.5932348244286847,-1.3455175931358323,-0.7467347925360995
-0.8613020472908118,0.6463249702259183,-1.3455175931358323,-0.17197898601608136
-0.9273791676011993,0.6002677678137804,-1.3455175931358323,0.6901547237639447
-0.8781728014126131,0.6317015940410607,-1.3611126389745347,5.288201175924085
3.1689805227897834,-2.82198821365353,-1.3455175931358323,1.8396663368039785
0.255588738778313,0.6485549278846074,0.9248091800624573,-1.03411269579611
0.28080114354922714,0.6223958091961458,0.8366191958445954,-1.03411269579611
-1.4269878056359808,-1.2475523390173566,-0.9556414471682734,0.9775326270239525
-1.0729831483135217,-0.3783405739413404,-1.3455175931358323,-0.4593568892760917
0.23435970650838034,0.6321733158534729,0.7931558030921319,-1.3214905990561177
0.4535857836800063,0.3486256227910361,-0.07049783545520495,0.4027768205039343
0.2650082431629854,0.6531006108042398,0.8765737032833506,-1.3214905990561177
0.47790778753893615,-1.1007182039529544,-0.8552561371045463,0.11539891724392648
-0.8480866232287343,-1.1523074167106853,-0.9556414471682734,-0.4593568892760917
-0.8339807982546729,-1.298326759553641,-0.9047548125965876,0.9775326270239525
0.1705788832867931,0.6403641218690371,1.1793671132875956,0.9775326270239525
0.21120928279679757,0.6454672942033478,0.9600695787037632,0.6901547237639447
-0.8917631311218417,-0.4374344518965851,1.0687982382911958,-0.7467347925360995
0.35465755603800053,0.6442236639706131,0.9112726802744633,-0.7467347925360995
-0.7764796446228674,-0.6425476726947732,0.05256267125799544,0.11539891724392648
0.15970661951941056,0.7067482460161455,1.102904603540438,-0.4593568892760917
-1.7819765902822118,-1.831629710389167,-1.3455175931358323,0.11539891724392648
0.16111251569622695,0.6664374729552386,1.0457331654957551,-0.17197898601608136
0.15961289310762258,0.6210235275600332,1.004281533656484,0.11539891724392648
-0.844806198816162,-0.8591108683943115,0.40588402977963617,0.11539891724392648
0.2432637156282194,0.6416935197040258,0.8536801759921356,-0.7467347925360995
-1.6346386709518157,-2.094164340898583,-1.3455175931358323,1.5522884335439706
1.6766685943046902,0.10791884705608742,-0.8407371494287144,-0.7467347925360995
0.17151614740467128,0.6163491932370107,1.012359767400932,0.4027768205039343
-0.9980488820891884,-1.7452188511149984,-1.3455175931358323,0.9775326270239525
0.17296890678738186,0.661334300620934,0.9362403486622257,0.11539891724392648
0.15900367143100216,0.6423796605220822,1.0020358470557114,0.4027768205039343
3.183554979822784,-3.044254954903175,-1.3455175931358323,1.264910530283963
0.15356753954731048,0.6317015940410607,1.027237441131054,0.11539891724392648
0.543422549378597,-0.08570151503963891,-0.32460351235102114,0.11539891724392648
-0.19354822650874642,-1.230956307980578,-1.2207572264262134,3.2765558531040226
0.360046824715798,0.7439285015946567,1.2579193591771394,-0.4593568892760917
-0.8491176137584,-0.736763383774354,-0.6907439985520751,0.6901547237639447
0.20628864617793874,0.657474758519358,0.9260411886837144,-0.7467347925360995
2.4198721765759217,0.5314821508034687,-1.3455175931358323,0.11539891724392648
0.45166439223835664,-0.300249172086126,-0.6875626092009799,1.5522884335439706
-0.019217100583468687,-0.10045354262788049,-0.34745025450472017,1.264910530283963
0.35498559847925787,-0.48392049232000506,-0.7244137025178335,0.11539891724392648
0.018273464131644847,0.6584182021441884,1.446728579146309,-0.17197898601608136
0.18402862337834036,0.62269599580405,0.9566698587109258,-0.7467347925360995
-0.5085626965274876,0.3983708321002359,0.9630170423672778,-0.7467347925360995
0.18627805726124694,0.6673809165800692,0.9480146082704464,-1.03411269579611
0.14396058233906256,0.6487264630891215,1.028079573606344,-0.17197898601608136
0.16697041643296354,0.6424225443232122,1.0058878233778705,0.4027768205039343
0.34809670721285557,0.7137811894012351,1.3557938668608356,-0.4593568892760917
0.22929848027183972,0.640021051460009,0.8004542845446444,-0.4593568892760917
2.1912734582255173,0.9692399927244315,-1.3455175931358323,-1.03411269579611
0.230516923625081,0.6338457840974898,0.8603548556111003,-0.7467347925360995
-0.48709934822808526,-1.2282546285094766,-1.0141228690634072,1.5522884335439706
0.4536326468859001,1.1707509742278177,-1.3455175931358323,0.6901547237639447
0.8783538819022422,-0.26658538820015654,-0.5768065936545156,-0.17197898601608136
0.3084972982325172,-0.9728387089874103,-1.3455175931358323,0.4027768205039343
0.2060543301484694,0.6970993907622025,0.8932292122390849,-0.4593568892760917
-0.42552109568351126,-1.6218421552679565,-1.3455175931358323,0.4027768205039343
-1.994641818628693,-2.213252656632761,-1.3455175931358323,0.6901547237639447
0.1649552985795263,0.667037846171041,0.8942740803102781,-0.4593568892760917
0.18908984961488057,0.6530577270031097,0.9035999177218218,-0.7467347925360995
0.24335744204000742,0.6319588968478288,0.7999084579402899,-0.7467347925360995
1.1152473876958653,0.7370242096129512,-1.3455175931358323,-0.17197898601608136
0.16978220878659714,0.6350036467279644,0.9512271877132189,0.6901547237639447
2.545981063636385,0.4743609277001512,-1.3455175931358323,0.4027768205039343
2.5701624778776333,0.48615397301051727,-1.3455175931358323,0.11539891724392648
0.1609719260785456,0.6315729426376706,0.9795789810479799,-0.4593568892760917
-0.489395645316886,0.3945541737997838,1.0481036124632377,-0.4593568892760917
0.16261213828483176,0.6759147930046676,0.955921296510668,0.6901547237639447
0.17657737364121145,0.6796885675039835,1.0216700097666374,-1.03411269579611
0.15211478016459987,-0.09402097245858716,-0.3103496404544472,-0.17197898601608136
0.14114878998542935,0.6822187117705708,1.0796056050574168,-0.7467347925360995
0.1585350393720631,0.6546015438437426,1.0045310543899035,-0.17197898601608136
0.15722286960703427,0.6512994911568388,1.057741350791556,0.11539891724392648
-1.1332492310930664,-1.4869726007184405,-1.3455175931358323,0.11539891724392648
-0.6955468880441162,0.8354854170042602,-1.3455175931358323,0.11539891724392648
0.18126369423060054,0.6742852085617808,1.026301738380732,-0.4593568892760917
0.20661668861919605,0.6374909071934216,0.8423581727132378,-1.03411269579611
-1.9268307597002314,-2.2161258713083822,-1.3455175931358323,-1.3214905990561177
-1.3869197645967033,0.12305682885448721,-1.3455175931358323,-0.7467347925360995
0.19682227858737258,0.6505704665376525,1.0353780550588565,-0.4593568892760917
0.1469598275162717,0.6913100776098415,0.9985581518336805,0.11539891724392648
0.18440352902549148,0.6800745217141417,0.9082784314734327,-1.3214905990561177
-1.203262860698541,-1.7089391553601816,-1.3455175931358323,0.6901547237639447
0.22718963600661451,0.6641217476942954,0.8677780974303225,-1.03411269579611
0.1552077517535966,0.6626636984559227,1.0031119052185815,0.9775326270239525
0.20202409444159453,0.6509564207478107,0.8659846671588717,-0.4593568892760917
-0.8013171437466301,0.800320700078794,-1.349837420833153,-0.17197898601608136
0.22911102744826417,-1.0442402378665632,-0.8589989481058348,0.4027768205039343
-1.5994912665313967,-2.024606815467961,-1.3455175931358323,-1.3214905990561177
-0.9559188599905796,-0.5635128272147284,-1.3187097093391031,0.11539891724392648
0.2104126082966012,0.6383914670171221,0.9835089325993326,-0.7467347925360995
-0.9905507691461657,0.46912910396245644,-1.3460478246943484,-0.17197898601608136
0.21031888188481362,0.6907525881951693,0.9218617163989422,-0.17197898601608136
0.1556295206066419,0.6494554877083079,0.9831970316825589,0.4027768205039343
-1.7470166386853683,-1.9041891018987946,-1.3455175931358323,-0.4593568892760917
-1.8083137119945791,-1.910707439670342,-1.3455175931358323,0.6901547237639447
-1.8027369904932058,-1.8954408064685522,-1.3455175931358323,1.5522884335439706
-1.0149196362109898,-1.8967702043035408,-1.3455175931358323,0.11539891724392648
0.22498706532960172,-0.8185427925266364,-0.738480433864343,-0.4593568892760917
0.2143491175916881,0.6583324345419284,0.8703512799937083,-0.7467347925360995
0.20389862267735043,0.6482976250778333,0.9354138112327746,-1.03411269579611
2.5659447893471827,0.47423227629676107,-1.3455175931358323,1.264910530283963
2.551932690784909,0.470244082791801,-1.3455175931358323,0.4027768205039343
0.6767952333526134,-0.09929567999741196,-0.38904224175653934,-0.7467347925360995
0.78223744661387,-0.325250428144113,-0.6517095988178031,0.11539891724392648
-2.033725732344199,-0.6128720823137699,-1.3141871460458794,-0.17197898601608136
2.3791949138600237,0.7706451096977907,-1.3455175931358323,-0.17197898601608136
-0.639311040971446,-0.6281387155155598,0.47099334615621846,0.4027768205039343
0.12849572439407847,0.678702240078029,1.0226057125169596,-0.17197898601608136
0.24930906918853155,0.6604766245983635,0.8509510429703626,-1.3214905990561177
0.1445698040156834,0.6853492292529604,1.0938750719998291,0.11539891724392648
0.23023574438971747,0.6122752321297905,0.9511336174381867,0.11539891724392648
-0.42345911462418023,0.952901264494427,-1.3455175931358323,1.264910530283963
-0.15868200132369095,1.1435197605111478,-1.3455175931358323,-0.4593568892760917
0.2322977254490489,0.6590614591611148,0.8540856471839416,-1.3214905990561177
-0.43859593012790743,-1.0889680424437185,-0.8534003266497407,-0.17197898601608136
0.22128487206398417,0.6627923498593068,0.9422444413101264,-0.4593568892760917
0.20118055673550478,0.6462820864247882,0.9887488680011368,-0.4593568892760917
0.22020701832842465,0.6648936561146119,0.8793028363051236,-1.3214905990561177
0.23112614530170142,0.6335455974895856,0.7758608972570108,-0.17197898601608136
0.17929543958305708,-0.7165651134427736,-0.9162795514713886,-0.17197898601608136
-0.015842949759108427,-0.4259844769952411,-1.2240321860523409,0.4027768205039343
-0.014390190376397834,-0.9210350772240354,-0.692428263502655,0.11539891724392648
0.2398427015979654,-0.7002263852127691,-0.7332249034167003,0.11539891724392648
0.1990248492643858,0.674799814175323,0.949433757441768,-0.17197898601608136
0.19621305691075216,0.6645934695067076,0.9314994547272601,0.11539891724392648
2.7557407732174446,0.5114554156764084,-1.3455175931358323,-0.17197898601608136
0.46698866056565935,-0.3768825247029676,-0.6741508697796958,0.11539891724392648
0.14789709163414944,0.6469253434417206,1.024929374346926,0.4027768205039343
0.2007587878824595,0.6774586098452944,0.9374099771001286,0.4027768205039343
0.15755091204829116,0.6579035965306462,1.0838162674338665,0.4027768205039343
0.9379638797992726,-1.0457840547071962,-0.7158052372148698,-0.17197898601608136
0.3239621561775013,-1.0505870404336026,-0.8986571496736548,0.6901547237639447
-0.7372082780837864,-0.5798086716436027,-0.10897081353928365,-0.7467347925360995
0.24270135715749278,0.6605623922006176,0.8687293952264835,-1.03411269579611
-0.07193820721409738,-1.279157700449145,-1.1614336720557896,0.11539891724392648
-0.27199723317512176,-1.352617651782473,-1.2300830638377576,-0.17197898601608136
0.23314126315513906,0.6482976250778333,0.8757003807163835,0.6901547237639447
0.1996809341469,0.672955810726792,0.9019156527712419,1.5522884335439706
-0.709699576224072,-0.5999640581740532,-0.311456888708995,-0.4593568892760917
-0.7574063198240538,-0.5361529620946682,-0.4867452039360097,3.2765558531040226
0.25043378612998524,0.6209377599577731,0.8582963095603915,-0.4593568892760917
0.2495433852180013,-0.5749628021160662,-1.3455175931358323,-2.471002212096153
0.20769454235475557,0.6832908067987914,0.9130193254083983,0.11539891724392648
0.3988495591959408,-0.703871508308701,-0.7754562875479063,-0.17197898601608136
1.2771597640592625,-0.2760627082495855,-0.9111955665279716,0.11539891724392648
-2.53103807329018,-1.2767562075859478,-0.01585279483639181,0.4027768205039343
-0.966509944522599,-0.6400175284281859,0.759860380226502,-0.7467347925360995
0.22873612180111308,0.6358184389494048,0.844900165184946,-1.3214905990561177
0.2441541165402034,0.6270701435191682,0.8189811990010231,-0.17197898601608136
-1.8025964008755242,-2.1915105694605534,-1.3455175931358323,0.11539891724392648
-0.9447654169878336,0.47899237822203755,-1.3455175931358323,0.11539891724392648
0.30718512846748797,0.543403847517231,0.5143319785419721,-0.4593568892760917
-0.9520292139013865,-0.7872805015038702,-0.17493785743699447,-0.4593568892760917
0.16040956760781855,0.6570459205080698,0.9783781625183995,0.4027768205039343
-0.8969649469760637,-0.713606131164898,0.712342275555976,-0.7467347925360995
0.16893867108050697,0.6887799333432543,0.9992287388047447,-0.17197898601608136
0.21064692432607093,0.6443094315728732,0.9399363745259985,-0.4593568892760917
0.5897233968017621,-0.18339081401063143,-0.5808613055725783,0.11539891724392648
0.2025864529123216,0.6445238505785174,0.9571065199944098,-0.7467347925360995
0.23937406953902673,0.6235107880254904,0.7384015971524479,-0.7467347925360995
0.49763719722026484,-1.0479711285647553,-0.9169033533049367,0.11539891724392648
0.2380150365681037,0.6634356068762391,0.7796193033041382,-0.4593568892760917
2.7111270012064597,0.8013070275047546,-1.3455175931358323,-1.03411269579611
0.2086786696785275,0.6976568801768748,0.9125046888957209,-0.4593568892760917
0.34814357041874977,1.0312499691564156,-1.3455175931358323,0.11539891724392648
0.17381244449347202,0.6883939791330961,0.9591650660451182,1.264910530283963
-1.6659901556948293,-2.193954946124881,-1.3455175931358323,-0.17197898601608136
-0.5190600546477195,-0.914388088049098,-1.3455175931358323,2.127044240063989
0.2022115472651705,0.6711975748805151,0.975165583075627,1.8396663368039785
0.32803925509027,1.2042432229092732,-1.3455175931358323,-0.7467347925360995
0.20741336311939246,0.6500987447252342,0.8920751788470207,-0.4593568892760917
0.17695227928836255,0.6761720958114357,1.0287189704857307,-0.7467347925360995
-0.550880171449672,-0.8902016242125576,-1.3455175931358323,1.264910530283963
0.32921083523761746,-1.1328381709982973,-0.9556414471682734,0.11539891724392648
0.2650082431629854,0.6219240873837336,0.6870471112056009,-0.17197898601608136
-0.47786729666698846,-0.8945757719276758,-1.126625529743806,3.563933756364033
-0.9352990493972674,0.47723414237576667,-1.3455175931358323,1.5522884335439706
0.1523490961940692,0.6714977614884193,1.0379512376222428,-0.17197898601608136
-0.9984706509422333,0.39150942391965426,-1.3455175931358323,1.264910530283963
-0.9846460052035354,0.45840815368030496,-1.3455175931358323,3.2765558531040226
-0.9432657943992288,0.4193838946532567,-1.3455175931358323,4.7134453694040666
0.4496492743849194,-0.4282144346539303,-0.686611311404819,0.4027768205039343
0.4645049106532831,-0.4125189634408521,-0.6555927652316399,1.264910530283963
-1.7049803429985475,-2.1784310101163227,-1.3455175931358323,-0.4593568892760917
0.4658639436242061,-0.4188228822067614,-0.7036566965065206,1.264910530283963
0.2089598489138906,0.6449955723909295,0.881470547676703,-0.4593568892760917
0.23337557918460838,0.6874505355082655,0.861836384965777,-0.4593568892760917
0.26154036592683755,0.6319588968478288,0.7445928303504126,-0.7467347925360995
-1.3337300259071359,-0.7023276914680743,1.0116112052006743,1.8396663368039785
1.275894457500127,-0.8714185193182258,-0.7111579135549365,2.127044240063989
0.26149350272094335,0.6463678540270483,0.8512629438871367,-0.4593568892760917
-0.3885460262332306,-1.3135076251531708,-1.3455175931358323,-0.7467347925360995
0.2469190456879432,0.6327736890692752,0.8740317108116423,-0.4593568892760917
0.25549501236652544,-0.8896870185990152,-0.7873241174311588,-0.7467347925360995
0.2545108850427535,0.6471826462484886,0.8056942199464485,-0.7467347925360995
0.1298547573650011,0.5056661025240414,0.4340018974268165,-0.4593568892760917
-1.5766220220551774,0.42667414084512045,-1.3455175931358323,0.6901547237639447
-0.47243116478329716,-1.342711493721762,-1.2186518952379886,-0.4593568892760917
0.17512461425850084,0.6596618323769171,1.0249137793010874,0.11539891724392648
-0.15230860532212195,1.0137104944948125,-0.9556414471682734,-0.7467347925360995
0.23323498956692662,0.6718837156985775,0.8536957710379744,-1.8962464055761359
-1.1909378375484474,-0.8109952435279986,0.7847968585225873,-0.4593568892760917
-0.15943181261799313,-1.3948153120930349,-1.3455175931358323,1.8396663368039785
0.31988505726473265,-0.6616309641970091,-0.4044189569534997,-0.4593568892760917
0.15806640731312402,0.6722267861076057,1.0531408122691388,2.127044240063989
1.3564523084317275,-0.3173169249353168,-0.8660167187332509,0.11539891724392648
1.1317900993764098,-1.1065932847075755,-1.3455175931358323,0.11539891724392648
-0.9261138610420643,-0.7162649268348754,0.3727289623265549,0.11539891724392648
-0.16327459550129247,0.41934101085212666,0.5203516662357115,-0.7467347925360995
0.2283143529480682,0.6468395758394605,0.8667020392674523,0.4027768205039343
-1.0869483836699014,0.3817319172623272,-1.3455175931358323,0.9775326270239525
0.2225970418290134,0.6926823592459542,0.919101393285492,-0.7467347925360995
0.3182917082643403,-0.6254370360444523,-0.7215909992210283,0.6901547237639447
-2.626545286901931,-1.4377419970227892,-1.3455175931358323,0.11539891724392648
-1.5679054657589138,-0.04556227718324607,1.3517391549427726,-0.4593568892760917
0.18824631190879038,0.6897662607692087,0.8933071874682783,-0.17197898601608136
0.21842621650445676,0.643880593561585,0.9140330033879139,-0.4593568892760917
0.2748495164007026,0.6086729928349888,0.7407564490740917,-0.4593568892760917
0.29326675631700205,1.074562608296322,-0.850811549040516,-0.4593568892760917
0.2433105788341136,0.6279707033428688,0.8699302137560636,-0.7467347925360995
0.6615178282312044,-0.2810372291805061,-0.4210588708633953,-1.03411269579611
-1.402572075365263,0.16366778852329228,-1.3455175931358323,0.11539891724392648
-1.9403273629976723,-1.8901232151286034,-1.3455175931358323,0.4027768205039343
0.2232531267115276,0.6964132499441462,0.8804568696971874,-0.17197898601608136
1.2175497661622319,-0.7433246053470314,-0.7520949088815302,0.4027768205039343
0.24143605059835774,0.6582037831385443,0.8873498799578939,-0.4593568892760917
0.7331716700429655,-0.08184197293806292,-0.5264813807330232,0.11539891724392648
0.2269084567712514,0.6444380829762573,0.8800981836428973,-0.17197898601608136
0.23079810286044453,0.6325163862625011,0.9343689431615818,-0.4593568892760917
2.4770452877664697,0.9795749887964309,-0.4766863993700465,-0.4593568892760917
-0.4900517301994007,-1.2784715596310885,-1.3455175931358323,0.6901547237639447
-1.150307438038443,-0.6379591059740108,1.271674189606875,0.11539891724392648
-0.4043389266194724,-1.2881632986861555,-1.3455175931358323,-0.17197898601608136
-0.4328317558029584,-1.3577637079179077,-1.0547791535649043,-0.17197898601608136
0.2079288583842253,0.686206905275537,0.9531453783513791,0.11539891724392648
0.2236748955645729,0.6549017304516407,0.781350353392234,-0.7467347925360995
-0.4661983583994095,-1.3109345970854533,-1.3455175931358323,1.264910530283963
0.2501994701005155,0.6232963690198463,0.7798532289917186,-0.4593568892760917
-0.49052036225833934,-1.5397196761066458,-1.122180941679776,1.8396663368039785
0.17418735014062312,0.6736419515448484,1.0004763424718408,2.7018000465840073
-0.45752866530903974,-1.2669787009286206,-1.3455175931358323,1.5522884335439706
0.21777013162194256,0.6540869382302003,0.922563493461684,-0.4593568892760917
0.24401352692252204,0.6387774212272803,0.8337185173185967,-0.17197898601608136
0.17620246799406036,0.678916659083667,0.944614888277609,0.11539891724392648
-0.05188075509151137,0.06379141569473454,-0.9556414471682734,0.11539891724392648
0.19063633540937913,0.6751000007832211,0.9753683186715302,2.127044240063989
0.3759803147197216,-1.0255000167733557,-1.1327699778042548,1.5522884335439706
0.2107875139437527,0.6757003739990235,0.9804834937066246,0.4027768205039343
-0.9457964075174988,0.13793750784611894,-1.3684579055645636,-1.8962464055761359
0.45175811865014465,1.1023941952288006,-0.6677880910775053,-0.17197898601608136
0.19551010882234376,0.6315729426376706,0.9027733802923706,0.4027768205039343
-0.6224402868496451,-0.6873612448741825,0.1573925693857526,0.11539891724392648
0.23004829156614193,0.6377910938013198,0.7447487808087995,-0.7467347925360995
-0.9337994268086626,-1.7306812425323947,-1.3455175931358323,-0.17197898601608136
-2.6259829284312044,-1.2011091823950606,-1.350196106887443,-0.4593568892760917
0.2232531267115276,0.6347892277223203,0.8558634824095538,0.11539891724392648
0.22283135785848274,0.6635642582796232,0.8782579682339305,0.11539891724392648
0.19977466055868798,0.6523715861850534,0.9215966006196843,0.4027768205039343
0.19982152376458176,0.6618489062344762,0.8810494814390583,-0.4593568892760917
0.20085251429424747,0.6646792371089677,0.8986250980992759,-0.17197898601608136
0.2196915230635918,0.6476114842597769,0.8994204454370496,-0.4593568892760917
2.2118932688188297,0.25303763007533653,-0.7539039341988196,-1.03411269579611
0.4458533547075143,-1.0187672599961641,-0.881783310076179,1.264910530283963
-1.4093672402198774,0.2038927939819391,-1.3756004365586891,0.11539891724392648
0.19982152376458176,0.6680670573981254,0.9071867782647232,0.11539891724392648
-1.1062091612922909,-0.9080841692831948,0.07916781945882172,0.11539891724392648
0.4142675539350311,-1.074601969065629,-0.877588242745568,0.6901547237639447
0.8123236247977483,0.8725799049805174,-1.3455175931358323,-0.17197898601608136
0.20427352832450152,0.7185412913265116,0.9459716572655763,-1.03411269579611
0.4169856198768767,-1.1090805451730388,-1.066834123998221,-0.4593568892760917
-1.779352250752154,-2.251890961449651,-1.3455175931358323,0.4027768205039343
0.40002113934328787,-1.0662396278455446,-0.828806939362107,0.6901547237639447
0.21284949500308373,-0.649752151284383,-1.1554607694995667,0.6901547237639447
0.5360650260532561,0.589804120338397,0.6783762657192822,-0.17197898601608136
2.2325599426180363,0.2338256871697166,-0.8412361908955529,-0.4593568892760917
0.662267639525507,-0.279064574328585,-0.7746765352559712,-1.6088685023161269
0.2272364992125087,0.6534007974121379,0.8751233640203514,-0.7467347925360995
0.46398941538845023,1.1698504144041173,-1.3455175931358323,0.4027768205039343
-2.1323727807508415,-1.8864780920326714,-0.7680174506828453,-0.4593568892760917
0.20249272650053363,0.6681528250003855,1.011689180429868,0.6901547237639447
0.24270135715749278,0.6458532484135,0.8420774618881411,-0.17197898601608136
0.2511367342183932,0.6482118574755793,0.8027623513287723,-0.17197898601608136
-2.1327945496038865,-1.1486622936147532,0.5001560818745917,0.9775326270239525
0.2573695406022809,-0.9151171126682904,-1.253522417733327,0.6901547237639447
-1.4260036783122092,-1.9715595534718575,-1.3455175931358323,-0.7467347925360995
0.2645864743099405,-0.14037836147862923,-0.5366181605281797,0.11539891724392648
0.15108378963493416,0.6873647679060054,0.975742599771659,1.264910530283963
0.23375048483175948,0.6406214246758113,0.8417811560172057,-0.7467347925360995
0.4974966076025831,0.37632855832012446,0.19723791150363723,-0.4593568892760917
0.127324144246731,0.0995136220348791,-0.19800293023243548,-0.7467347925360995
0.1707194729044749,0.655502103667443,1.0346138978127606,-0.17197898601608136
-0.5650328596296273,-0.7000548500082551,0.07018507305572903,0.11539891724392648
0.1925108636451346,0.6617631386322222,0.9429930035103842,-0.17197898601608136
-0.7097933026358595,-0.6232070783857693,0.5073453980062337,0.4027768205039343
0.23857739503883033,0.6674666841823292,0.856175383326328,-1.03411269579611
0.25666659251387247,0.6893374227579265,0.8496098690282344,0.4027768205039343
0.24462274859914246,0.6443094315728732,0.9525683616553474,-0.7467347925360995
0.8965368057890722,-1.1126827844678406,-1.3455175931358323,0.11539891724392648
-1.7280839035042361,-1.312478413926086,-0.016133505661488464,-0.17197898601608136
0.19297949570407366,0.6564884310934035,0.923296460616103,-1.03411269579611
0.25085555498303014,0.6137761651692933,0.8280263255874701,-0.4593568892760917
0.2128963582089775,0.6726985079200178,0.8951785929689227,-0.4593568892760917
0.23768699412684638,0.6542584734347143,0.7138082098648143,-1.3214905990561177
0.24996515407104616,0.639892400056625,0.7384483822899638,-0.7467347925360995
-1.9906584461277124,-2.124997793910061,-1.3455175931358323,-0.17197898601608136
0.20731963670760448,0.6840198314179778,0.8605575912070035,-0.4593568892760917
0.22484647571191996,0.6736848353459784,0.7841418665973618,-0.7467347925360995
-0.6590404506527747,-0.6396744580191578,0.2769130006935675,0.11539891724392648
0.23768699412684638,0.6627494660581768,0.7372007786228678,-0.4593568892760917
0.27110045992919124,0.6281851223485129,0.6774717530606377,-0.7467347925360995
0.24532569668755086,0.6568743853035557,0.8287436976960504,0.11539891724392648
0.2548857906899046,0.6290427983710832,0.705698786028689,-0.4593568892760917
-0.943312657605123,0.4428413338706108,-0.7067445155825837,-0.17197898601608136
-2.5943502644528276,-1.4192590787363495,-1.2790203176796056,-1.3214905990561177
0.2777550351661242,-0.6148447371656849,-1.3455175931358323,0.4027768205039343
0.2200195655048491,0.1797063301453986,-0.06266912244417622,0.4027768205039343
0.24795003621760894,0.655630755070827,0.7938107950173573,-0.7467347925360995
0.23323498956692662,0.6698681770455325,0.772445582218335,-0.4593568892760917
0.2373120884796953,0.6361186255573029,0.9028357604757253,-1.03411269579611
0.21556756094492935,0.66120564921755,0.7789955014705898,0.11539891724392648
0.2710067335174037,0.6298575905925298,0.6339615751706582,-0.7467347925360995
0.21978524947537978,0.6529290755997257,0.8373209729073368,-0.4593568892760917
0.27761444554844245,0.6260409322920777,0.6829300191041834,-0.4593568892760917
-1.156446518010543,-1.8934681516166372,-1.3455175931358323,-1.8962464055761359
0.24167036662782707,0.6427656147322404,0.8041035252709009,-0.4593568892760917
0.26252449325060906,0.6145909573907399,0.7328341657880312,-0.7467347925360995
-1.0989922275846316,-0.7930698146562312,-0.4226027804014266,1.5522884335439706
0.26252449325060906,0.6217096683780895,0.7230092869096483,-1.03411269579611
-0.43512805289175915,-0.8285347181896016,-0.38002830526176934,-0.4593568892760917
0.24406039012841582,0.6237252070311345,0.8655480058753882,-1.3214905990561177
0.8688406511057826,-0.8307646758482907,-0.920084742656032,-0.17197898601608136
0.2386711214506183,-0.8023327157000161,-1.3455175931358323,-0.17197898601608136
-1.6546492598685076,-2.071049972090257,-1.3455175931358323,-0.17197898601608136
-2.110019031539455,-0.5385115711567414,-1.0510831277011319,0.4027768205039343
0.24026447045101068,0.62659842170675,0.6589136485125818,-1.03411269579611
2.33579958520228,-0.6463214471940952,-1.3455175931358323,-1.6088685023161269
0.230516923625081,0.6643361666999396,0.8468339508689454,-0.17197898601608136
0.22676786715356964,0.6571316881103298,0.8126808004821869,-0.4593568892760917
0.2531518520718309,0.6597904837803072,0.7602814464641472,0.11539891724392648
0.2545108850427535,0.62269599580405,0.7468697070428629,-0.17197898601608136
-0.6451689417081825,-0.7351766831325972,-0.040056305978057975,0.6901547237639447
-1.5297119529553918,-2.0327118538812714,-1.3455175931358323,0.11539891724392648
0.23384421124354746,0.6413504492949976,0.786793024389941,0.11539891724392648
0.20633550938383294,0.6887799333432543,0.859933789373455,1.264910530283963
-0.3332005800725442,-1.3967021993426958,-1.3455175931358323,-0.17197898601608136
0.20478902358933437,0.651771212969251,0.811433196815091,-0.4593568892760917
0.6834029453836522,0.14943036654859293,-0.7109551779590334,2.9891779498440147
0.26041564898538383,0.6691820362274701,0.8103415436063819,-0.4593568892760917
0.24893416354138045,0.6888228171443782,0.7323663144128701,-0.17197898601608136
-1.3642379729440597,-0.059113558339889065,-0.5270895875207325,-0.17197898601608136
1.9781864610259905,0.5908333315654815,-0.42182302810949157,0.6901547237639447
0.28347234628517903,0.688351095331966,0.7220735841593265,-0.4593568892760917
0.2694602477229051,0.636333044562947,0.7785276500954288,-0.7467347925360995
0.2509492813948177,0.688222443928582,0.8055070793963841,-0.7467347925360995
-0.4501242787778046,0.8828291334502627,-1.3455175931358323,0.4027768205039343
-1.9352661367611321,-1.8663227055022211,-1.1184537257243259,-0.17197898601608136
0.23698404603843798,0.6946121302967453,0.8349817160315314,-0.17197898601608136
0.21345871667970456,0.7072628516296878,0.8903441287589249,0.9775326270239525
-0.908165253184704,0.40360265583792454,-0.9405142527047321,0.4027768205039343
0.46567649080063056,-1.0499437834166703,-0.9556414471682734,0.9775326270239525
-0.9882544720573649,-0.748213358675698,0.4176582893878564,1.264910530283963
-1.2560776937409572,-1.7147284685125486,-1.3455175931358323,0.11539891724392648
-1.274682386480832,0.2514938132347098,-1.3455175931358323,-0.17197898601608136
0.5460000257027613,-0.9977113136420133,-1.0688614799572527,0.6901547237639447
-0.24280145590322688,-0.5959329808679631,-0.9582926049608528,-1.03411269579611
0.45953741082853045,-0.29107203864460124,-0.4934042885091354,-0.4593568892760917
0.230516923625081,0.6847917398382881,0.8697586682518379,-0.17197898601608136
0.3815101730152004,-1.2339152902584536,-0.649198796437772,-0.7467347925360995
0.18562197237873274,1.2684402731988165,-1.3455175931358323,-0.4593568892760917
0.26032192257359626,0.690152214979367,0.7008643218186912,-0.4593568892760917
-1.9714913949171102,-1.8851915779988129,-1.1203251312249702,0.11539891724392648
0.28300371422623993,0.6784449372712549,0.7980214573938067,-1.3214905990561177
-1.956260853001596,-0.8649001815466724,-1.1270310009356121,-0.4593568892760917
0.27859857287221396,0.6604766245983635,0.6104130559542174,-0.4593568892760917
0.27006946939952553,0.6459390160157601,0.7342377199135145,0.4027768205039343
0.0014495732157373325,0.4771912585746366,0.3544983537411119,0.11539891724392648
0.21589560338618666,0.6886941657409942,0.8681991636679673,1.5522884335439706
-0.16758601044353047,0.5522379105497215,1.208171162951679,-1.3214905990561177
0.2552138331311619,0.6964132499441462,0.8368531215321757,0.6901547237639447
0.2494496588062133,0.6997153026310499,0.7517041712528607,-0.7467347925360995
-1.584260724615882,-1.5694381502887793,-0.9556414471682734,-0.17197898601608136
0.24232645151034168,0.6628352336604368,0.8940869397602136,-0.4593568892760917
0.23506265459678832,0.673041578329046,0.8234413821108919,0.11539891724392648
-0.602898329991892,-0.7370206865811282,-0.06968689307159233,-0.17197898601608136
-0.33413784419042236,0.27456529824190573,0.41266787471947153,-0.4593568892760917
0.25830680472015904,0.6837196448100736,0.7144320116983622,-1.03411269579611
-0.8792975183540663,-1.663396558561586,-1.3455175931358323,1.264910530283963
0.25530755954294987,0.6978284153813888,0.7735372354270441,-0.17197898601608136
2.592563090294913,0.827380378590956,-0.7895542089860933,-0.4593568892760917
0.4192819169656775,0.7300341500289856,1.082319143033351,-0.4593568892760917
0.1914330099095751,1.1007217269847835,-1.3455175931358323,-1.3214905990561177
0.26875729963449674,0.6833336905999153,0.7134963089480401,-0.7467347925360995
0.2801450586667125,0.672827159323408,0.6963417585254676,-0.7467347925360995
0.22414352762351156,0.6457245970101159,0.7715098794680129,-0.4593568892760917
0.2157081505626111,-1.319682892515696,-1.3455175931358323,-0.17197898601608136
0.25886916319088565,0.6414791006983817,0.6774717530606377,-0.4593568892760917
0.24715336171741253,0.6577749451272622,0.778683600553816,0.4027768205039343
0.2083037640313764,0.6657513321371823,0.8661718077089361,-0.7467347925360995
-0.31740767968630285,-1.5641205589488305,-1.3455175931358323,-0.17197898601608136
0.263414894162593,0.6276276329338406,0.7180188722412637,0.11539891724392648
0.2515585030714385,0.6446525019819014,0.7357972244973846,-0.17197898601608136
0.24237331471623547,0.6481260898733192,0.8769323893376407,-1.03411269579611
0.2563385500726156,0.6388203050284104,0.7819585601799433,-0.4593568892760917
0.21083437714964648,0.6753144197888653,0.9832906019575911,0.11539891724392648
0.21809817406319945,0.6494983715094379,0.9059391745976273,0.11539891724392648
0.21017829226713186,0.6577749451272622,0.7952143491428406,-1.03411269579611
0.9968709296078948,-1.0434254456451229,-0.8667496858876699,-0.17197898601608136
0.19846249079365916,0.6533579136110139,0.9018844626795648,0.6901547237639447
0.249121616364956,0.5818277333284708,0.8072225344386411,-0.4593568892760917
0.17657737364121145,0.6954269225181856,0.9369733158166451,-0.4593568892760917
0.2531518520718309,0.6433231041469126,0.8089379894808986,-1.03411269579611
0.2584005311319466,0.613175791953491,0.8012964170199344,-0.7467347925360995
-1.1064434773217604,1.311667144736469,-1.244617646559428,0.11539891724392648
0.2337036216258657,0.6362901607618231,0.7986452592273551,-0.7467347925360995
2.581175331262698,0.2915043996877125,-1.3455175931358323,0.11539891724392648
0.21453657041526406,0.6946121302967453,0.8917476828844082,-1.03411269579611
0.25929093204393056,0.6386058860227662,0.7838299656805876,-1.3214905990561177
0.21880112215160785,0.6509135369466806,0.8370090719905626,-0.4593568892760917
0.1978064059111445,0.6551590332584148,0.9266805855631012,-0.4593568892760917
-0.16903876982624105,-1.3029582100755333,-1.3455175931358323,-0.4593568892760917
0.3952410923421108,0.7129663971797947,1.0997855943726977,-1.03411269579611
-1.8898088270440574,-1.957150596292638,-1.3455175931358323,0.6901547237639447
3.163169485258941,-2.8888440596130507,-1.3455175931358323,-0.17197898601608136
0.5147891305774293,-1.0058592358564473,-0.8628509244279943,1.5522884335439706
0.25282380963057355,0.6627065822570527,0.7354853235806104,-0.17197898601608136
-0.5361651247989901,0.7373672800219794,-1.3455175931358323,-0.17197898601608136
-0.6035544148744065,0.7398545404874366,-1.3587733820987293,0.4027768205039343
0.23253204147851822,0.6952125035125476,0.7501446666689906,-0.17197898601608136
-1.083621096051435,1.4054969016058854,-1.3455175931358323,-1.03411269579611
-1.0842303177280557,1.4252663339261837,-1.3455175931358323,-0.17197898601608136
-1.1450587589783272,1.3887722191657288,-1.3455175931358323,1.5522884335439706
0.19719718423452368,0.7046469397608405,0.8076903858138023,-0.4593568892760917
-1.1322651037692948,1.3924602260627845,-1.3455175931358323,-0.17197898601608136
0.22915789065415795,0.7063194080048573,0.8179831160673458,-0.4593568892760917
-0.1463101149677036,-0.9535838822806604,-0.7897101594444803,-0.4593568892760917
-1.1220489248844263,1.3653576637494986,-1.26286385019071,1.264910530283963
-1.1022257887913098,1.4061830424239479,-1.3455175931358323,-0.17197898601608136
0.05206183558114081,0.05795921874124354,-0.2693034798069825,0.9775326270239525
0.24363862127537053,0.6985145561994514,0.7816466592631695,-0.4593568892760917
0.22315940029974005,0.6794312646972154,0.8373209729073368,-0.17197898601608136
-0.0729223345378689,-0.7102183108757404,-1.3455175931358323,1.8396663368039785
0.23009515477203613,0.6623635118480246,0.7412554905409303,-0.17197898601608136
0.5814286093585435,0.5008631167976348,0.2295820365731059,-0.17197898601608136
-0.6266111121742013,-0.6274096908963734,-0.04910143256450532,0.11539891724392648
0.26154036592683755,0.6281851223485129,0.6902596906483734,-0.17197898601608136
0.24968397483568264,0.6179358938787736,0.7666754152580151,0.11539891724392648
-1.356646133589249,0.11606676927052159,-1.3455175931358323,-0.17197898601608136
0.11523343712610719,0.4712304102177616,0.3311057849830583,-0.7467347925360995
2.3798509987425382,-1.0370357592769535,-1.3455175931358323,0.4027768205039343
0.23150105094885293,0.6677668707902273,0.791315587683165,0.11539891724392648
0.21955093344591045,0.6610341140130359,0.7618409510480173,-1.03411269579611
-0.14401381787890286,0.11563793125923942,0.13055349549734602,-1.03411269579611
0.20746022632528624,0.6658799835405663,0.9357257121495487,-0.17197898601608136
3.0169562828699985,1.2014557758359117,-1.3455175931358323,0.11539891724392648
0.3338971558270065,1.0796228968295027,-1.1211048835169053,0.4027768205039343
-0.9145855123921671,-0.5395407823838259,0.9843822551663002,1.264910530283963
-1.5169182977463593,-0.09758032795226504,-1.1105002523465877,1.264910530283963
-0.14101457270169368,-1.2204926605051947,-0.9901064984718055,0.11539891724392648
0.23093869247812587,0.636075741756179,0.7785276500954288,-0.17197898601608136
0.31069986890953,0.6355611361426368,0.8522922169124912,-1.03411269579611
0.24096741853941908,0.653615216417782,0.9020404131379517,-0.4593568892760917
-1.8029244433167815,-2.2311780855045282,-1.3455175931358323,0.6901547237639447
-0.48550599922769294,0.37782949135962113,0.972530020328886,-1.03411269579611
0.21444284400347607,0.6636500258818833,0.8309270041134689,0.4027768205039343
-1.2154941574368467,-1.9448858291698536,-1.3455175931358323,-0.17197898601608136
-0.5750147224850263,-0.6919926953960749,0.13959862208379337,-0.4593568892760917
-1.3643316993558474,-1.1386274841506583,-0.12146244525608427,-0.17197898601608136
0.19916543888206714,0.6664374729552386,0.8937750388434395,1.264910530283963
-0.2829163601483985,-1.3991465760070292,-1.3455175931358323,1.5522884335439706
0.7271731796885471,0.8424325927871018,1.4188602322325476,0.11539891724392648
-0.7519233247344683,-1.2074559849620938,-0.9556414471682734,1.8396663368039785
0.24073310250994934,0.6444809667773873,0.7588778923386639,-1.3214905990561177
0.2763491389893074,-0.9909785568648157,-0.7039374073316172,-0.17197898601608136
-0.491645079199793,-1.2926232140035339,-1.3455175931358323,0.4027768205039343
0.29828111934764845,-1.4506929049636297,-1.3455175931358323,0.11539891724392648
0.23178223018421604,0.6426369633288563,0.7747848390941405,-1.03411269579611
0.22217527297596812,0.6559738254798552,0.8181390665257331,0.6901547237639447
0.24645041362900413,0.6374909071934216,0.7992690610609031,0.4027768205039343
-0.7660760129144236,-0.8254899683094721,-0.36318565575597084,0.9775326270239525
0.26144663951504954,0.6567028500990416,0.772445582218335,-0.4593568892760917
0.311496543409726,0.6907525881951693,1.16933949881331,-0.17197898601608136
0.23998329121564715,0.6271559111214223,0.7526398740031829,-0.4593568892760917
0.2043672547362895,0.672912926925662,0.7396959859570602,-0.4593568892760917
0.2877368980215228,0.6115033237094802,0.7203581291170691,-0.17197898601608136
0.19991525017636974,0.698042834387033,0.8867572682160231,0.9775326270239525
0.2276582680655536,0.6706829692669728,0.8120569986486389,-0.7467347925360995
-1.0727019690781583,1.3924602260627845,-1.2411867364749136,0.4027768205039343
-1.0907443033473065,1.3415571541231164,-1.1076931440956213,-0.17197898601608136
-0.5840593212225476,-0.904739232795161,-0.2833390210618147,0.4027768205039343
0.12394999342237073,0.7749763736117788,1.1729263593562118,-0.7467347925360995
-0.88740485297371,-1.6389099081171472,-1.3455175931358323,0.6901547237639447
0.1888555335854112,0.6958557605294738,1.06454079077723,-1.03411269579611
0.21181850447341802,0.680632011128814,0.8861334663824751,-0.17197898601608136
-0.18497225983016422,-1.2300986319580076,-1.335224862882289,-0.17197898601608136
0.19288576929228568,0.6740707895561366,0.9617694387001815,-0.17197898601608136
0.8692155567529337,-1.005130211237261,-0.8233954584560774,0.11539891724392648
0.18759022702627617,0.707520154436462,1.0082426752995148,-1.3214905990561177
-0.5205128140304301,-1.6835519450920424,-1.3455175931358323,2.4144221433239967
0.19565069844002553,0.6582466669396744,0.9260567837295532,-0.4593568892760917
0.1964942361461157,0.6582466669396744,0.976584732246949,-0.4593568892760917
-0.9945341416471464,0.41796872921601397,-1.3455175931358323,-0.17197898601608136
0.16570510987382847,0.6898091445703387,0.9060951250560142,-0.4593568892760917
0.19157359952725686,0.7100502987030493,0.9697229120779199,-0.4593568892760917
0.23117300850759562,0.6638644448875213,0.8972059489279539,-0.4593568892760917
-1.7026840459097468,-2.1106746043331017,-1.3455175931358323,0.4027768205039343
0.19485402393982915,0.6758719092035376,0.8706943710021601,0.4027768205039343
2.1818539538408452,0.935576208838462,0.037762972757066936,1.8396663368039785
0.27798935119559354,0.755764430706159,1.201153392324263,0.4027768205039343
0.20872553288442128,0.6852634616507064,0.9938952331279084,0.4027768205039343
0.246965908893837,0.6398066324543649,0.8544755233299093,-0.7467347925360995
0.23956152236260228,0.6447811533852854,0.9322948020650342,-0.7467347925360995
0.22020701832842465,0.6513423749579689,0.8674194113760325,0.4027768205039343
0.19700973141094813,0.6774157260441703,0.9332305048153564,-0.4593568892760917
0.2000558397940511,0.6894660741613106,0.931515049773099,1.264910530283963
0.25512010671937435,0.6283137737518969,0.8763085875040927,-0.7467347925360995
0.207600815942968,0.6860782538721468,0.8655480058753882,-0.7467347925360995
0.27902034172525925,0.6157488200212083,0.6601612521796782,-0.7467347925360995
0.18332567528993196,0.711465464140292,0.9162319048511708,-0.7467347925360995
-1.692139824583621,-0.8439728865959055,-1.3455175931358323,0.11539891724392648
0.19532265599876822,0.7049471263687447,1.0526885559398165,-0.7467347925360995
-0.20905994765962468,-1.2445933567394811,-1.3455175931358323,1.5522884335439706
0.1620966430199989,0.7061049889992131,1.0210306128872506,0.11539891724392648
0.2902675111397933,0.6063572675740456,0.8356055178650797,-0.7467347925360995
0.17685855287657498,0.6746711627719328,0.937597117650193,-0.17197898601608136
-1.8501156916519306,-1.1701470779801926,-0.059082261901274837,0.11539891724392648
0.2265804143299941,0.6573032233148439,0.8487053563695893,-1.3214905990561177
0.22353430594689114,0.6626636984559227,0.8940869397602136,0.6901547237639447
-1.7367067333887123,-2.196356438988084,-1.3455175931358323,0.4027768205039343
0.33600600009223175,0.6697395256421423,0.9368173653582578,-0.4593568892760917
-0.6872521006008976,0.7758340496343493,-0.7571165136415924,-0.17197898601608136
-0.6154576691714553,0.8255363751424251,-0.7196884036287067,0.6901547237639447
0.16715786925653908,0.7230012066438899,1.0414601229359508,-0.17197898601608136
1.2657251418211528,0.11756770231002438,-0.7631985815186862,0.11539891724392648
1.2533063922592713,0.07035263726741191,-0.6749306220716309,3.563933756364033
-1.1015697039087957,-0.7043003463199893,0.9397804240676112,0.4027768205039343
1.170920876297809,0.9349758356226657,0.43995920493720064,-0.17197898601608136
0.4856402165114286,-1.084293708120696,-0.7605474237261068,0.9775326270239525
0.18327881208403818,0.700187024443462,1.050973100897559,0.4027768205039343
0.07132261320353044,0.2602421086649463,-0.5769937342045801,-0.4593568892760917
0.16345567599092192,0.7112510451346479,1.115068739294626,-1.03411269579611
0.1911049674683178,0.6817041061570286,1.0940154274123777,-1.3214905990561177
0.24752826736456363,0.6936258028707847,0.8616492444157126,0.11539891724392648
-0.6358431637352981,-0.7477845206644098,0.5965334651577724,-1.3214905990561177
-0.29763140679908034,-0.6148876209668149,-0.14688236997316906,0.9775326270239525
0.1538018555767798,0.694183292285457,1.03101144222402,-0.7467347925360995
0.1770928689060443,0.7087209008680605,1.0099581303417717,-0.7467347925360995
0.20656982541330227,0.6616773710299622,0.9159200039343965,1.264910530283963
-0.205076575158644,0.4540340059651806,0.6119725605380879,-1.03411269579611
0.18768395343806374,0.7062765242037272,0.94508273965277,-0.4593568892760917
-2.810436506829563,2.374027550095787,-1.3043466721216581,-0.17197898601608136
0.19565069844002553,0.7138669570034952,1.001848706505647,0.4027768205039343
-0.26065633734879967,-1.296740058911884,-1.3455175931358323,-0.4593568892760917
-0.24148928613819803,-1.3005996010134602,-1.3455175931358323,0.6901547237639447
0.15928485066636527,0.6949123169046434,0.9767406827053359,-0.7467347925360995
-0.5511613506850356,0.4402683058028935,0.9166997562263318,-1.03411269579611
-1.7438768038904777,-2.1469543000879123,-1.3455175931358323,0.11539891724392648
-0.02798052008562644,1.0735333970692376,-1.3455175931358323,0.11539891724392648
0.19700973141094813,0.6904095177861411,1.0283602844314408,0.11539891724392648
-1.3482107565283485,-2.051066120764321,-1.3455175931358323,0.9775326270239525
-0.39655963444108616,0.5498793014876483,-1.4225571195790219,0.11539891724392648
-1.3213112763452546,0.24295993681011133,-1.356590075681311,-0.17197898601608136
0.19391675982195142,0.6900235635759829,0.9812632459985594,-0.7467347925360995
0.18805885908521483,0.6997153026310499,0.9223139727282644,0.11539891724392648
0.1978532691170383,0.6867215108890792,1.0336626000165996,0.4027768205039343
-1.9435609242043508,-2.173628024389916,-1.3455175931358323,0.9775326270239525
0.20694473106045336,0.674885581777577,0.9483576992788977,0.9775326270239525
0.18440352902549148,0.6808035463333281,0.9653562992430833,0.11539891724392648
-0.9446716905760455,-0.645849725381677,0.9054713232224662,-0.4593568892760917
0.19761895308756897,0.6916102642177396,1.0614217816094897,0.6901547237639447
-1.358895567472156,0.2595988516480139,-1.3455175931358323,0.4027768205039343
-1.3903876418328514,0.24343165862252963,-1.3455175931358323,-0.17197898601608136
-0.3863903187621116,-0.31208510119762206,-0.47125932341817806,-0.17197898601608136
-1.3499446951464227,0.26933347450421097,-1.3455175931358323,-0.4593568892760917
-1.3997602830116296,0.217143888530684,-1.3455175931358323,0.9775326270239525
-1.3427746246446572,0.24411779944058595,-1.3455175931358323,-0.17197898601608136
-1.2936619848678585,0.25458144691596934,-1.3455175931358323,0.11539891724392648
0.21252145256182642,0.7040036827439141,0.9355697616911618,0.11539891724392648
-1.3778283026532883,0.26208611211347727,-1.3455175931358323,1.5522884335439706
-1.3672372181212686,0.21435644145732252,-1.3455175931358323,0.4027768205039343
-1.2748698393044078,0.2342974089821288,-1.3455175931358323,0.11539891724392648
-1.363206982414394,0.21204071619637938,-1.3455175931358323,3.563933756364033
-1.3437587519684289,0.2028635827548546,-1.3455175931358323,1.5522884335439706
-1.3201865594038014,0.288674068813221,-1.3455175931358323,1.8396663368039785
-1.3230452149633287,0.24883501756473236,-1.3299225472971299,4.426067466144059
0.20619491976615117,0.6815325709525145,0.8951785929689227,-0.7467347925360995
0.18557510917283854,0.7014735384773207,0.8443387435347527,-0.4593568892760917
0.3888208331346476,-1.0349773368227846,-0.9556414471682734,0.11539891724392648
-0.49230116408230723,-0.43777752230561323,0.4772313644916993,0.4027768205039343
0.6124051884544057,-1.0709997297708211,-0.9556414471682734,-0.17197898601608136
0.174609118993668,0.6850490426450623,0.9157640534760096,-0.4593568892760917
-0.28619678456097075,-0.5622263131808697,-0.35850714200435996,0.9775326270239525
0.2225970418290134,0.6838054124123337,0.8579064334144239,-0.17197898601608136
0.36356156515784005,-1.076531740116414,-0.873767456515086,0.11539891724392648
0.19522892958698024,0.6874505355082655,0.9285519910637455,-0.4593568892760917
2.630522287068966,0.3883360226361346,-1.3455175931358323,1.264910530283963
-2.6068627404264966,-1.419988103355536,-0.9790340159263269,-0.4593568892760917
0.20563256129542454,0.6779732154588366,0.9617694387001815,1.264910530283963
0.1896522080856072,0.6904952853883951,0.8934631379266652,-0.7467347925360995
0.23426598009659233,0.6515567939636069,0.8064427821467063,-0.7467347925360995
-1.698653810202872,-1.4759514638283848,-0.5431524847345959,1.5522884335439706
3.173479390555597,-2.825590452948338,-1.3455175931358323,-1.03411269579611
0.213974211944537,0.6865928594856952,1.0076188734659663,-0.7467347925360995
0.1950414767634047,0.6955126901204457,0.8282758463208892,0.11539891724392648
0.21837935329856298,0.684620204633774,0.9006368590124684,-0.4593568892760917
-1.1040534538211721,-1.796679412469339,-1.3455175931358323,0.11539891724392648
0.20736649991349826,0.7125375591685065,0.8304591527383078,0.11539891724392648
0.18201350552490272,0.7010875842671687,0.9768966331637228,-1.03411269579611
0.24860612110012315,0.6645505857055837,0.7091296961132034,-0.4593568892760917
0.19382303341016385,0.7049900101698686,0.9343221580240655,-0.7467347925360995
0.2136461695032801,0.6800745217141417,0.8148641068996054,-0.17197898601608136
-0.1481377799975653,0.6146338411918699,1.2367100968365043,-0.4593568892760917
1.7522589454115383,0.628613960359795,0.5315021240103838,0.4027768205039343
0.21589560338618666,0.6397637486532409,0.897049998469567,0.11539891724392648
-1.1649756214832312,-1.7885314902549048,-1.3455175931358323,0.6901547237639447
-0.42955133139038615,-1.7217185280965142,-1.3455175931358323,-0.17197898601608136
1.129774981522972,0.539587189216779,0.4697457424891223,-0.17197898601608136
0.18402862337834036,0.6963274823418861,0.9093700846821418,-0.7467347925360995
0.24242017792212966,0.6680241735970015,0.6091654522871214,0.6901547237639447
0.08172624491197433,0.6595760647746631,1.3953117130161072,-1.03411269579611
0.2218472305347108,0.6579464803317763,0.8583742847895849,-0.7467347925360995
0.29809366652407293,-1.250211134687328,-1.3455175931358323,1.264910530283963
2.1617027753064715,0.9820193654607581,0.09718009740252295,-0.17197898601608136
-1.1364359290938513,0.28674429776243604,-1.3455175931358323,0.11539891724392648
0.2187073957398203,0.6906239367917852,0.7952143491428406,-0.4593568892760917
0.29612541187652947,-0.7146353423919887,-1.1862921751226814,0.11539891724392648
0.3642645132462485,1.0414563138250248,-0.9375511939953787,0.11539891724392648
0.17742091134730162,0.7182839885197435,0.9973261432124229,-0.4593568892760917
0.22845494256574955,0.6946978978989993,0.7704182262593038,-1.03411269579611
0.23431284330248614,0.670940272073747,0.909681985598916,0.11539891724392648
-0.5268393468261058,0.4291614013105838,0.9658241506182443,-0.7467347925360995
0.2225970418290134,0.6750142331809671,0.8513565141621691,-1.03411269579611
-1.2248199354097313,-1.7747229062914875,-1.3455175931358323,1.5522884335439706
0.2107406507378585,0.6681099411992555,0.8652361049586139,-0.17197898601608136
-0.3211567361578142,-1.5829894314454223,-1.3455175931358323,0.4027768205039343
-0.8433534394334514,-0.6969243325258654,0.40112754079883184,4.7134453694040666
0.21205282050288776,0.7401547270953408,0.8630527985411958,-0.4593568892760917
-0.23099192801796617,-1.5288700744211043,-1.3455175931358323,0.11539891724392648
-0.650651936797768,0.6682814764037696,-1.3455175931358323,-0.17197898601608136
0.20956907059051144,0.6727413917211479,0.8385685765744332,-0.4593568892760917
2.1677481288667835,-0.0795691314782437,-0.7649140365609436,0.11539891724392648
0.14311704463297278,0.7233871608540481,1.0517528531894942,-0.17197898601608136
-1.0125764759162947,-0.9362159428235713,-0.42041947398400853,0.4027768205039343
-0.30269263303562094,-0.6600871473563824,-0.4392894794488383,0.11539891724392648
-0.7348182545831977,-0.3683057644772452,0.8680432132095804,0.4027768205039343
0.23337557918460838,0.6874505355082655,0.8359174187818535,-0.17197898601608136
-1.6307490248626226,-0.4189515336101454,-1.0688614799572527,-0.4593568892760917
-1.5350543584272955,-0.4495276838148553,-1.297796752869403,2.9891779498440147
-1.5580173293153026,-0.48906654845543973,-1.3455175931358323,3.2765558531040226
-1.281336961717765,-1.5009098360852478,-1.3455175931358323,0.11539891724392648
0.18346626490761372,0.682561782179599,0.9812632459985594,2.127044240063989
0.1996809341469,0.6925965916437002,0.9469541451534144,-0.17197898601608136
0.18393489696655238,0.7230440904450199,1.0466064880627222,-0.17197898601608136
-1.7412993275663136,-1.9392680512220069,-1.3455175931358323,0.4027768205039343
3.1754007819972463,-2.7763169654515503,-1.3455175931358323,0.11539891724392648
-1.7738692556625684,-0.12695573172537025,-1.3455175931358323,-0.17197898601608136
0.9867953403407083,0.5380004885750221,0.509513109377813,0.4027768205039343
0.14367940310369945,0.7148104006283257,1.031479293599181,0.11539891724392648
-1.8811859971595808,-2.1142339598267794,-1.3455175931358323,1.264910530283963
0.15394244519446157,0.7356519279768324,1.5208518320176614,0.11539891724392648
-0.8474774015521138,0.5253926510432096,-1.3455175931358323,0.11539891724392648
3.187304036294295,-2.831551301305213,-1.3455175931358323,-0.7467347925360995
3.109745430539904,-2.828034829612665,-1.3455175931358323,0.4027768205039343
-0.6284856404099572,0.6683672440060296,-1.3455175931358323,0.9775326270239525
0.6034074529227786,-0.31641636511161636,-0.3073553916534164,-1.03411269579611
3.0324211408149826,-2.8502915223984204,-1.3455175931358323,-0.7467347925360995
3.1266161846617053,-2.8769223628992946,-1.3455175931358323,0.4027768205039343
0.18163859987775163,0.7028887039145696,1.035066154142083,0.4027768205039343
3.1061369636860743,-2.8648720147821543,-1.3455175931358323,0.4027768205039343
0.23009515477203613,0.8603580216588631,1.1607622236020239,-0.4593568892760917
3.1800871025866355,-2.7940708591187975,-1.3455175931358323,-0.4593568892760917
3.1836018430286774,-2.7543604592736988,-1.3455175931358323,0.11539891724392648
3.167105994554028,-2.762722800493777,-1.3455175931358323,0.4027768205039343
3.143955570842445,-2.835753913815817,-1.3455175931358323,-0.17197898601608136
3.2068928563579417,-2.7614362864599187,-1.3455175931358323,0.6901547237639447
3.185710687293903,-2.85337915607968,-1.3455175931358323,-0.17197898601608136
3.1520160422561947,-2.9023953407696936,-1.3455175931358323,-0.17197898601608136
3.1374415852231943,-2.833652607560518,-1.3455175931358323,1.5522884335439706
3.161435546640867,-2.823746449499807,-1.3455175931358323,-0.4593568892760917
3.1893191541477326,-2.7652100609592405,-1.3455175931358323,3.563933756364033
3.1182745340125924,-2.8363114032304892,-1.3455175931358323,0.11539891724392648
3.1413312313123876,-2.8329235829413317,-1.3455175931358323,1.264910530283963
3.1597484712286863,-2.7842933524614764,-1.3455175931358323,-0.7467347925360995
3.1720266311728866,-2.8131112668199094,-1.3455175931358323,-0.17197898601608136
3.1305995571626863,-2.8050491122077292,-1.3455175931358323,-0.7467347925360995
3.1289593449563995,-2.812339358399593,-1.3455175931358323,-0.4593568892760917
3.1972858991496937,-2.785408331290821,-1.3455175931358323,4.426067466144059
3.1791029752628637,-2.833566839958258,-1.3455175931358323,0.4027768205039343
0.3286484767668904,-1.4325101732850944,-1.3455175931358323,1.264910530283963
0.17418735014062312,0.7254455833082232,1.0654764935275522,-1.03411269579611
0.36674826315862474,-0.9043532785850028,-1.3455175931358323,0.11539891724392648
-0.01649903464162305,-1.2776567674096482,-0.9556414471682734,0.4027768205039343
0.19855621720544672,0.6815754547536444,0.9806394441650115,-1.03411269579611
0.037768557783503805,0.827594797596594,1.4636180137896235,-0.4593568892760917
-0.6281107347628061,-0.35561215934317264,0.5832776761948755,-0.17197898601608136
1.089472624454225,-1.1180861434100495,-1.3455175931358323,1.5522884335439706
0.42312469984897644,-1.0909406972956335,-0.9448808655395687,-0.17197898601608136
-0.5773578827797209,0.8624164441130382,-0.7546213063074,-0.17197898601608136
-0.7372551412896803,-0.7126198037389436,0.006728831538049099,0.6901547237639447
0.3984746535487893,-1.0331333333742536,-0.8246430621231736,0.9775326270239525
0.19330753814533097,0.7164828688723426,1.0269567303059575,-0.17197898601608136
0.18252900078973558,0.6744996275674188,1.0253972257220874,0.11539891724392648
0.07811777805814474,0.7962467389715738,1.1917963648210412,-1.03411269579611
3.139831608723783,-2.781205718780211,-1.2848528648232802,0.6901547237639447
0.308544161438411,0.997414650065932,-1.3455175931358323,-0.17197898601608136
-1.4103045043377553,-1.9730604865113603,-1.3455175931358323,-1.03411269579611
0.5108526212823423,0.6608196950073918,0.9199747158524595,-0.17197898601608136
3.1820084940282856,-2.8063356262415877,-1.3455175931358323,0.11539891724392648
3.1826177157049056,-2.8092946085194574,-1.3994764517377425,0.6901547237639447
3.161248093817291,-2.808865770508175,-1.3455175931358323,0.4027768205039343
3.1510787781383165,-2.7823635814106855,-1.3455175931358323,0.4027768205039343
3.1297560194565954,-2.8147837350639264,-1.3455175931358323,-0.4593568892760917
0.17662423684710524,0.6741994409595207,1.0110497835504813,-0.4593568892760917
0.19546324561644998,0.7116798831459361,1.1163163429617222,-0.7467347925360995
0.16996966161017268,0.6951696197114176,0.8468339508689454,-1.03411269579611
-2.3946192809330604,-1.1989221085375015,-1.3455175931358323,-3.620513825136188
-0.03557235944043713,0.20843847690157144,-1.3455175931358323,0.11539891724392648
0.23407852727301678,0.698042834387033,0.8122129491070262,-0.4593568892760917
0.19790013232293208,0.6872790003037514,0.7810228574296215,2.4144221433239967
0.5723371474151283,0.3879500684259764,1.85676911938331,-0.4593568892760917
1.8608409934676857,-0.9797858847702459,-1.3455175931358323,0.11539891724392648
-0.10783542292881856,-1.2056548653146928,-1.3455175931358323,0.11539891724392648
-0.984317962762278,0.40132981437810533,-0.7368429540512792,-0.4593568892760917
-0.6861742468653381,-0.6127005471092558,0.49594541949814236,-0.17197898601608136
-1.3746884678583975,-0.000148331788040605,-0.7564927118080442,1.8396663368039785
-1.704792890174972,-2.1706261583109105,-1.3455175931358323,-1.03411269579611
-1.8960416334279446,-2.05724138812684,-1.3455175931358323,0.4027768205039343
0.47561149045013534,0.31539067691635486,0.2511031998305151,-1.03411269579611
-1.6011314787376831,-0.4387638497315677,-0.47515808487785366,0.11539891724392648
0.04521980752063231,0.28438568870035674,0.05242231584544712,-1.3214905990561177
0.32532118914842434,-0.5905296219257603,-0.4065398831875634,-1.03411269579611
2.3087126521956103,-0.006838204764102017,-1.2681661657758687,-1.3214905990561177
-1.1574775085402085,-0.7012555964398536,-0.226105202833777,-0.17197898601608136
0.26439902148636496,-0.7055868603538479,-0.5702878644939381,0.6901547237639447
0.16434607690290587,0.6627923498593068,1.0138568918014474,-0.7467347925360995
-2.479910315659944,-1.1468611739673524,-1.3213452720858436,1.264910530283963
0.17929543958305708,0.7622398846765762,1.0447350825620783,-1.03411269579611
0.18777767984985172,0.7135238865944671,0.998261845962745,0.4027768205039343
-2.3819193521358155,-1.2400905576209726,-1.3455175931358323,-3.045758018616171
-2.2013554198266503,-1.7705631775820134,-0.9556414471682734,-0.17197898601608136
0.31360538767495116,1.0663289184796279,-0.7738032126890039,-0.4593568892760917
0.42312469984897644,0.48070773026718444,0.09920745336155419,0.11539891724392648
0.18908984961488057,0.69980107023331,0.9962344900037138,0.11539891724392648
-1.4266597631947235,0.20998229374220428,-0.7717758567299725,-0.17197898601608136
-2.1088943145980017,-0.5065631393159188,-0.9422297077469893,0.11539891724392648
-0.4447818733059009,-0.6618882670037833,0.3638553812443332,-1.03411269579611
-0.494691187582896,-0.5664718094926039,-1.3455175931358323,-2.183624308836144
0.186746689320186,0.6584610859453185,1.0512850018143332,-1.03411269579611
-0.5495211384787495,-0.4056575552602766,0.21445484210956464,2.4144221433239967
0.461177623034817,0.6716692966929334,0.85026486095346,-0.4593568892760917
0.17788954340624027,0.7281901465804547,1.0779525301985142,-0.7467347925360995
0.18112310461291878,0.7204710623773026,0.8395042793247554,-0.17197898601608136
0.6589403519070406,-0.17983145851695964,-0.9556414471682734,0.11539891724392648
2.73376192965321,-1.1958344748562357,-1.2812660042803785,0.11539891724392648
-0.9872234815276992,-0.7518584817716298,0.03027735075448974,-0.4593568892760917
0.20136800955908032,0.6922535212346721,0.8237532830276657,-1.03411269579611
0.09672247079801974,0.8131000728151205,1.0820072421165767,-1.03411269579611
2.663560847224159,1.057023133634719,-1.040010645155653,0.11539891724392648
-0.38587482349727875,-1.2686940529737616,-0.9556414471682734,-0.4593568892760917
0.22151918809345392,0.6968849717565584,0.942899433235352,-0.17197898601608136
0.07193183488015086,0.5154436091813684,0.5594172560616609,-0.17197898601608136
-1.060236356310383,-0.8691885616595366,0.10747282765606646,0.9775326270239525
0.16856376543335588,0.6901093311782369,1.1467266823471916,0.11539891724392648
1.3881786988218925,-0.15255736099915346,-1.2455533493097504,-0.17197898601608136
0.8762919008429106,-0.17185507150703347,-0.6467035891035796,0.11539891724392648
0.2135993062973859,0.6939259894786889,0.8830144572147348,0.6901547237639447
0.24705963530562497,0.6563168958888834,0.8820787544644126,-1.03411269579611
0.20230527367695805,0.6936686866719147,0.8905000792173118,1.264910530283963
-1.2909439189260126,-1.4923330758595192,-1.0122514635627629,0.9775326270239525
-0.4182104355640641,-1.3324622652520226,-0.9261668105331259,0.11539891724392648
0.18684041573197357,0.6585897373487026,0.9177914094350409,-0.7467347925360995
-2.0497998119658036,-1.9749473737610153,-0.906828953693135,-0.7467347925360995
-1.038679281599193,-0.6885619913057871,0.9355697616911618,0.4027768205039343
0.16411176087343612,0.690280866382751,0.998261845962745,-1.03411269579611
0.19593187767538864,0.6841913666224919,1.0760811246978699,-0.4593568892760917
0.1925108636451346,0.6827333173841191,0.8488613068279767,-0.4593568892760917
-1.718570672707776,-1.8389199565810308,-1.3455175931358323,-0.17197898601608136
0.5406107570249634,-0.30153568611998466,-0.2998697696508392,-1.3214905990561177
0.21664541468048887,0.6795599161005995,1.2388934032539225,-1.3214905990561177
-0.8836089332963044,-0.7088460292396216,0.5569220487274685,-0.4593568892760917
0.1993997549115369,0.6995866512276658,1.0175997028027362,-1.03411269579611
0.5322222431699568,-0.6338851448667907,-0.8456963740054217,-0.17197898601608136
-0.7598432065305359,-0.6520249927442022,0.13897482025024516,0.11539891724392648
-1.2331147228529502,-0.6523680631532304,1.0266448293891837,-0.17197898601608136
-1.6847354380523862,-0.13591844616125087,-0.7825364383586771,0.6901547237639447
0.19208909479208972,0.7310633612560701,0.9087462828485938,-0.7467347925360995
-2.074449858265991,-1.8974992289227273,-0.8729877042231509,-0.7467347925360995
-1.816561636231904,-0.614930504767945,0.9513207579882511,1.8396663368039785
1.7700201004453233,0.443184404279639,-0.15998220847767908,0.9775326270239525
0.42649885067333665,1.1386738909836112,-0.9801256691350361,1.8396663368039785
0.5475465114972595,0.6217525521792195,0.5042107937926547,1.8396663368039785
0.18384117055476482,0.6983859047960612,1.03101144222402,-0.4593568892760917
1.6082951769055023,-0.046720139813720696,-0.7909577631115764,0.11539891724392648
1.4917463838473928,0.6549446142527707,0.45025193519074436,0.6901547237639447
0.18201350552490272,0.6841055990202318,0.9269924864798754,1.264910530283963
0.1322916440714836,0.7118514183504502,0.9868774625004925,-0.4593568892760917
-1.1447775797429638,0.46458342104282413,-0.9648425242131078,-1.3214905990561177
0.19162046273315064,0.7076916896409761,0.9148283507256875,0.11539891724392648
1.4112353961216868,-0.9671351634373033,-0.708927822000002,-0.17197898601608136
0.08299155147110937,1.0753345167166384,-0.7363751026761182,1.8396663368039785
-0.7450344334680661,-0.23618077319996683,-1.3455175931358323,0.11539891724392648
-0.7041697179285927,-0.17236967712057572,-1.3455175931358323,0.6901547237639447
0.1695947559630216,0.7181553371163595,1.0453588843956263,-0.4593568892760917
0.20582001411900008,0.6892087713545364,1.0735859173636777,0.6901547237639447
0.29542246378812104,1.2837926740028602,-1.3455175931358323,-1.03411269579611
0.25427656901328416,0.6530577270031097,0.6311544669196917,-0.17197898601608136
0.22451843327066265,0.6807177787310741,0.9659801010766312,-0.4593568892760917
-1.295958281956659,0.26290090433491764,-1.0704209845411228,1.8396663368039785
-0.6771296481278168,-0.9032382997556583,0.04462479292609594,-0.4593568892760917
0.9992140899025898,0.4738463220866029,0.9848501065414612,-0.17197898601608136
2.4876832355043836,1.001145540764124,-0.6473273909371277,1.264910530283963
0.2269553199771452,0.6630067688649509,0.7370448281644806,-0.7467347925360995
2.676916860903919,0.30342609640146867,-1.3455175931358323,-0.17197898601608136
0.20586687732489387,0.6781876344644807,0.923405625936974,0.6901547237639447
0.22114428244630283,0.6483833926800934,0.8396602297831423,-0.17197898601608136
0.21392734873864322,0.6811466167423562,0.9157640534760096,-0.4593568892760917
0.2394677959508143,0.6512566073557088,0.8566588297473279,-0.4593568892760917
-1.218821445055313,-0.9139592500378159,-0.3326193659121141,-0.17197898601608136
0.24973083804157684,-0.7392506442398173,-1.3785790903138815,-0.4593568892760917
0.2692259316934358,0.6811466167423562,0.7772800464283328,-0.4593568892760917
-1.1917813752545376,-0.5705457705998179,-0.5868186130829626,0.9775326270239525
0.7193470243042671,0.7702162716865024,-0.7633545319770733,-0.4593568892760917
0.2792077945488348,0.6756574901978935,0.7788395510122029,-1.03411269579611
0.17985779805378374,0.684362901827006,0.8739693306282873,-0.17197898601608136
0.9369797524755008,0.8057240590210029,1.2965950728571212,0.4027768205039343
0.3927104792238407,0.7299483824267256,1.084034598075608,0.9775326270239525
0.21636423544512576,0.7010018166649086,0.8076903858138023,-1.3214905990561177
0.6477869089042941,0.5813988953171887,0.34779248403046975,-0.7467347925360995
0.23492206497910698,0.6732559973346902,0.7704182262593038,-0.4593568892760917
0.17812385943571002,0.7037034961360099,1.0280483835146665,-0.4593568892760917
-1.4281125225774343,-2.0621730252566306,-1.3534710665135705,2.127044240063989
0.0785864101170834,0.7711597153113329,1.2293804252923144,-0.7467347925360995
0.3513302684195341,0.315647979723123,-0.15764295160187364,0.6901547237639447
-0.03411960005772653,-1.254027792987774,-1.3905872756096822,1.5522884335439706
-0.6871583741891096,0.8558552225403608,-1.2290226007207257,2.127044240063989
1.4435710081884725,-0.15877551216280877,-0.3493060649595257,-1.03411269579611
-0.9325341202495275,-1.2734541548990441,-0.801562394281894,-0.17197898601608136
0.4345124588811922,1.1263233562585668,-0.88717919593637,-0.17197898601608136
0.5293635876104293,-0.7570045379070646,-1.3455175931358323,0.11539891724392648
0.20886612250210304,0.6841055990202318,0.9112414901827861,-0.7467347925360995
0.22109741924040863,0.678616472475769,0.8945547911353743,-0.7467347925360995
0.21463029682705162,0.6802031731175258,0.8730336278779651,-0.17197898601608136
2.7806251355471017,0.6892087713545364,-1.3865325636916195,2.127044240063989
-1.363628751267439,-0.03158215801531481,-0.9096360619441014,2.9891779498440147
-1.8447732861800268,-1.33910925442696,-0.06204532061062825,-0.7467347925360995
0.2107406507378585,0.701816608886355,0.9322948020650342,0.6901547237639447
0.12394999342237073,-1.0292309074715476,-1.3455175931358323,-0.17197898601608136
-1.1001638077319789,-0.902809461744376,0.07986959652156335,-0.4593568892760917
0.21163105164984247,0.6880937925251919,0.8696027177934506,-0.4593568892760917
-0.8670193584098667,0.20891019871398975,-1.0025825351427675,-1.3214905990561177
-0.21562079648476967,-0.6639895732590824,-0.49636734721848885,0.6901547237639447
-0.14012417178970973,-1.4330676626997667,-1.40852157832419,2.127044240063989
0.20164918879444343,0.6845773208326501,0.8926833856347304,-1.03411269579611
0.219738386269486,0.6931111972572425,0.686828780563859,-0.4593568892760917
-1.895760454192581,-1.6947017333854821,-1.217326316341699,-0.17197898601608136
-1.7876939014012665,-1.8986142077520718,-1.2678542648590945,0.6901547237639447
-2.1893584391178136,-0.9967249862160527,0.651895877885166,0.6901547237639447
0.18510647711389988,0.732778713301217,0.925121080979231,-0.17197898601608136
0.18065447255398012,0.7229583228427598,0.9533481139472824,-1.3214905990561177
0.2193634806223349,0.6983001371938071,0.8881608223415064,-0.17197898601608136
-1.733754351417397,-0.42092418846206653,-1.3455175931358323,-0.17197898601608136
-0.7752612012696266,-1.1250333191928852,-0.747759486138371,1.264910530283963
3.016300197987484,-3.0186533256293857,-1.3455175931358323,-0.17197898601608136
0.5323159695817448,0.5304958233775142,0.4210891994723709,0.11539891724392648
0.21097496676732824,0.6914816128143556,0.9758049799550137,0.4027768205039343
0.36032800395116155,-0.9343290555739104,-0.5342633086065356,-0.4593568892760917
-1.3896378305385488,0.13870941626643535,-0.5384739709829852,0.11539891724392648
0.19799385873472009,0.6934113838651406,0.8767764388792538,-0.4593568892760917
0.19087065143884846,0.6947407817001293,0.9372852167334189,-0.7467347925360995
0.18974593449739519,0.7111652775323939,0.8714741232940949,-0.17197898601608136
-0.7567502349415391,-1.136311758889715,-0.9364595407866695,0.6901547237639447
-0.027699340850263328,-0.5412561344289728,-1.06480676803919,-2.471002212096153
0.12076329542158602,0.7425991037596681,1.141892218137194,-0.7467347925360995
-0.3966533608528741,0.2801830761897526,0.43278548385139765,-0.4593568892760917
1.5217388356194834,0.4275747006688209,0.6044869385355105,-1.03411269579611
0.5584187752646425,0.5671614733424832,0.8848858627153792,-0.17197898601608136
0.1903551561740156,0.6751857683854812,0.7602814464641472,-0.7467347925360995
0.17798326981802826,0.6704256664602047,0.8139284041492832,-0.17197898601608136
-1.3854670052139926,0.04114876869882078,-0.9375511939953787,1.5522884335439706
-1.364894057826574,0.04406486717557237,-0.9868315388456781,3.2765558531040226
0.16739218528600883,0.7202995271727886,1.0738978182804515,-0.4593568892760917
0.09123947570843427,0.7762200038445075,1.2281328216252179,-0.4593568892760917
0.6030794104815214,0.037460761801764955,-0.34150854204017456,-0.7467347925360995
-0.9602771381387117,-1.7028496555999224,-1.3455175931358323,-0.17197898601608136
-1.5849168094983963,-1.7049509618552214,-1.3455175931358323,0.6901547237639447
0.19419793905731494,0.6978712991825189,0.8608694921237773,0.9775326270239525
0.21458343362115784,0.6423367767209582,0.8596218884566813,-0.7467347925360995
0.7382797594853995,-0.09474999707777354,-0.13658963971962554,-1.03411269579611
0.20989711303176875,0.6213237141679313,0.8689789159599026,-0.7467347925360995
0.48470295239355043,-0.6989827549800405,-1.3455175931358323,0.9775326270239525
0.42017231787766146,-0.7380070140070827,-1.3455175931358323,-0.4593568892760917
0.45597580718059466,-0.674882058745754,-1.3455175931358323,0.6901547237639447
0.4681133775071127,-0.6642468760658565,-1.3455175931358323,1.264910530283963
0.47181557077273023,-0.6517676899374281,-1.3455175931358323,-1.03411269579611
0.4754240376265598,-0.6735955447118953,-1.2207572264262134,4.426067466144059
0.2010868303237168,0.7120229535549643,0.93198290114826,-0.7467347925360995
0.44772788294326976,0.6792168456915713,-1.191750441166227,0.11539891724392648
0.1695947559630216,0.7165257526734665,1.163413381394603,0.11539891724392648
-1.1838146302525758,1.4890774300055687,-1.291090883158761,-1.3214905990561177
-1.165069347895019,-1.1967779184810663,-0.31905167603244317,-2.183624308836144
-1.1237828635025002,-1.8050417536894232,-1.3455175931358323,0.6901547237639447
0.20661668861919605,0.6251832562695073,0.759813595088986,-0.7467347925360995
0.26678904498695327,-0.6929361390209053,-1.0683936285820914,0.4027768205039343
-0.6779263226280132,-1.6609092980961286,-1.3455175931358323,-0.7467347925360995
0.2143022543857943,0.6680241735970015,0.9511648075298642,1.264910530283963
0.20731963670760448,0.6773728422430403,0.6299068632525953,-0.7467347925360995
-0.47425882981315887,0.4080196873541728,0.8184509674425068,-0.7467347925360995
-1.2443150290615903,-0.9234794538883687,0.08298860568930365,-0.4593568892760917
0.08524098535401635,0.2134987654347521,-1.2613043456068396,0.11539891724392648
0.2529643992482553,0.6443951991751272,0.7362650758725456,-0.17197898601608136
0.23065751324276276,0.678616472475769,0.7864811234731672,-0.17197898601608136
0.21997270229895532,0.6750142331809671,0.8154879087331535,-0.17197898601608136
0.1993997549115369,0.698214369591547,0.7117808539057826,0.11539891724392648
-0.29163291644466244,-1.2746549013306425,-1.3542508188055056,0.4027768205039343
0.24499765424629355,0.6634784906773631,0.8643004022082917,-0.7467347925360995
0.2240029380058302,0.6743280923629047,0.8448065949099138,-0.7467347925360995
0.2329538103315635,0.6618917900356063,0.8260925399034711,-0.17197898601608136
0.26988201657595,0.6287426117631851,0.9404042259011596,-0.17197898601608136
0.24574746554059573,0.6543442410369684,0.8619611453324867,-0.4593568892760917
0.2387179846565121,0.6351322981313484,0.8898762773837638,-0.7467347925360995
0.27578678051858074,0.6309725694218743,0.8435589912428179,-0.7467347925360995
0.2624307668388215,0.6566599662979177,0.7832061638470397,-0.7467347925360995
0.21716090994532172,0.6918675670245138,0.9489815011124456,-0.17197898601608136
0.4846560891876566,0.6513852587590928,0.6809026631451521,-0.7467347925360995
0.15075574719367685,0.6909241233996833,1.1641931336865383,-0.17197898601608136
0.10679806006520633,0.470244082791801,0.48565268924459865,-0.4593568892760917
0.22358116915278492,0.6952125035125476,0.8476137031608804,-0.7467347925360995
0.27119418634097925,0.6243255802469369,0.8933071874682783,-1.03411269579611
0.31201203867455884,-0.8651146005523165,-1.1593127458217263,1.8396663368039785
0.3020301758191598,-0.8260474577241443,-0.7444845265122434,-1.3214905990561177
0.22615864547694922,0.6452099913965736,0.8360733692402404,-0.4593568892760917
0.42635826105565533,-0.9406758581409437,-0.8226157061641423,0.11539891724392648
0.6980242656225465,-0.21015030591489536,-0.9955647645153515,-0.7467347925360995
0.26430529507457695,0.6468395758394605,0.925121080979231,-0.4593568892760917
-1.455058865966422,-2.028123287160509,-1.3455175931358323,-0.7467347925360995
0.2796764266077735,0.6016829332510231,0.9084343819318196,0.4027768205039343
0.24499765424629355,0.6444380829762573,0.9689431597859847,-0.4593568892760917
-0.41942887891730535,0.058302289150271705,-0.8092039667428582,-1.3214905990561177
0.21275576859129616,0.6287854955643091,0.8929952865515041,-1.3214905990561177
-1.3087988003715856,0.0709101266820842,-0.6805448385735637,0.11539891724392648
0.2189885749751834,0.6671236137733011,0.8200104720263774,1.5522884335439706
0.23248517827262444,0.655759406474211,0.7604373969225341,0.11539891724392648
0.2419046826572968,0.5827282931521712,0.9859417597501703,-0.7467347925360995
0.158160133724912,0.6940117570809429,1.0704669081959368,-1.03411269579611
0.1943385286749963,0.7004872110513664,0.9098379360573029,-0.4593568892760917
0.24316998921643185,0.6715835290906733,0.9318269506898731,-1.3214905990561177
-1.2831177635417326,0.703875031340524,-1.2692578189845778,-0.17197898601608136
2.8000733659930663,0.532082524019271,-1.0643389166640287,-0.17197898601608136
0.2150520656800965,0.6273274463259364,0.9032880168050477,0.9775326270239525
0.20460157076575883,0.6713691100850292,0.906251075514401,-0.17197898601608136
0.22076937679915132,0.6663945891541146,0.7660516134244671,-0.4593568892760917
0.23557814986162118,0.6404927732724273,0.8268722921954064,-1.3214905990561177
0.2140210751504312,0.657474758519358,0.8271841931121802,-0.17197898601608136
-0.7000457558099298,-1.553656911473447,-0.920396643572806,1.264910530283963
0.2672108138399981,-0.7058870469617461,-1.3723410719784004,0.4027768205039343
-0.1904083917138559,-0.7953855399171804,-0.7985993355725406,-0.17197898601608136
-0.5102966351455618,0.8955227385843293,-0.9556414471682734,0.11539891724392648
-1.6333265011867866,-0.5039901112482015,-0.8706484473473455,0.11539891724392648
0.21673914109227685,0.6716692966929334,0.7978655069354198,-0.17197898601608136
0.21411480156221877,0.6200372001340726,0.85026486095346,-0.4593568892760917
0.23567187627340916,-0.9019089019206695,-1.4125762902422525,1.5522884335439706
-0.3557886453134003,-1.275383925949829,-0.906517052776361,0.11539891724392648
0.25586991801367653,0.6505704665376525,0.8975178498447282,-1.3214905990561177
0.2146771600329454,0.6778445640554526,0.7532636758367313,-0.17197898601608136
0.16373685522628503,0.688179560127452,1.1069593154585005,0.9775326270239525
-1.0984298691139047,1.4426342733832727,-1.250075912602974,0.6901547237639447
-1.1591645839523887,1.4693079976852765,-1.2616162465236138,0.6901547237639447
0.9725957889548589,-1.076188669707386,-0.9352119371195733,0.4027768205039343
0.29153281769892836,0.6101739258744915,0.8154879087331535,-1.3214905990561177
0.22995456515435436,0.6543871248380985,0.7811788078880084,0.11539891724392648
0.21050633470838917,0.6765151662204638,0.9131128956834305,0.11539891724392648
0.219738386269486,0.624754418258219,0.8377888242824979,-1.03411269579611
0.6059849292469426,0.5549395900208289,0.45851730948525665,1.5522884335439706
0.5516236104100282,-1.2342583606674817,-1.3455175931358323,2.127044240063989
0.23323498956692662,0.674928465578707,0.7897560830992945,-1.03411269579611
0.08547530138348568,0.47474688191030945,0.6281914082103383,-0.17197898601608136
0.2494965220121071,0.6199943163329426,0.7312746612041606,-0.7467347925360995
-0.1474816951150507,0.14964478555423097,-1.2131156539652495,0.6901547237639447
-1.0223240227422246,-0.4950273968123209,-1.2594329401061954,0.6901547237639447
0.2258306030356919,0.6563597796900135,0.8672634609176452,-0.17197898601608136
0.2211911456521966,0.6585468535475726,0.7632445051735006,-0.7467347925360995
-1.1302031227099636,-0.7548174640495054,0.6001203257006738,0.4027768205039343
0.27255321931190185,0.6082870386248306,0.7325222648712569,-0.7467347925360995
-1.1476362353024914,1.495510000174862,-1.2609924446900656,-1.03411269579611
0.1949946135575109,0.6735990677437184,0.8883167727998936,-0.4593568892760917
0.2111624195909038,0.6841484828213619,0.9046915709305309,-1.03411269579611
-1.168068593072228,1.4557138327275034,-1.3455175931358323,-0.17197898601608136
-0.15432372317555917,-1.250125367085074,-1.297328901494242,0.11539891724392648
-0.8800473296483685,-0.4580615602394477,-0.8407059593370371,-0.4593568892760917
0.22095682962272686,0.6797314513051136,0.992023827627264,-0.7467347925360995
0.219738386269486,0.6576462937238721,0.7108451511554609,-1.3214905990561177
-0.5003616354960566,0.8804276405870595,-1.3455175931358323,-0.17197898601608136
2.1280081302687632,0.9896955658627801,0.4915788066633055,0.6901547237639447
0.20849121685495195,0.6488979982936356,0.9471100956118013,-1.03411269579611
0.9130795174696158,-1.1515783920914988,-1.0974004138420779,-0.17197898601608136
0.18796513267342727,0.6530577270031097,0.9266805855631012,-0.7467347925360995
0.24930906918853155,0.6417364035051558,0.8034797234373529,-0.7467347925360995
-1.688203315288534,-1.8442804317221095,-1.3455175931358323,1.264910530283963
0.20956907059051144,0.68050335972543,0.8381007251992721,0.6901547237639447
0.21027201867891984,0.6802460569186558,0.9413399286514813,0.11539891724392648
0.2336098952140777,0.6795599161005995,0.7395400354986729,0.4027768205039343
0.21425539117990053,0.6710689234771311,0.8730336278779651,-0.4593568892760917
0.25975956410286966,0.6036984719040681,0.6503363733012953,-1.03411269579611
0.19724404744041787,0.659490297172403,0.8533838701212002,-0.4593568892760917
1.8613096255266244,0.5388152807964686,-0.039432504144509786,-0.7467347925360995
0.3258366844132572,-0.9290543480350917,-1.183641017330102,-1.03411269579611
-0.6308288007046517,-1.6089341311282397,-0.9556414471682734,-0.17197898601608136
-0.426645812624965,0.7215431574055172,-1.3455175931358323,-0.17197898601608136
2.4011737574242593,1.0636272390085264,-0.8987195298570098,0.6901547237639447
0.2351563810085763,0.6406643084769413,0.8327984096141132,-0.4593568892760917
0.1993060284997489,0.6712833424827752,1.057678970608201,-0.4593568892760917
0.1940104862337394,0.6823902469750849,0.8989214039702109,0.4027768205039343
0.1717504634341406,0.7264319107341838,1.1651288364368606,-0.4593568892760917
0.20347685382430555,0.7028887039145696,1.0048117652150004,-0.4593568892760917
0.3493620137719906,1.1028230332400826,-0.6167611010932712,-0.17197898601608136
0.012790469042059374,0.6262553512977218,-0.7054969119154876,0.11539891724392648
-0.41985064777035064,-0.8436726999880074,-0.1024364893328674,0.11539891724392648
0.12287213968681124,0.7533200540418257,1.1535885025162207,-0.7467347925360995
0.18651237329071668,0.6988147428073495,1.2019331446161978,-0.4593568892760917
0.22142546168166594,0.6716264128918034,1.0048117652150004,-0.4593568892760917
0.20849121685495195,0.6221813901905017,0.9095260351405287,1.8396663368039785
0.21177164126752424,0.6178930100776435,0.8565028792889405,0.11539891724392648
0.19522892958698024,0.6905810529906552,0.9157640534760096,5.000823272664078
0.1864186468789287,0.7046469397608405,1.0751454219475478,-0.17197898601608136
-2.481035032601397,-1.2448506595462492,0.2679458493363136,-1.3214905990561177
0.22629923509463057,0.6350465305290883,0.8767764388792538,0.6901547237639447
-0.6160668908480756,-1.5625767421082037,-0.9718602948405238,-0.17197898601608136
-1.7007626544680972,-0.8162270672656872,0.8221937784437955,2.9891779498440147
-0.7915695969207008,-0.6784842980405619,-0.019938696846131837,1.8396663368039785
0.16907926069818874,0.6904524015872712,1.1922642161962023,-0.4593568892760917
0.19447911829267805,0.6684101278071597,1.0894928641191537,-0.17197898601608136
0.18904298640898679,0.680589127327684,1.0876214586185098,-0.4593568892760917
0.02689629401612084,0.5630446284341392,0.6649957163896756,-0.4593568892760917
-0.5699066330425924,-1.5039545859653773,-0.9979040213911567,-0.7467347925360995
0.19026142976222804,0.6610341140130359,1.0857500531178654,0.11539891724392648
0.17053202008089932,0.7233871608540481,1.1041522072075345,-1.3214905990561177
0.9858112130169363,-1.0849798489387523,-0.8798495243921799,-0.17197898601608136
0.19016770335044006,0.6943977112911012,0.9942071340446825,-1.03411269579611
-0.0800455418337405,-1.418101216105881,-0.6304847414313292,-0.17197898601608136
-0.46076222651571824,0.4345647602527865,0.8738133801699004,0.6901547237639447
0.15890994501921418,0.7260030727228955,1.1125735319604335,-0.4593568892760917
-0.9910194012051048,1.3516348473883415,-1.2591210391894212,-0.4593568892760917
0.16429921369701167,0.7290907064041551,1.1551480071000908,-1.03411269579611
1.3277251632187712,-0.2680005536374053,-1.0914742964233708,-0.17197898601608136
-0.37804866811299914,-1.3983317837855826,-1.277991044654251,0.11539891724392648
0.18730904779091265,0.7070913164251738,1.0859060035762524,1.8396663368039785
0.16537706743257116,0.711594115543676,1.136278001635261,0.6901547237639447
0.12118506427463131,0.4620532767762368,0.6314663678364658,0.11539891724392648
0.2121934101205691,0.6837196448100736,1.1102342750846281,-0.4593568892760917
3.058430220086093,0.8608297434712753,-0.9185252380721617,-0.17197898601608136
0.2036174434419869,0.5794262404652676,0.784453767514136,0.6901547237639447
0.17339067564042673,0.7157109604520262,1.1381494071359053,0.11539891724392648
-0.6929694117199524,-0.7214538667714341,0.3822575353340021,0.11539891724392648
-2.5773857839192384,-1.3908700023892049,-1.3455175931358323,0.6901547237639447
0.5069161119872554,0.672827159323408,0.890188178300538,-0.4593568892760917
-0.6828000960409778,-0.5484177292174525,0.5458495661819898,-0.17197898601608136
0.15291145466479586,0.7287047521939969,1.3310601241606534,-0.7467347925360995
0.1814511470541761,0.674971349379837,1.0648526916940042,0.11539891724392648
-0.5394924124174563,-1.431695381063654,-1.2199774741342784,0.11539891724392648
0.0904428012082383,0.7889564927797101,1.3025211902758285,-0.7467347925360995
-0.06992308936065973,-1.275126623143055,-1.1081609954707825,0.6901547237639447
0.18890239679130502,0.6986003238017053,1.1016569998733416,0.6901547237639447
-0.4439383355998107,-1.3298034695820513,-0.8107634713267284,0.11539891724392648
0.19405734943963318,0.684362901827006,1.1392410603446146,-0.4593568892760917
0.2240029380058302,0.7182411047186135,1.2278209207084438,-1.03411269579611
0.16195605340231714,0.6997581864321799,1.129104280549458,0.4027768205039343
-1.560360489609997,-2.031939945460955,-1.1176739734323908,0.9775326270239525
-1.2469393685916481,-1.031803935539265,0.03261660763029518,-1.3214905990561177
-1.1205493022958217,-1.5516413728204022,-0.9121312692782938,0.6901547237639447
0.20272704253000295,0.6675953355857133,0.9650443983263091,-0.17197898601608136
0.20666355182508983,0.6792168456915713,1.0699990568207758,0.11539891724392648
0.188996123203093,0.6868501622924632,0.9865655615837182,-1.03411269579611
-1.2642787547723882,1.3997504722546545,-1.2605245933149045,-0.4593568892760917
-1.3001291072812156,-1.3277879309290062,-0.5278693398126677,1.5522884335439706
0.17114124175752018,0.7022883306987672,0.970814565286629,0.11539891724392648
0.2272833624184025,0.6522000509805392,0.9756490294966268,-0.4593568892760917
-1.092806284406638,-1.856630966447154,-1.3455175931358323,-1.03411269579611
0.19869680682312849,0.667166497574425,0.8767764388792538,-0.4593568892760917
0.24082682892173732,0.6608196950073918,0.9648884478679222,-0.17197898601608136
0.22714277280072073,0.6600477865870753,0.9726859707872734,-0.7467347925360995
0.16340881278502772,0.6905381691895252,1.0399006183520807,-1.03411269579611
-1.5826673756154896,-2.091591312830866,-1.1106562028049747,0.4027768205039343
0.2047421603834406,0.6243255802469369,0.713028457572879,-0.4593568892760917
-1.1566808340400125,1.34490209061115,-1.0064812966024432,0.4027768205039343
-0.8895136972389347,-0.31105588997053757,1.4968354614260595,-0.17197898601608136
2.5076469612151815,-2.8988788690771456,-1.1755315934939767,2.4144221433239967
0.6490990786693234,0.5883031872988942,-0.6878745101177538,-0.17197898601608136
-0.9985175141481275,0.3033832126003386,-0.8403940584202629,-0.7467347925360995
0.14260154936813993,0.705676150987931,1.0706228586543243,-0.4593568892760917
0.21149046203216068,0.6476543680609069,1.0087105266746759,-1.03411269579611
0.6162948345435989,0.5812273601126685,0.5851490816955198,-0.7467347925360995
0.1918547787626204,0.6561453606843692,0.916543805767945,-0.4593568892760917
-1.4752569077066895,-0.7197813985274233,1.0512850018143332,0.11539891724392648
-1.1818463756050324,1.3643713363235381,-1.2945217932432758,-1.8962464055761359
-1.7755094678688548,-0.9387032032890287,0.7630885547151137,-0.17197898601608136
1.8518432579360586,0.7746761870038807,-1.1197013293914222,0.4027768205039343
-1.2053717049637662,1.439117801690725,-1.296549149202307,-2.183624308836144
-1.1068652461748054,1.3721761881289503,-1.2722208776939312,0.11539891724392648
0.21594246659208044,0.6978712991825189,0.9410280277347076,-0.4593568892760917
0.23168850377242847,-0.3643175709722852,-0.38938533276499065,-0.7467347925360995
-1.17158333351427,1.3691314382488207,-1.2455533493097504,0.4027768205039343
0.04072093975481877,0.5753951631591775,0.823909233486053,-0.4593568892760917
0.22348744274099736,0.6191795241115022,0.7551350813373752,-1.03411269579611
-0.24069261163800165,-1.3481577364651007,-1.0616877588714493,0.4027768205039343
0.18023270370093483,0.6865070918834351,1.0068391211740315,-0.4593568892760917
-2.6374644138752084,-1.3879539039124593,-0.7348155980922481,0.9775326270239525
0.2122402733264633,0.6299004743936537,0.9001690076373073,0.11539891724392648
-1.1393414478592725,1.3677162728115717,-1.2851647657400542,-0.7467347925360995
0.06574589170215699,-0.7820486777661755,-0.800782641989959,0.11539891724392648
0.16978220878659714,0.7081205276522582,1.0055915175069352,-0.17197898601608136
0.2104126082966012,0.6823902469750849,1.0124533376759641,0.4027768205039343
-1.1168002458243105,1.3641569173179,-1.0906945441314357,0.6901547237639447
-1.1634759988946268,1.4612887268742263,-1.2653590575249023,-1.3214905990561177
0.8970523010539055,0.06254778546200591,-0.3051720852359981,0.11539891724392648
1.995713300030306,0.5964511095133345,-0.5988267983787634,0.4027768205039343
0.18562197237873274,0.7028029363123095,0.9583385286156669,-0.7467347925360995
0.18079506217166189,0.7025885173066654,1.0266448293891837,-0.17197898601608136
-0.30494206691852754,-1.6705152695489416,-1.0774387551685387,-0.7467347925360995
-1.1392477214474845,1.38735705372848,-1.277055341903929,-2.183624308836144
1.837878022579679,0.7334219703181433,0.4914228562049186,0.6901547237639447
-0.5204659508245364,0.7722318103395475,-1.3455175931358323,0.6901547237639447
-0.09958749869149325,-1.3149656743915434,-1.283605261156184,0.11539891724392648
0.06799532558506396,1.2631655656599978,-0.6438964808526132,0.4027768205039343
2.742525349155367,0.4342645736448884,-1.0899147918395007,0.9775326270239525
0.20661668861919605,0.6251832562695073,0.7442185492502837,-0.7467347925360995
-1.1720988287791028,1.4219642812392799,-1.2672304630255466,-2.758380115356162
2.0100534410338375,0.8528104726602251,-1.1432498486078628,0.11539891724392648
0.08350704673594224,1.2429244115272873,-0.8330643868760729,2.7018000465840073
0.4020831204026193,-0.09453557807212941,-0.27335819172504516,-0.4593568892760917
2.4343997704030285,0.5999246974047523,-0.6325120973903605,0.11539891724392648
0.15567638381253568,0.7030602391190837,0.9800156423314634,2.127044240063989
0.5112275269294935,0.5994529755923339,0.6038631367019626,-0.7467347925360995
0.20802258479601288,0.6273274463259364,0.9001690076373073,-1.03411269579611
0.06794846237917018,-1.3211838255551989,-0.9303774729095756,0.11539891724392648
0.22180036732881703,0.6696966418410184,0.9216901708947165,-0.7467347925360995
0.21598932979797464,0.6166064960437848,0.7442185492502837,0.11539891724392648
0.22348744274099736,0.6273274463259364,0.7878846775986506,0.4027768205039343
0.21130300920858514,0.638048396608094,0.8689789159599026,-1.03411269579611
-1.169474489249045,-1.1973354078957386,-1.3512877600961524,-0.4593568892760917
0.21205282050288776,0.6624063956491485,0.9241853782289088,-0.7467347925360995
0.21308381103255306,-0.7548603478506294,-1.4132000920758006,-0.7467347925360995
0.9770946567206727,-1.0192389818085763,-0.7287335302151541,-0.7467347925360995
0.17428107655241068,0.6989433942107335,1.0564313669411052,0.11539891724392648
-1.5839326821746247,-0.5488465672287408,-0.5743425764120006,0.4027768205039343
-1.5865101584987888,-0.5340516558393631,-1.0933457019240151,1.5522884335439706
-1.580839710585628,-0.5732474500709254,-0.820588350205111,0.6901547237639447
-0.8445250195807985,-0.8774651352773609,-0.6607391303584118,2.9891779498440147
0.4377460200878707,0.4600377381231918,0.3420223170701498,-1.3214905990561177
0.16626746834455514,0.705676150987931,1.0066831707156447,0.9775326270239525
0.20661668861919605,0.6208948761566431,0.8065987326050932,-1.3214905990561177
-0.23858376737277687,-1.300299414405556,-1.0492117222004875,0.4027768205039343
-0.30995642994917394,-1.296654291309624,-0.9876112911376131,-0.7467347925360995
-1.4701488182642553,-2.0356279523580167,-1.3455175931358323,-0.7467347925360995
0.23173536697832225,0.6646363533078377,0.9322948020650342,-0.17197898601608136
0.18796513267342727,0.6545157762414825,0.9751811781214658,-0.17197898601608136
0.21270890538540196,0.6217525521792195,0.8814549526308647,-1.3214905990561177
0.17770209058266473,0.6865070918834351,1.0922999723701203,-0.4593568892760917
-1.8112192307600001,-2.2105080933605294,-0.8506867886738065,0.4027768205039343
0.16031584119603098,0.711336812736908,0.9572468754069579,-1.03411269579611
0.3251805995307426,-0.9269530417797865,-0.8305691795418804,-0.7467347925360995
-1.348070166910667,-2.0395732620618467,-1.1066014908869122,-0.7467347925360995
0.1710475153457322,0.7186270589287717,1.0062153193404835,-1.3214905990561177
0.19147987311546888,0.6751000007832211,1.0071510220908058,0.4027768205039343
0.19658796255790326,0.7193560835479581,1.1542123043497687,-0.4593568892760917
-0.048459741061257326,1.142104595073899,-1.1485521641930216,-0.4593568892760917
-0.8712839101462109,-0.5180988818195168,1.2666525848468129,0.11539891724392648
0.22447157006476887,0.678745123879153,1.1082069191255968,0.11539891724392648
0.19855621720544672,0.678702240078029,1.0520647541062684,-0.4593568892760917
0.1853407931433692,0.7065338270105014,1.1178758475455923,-0.7467347925360995
-0.6114274334645804,-1.4593983165927424,-1.0499914744924226,1.5522884335439706
0.17264086434612455,0.6401925866645231,1.1404886640117107,-0.4593568892760917
-1.020730673741832,-0.8496335483448825,-0.22797660833442135,-1.3214905990561177
-1.7473915443325196,-2.000977841046093,-0.8820328308095983,0.4027768205039343
-0.6628832335360736,-1.5779720267133777,-0.9333405316189289,-0.17197898601608136
0.2086318064726333,0.6764293986182098,0.9246532296040699,-0.4593568892760917
-0.3093003450666597,-1.6527184920805644,-1.1106562028049747,0.11539891724392648
0.16162801096105983,0.7085493656635464,1.0924559228285076,-0.4593568892760917
0.17310949640506362,0.6874934193093956,0.9374411671918057,-0.4593568892760917
-1.1964676958439266,-0.8706466108979094,-0.23639793308732052,0.9775326270239525
0.20155546238265587,0.703917915141654,0.9539719157808303,-1.3214905990561177
0.6224807777215928,-0.13068662242356222,-1.1020789275936884,0.9775326270239525
0.17221909549307968,0.7147675168271956,1.247470678465209,-1.03411269579611
-0.32162536821675325,-1.4560962639058386,-1.3455175931358323,1.264910530283963
-0.2745747094992856,-1.5446941970375665,-1.3143275014584277,6.437712788964122
2.284953006807407,0.08557638666807178,-1.2163906135913767,-1.3214905990561177
0.4428072463244113,-1.2033820238548736,-1.06480676803919,0.6901547237639447
0.25254263039521,0.6406214246758113,0.9204425672276205,-0.7467347925360995
0.1756869727292275,0.6890801199511524,0.8814549526308647,0.9775326270239525
0.1967754153814788,0.7032317743235977,0.9142045488921395,0.11539891724392648
0.006979431511216589,1.292884039842131,-1.350196106887443,-0.7467347925360995
-1.9467476222051356,-2.2381681450884874,-1.1911266393326791,0.11539891724392648
0.2033362642066238,0.6526288889918276,1.070155007279163,0.4027768205039343
0.156004426253793,0.6916531480188697,1.1325351906339725,-0.17197898601608136
-1.1228924625905163,-0.7089317968418817,0.2327010457408464,-1.3214905990561177
0.2103657450907074,0.7105220205154614,1.0311673926824072,-0.4593568892760917
-1.009014872268359,-0.6913494383791425,-0.3006495219427743,-0.17197898601608136
2.6852116483471375,0.5025355850416517,-1.0772828047101517,1.5522884335439706
-0.2774802282647068,-1.1424870262522342,-1.0554497405359684,0.4027768205039343
-0.20203046677554107,-1.211958784080602,-1.0881993367972433,0.11539891724392648
-0.3519927256359952,-1.1206162876766368,-1.3455175931358323,0.4027768205039343
2.3623241597382227,0.5985952995697635,-1.2160787126746029,-0.4593568892760917
-0.2601408420839668,-1.3706288482564943,-1.4078977764906417,0.11539891724392648
0.11382754094929037,0.7765630742535357,1.2432600160887592,-0.4593568892760917
0.1756869727292275,0.6757861416012775,1.0810715393662547,-0.4593568892760917
0.18505961390800568,0.651771212969251,1.0327268972662773,-0.17197898601608136
0.1803732933186166,0.7032317743235977,0.9407161268179334,0.4027768205039343
0.5032607819275317,-0.057098019686844026,-0.43632642073948485,-0.17197898601608136
2.6247581127440176,1.1359293277113798,-0.7139182366683868,-0.17197898601608136
-2.448183925269779,-1.1986648057307272,0.759813595088986,7.0124685954841395
0.3458004101240552,-0.9203489364059791,-1.0024265846843805,0.4027768205039343
-0.7264297407281911,-1.690542004676008,-1.3455175931358323,0.11539891724392648
-1.0582212384569456,-0.7187950711014628,0.7660516134244671,0.4027768205039343
0.2000558397940511,0.6959415281317339,1.0810715393662547,-0.4593568892760917
-0.2273365979582428,-1.4911323294279208,-1.2753398868616717,0.4027768205039343
-1.9645556404448146,-0.6184469764604928,-0.6655735945684095,-0.4593568892760917
0.21786385803373012,0.6161776580324966,0.8689789159599026,-0.4593568892760917
0.17287518037559388,0.7298197310233415,1.0030963101727428,0.11539891724392648
0.18271645361331113,0.698085718188163,1.062357484359812,-0.17197898601608136
0.18834003832057836,0.6582037831385443,0.9781442368308191,-0.17197898601608136
-1.7293023468574773,-2.2042899421968802,-1.3455175931358323,0.9775326270239525
2.147690676744198,0.18862616078014918,-1.13342496972948,-0.17197898601608136
-2.076090070472277,-0.7565328160946463,1.149689741056545,8.161980208524174
0.9615829355697941,-1.0674403742771494,-0.8761067133908913,-0.4593568892760917
0.362202532186917,1.1419330598693849,-0.9556414471682734,0.11539891724392648
0.21598932979797464,0.6251832562695073,0.7910036867663908,-0.4593568892760917
-2.1323259175449474,-1.9830095283731954,-1.3455175931358323,-0.4593568892760917
0.4582721042693954,-0.22691787215618198,-0.4628379986652789,-0.4593568892760917
0.16865749184514386,0.7199564567637604,1.0545599614404608,1.8396663368039785
0.14475725683925894,0.7152392386396079,0.91888306264375,-0.17197898601608136
-0.4190071100642605,0.5557114984411393,-0.8293215758747843,-1.3214905990561177
0.18552824596694475,0.6226102282017899,0.929799594730842,-1.03411269579611
0.03509735504755195,1.1732382346932813,-0.9353678875779603,0.4027768205039343
0.195369519204662,0.6196083621227844,0.9391566222340633,-0.7467347925360995
0.2970626759944076,-0.8748921072096436,-0.6920851724942035,-0.4593568892760917
-0.8454622836986766,-0.5661287390835757,-0.5174206591007371,0.11539891724392648
0.20661668861919605,0.6710689234771311,0.9469541451534144,-0.4593568892760917
0.16865749184514386,0.6384772346193822,0.9875012643340404,-0.7467347925360995
0.47748601868589124,0.6714977614884193,-0.8449166217134866,-0.4593568892760917
-1.2203679308498117,-0.7483848938802121,0.7255044942438411,0.11539891724392648
0.05196810916935283,0.2516653484392239,-0.6031934112136,-0.7467347925360995
-1.926596443670762,-0.7531021120043585,0.9687872093275978,0.6901547237639447
0.20802258479601288,0.6226102282017899,0.8471458517857192,-0.17197898601608136
0.2033362642066238,0.5994529755923339,0.925121080979231,-0.7467347925360995
-0.5061726730268994,0.38074558983637274,0.9360376130663229,-0.7467347925360995
0.18224782155437247,0.6208948761566431,0.7863251730147799,-0.4593568892760917
-0.2531113611998832,-1.4461043382428673,-0.9556414471682734,0.11539891724392648
0.18974593449739519,0.7186699427299017,0.9220020718114907,-0.4593568892760917
0.36454569248161156,-1.1283353718797888,-0.7451083283457915,-0.7467347925360995
0.1485063133107703,0.7418271953393577,0.9921797780856514,-0.4593568892760917
-1.5067021188614909,-1.4328103598929924,-0.7404298145941809,0.4027768205039343
-1.0052658157968477,-0.8324371440923076,0.3247118161891902,0.6901547237639447
0.19630678332253973,0.6273274463259364,0.7317425125793217,0.9775326270239525
0.16069074684318208,0.705804802391315,1.0171318514275751,2.4144221433239967
0.160222114784243,0.7345369491474879,0.9126450443082694,-0.17197898601608136
0.16069074684318208,0.6663517053529846,1.0420839247694986,-0.7467347925360995
-0.48086654184419764,0.005083491949654151,-1.2519473181036183,-1.6088685023161269
-0.5938068680484773,0.6942261760865871,-0.6125504387168215,-0.17197898601608136
1.8440171025517786,0.45364805175502243,-1.3455175931358323,-4.195269631656206
-0.381985177408086,-1.2072415659564497,-0.7513463466812724,0.4027768205039343
-0.39370097888155875,-1.2466946629947802,-0.919772841739258,1.5522884335439706
0.04072093975481877,-1.3787767704709346,-1.3455175931358323,0.11539891724392648
0.14897494536970896,0.638048396608094,0.9641086955759869,-1.3214905990561177
-2.1674733219653666,-1.1562098426133913,-0.00902216475904014,0.6901547237639447
0.20802258479601288,0.6157488200212083,0.7566945859212458,-0.7467347925360995
0.9775164255737177,0.30226823377099404,-0.9556414471682734,0.4027768205039343
0.27878602569578953,0.6058855457616272,1.1793203281500797,-1.03411269579611
0.16162801096105983,0.6993722322220217,1.0748335210307736,-0.17197898601608136
0.18505961390800568,0.6440521287660991,0.9781442368308191,0.4027768205039343
0.15084947360546483,0.6586326211498327,1.0218103651791859,-1.03411269579611
0.19302635890996744,0.6762149796125657,0.9282400901469717,0.11539891724392648
-1.4762410350304611,-2.1258125861315076,-1.336160565632611,0.9775326270239525
-1.2208365629087505,-0.6463214471940952,1.3071997040274388,0.4027768205039343
0.5032607819275317,1.178813128839998,-1.105353887219816,0.6901547237639447
0.2103657450907074,0.6440521287660991,0.9672277047437277,-0.7467347925360995
-0.34777503710554475,-1.2321141706110526,-1.3455175931358323,3.563933756364033
-0.35433588593068976,-1.2557002612317907,-1.2207572264262134,2.127044240063989
0.2558230548077827,-0.9109145001576802,-0.7310727870909595,-0.4593568892760917
0.18224782155437247,0.7023740983010273,1.149689741056545,-0.4593568892760917
0.17428107655241068,0.6916531480188697,0.9500731543211547,0.6901547237639447
-0.33418470739631617,-1.2552714232205087,-0.7076802183329058,1.5522884335439706
-0.41057173300336003,-1.2256816004417592,-0.7591438696006236,0.11539891724392648
-0.3346533394552552,-1.2475523390173566,-0.48155205367172155,0.4027768205039343
-0.45134272213104587,-1.2063838899338792,-0.5205396682684775,0.11539891724392648
-0.38807739417429193,-1.2998705763942737,-0.9556414471682734,-0.7467347925360995
1.859013328437824,0.24523277826993053,-0.0776403664493306,-0.4593568892760917
-0.6495740830622085,-1.5644636293578587,-1.0492117222004875,0.4027768205039343
0.1770928689060443,0.6800745217141417,1.0124533376759641,-1.03411269579611
0.17803013302392204,0.7130950485831788,1.0155723468437048,-0.4593568892760917
0.9522102943910159,-1.124475829778213,-0.615669447884562,-0.4593568892760917
-1.4359386779617143,-1.6022013743510484,-1.3455175931358323,0.11539891724392648
-1.4200051879577908,-0.5506905706772717,1.3493063277919355,-0.4593568892760917
-0.3229375379817821,-0.6398888770248019,-0.940046401329571,0.6901547237639447
0.19443225508678427,0.6530577270031097,0.9485136497372846,-1.03411269579611
0.18224782155437247,0.6727842755222779,0.9750252276630789,-0.4593568892760917
0.18787140626163928,0.6907954719962993,0.9625491909921168,0.6901547237639447
0.3842282389570465,-1.100032063134898,-0.827762071290914,-1.03411269579611
-0.7353337498480306,-0.5013741993793541,-0.2616619073460184,1.5522884335439706
0.17146928419877708,0.7246736748879068,1.0592384751920711,0.6901547237639447
0.17943602920073884,0.7135238865944671,0.897049998469567,0.6901547237639447
0.17006338802196067,0.7165257526734665,1.0498814476888498,1.264910530283963
0.2487935739236987,0.4493596716421642,-1.289375428116504,-2.471002212096153
0.12413744624594628,0.614891143998638,0.9781442368308191,-0.17197898601608136
-1.7916304106963534,-2.2132955404338905,-0.8963802729812045,0.9775326270239525
0.19630678332253973,0.703660612334886,0.8565028792889405,1.264910530283963
0.1452258888981976,0.7143815626170374,1.1060236127081784,0.4027768205039343
0.29471951569971305,-1.423804761655988,-1.3205655197939086,0.6901547237639447
-0.6917509683667111,-0.6210200045282102,0.5648755221052066,0.4027768205039343
1.0482798664734942,-0.9679499556587499,-0.8121670254522116,3.563933756364033
-0.8220306807517304,-0.9280680206091312,-0.08543788936868178,0.4027768205039343
-1.1332023678871728,-0.7706844704670915,0.01904891775062406,1.264910530283963
-0.7348651177890915,-0.6017222940203302,0.3948895224633508,0.11539891724392648
0.14944357742864803,0.7238159988653364,1.1122616310436593,-0.4593568892760917
-0.9227865734235983,0.3936107301749533,-1.4390878681680466,-1.6088685023161269
-0.5296042759738452,-0.6801996500857027,0.2077489723989225,0.11539891724392648
-1.552628060637505,-2.052910124212852,-1.3455175931358323,1.264910530283963
0.10914122035990087,0.4467866435744469,0.49313831124717583,-1.03411269579611
0.2731624409885227,0.7032317743235977,1.2931641627726065,0.11539891724392648
0.4765487545680135,0.6114604399083502,0.6833978704793444,-0.17197898601608136
0.1817791894954334,0.6972280421655926,1.0873095577017355,-0.7467347925360995
0.2014617359708679,0.6942261760865871,0.9344781084824524,0.9775326270239525
0.21786385803373012,0.6702112474545606,0.759813595088986,0.11539891724392648
0.1649084353736325,0.7053759643800268,1.18243933731782,-0.17197898601608136
-1.395167688834028,-0.4186084632011173,-1.0008670801005102,0.11539891724392648
0.16912612390408252,0.688222443928582,1.1450112273049342,-0.17197898601608136
-0.39557550711731465,-1.3521888137711908,-0.854273649216708,-0.17197898601608136
0.17006338802196067,0.6873647679060054,0.9609896864082467,0.11539891724392648
-1.200216752315438,-0.6626172916229697,-1.0008670801005102,-1.8962464055761359
-2.408350200259971,-1.1845131513582818,-1.501468051522856,-1.3214905990561177
-0.15516726088164934,-1.4478196902880143,-1.2753398868616717,2.7018000465840073
-1.8727037568927865,-1.148061920398957,-0.17588915523315543,-0.17197898601608136
-1.1411691128891344,-0.17202660671154754,-0.6998826954135547,1.8396663368039785
-0.8792037919422788,-0.3302678328761575,-1.3455175931358323,-1.03411269579611
0.39594404043051923,-1.0562905859837095,-0.6608950808167988,0.4027768205039343
-0.05534863232765961,-1.3401813494551746,-0.9556414471682734,-0.4593568892760917
1.2165187756325662,-0.45291550410401304,-0.8885827500618533,1.5522884335439706
0.1892773024384561,0.7246736748879068,1.0545599614404608,0.4027768205039343
0.18740277420270063,0.7096643444928911,0.9719062184953381,0.4027768205039343
-1.0460368049245339,-1.943556431334865,-1.0336166763617851,0.11539891724392648
-0.5942755001074159,0.9523866588808848,-1.138103483481091,0.9775326270239525
0.9367454364460318,-1.0850227327398825,-0.701442199997425,0.6901547237639447
-1.7635124871600183,-2.2012880761178746,-1.0881993367972433,-0.17197898601608136
-0.8117207754550745,-0.7921263710314007,0.10014315611187637,0.11539891724392648
-0.029573869086018795,1.132498623621092,-1.0694852817908005,-0.7467347925360995
0.1784987650828611,0.636333044562947,0.91888306264375,0.11539891724392648
-1.4898313647396897,-0.03522728111125278,-1.1271869513939994,-0.4593568892760917
0.2272364992125087,0.7190987807411838,0.8845739617986049,0.4027768205039343
-0.6884705439541389,-0.3825860702530746,0.5399234487632829,1.264910530283963
0.21177164126752424,0.7169545906847548,1.102904603540438,0.6901547237639447
0.1452258888981976,0.5938780814456172,1.1917963648210412,-0.4593568892760917
0.16162801096105983,0.6684958954094137,0.9095260351405287,0.4027768205039343
0.1803732933186166,0.7246736748879068,1.090428566869476,0.9775326270239525
-0.7653262016201214,-0.5888571536817435,0.5492804762665042,1.264910530283963
0.16631433155044933,0.6955126901204457,0.9547516680727656,0.6901547237639447
0.2047421603834406,0.6972280421655926,1.062357484359812,0.4027768205039343
-0.5849028589286378,0.7405406813054991,-1.3455175931358323,-0.17197898601608136
-0.998236334912764,-0.4966569812552077,1.3071997040274388,0.9775326270239525
0.20193036802980696,0.6466251568338164,0.872097925127643,-0.4593568892760917
