time,latitude,longitude,depth,mag,magType,nst,gap,dmin,rms,net,id,updated,place,type,horizontalError,depthError,magError,magNst,status,locationSource,magSource,cluster_raw,cluster_scaled
2026-02-14T11:21:41.545Z,6.6881,-72.9517,172.132,4.3,mb,45.0,170.0,2.282,0.81,us,us6000s97b,2026-02-14T12:55:58.040Z,"7 km E of Aratoca, Colombia",earthquake,7.77,11.3,0.06,78.0,reviewed,us,us,4,0
2026-02-13T11:40:54.458Z,4.8023,-76.4289,113.11,4.9,mb,45.0,110.0,2.101,1.38,us,us6000s8qy,2026-02-13T17:45:52.274Z,"23 km W of El Cairo, Colombia",earthquake,8.5,8.521,0.049,133.0,reviewed,us,us,2,1
2026-02-11T05:59:39.727Z,6.7337,-73.13,146.9,4.8,mb,78.0,39.0,2.219,1.08,us,us6000s7rz,2026-02-11T06:32:06.165Z,"3 km W of Jordán, Colombia",earthquake,8.2,8.336,0.026,452.0,reviewed,us,us,0,0
2026-01-24T16:01:00.766Z,6.7755,-72.9296,160.322,4.2,mb,15.0,168.0,2.365,0.66,us,us6000s7h1,2026-02-11T18:34:00.040Z,"5 km ENE of Cepitá, Colombia",earthquake,17.87,21.204,0.187,8.0,reviewed,us,us,4,0
2026-01-16T07:05:29.829Z,6.7451,-73.0141,177.195,4.9,mb,60.0,95.0,2.292,0.62,us,us7000rq18,2026-02-04T07:29:50.410Z,"4 km WSW of Cepitá, Colombia",earthquake,8.58,7.009,0.024,564.0,reviewed,us,us,4,0
2026-01-09T06:39:20.333Z,6.3198,-73.5376,129.29,4.0,mb,25.0,128.0,1.66,0.69,us,us6000s502,2026-01-29T09:28:17.040Z,"7 km WNW of Contratación, Colombia",earthquake,11.98,10.393,0.119,19.0,reviewed,us,us,0,0
2026-01-05T05:35:41.316Z,6.7122,-73.0079,172.439,4.7,mww,115.0,48.0,2.269,0.66,us,us7000rmi6,2026-02-02T14:14:36.040Z,"2 km NNE of Aratoca, Colombia",earthquake,8.25,6.216,0.11,8.0,reviewed,us,us,4,0
2026-01-03T12:50:36.514Z,6.6345,-72.8528,166.279,4.4,mb,51.0,175.0,2.301,0.68,us,us7000rm9f,2026-01-25T07:48:55.040Z,"6 km SW of Molagavita, Colombia",earthquake,15.06,16.32,0.054,100.0,reviewed,us,us,4,0
2025-12-25T02:38:27.062Z,6.6699,-72.9808,173.442,4.3,mb,59.0,65.0,2.251,0.69,us,us7000rkng,2026-01-18T06:11:29.040Z,"4 km ESE of Aratoca, Colombia",earthquake,9.2,8.324,0.08,44.0,reviewed,us,us,4,0
2025-12-21T14:05:30.723Z,3.0236,-75.1877,30.533,4.1,mb,16.0,87.0,2.005,0.9,us,us7000rpwp,2026-02-13T18:44:45.040Z,"7 km SW of Tello, Colombia",earthquake,8.5,6.77,0.213,6.0,reviewed,us,us,1,3
2025-12-10T08:27:08.631Z,6.7679,-73.0303,164.618,5.5,mww,107.0,32.0,2.302,0.79,us,us6000rtuk,2026-02-18T18:48:39.040Z,"6 km WNW of Cepitá, Colombia",earthquake,6.86,2.629,0.052,35.0,reviewed,us,us,4,1
2025-12-01T04:05:54.383Z,5.9851,-77.569,10.0,4.3,mb,21.0,126.0,3.426,1.3,us,us6000rvpv,2025-12-25T00:04:59.040Z,"32 km SW of Bahía Solano, Colombia",earthquake,8.78,1.939,0.126,18.0,reviewed,us,us,3,2
2025-11-29T04:32:30.299Z,6.7524,-72.9558,162.717,4.3,mb,36.0,121.0,2.331,0.84,us,us6000rvgw,2025-12-18T03:51:09.040Z,"2 km E of Cepitá, Colombia",earthquake,9.04,7.851,0.089,36.0,reviewed,us,us,4,0
2025-11-22T04:07:09.304Z,6.76,-72.9658,165.882,4.1,mb,13.0,167.0,2.332,1.09,us,us6000rtxg,2026-02-20T16:07:37.040Z,"1 km ENE of Cepitá, Colombia",earthquake,13.58,17.407,0.233,5.0,reviewed,us,us,4,0
2025-11-20T02:38:54.040Z,7.6113,-73.956,102.374,4.3,mb,37.0,88.0,2.772,0.64,us,us6000rtez,2026-02-20T16:07:37.040Z,"26 km N of Cantagallo, Colombia",earthquake,8.13,10.137,0.104,26.0,reviewed,us,us,2,0
2025-11-14T10:30:30.078Z,6.7329,-73.0275,175.46,4.1,mb,31.0,165.0,2.275,0.82,us,us6000rs6i,2026-02-10T15:55:15.040Z,"4 km NNW of Aratoca, Colombia",earthquake,12.11,5.452,0.117,20.0,reviewed,us,us,4,0
2025-11-13T07:47:59.187Z,6.8181,-73.0894,160.462,4.1,mb,14.0,162.0,2.312,0.37,us,us7000rf2l,2026-02-10T15:55:17.040Z,"9 km N of Jordán, Colombia",earthquake,13.39,18.3,0.262,4.0,reviewed,us,us,4,0
2025-11-02T10:53:21.436Z,6.7319,-72.9212,156.469,4.1,mb,79.0,145.0,2.335,0.66,us,us6000rpk7,2026-01-27T17:59:10.040Z,"6 km ESE of Cepitá, Colombia",earthquake,12.15,7.684,0.064,66.0,reviewed,us,us,4,0
2025-11-01T19:52:42.346Z,3.8376,-76.5812,136.419,4.3,mb,20.0,95.0,2.466,0.74,us,us6000rpet,2026-01-27T17:59:10.040Z,"6 km WNW of Restrepo, Colombia",earthquake,8.46,3.87,0.202,7.0,reviewed,us,us,0,2
2025-10-24T21:30:52.388Z,11.3798,-71.8215,96.556,4.7,mb,57.0,104.0,2.742,0.49,us,us6000rjb5,2026-01-15T22:46:51.040Z,"45 km E of Maicao, Colombia",earthquake,11.01,8.154,0.037,217.0,reviewed,us,us,2,4
2025-10-16T04:11:16.736Z,6.7376,-73.0446,166.852,4.3,mb,37.0,93.0,2.269,0.64,us,us6000rhfn,2026-01-09T15:38:37.040Z,"5 km NNW of Aratoca, Colombia",earthquake,7.97,10.378,0.051,108.0,reviewed,us,us,4,0
2025-10-05T03:38:21.420Z,6.7319,-72.9942,168.406,4.3,mb,43.0,86.0,2.293,0.7,us,us6000rj7x,2025-12-19T22:50:46.040Z,"3 km SW of Cepitá, Colombia",earthquake,9.69,7.438,0.075,51.0,reviewed,us,us,4,0
2025-09-26T19:43:45.326Z,6.7096,-72.9637,169.66,4.4,mb,40.0,125.0,2.292,0.56,us,us6000rhvw,2025-12-11T21:40:46.040Z,"5 km SSE of Cepitá, Colombia",earthquake,11.75,8.718,0.095,35.0,reviewed,us,us,4,0
2025-09-26T00:21:31.074Z,6.7494,-72.9982,166.636,4.5,mb,56.0,80.0,2.305,0.7,us,us6000rcz9,2025-12-11T21:40:43.040Z,"2 km WSW of Cepitá, Colombia",earthquake,8.82,8.457,0.048,128.0,reviewed,us,us,4,0
2025-09-21T20:17:56.883Z,6.5236,-76.2637,10.0,4.9,mb,64.0,86.0,2.553,1.1,us,us7000qxqs,2025-12-06T16:00:27.040Z,"25 km WSW of Abriaquí, Colombia",earthquake,7.21,1.883,0.031,319.0,reviewed,us,us,3,1
2025-09-14T10:10:49.033Z,6.9235,-73.1814,151.558,4.1,mb,54.0,156.0,2.356,0.6,us,us6000rfea,2025-12-03T03:58:30.040Z,"11 km ENE of Betulia, Colombia",earthquake,12.72,15.614,0.077,46.0,reviewed,us,us,0,0
2025-09-14T07:12:12.402Z,6.8248,-76.1391,10.0,5.4,mww,96.0,96.0,2.672,0.76,us,us7000qw4k,2025-12-03T03:58:29.040Z,"5 km N of Frontino, Colombia",earthquake,6.52,1.797,0.046,45.0,reviewed,us,us,3,1
2025-08-30T21:50:34.213Z,6.885,-73.1159,147.324,4.5,mb,38.0,127.0,0.987,0.66,us,us7000qsn0,2025-11-19T21:59:45.040Z,"13 km SSW of Piedecuesta, Colombia",earthquake,8.4,9.579,0.09,36.0,reviewed,us,us,0,0
2025-08-28T01:23:39.126Z,5.6861,-77.8684,10.0,4.2,mb,17.0,124.0,2.38,1.3,us,us6000rcab,2025-11-19T21:59:34.040Z,"66 km W of Nuquí, Colombia",earthquake,6.56,1.789,0.136,15.0,reviewed,us,us,3,2
2025-08-27T09:31:35.740Z,2.7226,-76.7369,10.0,4.4,mb,47.0,155.0,2.253,0.55,us,us7000qr9r,2025-11-19T21:59:41.040Z,"12 km WSW of Morales, Colombia",earthquake,8.29,1.956,0.093,33.0,reviewed,us,us,3,2
2025-08-25T22:44:26.884Z,5.5626,-72.1709,10.0,4.3,mb,24.0,60.0,2.257,0.35,us,us7000qxc0,2025-11-12T16:25:49.040Z,"8 km SSE of Nunchía, Colombia",earthquake,6.36,1.926,0.142,14.0,reviewed,us,us,3,3
2025-08-19T04:26:44.738Z,7.2465,-73.3228,127.636,4.1,mb,19.0,84.0,2.584,0.86,us,us7000qvpt,2025-11-04T16:44:24.040Z,"18 km NW of Lebrija, Colombia",earthquake,6.31,12.337,0.184,8.0,reviewed,us,us,0,0
2025-08-11T00:16:32.147Z,4.3578,-76.1928,150.107,4.7,mww,74.0,106.0,1.927,0.87,us,us6000qzq9,2025-10-25T13:40:39.040Z,"2 km NNW of Bolívar, Colombia",earthquake,8.24,6.887,0.11,8.0,reviewed,us,us,0,2
2025-08-08T00:31:47.803Z,2.5724,-79.7378,10.0,4.9,mww,47.0,139.0,1.552,0.92,us,us6000qyzv,2025-10-25T13:40:31.040Z,"133 km WNW of Salahonda, Colombia",earthquake,7.01,1.69,0.069,20.0,reviewed,us,us,3,2
2025-07-23T03:57:10.480Z,6.9544,-73.1265,147.834,4.2,mb,30.0,115.0,2.409,0.67,us,us6000qym2,2025-10-11T20:57:40.040Z,"9 km WSW of Piedecuesta, Colombia",earthquake,7.86,11.659,0.12,19.0,reviewed,us,us,0,0
2025-07-21T06:16:06.490Z,6.9177,-73.1993,159.857,4.1,mb,17.0,80.0,2.342,0.73,us,us6000qy9t,2025-10-03T18:41:52.040Z,"9 km ENE of Betulia, Colombia",earthquake,7.91,9.042,0.186,8.0,reviewed,us,us,4,0
2025-07-13T10:38:32.960Z,6.9431,-73.1526,151.092,4.3,mb,91.0,70.0,2.386,0.81,us,us7000qce6,2025-11-28T21:04:58.696Z,"12 km WSW of Piedecuesta, Colombia",earthquake,6.71,10.212,0.058,84.0,reviewed,us,us,0,0
2025-07-10T09:27:28.554Z,5.2089,-73.6458,146.8,4.4,mb,37.0,155.0,0.764,0.75,us,us6000qu6u,2025-09-20T22:27:05.040Z,"5 km W of Villapinzón, Colombia",earthquake,9.12,7.733,0.112,23.0,reviewed,us,us,0,0
2025-07-07T23:08:31.190Z,4.4911,-73.2066,10.0,4.4,mb,23.0,76.0,1.165,0.33,us,us7000qdgb,2025-09-12T16:23:11.040Z,"12 km N of Paratebueno, Colombia",earthquake,6.1,1.901,0.134,16.0,reviewed,us,us,3,3
2025-07-06T13:29:24.221Z,6.9246,-73.0776,154.788,4.4,mb,46.0,89.0,2.408,1.08,us,us7000qb07,2025-09-12T16:23:10.040Z,"7 km SSW of Piedecuesta, Colombia",earthquake,4.0,9.356,0.038,198.0,reviewed,us,us,4,0
2025-06-23T11:04:17.364Z,7.484,-77.1241,45.11,4.4,mb,49.0,95.0,1.556,0.69,us,us6000qlxq,2025-09-02T21:23:41.040Z,"4 km N of Riosucio, Colombia",earthquake,6.88,8.21,0.103,27.0,reviewed,us,us,1,2
2025-06-23T09:18:46.390Z,4.5768,-73.2685,10.0,4.5,mb,12.0,112.0,1.082,1.0,us,us7000qapj,2025-09-02T21:23:46.040Z,"11 km NE of Medina, Colombia",earthquake,8.19,1.344,0.204,7.0,reviewed,us,us,3,3
2025-06-23T00:10:30.511Z,2.5853,-79.7833,10.0,4.3,mb,41.0,161.0,1.589,0.64,us,us6000qlvd,2025-09-02T21:23:41.040Z,"138 km WNW of Salahonda, Colombia",earthquake,7.59,1.736,0.104,26.0,reviewed,us,us,3,2
2025-06-20T19:58:33.019Z,2.4911,-76.2254,35.053,4.4,mb,51.0,72.0,2.355,0.68,us,us6000qli3,2025-09-02T21:23:39.040Z,"18 km WSW of Inzá, Colombia",earthquake,7.8,6.209,0.089,37.0,reviewed,us,us,1,2
2025-06-19T03:37:03.930Z,13.1197,-81.1436,10.0,4.8,mww,79.0,41.0,0.333,0.66,us,us6000ql63,2025-09-02T21:23:38.040Z,"36 km SE of Mountain, Colombia",earthquake,7.31,1.893,0.06,27.0,reviewed,us,us,3,4
2025-06-09T12:03:48.706Z,4.4519,-73.1153,10.0,4.5,mb,66.0,75.0,1.264,0.71,us,us7000q8gi,2025-08-20T16:09:02.040Z,"13 km NE of Paratebueno, Colombia",earthquake,7.16,1.897,0.073,54.0,reviewed,us,us,3,3
2025-06-08T23:42:59.095Z,4.573,-73.3233,10.0,4.2,mb,8.0,114.0,1.03,1.16,us,us7000q887,2025-08-20T16:09:02.040Z,"7 km NNE of Medina, Colombia",earthquake,8.52,1.983,0.215,6.0,reviewed,us,us,3,3
2025-06-08T22:43:22.289Z,4.5116,-73.0916,10.0,4.8,mb,53.0,106.0,1.269,0.86,us,us6000qj2c,2025-08-20T16:08:59.040Z,"15 km WSW of Barranca de Upía, Colombia",earthquake,4.54,1.846,0.044,158.0,reviewed,us,us,3,3
2025-06-08T19:14:46.387Z,4.5276,-73.1571,10.0,4.3,mb,36.0,77.0,1.202,0.61,us,us7000q87x,2025-08-20T16:09:02.040Z,"17 km NNE of Paratebueno, Colombia",earthquake,7.65,1.911,0.111,23.0,reviewed,us,us,3,3
2025-06-08T17:45:12.875Z,4.3699,-73.2403,10.0,4.5,mb,59.0,62.0,1.176,0.7,us,us6000qizg,2025-08-20T16:08:58.040Z,"2 km WSW of Paratebueno, Colombia",earthquake,7.65,1.898,0.087,39.0,reviewed,us,us,3,3
2025-06-08T17:26:50.871Z,4.4094,-73.2733,10.0,4.2,mb,18.0,115.0,1.13,0.98,us,us7000q87v,2025-08-20T16:09:02.040Z,"7 km WNW of Paratebueno, Colombia",earthquake,9.61,1.908,0.147,13.0,reviewed,us,us,3,3
2025-06-08T16:30:58.151Z,4.4323,-73.328,10.0,4.9,mb,102.0,69.0,1.071,0.71,us,us6000qiys,2025-08-20T16:08:58.040Z,"8 km SSE of Medina, Colombia",earthquake,8.59,1.868,0.025,485.0,reviewed,us,us,3,3
2025-06-08T16:24:02.325Z,4.351,-73.197,10.0,4.2,mb,13.0,116.0,1.223,0.78,us,us7000q87t,2025-08-20T16:09:02.040Z,"3 km SE of Paratebueno, Colombia",earthquake,10.89,1.946,0.263,7.0,reviewed,us,us,3,3
2025-06-08T14:00:09.051Z,4.4747,-73.2145,10.0,4.2,mb,15.0,68.0,1.163,0.96,us,us7000q87n,2025-08-20T16:09:02.040Z,"10 km N of Paratebueno, Colombia",earthquake,7.29,1.471,0.264,6.0,reviewed,us,us,3,3
2025-06-08T13:44:00.052Z,4.5212,-73.0907,10.0,4.4,mb,13.0,185.0,1.268,0.85,us,us7000q87l,2025-08-20T16:09:02.040Z,"14 km WSW of Barranca de Upía, Colombia",earthquake,9.42,1.994,0.31,5.0,reviewed,us,us,3,3
2025-06-08T13:37:18.982Z,4.3802,-73.1981,10.0,4.7,mb,65.0,63.0,1.211,1.15,us,us6000qiy2,2025-08-20T16:08:58.040Z,"1 km ENE of Paratebueno, Colombia",earthquake,8.19,0.579,0.072,59.0,reviewed,us,us,3,3
2025-06-08T13:08:05.797Z,4.4852,-73.1248,9.0,6.3,mww,163.0,21.0,1.245,0.89,us,us6000qixr,2025-08-20T16:08:58.040Z,"15 km NE of Paratebueno, Colombia",earthquake,7.45,1.738,0.032,96.0,reviewed,us,us,3,1
2025-06-07T02:08:31.447Z,13.1213,-81.1784,10.0,5.1,mww,80.0,51.0,0.311,0.77,us,us6000qilg,2025-08-20T16:08:57.040Z,"33 km SE of Mountain, Colombia",earthquake,4.67,1.768,0.056,31.0,reviewed,us,us,3,4
2025-06-06T18:48:43.634Z,6.9045,-73.0855,155.58,4.1,mb,94.0,90.0,2.387,0.78,us,us6000qlh3,2025-08-20T16:09:01.040Z,"10 km SSW of Piedecuesta, Colombia",earthquake,7.14,7.969,0.06,81.0,reviewed,us,us,4,0
2025-05-30T08:17:51.661Z,6.9583,-73.1465,149.925,4.1,mb,31.0,156.0,2.403,0.86,us,us6000qk3r,2025-08-16T21:54:18.040Z,"11 km WSW of Piedecuesta, Colombia",earthquake,9.76,11.607,0.114,21.0,reviewed,us,us,0,0
2025-05-23T04:56:45.663Z,3.3141,-77.507,35.0,4.8,mwr,53.0,101.0,2.413,0.92,us,us7000q10j,2025-08-13T15:14:30.040Z,"62 km NNE of Timbiquí, Colombia",earthquake,5.48,1.924,0.083,14.0,reviewed,us,us,1,2
2025-05-18T06:17:26.554Z,4.0695,-75.4801,10.0,4.3,mb,35.0,100.0,1.389,1.24,us,us7000pzz7,2025-07-25T17:06:18.040Z,"7 km W of Playarrica, Colombia",earthquake,8.34,1.883,0.098,29.0,reviewed,us,us,3,2
2025-05-17T09:41:02.410Z,6.8592,-73.1237,147.138,4.0,mb,55.0,117.0,0.961,0.58,us,us6000qgwk,2025-07-25T17:06:13.040Z,"14 km NNW of Jordán, Colombia",earthquake,8.42,5.662,0.08,42.0,reviewed,us,us,0,0
2025-05-11T10:41:50.463Z,7.327,-73.7849,91.758,4.6,mb,229.0,72.0,1.587,0.96,us,us7000pymq,2025-07-24T21:30:14.040Z,"12 km E of Puerto Wilches, Colombia",earthquake,5.85,7.176,0.027,415.0,reviewed,us,us,2,0
2025-05-07T14:41:17.392Z,6.9246,-73.0749,152.487,4.0,mb,37.0,160.0,2.409,0.71,us,us7000q0uw,2025-07-24T21:30:18.040Z,"7 km SSW of Piedecuesta, Colombia",earthquake,9.66,7.378,0.1,27.0,reviewed,us,us,0,0
2025-05-04T17:52:54.402Z,7.3789,-77.1646,41.437,4.5,mb,52.0,96.0,1.667,0.85,us,us7000px4d,2025-07-12T16:30:45.040Z,"8 km SW of Riosucio, Colombia",earthquake,6.83,8.024,0.086,39.0,reviewed,us,us,1,2
2025-04-24T02:53:00.256Z,4.5494,-77.2849,35.0,4.3,mb,23.0,121.0,2.968,1.04,us,us7000pumw,2025-07-11T15:46:19.040Z,"33 km NNE of Santa Genoveva de Docordó, Colombia",earthquake,8.17,1.943,0.106,25.0,reviewed,us,us,1,2
2025-04-23T22:44:32.680Z,4.5795,-77.6254,38.263,4.8,mb,146.0,62.0,3.304,0.6,us,us7000pum1,2025-07-11T15:46:19.040Z,"45 km NW of Santa Genoveva de Docordó, Colombia",earthquake,7.22,5.762,0.047,142.0,reviewed,us,us,1,2
2025-04-18T10:31:44.505Z,6.7231,-73.1046,171.903,4.8,mww,178.0,46.0,2.224,0.6,us,us6000q6zz,2025-06-27T00:34:24.040Z,"1 km SW of Jordán, Colombia",earthquake,8.26,5.434,0.078,16.0,reviewed,us,us,4,0
2025-04-18T08:48:41.271Z,6.8098,-73.0927,157.841,4.7,mww,80.0,82.0,2.303,0.9,us,us6000q6zq,2025-06-27T00:34:23.040Z,"8 km N of Jordán, Colombia",earthquake,7.56,6.797,0.093,11.0,reviewed,us,us,4,0
2025-04-09T12:41:00.584Z,4.4562,-75.6179,164.813,4.2,mb,13.0,121.0,4.301,0.28,us,us6000q4wr,2025-06-14T18:26:38.040Z,"8 km SSE of Calarcá, Colombia",earthquake,11.13,10.64,0.305,3.0,reviewed,us,us,4,0
2025-04-06T06:38:10.371Z,7.1159,-73.0956,154.712,4.2,mb,33.0,233.0,3.005,0.85,us,us6000q6rh,2025-06-09T13:38:48.040Z,"2 km ESE of Bucaramanga, Colombia",earthquake,11.5,10.894,0.083,40.0,reviewed,us,us,4,0
2025-04-01T02:04:04.952Z,4.7022,-76.0962,99.649,4.5,mb,89.0,99.0,4.136,0.76,us,us7000pp5r,2025-06-06T21:12:29.040Z,"3 km SE of Argelia, Colombia",earthquake,8.65,7.939,0.061,79.0,reviewed,us,us,2,2
2025-03-26T17:15:21.119Z,6.6999,-72.9498,167.0,4.3,mb,74.0,39.0,0.813,0.75,us,us7000pmup,2025-06-06T21:12:24.040Z,"6 km SSE of Cepitá, Colombia",earthquake,8.2,4.774,0.052,107.0,reviewed,us,us,4,0
2025-03-25T22:08:06.816Z,2.5566,-78.869,10.0,4.5,mb,36.0,136.0,2.124,0.94,us,us6000q3rc,2025-05-29T17:36:25.040Z,"46 km W of Mosquera, Colombia",earthquake,5.69,1.898,0.136,16.0,reviewed,us,us,3,2
2025-03-24T21:43:45.839Z,6.7029,-73.0438,163.334,4.4,mb,42.0,39.0,0.806,0.73,us,us6000q3pn,2025-05-29T17:36:25.040Z,"2 km WNW of Aratoca, Colombia",earthquake,8.21,7.278,0.1,29.0,reviewed,us,us,4,0
2025-03-15T09:19:12.076Z,6.6997,-73.1497,160.676,4.5,mb,57.0,113.0,0.805,0.87,us,us6000pz0i,2025-05-17T19:19:58.040Z,"4 km NE of Villanueva, Colombia",earthquake,10.83,7.185,0.034,253.0,reviewed,us,us,4,0
2025-03-10T07:57:09.421Z,4.5564,-76.6012,122.305,4.5,mb,54.0,61.0,1.943,0.58,us,us6000pxx4,2025-05-16T17:30:04.040Z,"11 km SSE of Sipí, Colombia",earthquake,7.6,8.6,0.079,47.0,reviewed,us,us,0,2
2025-03-06T00:31:49.019Z,6.8782,-73.1015,151.019,4.2,mb,11.0,96.0,0.979,0.81,us,us6000px4q,2025-05-16T17:30:01.040Z,"13 km SSW of Piedecuesta, Colombia",earthquake,5.01,5.771,0.305,3.0,reviewed,us,us,0,0
2025-03-01T09:38:49.850Z,2.871,-79.4812,10.0,5.0,mww,71.0,138.0,2.729,0.91,us,us6000pw9c,2025-05-21T02:06:42.645Z,"121 km WNW of Mosquera, Colombia",earthquake,7.91,1.879,0.073,18.0,reviewed,us,us,3,2
2025-02-20T09:47:25.569Z,9.9369,-74.3462,42.368,4.2,mb,23.0,65.0,0.822,0.76,us,us7000pex2,2025-05-06T21:39:16.040Z,"15 km NNE of Nueva Granada, Colombia",earthquake,5.68,7.03,0.236,5.0,reviewed,us,us,1,4
2025-02-17T15:48:20.623Z,6.7251,-73.1606,161.194,4.6,mb,79.0,82.0,0.831,0.66,us,us7000pe90,2025-05-02T16:26:20.040Z,"6 km NNE of Villanueva, Colombia",earthquake,12.71,9.985,0.038,206.0,reviewed,us,us,4,0
2025-02-12T17:26:49.653Z,4.2294,-78.6675,10.0,4.8,mww,114.0,70.0,2.923,0.67,us,us7000pd4n,2025-05-02T16:26:16.040Z,"144 km W of Santa Genoveva de Docordó, Colombia",earthquake,6.74,1.866,0.054,33.0,reviewed,us,us,3,2
2025-02-06T21:03:22.973Z,6.7282,-73.0557,156.313,4.5,mb,43.0,61.0,0.831,0.51,us,us7000pbxz,2025-04-26T14:47:03.040Z,"4 km E of Jordán, Colombia",earthquake,7.74,7.553,0.077,51.0,reviewed,us,us,4,0
2025-01-30T05:03:43.838Z,6.6984,-73.0999,160.532,4.6,mb,150.0,45.0,0.801,0.68,us,us7000p9zc,2025-04-15T20:55:24.040Z,"3 km S of Jordán, Colombia",earthquake,8.05,5.049,0.038,210.0,reviewed,us,us,4,0
2025-01-28T13:37:03.810Z,13.1524,-81.6967,10.0,4.9,mww,231.0,39.0,3.593,0.54,us,us6000pmsg,2025-04-08T22:01:02.040Z,"42 km WSW of Mountain, Colombia",earthquake,6.43,1.82,0.055,32.0,reviewed,us,us,3,4
2025-01-26T15:32:30.833Z,6.6868,-73.1248,162.148,4.5,mb,43.0,81.0,0.79,0.45,us,us6000pmg0,2025-04-08T22:01:00.040Z,"5 km ENE of Villanueva, Colombia",earthquake,8.34,7.348,0.046,136.0,reviewed,us,us,4,0
2025-01-19T06:28:33.580Z,7.5187,-74.7977,75.464,4.5,mb,44.0,101.0,1.506,0.72,us,us6000pl25,2025-03-29T22:12:43.040Z,"8 km ENE of Zaragoza, Colombia",earthquake,6.35,7.873,0.083,42.0,reviewed,us,us,2,0
2025-01-10T08:14:32.949Z,5.9461,-77.4683,18.0,5.6,mww,81.0,91.0,1.944,0.65,us,us6000pj4s,2025-03-20T20:54:59.040Z,"31 km SSW of Bahía Solano, Colombia",earthquake,7.09,1.851,0.052,36.0,reviewed,us,us,3,1
2025-01-09T03:33:41.557Z,7.1274,-72.8631,176.94,4.3,mb,64.0,35.0,1.246,0.76,us,us6000pisv,2025-03-20T20:54:52.040Z,"13 km SE of Tona, Colombia",earthquake,7.87,8.651,0.08,45.0,reviewed,us,us,4,0
2025-01-04T08:17:24.376Z,4.5472,-76.3159,51.986,4.7,mb,83.0,110.0,1.811,0.7,us,us6000phtp,2025-03-17T21:34:34.040Z,"9 km WNW of El Dovio, Colombia",earthquake,7.85,7.78,0.065,71.0,reviewed,us,us,1,2
2025-01-02T15:46:30.445Z,6.7993,-73.0647,155.659,4.2,mb,13.0,97.0,0.901,0.59,us,us6000pjzy,2025-03-17T21:34:17.040Z,"8 km NNE of Jordán, Colombia",earthquake,5.3,9.552,0.236,8.0,reviewed,us,us,4,0
2024-12-31T08:59:21.553Z,11.5228,-73.3585,10.0,4.5,mb,47.0,37.0,0.921,1.28,us,us6000pgmd,2025-03-08T22:39:14.040Z,"28 km N of Dibulla, Colombia",earthquake,5.67,1.896,0.121,21.0,reviewed,us,us,3,4
2024-12-26T00:52:39.508Z,7.3229,-75.298,52.19,5.0,mww,190.0,32.0,1.148,0.82,us,us6000pfmi,2025-03-08T22:39:10.040Z,"10 km ENE of Valdivia, Colombia",earthquake,5.3,5.242,0.066,22.0,reviewed,us,us,1,1
2024-12-24T20:33:34.670Z,6.3181,-74.8321,73.999,4.9,mb,80.0,59.0,0.704,0.75,us,us6000pfhr,2025-03-08T22:39:09.040Z,"13 km SW of Caracolí, Colombia",earthquake,7.93,5.683,0.037,222.0,reviewed,us,us,2,1
2024-12-24T06:39:57.991Z,7.1166,-75.7263,49.827,4.5,mb,35.0,97.0,0.94,0.97,us,us6000pfet,2025-03-08T22:39:09.040Z,"7 km SE of Ituango, Colombia",earthquake,6.57,9.486,0.131,20.0,reviewed,us,us,1,2
2024-12-12T18:11:46.878Z,6.3981,-73.0625,189.047,4.4,mb,35.0,82.0,0.503,0.84,us,us7000ny84,2025-02-18T20:02:56.040Z,"9 km NE of Ocamonte, Colombia",earthquake,7.8,5.408,0.095,32.0,reviewed,us,us,4,0
2024-12-11T06:43:03.144Z,6.7518,-73.1458,157.623,4.2,mb,26.0,40.0,0.856,0.8,us,us6000ph1t,2025-02-18T20:02:54.040Z,"5 km WNW of Jordán, Colombia",earthquake,7.42,7.087,0.176,10.0,reviewed,us,us,4,0
2024-12-04T18:02:38.894Z,5.2739,-73.6689,158.03,4.2,mb,50.0,122.0,0.847,0.66,us,us7000nvyp,2025-02-15T18:29:31.040Z,"5 km SE of Lenguazaque, Colombia",earthquake,8.01,5.715,0.094,32.0,reviewed,us,us,4,0
2024-12-04T06:34:19.360Z,6.7566,-73.0416,157.068,4.1,mb,32.0,38.0,0.859,0.96,us,us7000nvtk,2025-02-15T18:29:24.040Z,"6 km ENE of Jordán, Colombia",earthquake,6.96,6.695,0.135,15.0,reviewed,us,us,4,0
2024-11-30T04:22:28.332Z,6.6663,-73.0851,162.202,4.4,mb,51.0,59.0,0.769,0.72,us,us7000nv23,2025-02-02T00:53:54.040Z,"7 km NNW of Curití, Colombia",earthquake,9.04,7.38,0.079,46.0,reviewed,us,us,4,0
2024-11-25T04:51:31.827Z,6.7154,-73.0998,160.779,4.6,mb,73.0,38.0,0.818,0.61,us,us6000p7iv,2025-02-02T00:50:26.040Z,"1 km SSW of Jordán, Colombia",earthquake,7.58,7.482,0.034,257.0,reviewed,us,us,4,0
2024-11-22T00:03:15.283Z,7.1019,-72.9334,183.216,4.3,mb,40.0,46.0,1.211,0.75,us,us6000p6wi,2025-01-30T17:00:32.040Z,"11 km SSE of Tona, Colombia",earthquake,7.72,8.504,0.09,35.0,reviewed,us,us,4,0
2024-11-16T18:25:27.585Z,6.8484,-73.1054,147.606,4.3,mb,69.0,68.0,0.95,0.84,us,us7000ns6u,2025-01-26T16:30:28.040Z,"12 km N of Jordán, Colombia",earthquake,6.8,8.508,0.07,59.0,reviewed,us,us,0,0
2024-11-13T01:42:58.771Z,11.035,-72.3377,10.0,4.1,mwr,15.0,82.0,0.744,0.91,us,us7000nrgp,2025-01-26T16:29:29.040Z,"31 km ESE of Albania, Colombia",earthquake,5.46,1.985,0.086,13.0,reviewed,us,us,3,4
2024-11-11T00:39:55.094Z,6.851,-73.1198,151.447,4.2,mb,16.0,63.0,0.953,0.42,us,us7000nr2x,2025-01-26T16:29:09.040Z,"13 km NNW of Jordán, Colombia",earthquake,4.82,9.472,0.216,6.0,reviewed,us,us,0,0
2024-11-05T03:14:06.554Z,5.3197,-77.462,31.25,5.0,mww,60.0,61.0,2.109,0.67,us,us7000npzi,2025-01-24T19:51:14.040Z,"41 km NNW of Pizarro, Colombia",earthquake,7.25,3.823,0.073,18.0,reviewed,us,us,1,1
2024-10-29T21:49:16.678Z,7.3271,-71.8678,10.0,4.7,mb,38.0,78.0,1.868,0.77,us,us7000nnx8,2025-01-16T18:45:07.040Z,"44 km NE of Cubará, Colombia",earthquake,5.79,1.896,0.063,77.0,reviewed,us,us,3,3
2024-10-28T07:45:11.790Z,8.2334,-75.2195,59.292,4.4,mb,25.0,87.0,1.294,0.86,us,us7000nrzm,2025-01-16T18:48:20.040Z,"12 km SW of Ayapel, Colombia",earthquake,3.79,10.618,0.162,11.0,reviewed,us,us,1,3
2024-10-28T07:08:37.689Z,7.0174,-76.8664,10.0,4.6,mb,105.0,83.0,1.562,0.64,us,us7000nnla,2025-01-16T18:44:11.040Z,"6 km NW of Murindó, Colombia",earthquake,5.43,1.871,0.052,111.0,reviewed,us,us,3,2
2024-10-28T04:03:01.124Z,6.7988,-72.9723,153.555,4.3,mb,40.0,41.0,0.907,0.75,us,us7000nnkf,2025-01-16T18:44:07.040Z,"4 km N of Cepitá, Colombia",earthquake,7.99,7.129,0.067,64.0,reviewed,us,us,4,0
2024-10-24T20:31:59.106Z,5.4511,-78.3798,10.0,4.6,mb,60.0,121.0,2.93,0.76,us,us7000nmzv,2025-01-04T23:07:59.040Z,"125 km WNW of Pizarro, Colombia",earthquake,7.08,1.9,0.084,43.0,reviewed,us,us,3,2
2024-10-16T22:04:48.380Z,2.1028,-79.7589,10.0,4.7,mb,64.0,139.0,1.216,0.75,us,us6000nz6y,2024-12-26T23:04:02.040Z,"112 km WNW of Tumaco, Colombia",earthquake,4.27,1.888,0.079,49.0,reviewed,us,us,3,2
2024-10-08T18:42:13.867Z,6.7111,-73.0424,153.622,4.3,mb,31.0,74.0,0.814,0.65,us,us7000nnts,2024-12-23T15:47:44.040Z,"3 km NW of Aratoca, Colombia",earthquake,8.5,6.827,0.142,14.0,reviewed,us,us,4,0
2024-10-06T08:07:10.298Z,6.7626,-73.075,154.22,4.2,mb,41.0,76.0,0.865,0.67,us,us6000nwur,2024-12-14T14:50:40.040Z,"4 km NE of Jordán, Colombia",earthquake,9.15,6.578,0.075,49.0,reviewed,us,us,4,0
2024-10-04T19:36:25.084Z,6.8784,-73.1242,147.571,4.2,mb,95.0,126.0,0.98,0.76,us,us6000nwlu,2024-12-14T14:50:33.040Z,"14 km SW of Piedecuesta, Colombia",earthquake,8.76,9.899,0.06,79.0,reviewed,us,us,0,0
2024-10-01T03:44:09.323Z,8.7389,-72.8792,10.0,4.4,mb,15.0,63.0,2.224,0.84,us,us7000nmfd,2024-12-14T14:51:07.040Z,"19 km NW of Tibú, Colombia",earthquake,6.1,1.964,0.267,4.0,reviewed,us,us,3,3
2024-09-29T07:05:47.358Z,6.7214,-73.1171,157.274,4.7,mb,49.0,40.0,0.824,0.72,us,us7000nh2v,2024-12-06T19:30:18.040Z,"2 km WSW of Jordán, Colombia",earthquake,8.81,6.182,0.027,405.0,reviewed,us,us,4,0
2024-09-28T19:13:34.230Z,11.7919,-73.4917,10.0,4.6,mb,39.0,106.0,1.47,0.78,us,us6000p020,2024-12-06T19:30:14.040Z,"60 km NNW of Dibulla, Colombia",earthquake,8.73,1.896,0.096,32.0,reviewed,us,us,3,4
2024-09-28T19:12:09.322Z,11.8435,-73.4642,10.0,4.5,mb,55.0,47.0,1.448,0.83,us,us7000nh0q,2024-12-06T19:30:18.040Z,"65 km NNW of Dibulla, Colombia",earthquake,5.62,1.88,0.058,88.0,reviewed,us,us,3,4
2024-09-22T07:21:35.387Z,6.7026,-73.1251,159.092,4.3,mb,40.0,98.0,0.806,0.64,us,us6000ntmm,2024-11-23T23:26:45.040Z,"4 km SW of Jordán, Colombia",earthquake,8.79,6.58,0.09,36.0,reviewed,us,us,4,0
2024-09-22T00:58:34.333Z,5.3148,-73.6778,163.486,4.3,mb,38.0,104.0,0.824,0.97,us,us7000ngk9,2024-11-23T23:27:41.040Z,"3 km ENE of Lenguazaque, Colombia",earthquake,8.84,7.216,0.116,21.0,reviewed,us,us,4,0
2024-09-21T21:31:52.345Z,6.7061,-73.0217,157.575,4.7,mb,57.0,136.0,0.811,0.53,us,us7000ng6u,2024-11-23T23:27:35.040Z,"1 km NNW of Aratoca, Colombia",earthquake,12.12,10.112,0.083,44.0,reviewed,us,us,4,0
2024-09-20T03:22:06.345Z,6.7359,-73.0129,161.791,4.1,mb,51.0,129.0,0.841,1.01,us,us6000nu30,2024-11-23T23:27:00.040Z,"4 km N of Aratoca, Colombia",earthquake,9.82,7.336,0.083,40.0,reviewed,us,us,4,0
2024-09-12T08:34:33.240Z,6.6837,-74.8171,76.378,4.4,mwr,51.0,61.0,0.86,0.79,us,us7000nd8m,2024-11-21T22:58:55.040Z,"2 km ENE of Yalí, Colombia",earthquake,7.98,9.233,0.089,12.0,reviewed,us,us,2,3
2024-09-12T00:17:02.145Z,6.6603,-73.007,165.506,4.2,mb,14.0,86.0,0.767,0.28,us,us6000nymq,2024-11-21T22:58:53.040Z,"3 km SSE of Aratoca, Colombia",earthquake,10.47,7.356,0.199,7.0,reviewed,us,us,4,0
2024-08-31T03:10:05.578Z,6.6974,-73.0714,160.692,4.4,mb,72.0,59.0,0.8,0.79,us,us6000nnti,2024-11-09T21:18:52.040Z,"4 km SE of Jordán, Colombia",earthquake,9.04,7.165,0.035,229.0,reviewed,us,us,4,0
2024-08-28T03:03:59.692Z,6.6946,-73.0791,164.104,4.5,mb,75.0,38.0,0.797,0.63,us,us6000nn5s,2024-11-09T21:18:32.040Z,"4 km SSE of Jordán, Colombia",earthquake,7.92,5.848,0.03,325.0,reviewed,us,us,4,0
2024-08-28T00:49:19.783Z,3.9409,-78.0653,10.0,4.5,mb,23.0,144.0,2.744,1.32,us,us6000nn57,2024-11-09T21:18:31.040Z,"85 km WSW of Santa Genoveva de Docordó, Colombia",earthquake,8.66,1.984,0.171,10.0,reviewed,us,us,3,2
2024-08-20T06:52:35.662Z,4.8749,-72.6496,10.0,4.5,mb,39.0,77.0,1.099,1.21,us,us7000nday,2024-11-02T21:29:15.040Z,"18 km NW of Ubalá, Colombia",earthquake,7.45,1.93,0.104,27.0,reviewed,us,us,3,3
2024-08-14T04:14:47.736Z,6.7459,-73.0255,162.088,4.3,mb,43.0,69.0,0.85,0.74,us,us6000njzx,2024-10-26T15:47:46.040Z,"5 km W of Cepitá, Colombia",earthquake,6.82,6.065,0.062,74.0,reviewed,us,us,4,0
2024-08-03T10:31:47.425Z,6.8,-73.1113,150.293,4.1,mb,33.0,118.0,0.902,0.45,us,us6000nhvf,2024-10-11T19:39:09.040Z,"7 km NNW of Jordán, Colombia",earthquake,10.55,8.924,0.099,28.0,reviewed,us,us,0,0
2024-08-01T12:35:02.202Z,2.2475,-79.7656,10.0,4.0,mb,28.0,80.0,1.32,1.04,us,us7000n7y1,2024-10-11T19:39:12.040Z,"119 km WNW of Tumaco, Colombia",earthquake,3.0,1.841,0.233,5.0,reviewed,us,us,3,2
2024-07-30T05:32:17.757Z,3.3996,-74.3109,10.0,4.2,mb,15.0,129.0,2.762,1.27,us,us6000ngu2,2024-10-11T19:39:06.040Z,"29 km W of Mesetas, Colombia",earthquake,5.93,1.737,0.186,8.0,reviewed,us,us,3,3
2024-07-26T18:54:53.752Z,6.7791,-73.0808,162.67,4.3,mb,59.0,55.0,0.881,0.69,us,us6000ng7y,2024-10-08T21:49:12.005Z,"5 km NNE of Jordán, Colombia",earthquake,7.24,4.942,0.087,40.0,reviewed,us,us,4,0
2024-07-18T01:09:17.169Z,6.6727,-72.9858,160.309,4.5,mb,51.0,93.0,0.781,0.61,us,us7000mzxt,2024-09-28T22:42:14.040Z,"4 km ESE of Aratoca, Colombia",earthquake,11.74,10.112,0.084,41.0,reviewed,us,us,4,0
2024-07-17T05:35:17.058Z,6.7526,-73.012,154.52,4.0,mb,34.0,60.0,0.857,0.78,us,us6000ngp7,2024-09-28T22:41:06.040Z,"4 km W of Cepitá, Colombia",earthquake,7.51,7.36,0.122,18.0,reviewed,us,us,4,0
2024-07-10T09:53:36.292Z,3.7915,-78.5829,10.0,4.7,mb,99.0,121.0,2.496,0.62,us,us7000my8v,2024-09-20T16:00:53.040Z,"142 km N of Mosquera, Colombia",earthquake,9.01,1.883,0.057,94.0,reviewed,us,us,3,2
2024-07-08T08:36:25.807Z,6.8439,-73.0492,151.923,4.1,mb,21.0,97.0,0.946,0.95,us,us7000mzkf,2024-09-20T16:00:56.040Z,"12 km NW of Cepitá, Colombia",earthquake,5.16,5.759,0.175,9.0,reviewed,us,us,0,0
2024-06-30T03:46:55.021Z,6.6903,-73.0526,160.601,4.8,mb,84.0,31.0,0.793,0.55,us,us6000n9a9,2024-09-04T21:57:44.040Z,"3 km W of Aratoca, Colombia",earthquake,4.14,5.638,0.023,607.0,reviewed,us,us,4,0
2024-06-29T09:16:47.923Z,6.7902,-73.0799,151.808,4.3,mb,41.0,97.0,0.892,0.93,us,us6000n957,2024-09-04T21:57:44.040Z,"6 km NNE of Jordán, Colombia",earthquake,9.38,9.365,0.052,105.0,reviewed,us,us,0,0
2024-06-26T23:41:18.165Z,4.6492,-72.7316,9.723,4.4,mb,38.0,77.0,1.284,0.66,us,us6000na3m,2024-09-04T21:57:42.040Z,"24 km WSW of Ubalá, Colombia",earthquake,7.28,4.736,0.108,25.0,reviewed,us,us,3,3
2024-06-25T19:03:26.123Z,6.848,-77.0329,41.197,4.6,mwr,96.0,39.0,1.631,0.72,us,us6000n84y,2024-09-04T21:57:40.040Z,"27 km WSW of Murindó, Colombia",earthquake,6.16,6.039,0.078,16.0,reviewed,us,us,1,2
2024-06-07T15:27:42.762Z,2.946,-79.319,10.0,4.0,mb,19.0,139.0,1.709,0.74,us,us7000mr0t,2024-08-16T21:59:24.040Z,"107 km WNW of Mosquera, Colombia",earthquake,6.49,1.933,0.232,7.0,reviewed,us,us,3,2
2024-06-07T07:55:57.321Z,4.3193,-75.9119,11.719,4.5,mb,49.0,92.0,1.898,1.0,us,us7000mqwq,2024-08-16T21:59:25.040Z,"6 km NNE of Sevilla, Colombia",earthquake,7.87,5.061,0.081,44.0,reviewed,us,us,3,2
2024-06-03T22:48:15.286Z,6.8081,-73.1092,159.344,4.2,mb,22.0,128.0,0.91,0.77,us,us7000mrix,2024-08-16T21:59:23.040Z,"8 km N of Jordán, Colombia",earthquake,7.76,8.506,0.158,11.0,reviewed,us,us,4,0
2024-06-03T11:52:40.059Z,4.2454,-73.5039,9.966,4.4,mb,19.0,127.0,1.689,1.17,us,us7000mrik,2024-08-16T21:59:21.040Z,"3 km SW of Cumaral, Colombia",earthquake,9.72,6.151,0.24,5.0,reviewed,us,us,3,3
2024-05-30T14:37:43.435Z,6.8079,-72.9871,155.391,4.4,mb,20.0,137.0,0.914,0.56,us,us7000mqnd,2024-08-06T20:32:51.040Z,"6 km NNW of Cepitá, Colombia",earthquake,10.29,8.545,0.19,8.0,reviewed,us,us,4,0
2024-05-27T05:12:32.717Z,6.6912,-73.0834,159.324,4.6,mb,133.0,78.0,0.793,0.59,us,us6000n17w,2024-08-06T20:32:45.040Z,"4 km SSE of Jordán, Colombia",earthquake,7.84,6.653,0.027,421.0,reviewed,us,us,4,0
2024-05-26T10:24:52.504Z,2.6312,-79.0382,10.0,4.3,mb,27.0,130.0,1.343,0.87,us,us6000n12v,2024-08-06T02:10:16.040Z,"66 km WNW of Mosquera, Colombia",earthquake,4.73,1.973,0.201,7.0,reviewed,us,us,3,2
2024-05-22T08:44:13.991Z,2.5004,-79.0534,10.0,4.7,mb,68.0,74.0,1.217,1.03,us,us6000n08a,2024-08-06T02:10:10.040Z,"66 km W of Mosquera, Colombia",earthquake,6.65,1.814,0.075,53.0,reviewed,us,us,3,2
2024-05-22T05:34:19.975Z,2.5123,-79.0178,10.0,5.0,mww,107.0,73.0,1.223,0.98,us,us6000n077,2024-08-06T02:10:10.040Z,"63 km W of Mosquera, Colombia",earthquake,5.55,1.353,0.073,18.0,reviewed,us,us,3,2
2024-05-22T04:51:26.691Z,4.1934,-79.0209,10.0,4.5,mb,32.0,80.0,2.887,0.58,us,us6000n073,2024-08-06T02:10:10.040Z,"183 km W of Santa Genoveva de Docordó, Colombia",earthquake,7.87,1.795,0.15,13.0,reviewed,us,us,3,2
2024-05-21T09:58:18.662Z,6.8392,-76.5066,48.925,4.3,mb,32.0,155.0,1.165,0.78,us,us6000n00i,2024-08-06T02:09:50.040Z,"31 km SW of Dabeiba, Colombia",earthquake,4.77,10.1,0.099,29.0,reviewed,us,us,1,2
2024-05-18T07:42:59.295Z,6.8165,-73.0627,152.088,4.2,mb,23.0,72.0,0.918,0.54,us,us6000n0q5,2024-07-26T23:58:11.040Z,"9 km NNE of Jordán, Colombia",earthquake,5.36,10.407,0.146,13.0,reviewed,us,us,0,0
2024-05-18T01:43:12.811Z,6.7942,-73.0861,156.26,4.1,mb,31.0,40.0,0.896,0.82,us,us6000mzca,2024-07-26T23:58:11.040Z,"6 km N of Jordán, Colombia",earthquake,7.52,7.367,0.174,9.0,reviewed,us,us,4,0
2024-05-12T10:19:08.246Z,11.8345,-73.492,10.0,4.9,mb,87.0,53.0,0.98,0.7,us,us6000my1s,2024-07-20T22:20:08.040Z,"65 km NNW of Dibulla, Colombia",earthquake,4.21,1.782,0.036,246.0,reviewed,us,us,3,4
2024-05-12T01:01:01.671Z,11.8046,-73.5013,10.0,4.6,mb,47.0,57.0,0.953,0.95,us,us6000mxzf,2024-07-20T22:20:07.040Z,"62 km NNW of Dibulla, Colombia",earthquake,4.13,1.386,0.045,148.0,reviewed,us,us,3,4
2024-05-11T17:25:02.366Z,7.8033,-74.8294,71.332,4.2,mb,39.0,69.0,1.746,0.85,us,us6000mz6p,2024-07-20T22:20:07.040Z,"6 km WNW of San Carlos, Colombia",earthquake,6.24,8.523,0.107,26.0,reviewed,us,us,2,0
2024-05-06T15:01:53.386Z,8.0283,-75.3563,54.489,4.5,mwr,111.0,43.0,1.833,0.6,us,us6000mwpt,2024-07-20T22:20:01.040Z,"8 km NE of Montelíbano, Colombia",earthquake,6.48,2.24,0.089,12.0,reviewed,us,us,1,3
2024-05-05T06:11:07.336Z,2.0194,-76.027,12.009,4.4,mb,23.0,171.0,2.184,0.56,us,us6000mwfa,2024-07-15T03:57:55.040Z,"3 km NNE of Saladoblanco, Colombia",earthquake,8.08,5.829,0.219,6.0,reviewed,us,us,3,2
2024-05-02T07:34:52.820Z,11.436,-72.8008,10.0,4.4,mb,27.0,63.0,0.835,0.64,us,us6000mvna,2024-07-15T03:58:27.040Z,"16 km SE of Riohacha, Colombia",earthquake,2.88,1.878,0.117,21.0,reviewed,us,us,3,4
2024-04-30T15:44:52.095Z,4.9949,-76.0626,126.48,4.6,mb,27.0,64.0,1.301,0.6,us,us6000mv7u,2024-07-15T03:58:44.040Z,"6 km W of La Celia, Colombia",earthquake,9.73,7.747,0.125,21.0,reviewed,us,us,0,2
2024-04-17T20:50:01.215Z,6.6333,-73.0152,161.851,4.4,mb,106.0,99.0,0.739,0.75,us,us7000mcrm,2024-06-25T21:02:56.040Z,"6 km ENE of Curití, Colombia",earthquake,5.57,5.759,0.06,81.0,reviewed,us,us,4,0
2024-04-07T12:28:49.237Z,6.8911,-73.0577,150.844,4.0,mb,22.0,73.0,0.992,0.97,us,us7000mcg1,2024-06-12T21:52:00.040Z,"10 km S of Piedecuesta, Colombia",earthquake,8.48,7.735,0.15,12.0,reviewed,us,us,0,0
2024-04-05T12:07:46.145Z,6.6676,-72.9997,166.421,4.5,mb,44.0,66.0,0.774,0.68,us,us7000ma4w,2024-06-12T21:51:54.040Z,"3 km SE of Aratoca, Colombia",earthquake,8.96,5.882,0.048,127.0,reviewed,us,us,4,0
2024-04-03T02:32:33.405Z,6.8504,-73.1701,157.268,4.5,mb,20.0,72.0,0.955,0.41,us,us7000mbfp,2024-06-12T21:51:58.040Z,"11 km ENE of Zapatoca, Colombia",earthquake,6.75,8.55,0.204,7.0,reviewed,us,us,4,0
2024-04-02T23:16:51.102Z,5.4555,-72.3758,10.0,4.9,mb,183.0,54.0,0.827,0.69,us,us7000m9g0,2024-06-12T21:51:51.040Z,"13 km N of Yopal, Colombia",earthquake,5.59,1.857,0.043,166.0,reviewed,us,us,3,3
2024-04-01T01:09:22.722Z,6.0205,-71.9313,10.0,4.3,mb,16.0,127.0,1.153,0.81,us,us7000masg,2024-06-12T21:51:56.040Z,"23 km SW of Municipio Hato Corozal, Colombia",earthquake,9.52,1.962,0.154,12.0,reviewed,us,us,3,3
2024-03-29T13:58:15.567Z,6.8548,-73.061,151.045,4.0,mb,52.0,113.0,0.956,1.07,us,us7000m9ww,2024-06-01T21:55:51.040Z,"14 km NNE of Jordán, Colombia",earthquake,8.03,7.568,0.1,27.0,reviewed,us,us,0,0
2024-03-29T04:38:41.170Z,5.4232,-77.1372,41.556,4.4,mb,27.0,136.0,1.772,0.47,us,us7000m8pn,2024-06-01T21:55:48.040Z,"20 km WSW of Pie de Pató, Colombia",earthquake,5.24,8.141,0.112,23.0,reviewed,us,us,1,2
2024-03-28T21:36:07.005Z,6.8313,-73.0523,156.698,4.3,mb,34.0,74.0,0.933,0.75,us,us7000m9p7,2024-06-01T21:55:51.040Z,"11 km NNE of Jordán, Colombia",earthquake,8.88,10.1,0.119,20.0,reviewed,us,us,4,0
2024-03-16T18:58:09.414Z,6.7884,-73.0908,159.68,4.3,mb,28.0,130.0,0.89,0.99,us,us6000mk83,2024-05-18T21:24:17.040Z,"6 km N of Jordán, Colombia",earthquake,7.36,7.668,0.137,15.0,reviewed,us,us,4,0
2024-03-15T06:19:02.541Z,6.829,-73.0474,152.662,4.0,mb,22.0,74.0,0.931,1.1,us,us6000mk1f,2024-05-18T21:24:08.040Z,"11 km NW of Cepitá, Colombia",earthquake,8.96,8.764,0.149,12.0,reviewed,us,us,0,0
2024-03-06T21:12:44.200Z,6.8523,-73.1205,146.029,4.4,mb,44.0,127.0,0.954,0.74,us,us7000m3sa,2024-05-15T17:35:04.040Z,"13 km NNW of Jordán, Colombia",earthquake,7.18,7.577,0.112,23.0,reviewed,us,us,0,0
2024-03-04T22:25:56.002Z,6.7417,-76.2688,37.524,4.4,mb,19.0,142.0,0.916,0.49,us,us7000m46g,2024-05-15T17:35:06.040Z,"15 km WSW of Frontino, Colombia",earthquake,7.97,9.172,0.17,10.0,reviewed,us,us,1,2
2024-02-28T07:05:15.187Z,6.3253,-75.5912,17.79,4.6,mb,56.0,101.0,0.147,0.81,us,us6000mfkh,2025-06-08T13:21:03.370Z,"3 km WSW of Bello, Colombia",earthquake,6.23,4.32,0.085,43.0,reviewed,us,us,3,2
2024-02-27T22:41:52.312Z,6.3284,-76.7456,51.878,4.5,mb,20.0,124.0,1.217,0.78,us,us6000mfie,2024-05-10T21:25:54.040Z,"29 km SSE of Bellavista, Colombia",earthquake,3.85,8.718,0.192,8.0,reviewed,us,us,1,2
2024-02-25T07:51:09.149Z,6.8709,-76.2307,49.262,4.5,mb,53.0,75.0,0.971,0.47,us,us7000m1gm,2024-05-02T15:50:14.040Z,"7 km WSW of Uramita, Colombia",earthquake,7.55,7.42,0.08,49.0,reviewed,us,us,1,2
2024-02-24T23:49:53.421Z,6.7838,-73.0243,157.159,4.4,mb,31.0,57.0,0.887,0.95,us,us6000mfut,2024-05-02T15:50:11.040Z,"6 km WNW of Cepitá, Colombia",earthquake,7.47,5.301,0.143,14.0,reviewed,us,us,4,0
2024-02-23T14:45:22.097Z,6.7778,-73.0481,156.009,4.5,mb,27.0,104.0,0.88,0.7,us,us6000mfn5,2024-05-02T15:50:11.040Z,"7 km NE of Jordán, Colombia",earthquake,7.15,6.455,0.171,10.0,reviewed,us,us,4,0
2024-02-23T12:44:03.056Z,12.2395,-73.4052,10.0,4.4,mb,20.0,75.0,1.337,1.11,us,us6000mfn8,2024-05-02T15:50:11.040Z,"94 km NW of Riohacha, Colombia",earthquake,3.55,1.908,0.24,5.0,reviewed,us,us,3,4
2024-02-23T00:47:47.482Z,7.3556,-75.4767,53.05,4.5,mb,51.0,79.0,1.158,0.72,us,us7000m0zk,2024-05-02T15:50:12.040Z,"11 km NW of Valdivia, Colombia",earthquake,5.94,5.422,0.118,21.0,reviewed,us,us,1,3
2024-02-22T04:05:32.387Z,6.6747,-73.0893,162.0,4.6,mb,136.0,79.0,0.777,0.77,us,us7000m0pr,2024-05-27T05:19:35.291Z,"6 km S of Jordán, Colombia",earthquake,8.48,6.971,0.037,222.0,reviewed,us,us,4,0
2024-02-20T23:23:46.651Z,6.7875,-73.0181,156.388,4.6,mb,87.0,38.0,0.892,0.58,us,us7000m0g8,2024-05-02T15:50:12.040Z,"6 km NW of Cepitá, Colombia",earthquake,7.73,6.267,0.066,69.0,reviewed,us,us,4,0
2024-02-20T01:38:03.569Z,6.6953,-73.0637,165.776,4.6,mb,80.0,27.0,0.798,0.65,us,us7000m0a2,2024-05-02T15:50:11.040Z,"4 km W of Aratoca, Colombia",earthquake,8.05,5.462,0.031,302.0,reviewed,us,us,4,0
2024-02-18T17:42:23.689Z,8.3606,-77.0365,50.379,4.4,mb,45.0,110.0,0.825,0.64,us,us7000m01m,2024-04-24T14:42:05.040Z,"28 km WSW of Necoclí, Colombia",earthquake,6.7,8.493,0.098,30.0,reviewed,us,us,1,4
2024-02-15T18:27:12.430Z,7.0504,-77.0477,38.654,4.7,mb,52.0,91.0,1.734,0.62,us,us7000lzgv,2024-04-24T14:42:03.040Z,"26 km WNW of Murindó, Colombia",earthquake,6.71,8.08,0.08,47.0,reviewed,us,us,1,2
2024-02-10T13:57:06.911Z,4.786,-75.9499,89.291,4.2,mb,13.0,121.0,1.457,0.89,us,us7000lyam,2024-04-20T19:35:11.040Z,"5 km ESE of Ansermanuevo, Colombia",earthquake,7.77,8.455,0.263,4.0,reviewed,us,us,2,2
2024-02-04T13:04:08.095Z,6.877,-73.0575,151.984,4.1,mb,27.0,95.0,0.978,0.69,us,us7000lwxf,2024-04-13T19:37:36.040Z,"12 km S of Piedecuesta, Colombia",earthquake,5.81,4.934,0.165,10.0,reviewed,us,us,0,0
2024-01-28T08:17:55.788Z,6.2056,-77.5807,21.804,4.5,mb,135.0,53.0,2.04,0.55,us,us7000luhv,2024-03-30T22:34:42.040Z,"19 km W of Bahía Solano, Colombia",earthquake,7.19,4.901,0.045,147.0,reviewed,us,us,3,2
2024-01-28T06:10:38.878Z,5.7787,-77.752,17.402,4.4,mb,42.0,86.0,2.249,0.48,us,us7000lwas,2024-03-30T22:35:24.040Z,"53 km W of Nuquí, Colombia",earthquake,4.25,4.815,0.102,28.0,reviewed,us,us,3,2
2024-01-22T19:05:50.061Z,6.8566,-73.0861,152.431,4.7,mb,57.0,82.0,0.958,0.59,us,us7000lt0d,2024-03-30T22:32:27.040Z,"13 km N of Jordán, Colombia",earthquake,7.1,4.035,0.089,39.0,reviewed,us,us,0,0
2024-01-21T17:19:48.289Z,6.7852,-73.0286,154.112,5.0,mww,95.0,29.0,0.889,0.8,us,us6000m59q,2024-12-01T19:39:49.237Z,"6 km WNW of Cepitá, Colombia",earthquake,7.3,5.527,0.083,14.0,reviewed,us,us,4,0
2024-01-19T11:47:28.023Z,4.8447,-75.9969,76.307,4.3,mb,22.0,121.0,1.416,0.59,us,us6000m4n6,2024-03-29T17:37:53.040Z,"5 km N of Ansermanuevo, Colombia",earthquake,4.67,7.347,0.308,3.0,reviewed,us,us,2,2
2024-01-19T11:26:03.598Z,4.7429,-75.8481,65.067,5.6,mww,196.0,37.0,1.473,0.73,us,us6000m4n2,2024-03-29T17:37:53.040Z,"7 km E of Cartago, Colombia",earthquake,7.03,4.294,0.047,43.0,reviewed,us,us,1,1
2024-01-15T11:23:19.711Z,6.8935,-73.1499,151.315,4.3,mb,24.0,124.0,0.997,0.82,us,us6000m3qt,2024-03-29T17:37:51.040Z,"14 km E of Betulia, Colombia",earthquake,4.04,6.697,0.218,6.0,reviewed,us,us,0,0
2024-01-07T08:20:29.606Z,6.8916,-75.9386,10.0,3.6,ml,16.0,87.0,0.806,0.59,us,us6000m41c,2024-03-09T21:40:53.040Z,"14 km WNW of Sabanalarga, Colombia",earthquake,5.91,1.993,0.128,8.0,reviewed,us,us,3,3
2023-12-17T03:16:46.063Z,6.8023,-73.0045,154.824,4.5,mb,60.0,71.0,0.907,1.03,us,us7000ljm4,2024-02-27T22:56:59.040Z,"6 km NNW of Cepitá, Colombia",earthquake,7.66,6.809,0.041,177.0,reviewed,us,us,4,0
2023-12-15T20:24:22.404Z,7.2102,-76.2392,46.554,4.4,mwr,154.0,66.0,1.234,0.94,us,us7000ljdl,2024-02-17T22:43:11.040Z,"22 km E of Mutatá, Colombia",earthquake,7.42,5.851,0.093,11.0,reviewed,us,us,1,2
2023-12-15T17:15:20.370Z,9.0844,-75.2416,37.85,4.5,mwr,67.0,45.0,0.809,1.01,us,us7000ljcs,2024-02-17T22:43:11.040Z,"5 km WSW of El Roble, Colombia",earthquake,4.18,5.376,0.08,15.0,reviewed,us,us,1,4
2023-12-11T07:36:33.539Z,0.9582,-77.5751,95.262,4.6,mb,55.0,143.0,5.584,0.43,us,us7000li20,2024-02-17T22:43:06.040Z,"4 km NNW of Gualmatán, Colombia",earthquake,9.51,9.611,0.074,54.0,reviewed,us,us,2,2
2023-11-26T14:30:56.609Z,4.2967,-76.0903,145.003,4.2,mb,24.0,77.0,1.963,0.96,us,us6000lqvk,2024-02-06T21:53:52.040Z,"11 km S of Zarzal, Colombia",earthquake,6.86,6.677,0.128,17.0,reviewed,us,us,0,0
2023-11-26T00:47:46.677Z,6.8472,-73.1152,150.456,4.0,mb,26.0,127.0,0.949,1.04,us,us7000lev6,2024-02-06T21:53:55.040Z,"12 km N of Jordán, Colombia",earthquake,6.47,6.897,0.143,13.0,reviewed,us,us,0,0
2023-11-24T03:43:52.190Z,6.8801,-73.1356,148.794,4.4,mb,35.0,121.0,0.983,1.01,us,us6000lqdx,2024-02-01T15:13:43.040Z,"15 km SW of Piedecuesta, Colombia",earthquake,7.83,8.228,0.112,23.0,reviewed,us,us,0,0
2023-11-18T23:32:53.076Z,2.5126,-79.7082,10.0,4.5,mwr,48.0,131.0,1.486,1.07,us,us6000lpdj,2024-01-26T16:37:52.040Z,"127 km WNW of Salahonda, Colombia",earthquake,7.57,1.89,0.063,24.0,reviewed,us,us,3,2
2023-11-10T07:48:04.471Z,4.3431,-73.4809,10.0,4.5,mb,50.0,81.0,1.589,0.63,us,us7000la0s,2024-01-13T23:11:01.040Z,"8 km N of Cumaral, Colombia",earthquake,7.64,1.887,0.084,42.0,reviewed,us,us,3,3
2023-11-08T15:56:18.308Z,7.0146,-73.3307,129.259,4.3,mb,24.0,59.0,1.142,0.87,us,us7000lara,2024-01-13T23:11:50.040Z,"13 km NNW of Betulia, Colombia",earthquake,8.15,5.516,0.177,9.0,reviewed,us,us,0,0
2023-11-06T20:58:32.027Z,4.3276,-76.4337,85.061,4.3,mb,26.0,65.0,2.059,0.91,us,us7000la32,2024-01-13T23:11:09.040Z,"17 km NW of Trujillo, Colombia",earthquake,7.77,7.361,0.218,6.0,reviewed,us,us,2,2
2023-11-04T11:00:36.531Z,6.7014,-73.0657,159.015,4.6,mb,100.0,38.0,0.804,0.68,us,us7000l8uy,2024-01-10T06:01:55.040Z,"4 km SE of Jordán, Colombia",earthquake,9.22,7.08,0.029,354.0,reviewed,us,us,4,0
2023-10-31T09:52:02.489Z,4.4451,-76.2619,141.956,4.2,mb,37.0,97.0,1.882,0.36,us,us7000l7qm,2024-01-18T21:10:46.257Z,"7 km SSW of El Dovio, Colombia",earthquake,8.68,6.065,0.104,28.0,reviewed,us,us,0,0
2023-10-30T11:44:01.671Z,6.7196,-72.9917,160.352,4.4,mb,65.0,82.0,0.827,0.55,us,us7000l7iu,2024-01-18T21:10:25.633Z,"4 km NE of Aratoca, Colombia",earthquake,8.03,7.522,0.069,60.0,reviewed,us,us,4,0
2023-10-29T21:34:37.065Z,6.8086,-73.0954,156.55,4.3,mb,22.0,126.0,0.91,0.71,us,us7000l8e3,2024-01-10T06:01:12.040Z,"8 km N of Jordán, Colombia",earthquake,8.03,8.92,0.138,15.0,reviewed,us,us,4,0
2023-10-21T23:39:00.250Z,7.6175,-75.0255,59.032,4.5,mb,70.0,40.0,1.503,0.76,us,us6000lh80,2023-12-26T21:24:55.040Z,"22 km NW of Zaragoza, Colombia",earthquake,6.16,6.74,0.094,33.0,reviewed,us,us,1,3
2023-10-19T05:39:29.493Z,6.7914,-73.0949,157.651,4.2,mb,22.0,74.0,0.893,0.78,us,us7000l5zr,2023-12-26T21:24:57.040Z,"6 km N of Jordán, Colombia",earthquake,7.07,7.049,0.167,10.0,reviewed,us,us,4,0
2023-10-13T03:49:50.275Z,6.8699,-73.1439,143.627,4.2,mb,33.0,125.0,0.973,0.99,us,us6000lgjt,2023-12-16T22:13:10.040Z,"14 km ENE of Zapatoca, Colombia",earthquake,8.74,10.22,0.141,15.0,reviewed,us,us,0,0
2023-10-01T22:42:18.776Z,7.421,-77.0416,37.484,4.5,mb,37.0,97.0,1.575,0.72,us,us6000lc5g,2023-12-14T21:26:51.040Z,"8 km ESE of Riosucio, Colombia",earthquake,6.18,8.835,0.102,28.0,reviewed,us,us,1,2
2023-09-22T22:48:15.157Z,6.867,-73.0508,146.27,4.3,mb,25.0,131.0,0.969,0.46,us,us6000lb5j,2023-12-02T23:01:05.040Z,northern Colombia,earthquake,7.69,7.474,0.168,10.0,reviewed,us,us,0,0
2023-09-19T15:16:20.000Z,12.1443,-72.7293,10.0,4.1,mb,17.0,141.0,0.844,0.85,us,us7000kxf2,2023-12-02T23:01:11.040Z,near the north coast of Colombia,earthquake,4.75,1.818,0.197,7.0,reviewed,us,us,3,4
2023-09-19T06:40:32.368Z,6.8044,-72.971,154.791,4.3,mb,37.0,138.0,0.913,0.48,us,us7000kxen,2024-01-18T20:54:48.607Z,"5 km N of Cepit?, Colombia",earthquake,8.4,8.835,0.071,56.0,reviewed,us,us,4,0
2023-09-18T10:02:53.538Z,7.102,-72.1931,10.0,4.5,mb,49.0,62.0,1.492,0.71,us,us7000kwfd,2023-12-02T23:01:07.040Z,"14 km NW of Cubará, Colombia",earthquake,5.67,1.824,0.069,62.0,reviewed,us,us,3,3
2023-09-16T13:29:30.955Z,6.73,-72.9926,157.783,4.9,mb,59.0,41.0,0.837,0.87,us,us7000kw6m,2023-11-18T22:29:35.040Z,"3 km SW of Cepitá, Colombia",earthquake,10.66,6.494,0.024,527.0,reviewed,us,us,4,0
2023-09-15T19:29:58.602Z,2.8041,-79.7139,10.0,4.4,mb,28.0,138.0,3.715,0.71,us,us7000kwxt,2023-11-18T22:29:36.040Z,"144 km WNW of Mosquera, Colombia",earthquake,9.66,1.894,0.117,22.0,reviewed,us,us,3,2
2023-09-14T14:25:06.579Z,5.2515,-76.7301,10.0,5.2,mww,101.0,59.0,1.516,0.85,us,us7000kvqy,2023-11-18T22:29:34.040Z,"9 km S of El Cantón de San Pablo, Colombia",earthquake,6.02,1.808,0.06,27.0,reviewed,us,us,3,1
2023-09-14T07:01:04.008Z,6.7906,-73.0327,158.809,5.1,mww,163.0,30.0,0.894,0.72,us,us7000kvnq,2023-11-18T22:29:34.040Z,"7 km WNW of Cepitá, Colombia",earthquake,7.46,6.035,0.065,23.0,reviewed,us,us,4,1
2023-09-13T11:03:43.436Z,7.0591,-71.7897,10.0,4.2,mb,26.0,77.0,1.731,0.95,us,us7000kwh1,2023-11-18T22:29:35.040Z,"29 km N of Fortul, Colombia",earthquake,5.16,1.917,0.141,15.0,reviewed,us,us,3,3
2023-09-12T23:11:26.605Z,6.8017,-73.0819,153.481,4.3,mb,35.0,46.0,0.903,0.94,us,us7000kve4,2023-11-18T22:29:33.040Z,"7 km NNE of Jordán, Colombia",earthquake,7.59,6.791,0.119,20.0,reviewed,us,us,4,0
2023-09-07T08:53:43.296Z,6.7367,-73.0211,162.243,4.2,mb,81.0,107.0,0.841,0.72,us,us7000ktw5,2023-11-17T19:47:50.040Z,"4 km N of Aratoca, Colombia",earthquake,8.1,6.538,0.053,98.0,reviewed,us,us,4,0
2023-09-01T02:19:07.271Z,5.1836,-76.6737,10.0,4.9,mb,72.0,66.0,1.516,0.88,us,us7000ksjh,2023-11-04T21:36:08.040Z,"2 km NNE of Istmina, Colombia",earthquake,6.63,1.85,0.073,59.0,reviewed,us,us,3,2
2023-08-29T04:06:14.062Z,7.0616,-77.2395,35.0,4.5,mb,36.0,92.0,1.907,0.67,us,us7000krqy,2023-11-04T21:35:44.040Z,"44 km SSW of Riosucio, Colombia",earthquake,3.97,1.909,0.128,18.0,reviewed,us,us,1,2
2023-08-28T05:12:11.574Z,6.9246,-73.1476,140.334,4.4,mb,37.0,124.0,1.027,0.69,us,us7000krf7,2023-11-04T21:35:39.040Z,"12 km WSW of Piedecuesta, Colombia",earthquake,7.15,9.871,0.105,26.0,reviewed,us,us,0,0
2023-08-27T21:45:00.683Z,5.3394,-76.6839,24.036,5.7,mww,304.0,54.0,1.427,0.64,us,us7000kre0,2024-01-19T11:55:17.433Z,"5 km E of El Cantón de San Pablo, Colombia",earthquake,6.0,3.015,0.039,62.0,reviewed,us,us,3,1
2023-08-18T01:15:26.559Z,4.3633,-73.485,10.0,5.0,mb,80.0,69.0,0.961,0.81,us,us7000kp5l,2023-10-27T21:39:03.040Z,"10 km N of Cumaral, Colombia",earthquake,5.32,1.826,0.034,279.0,reviewed,us,us,3,1
2023-08-17T18:16:44.890Z,6.6842,-73.032,162.835,4.4,mb,65.0,38.0,0.788,0.63,us,us7000kp30,2023-10-27T21:39:03.040Z,northern Colombia,earthquake,8.1,5.177,0.046,138.0,reviewed,us,us,4,0
2023-08-17T17:40:16.241Z,4.2285,-73.6849,10.0,4.9,mb,95.0,70.0,0.882,1.04,us,us7000kp2s,2023-10-27T21:39:03.040Z,"11 km NW of Villavicencio, Colombia",earthquake,5.82,1.804,0.068,67.0,reviewed,us,us,3,3
2023-08-17T17:17:17.698Z,4.258,-73.5289,10.0,5.6,mww,101.0,77.0,0.982,0.61,us,us7000kp2j,2023-10-27T21:39:03.040Z,"3 km E of Restrepo, Colombia",earthquake,6.61,1.776,0.089,12.0,reviewed,us,us,3,1
2023-08-17T17:04:48.770Z,4.3463,-73.6199,10.0,6.1,mww,111.0,64.0,0.857,0.87,us,us7000kp2i,2025-06-08T13:52:30.342Z,"10 km E of El Calvario, Colombia",earthquake,9.0,1.789,0.063,24.0,reviewed,us,us,3,1
2023-08-17T13:28:36.378Z,7.3186,-75.5964,52.251,4.6,mb,52.0,60.0,1.122,0.93,us,us7000kp07,2023-10-27T21:39:03.040Z,"22 km W of Valdivia, Colombia",earthquake,6.28,6.963,0.049,125.0,reviewed,us,us,1,2
2023-08-14T15:55:11.319Z,7.3503,-75.5598,54.24,4.9,mb,182.0,25.0,1.152,0.63,us,us6000kzwn,2023-10-27T21:39:01.040Z,"19 km WNW of Valdivia, Colombia",earthquake,3.21,4.829,0.027,448.0,reviewed,us,us,1,1
2023-08-13T12:58:42.674Z,2.7209,-79.6777,10.0,4.3,mb,35.0,137.0,1.644,0.87,us,us6000kzpp,2023-10-27T21:39:00.040Z,"136 km WNW of Salahonda, Colombia",earthquake,8.71,1.948,0.126,18.0,reviewed,us,us,3,2
2023-08-11T17:59:59.511Z,7.3532,-75.5745,51.158,4.9,mwr,115.0,37.0,1.156,0.7,us,us6000kzf4,2023-10-17T22:01:30.040Z,"21 km WNW of Valdivia, Colombia",earthquake,3.25,4.958,0.083,14.0,reviewed,us,us,1,1
2023-08-11T01:27:15.364Z,6.805,-73.0938,152.801,4.3,mb,49.0,107.0,0.907,0.83,us,us6000kz6d,2023-10-17T22:01:29.040Z,"7 km N of Jordán, Colombia",earthquake,8.14,6.27,0.096,32.0,reviewed,us,us,0,0
2023-08-06T11:09:28.977Z,6.8571,-72.9948,151.542,4.3,mb,54.0,112.0,0.962,0.87,us,us6000ky9h,2023-10-17T22:01:25.040Z,northern Colombia,earthquake,8.09,7.478,0.051,110.0,reviewed,us,us,0,0
2023-08-04T05:47:15.686Z,6.9172,-73.1242,144.024,4.2,mb,46.0,126.0,1.019,0.65,us,us6000kxr4,2023-10-07T21:38:57.040Z,"11 km SW of Piedecuesta, Colombia",earthquake,8.18,9.982,0.102,27.0,reviewed,us,us,0,0
2023-08-03T22:09:36.236Z,3.5131,-76.2356,161.146,5.1,mww,95.0,75.0,2.323,0.5,us,us6000kxnn,2024-01-19T13:14:23.295Z,Colombia,earthquake,4.63,5.306,0.08,15.0,reviewed,us,us,4,1
2023-07-30T02:27:04.683Z,9.0817,-76.6299,50.677,5.2,mww,82.0,135.0,0.342,0.9,us,us6000kwll,2023-10-07T21:38:54.040Z,near the north coast of Colombia,earthquake,7.47,4.528,0.041,58.0,reviewed,us,us,1,1
2023-07-22T00:35:13.337Z,6.9171,-73.0906,150.864,4.3,mb,119.0,128.0,1.018,0.62,us,us7000khit,2023-09-28T21:34:06.040Z,"9 km SSW of Piedecuesta, Colombia",earthquake,8.4,7.884,0.054,99.0,reviewed,us,us,0,0
2023-07-20T08:39:06.678Z,5.53,-77.6608,10.0,4.2,mb,26.0,114.0,2.22,0.4,us,us6000kw5y,2023-09-28T21:33:13.040Z,"47 km WSW of Nuquí, Colombia",earthquake,7.52,1.935,0.113,22.0,reviewed,us,us,3,2
2023-07-12T06:22:49.141Z,6.886,-73.1223,152.324,4.3,mb,27.0,126.0,0.988,1.09,us,us7000kh1r,2023-09-16T19:16:22.040Z,"13 km SW of Piedecuesta, Colombia",earthquake,6.89,7.632,0.217,6.0,reviewed,us,us,0,0
2023-07-09T19:23:09.568Z,6.9043,-76.6725,45.793,4.2,mb,19.0,88.0,1.339,1.09,us,us6000kr6p,2023-09-16T19:16:06.040Z,"18 km ESE of Murindó, Colombia",earthquake,4.02,9.645,0.146,13.0,reviewed,us,us,1,2
2023-07-08T21:33:30.978Z,6.9022,-73.0887,147.942,4.2,mb,15.0,128.0,1.003,0.54,us,us7000kfrf,2023-09-09T21:55:20.040Z,"10 km SSW of Piedecuesta, Colombia",earthquake,5.15,8.861,0.264,4.0,reviewed,us,us,0,0
2023-07-01T10:59:39.481Z,6.6362,-73.4187,124.108,4.3,mb,13.0,140.0,0.811,0.57,us,us7000kem8,2023-09-08T14:18:43.040Z,"12 km ESE of El Carmen de Chucurí, Colombia",earthquake,7.01,8.448,0.188,9.0,reviewed,us,us,0,0
2023-06-30T01:52:28.221Z,2.9948,-73.6029,10.0,4.7,mb,51.0,61.0,1.973,0.97,us,us6000kp0m,2023-09-08T14:18:29.040Z,"21 km SE of Vistahermosa, Colombia",earthquake,7.49,1.856,0.052,115.0,reviewed,us,us,3,3
2023-06-28T08:34:45.730Z,5.351,-77.7289,18.135,4.3,mb,36.0,62.0,2.342,1.06,us,us6000kqi7,2023-09-08T14:18:36.040Z,"59 km NW of Pizarro, Colombia",earthquake,5.98,4.113,0.105,26.0,reviewed,us,us,3,2
2023-06-27T10:55:56.610Z,6.7328,-73.0596,161.999,4.5,mb,107.0,53.0,0.835,0.7,us,us6000kndk,2023-09-08T14:18:23.040Z,"4 km E of Jordán, Colombia",earthquake,7.81,7.163,0.038,200.0,reviewed,us,us,4,0
2023-06-17T04:36:40.509Z,6.0341,-72.234,35.0,4.2,mb,13.0,142.0,0.856,0.86,us,us7000kakx,2023-08-21T04:19:43.040Z,"7 km SSE of Sácama, Colombia",earthquake,9.62,1.964,0.199,7.0,reviewed,us,us,1,3
2023-06-12T01:51:32.857Z,6.8568,-73.0311,151.02,3.8,mb,14.0,118.0,0.959,0.69,us,us7000k9l8,2023-08-21T04:19:25.040Z,"12 km NNW of Cepitá, Colombia",earthquake,9.61,5.301,0.293,3.0,reviewed,us,us,0,0
2023-06-10T06:53:57.656Z,3.8178,-76.489,146.602,4.3,mb,37.0,98.0,2.39,0.79,us,us7000k7li,2023-08-12T17:15:15.040Z,"3 km E of Restrepo, Colombia",earthquake,7.72,9.868,0.119,20.0,reviewed,us,us,0,2
2023-06-07T17:39:23.875Z,6.0189,-77.8504,10.0,5.1,mww,109.0,39.0,3.702,0.88,us,us7000k6yf,2023-08-12T17:15:07.040Z,"54 km WSW of Bahía Solano, Colombia",earthquake,6.66,1.783,0.062,25.0,reviewed,us,us,3,1
2023-05-29T00:02:53.027Z,7.0417,-76.1407,70.346,4.3,mb,21.0,118.0,2.835,0.35,us,us7000k4pl,2023-08-05T22:07:38.040Z,"14 km ENE of Dabeiba, Colombia",earthquake,8.04,12.321,0.178,9.0,reviewed,us,us,2,2
2023-05-28T15:45:57.185Z,6.6964,-73.0303,163.809,5.2,mww,90.0,39.0,0.8,0.7,us,us7000k4mu,2023-08-05T22:07:37.040Z,"1 km W of Aratoca, Colombia",earthquake,6.77,4.44,0.049,40.0,reviewed,us,us,4,1
2023-05-27T06:01:11.791Z,9.2536,-75.3378,40.747,4.5,mb,41.0,143.0,0.658,0.48,us,us7000k4ez,2023-07-29T22:00:43.040Z,"8 km SW of Corozal, Colombia",earthquake,8.93,8.463,0.095,32.0,reviewed,us,us,1,4
2023-05-25T08:47:19.531Z,8.7742,-77.1783,10.0,4.5,mb,67.0,70.0,2.266,0.6,us,us7000k3pe,2023-07-29T22:00:36.040Z,Panama-Colombia border region,earthquake,6.95,1.888,0.073,55.0,reviewed,us,us,3,4
2023-05-22T17:14:14.864Z,4.3829,-76.2681,120.179,4.5,mb,56.0,64.0,1.941,1.01,us,us6000kdxg,2023-07-29T22:00:28.040Z,"10 km WNW of Bolívar, Colombia",earthquake,7.28,6.094,0.056,94.0,reviewed,us,us,0,2
2023-05-21T19:19:27.492Z,6.0107,-73.62,129.645,4.2,mb,40.0,108.0,0.547,0.77,us,us7000k48g,2023-07-29T22:00:41.040Z,"5 km WSW of Güepsa, Colombia",earthquake,5.12,6.793,0.102,27.0,reviewed,us,us,0,0
2023-05-14T16:43:09.036Z,6.8463,-73.0895,151.854,4.6,mb,50.0,43.0,0.948,0.67,us,us6000kbvy,2023-07-24T01:16:56.040Z,"12 km N of Jordán, Colombia",earthquake,7.13,6.073,0.032,300.0,reviewed,us,us,0,0
2023-05-14T06:04:17.791Z,4.0397,-73.7077,10.0,4.8,mb,97.0,131.0,1.007,0.6,us,us6000kbsg,2023-07-24T01:17:05.040Z,Colombia,earthquake,8.38,1.907,0.029,364.0,reviewed,us,us,3,3
2023-05-14T01:04:46.263Z,6.8341,-72.9826,155.214,4.2,mb,25.0,138.0,0.941,0.99,us,us6000kcvg,2023-07-24T01:17:07.040Z,"8 km N of Cepitá, Colombia",earthquake,9.61,7.177,0.152,13.0,reviewed,us,us,4,0
2023-05-12T09:45:28.128Z,7.0383,-76.0563,50.008,4.7,mwr,154.0,60.0,0.992,0.45,us,us6000kbd5,2023-07-22T19:17:00.040Z,"16 km W of Peque, Colombia",earthquake,2.18,5.672,0.089,12.0,reviewed,us,us,1,2
2023-05-12T06:06:16.158Z,0.7544,-77.9505,10.0,4.5,mb,27.0,120.0,0.168,0.98,us,us6000kbbv,2023-07-22T19:16:58.040Z,Colombia-Ecuador border region,earthquake,2.9,1.766,0.128,18.0,reviewed,us,us,3,2
2023-05-07T08:05:32.757Z,3.0134,-74.7041,182.956,4.3,mb,13.0,175.0,1.859,0.51,us,us6000ka69,2023-07-22T19:16:16.040Z,"41 km SSE of Colombia, Colombia",earthquake,5.12,11.796,0.308,3.0,reviewed,us,us,4,0
2023-05-06T01:48:01.030Z,6.7608,-72.9894,153.56,4.4,mb,47.0,99.0,0.868,1.09,us,us6000k9y1,2023-07-15T22:10:03.040Z,"1 km WNW of Cepitá, Colombia",earthquake,7.81,7.896,0.082,43.0,reviewed,us,us,4,0
2023-05-05T18:34:52.103Z,6.8252,-73.0964,154.889,4.3,mb,22.0,105.0,0.927,0.61,us,us6000kavv,2023-07-15T22:10:26.040Z,"10 km N of Jordán, Colombia",earthquake,6.96,3.119,0.153,12.0,reviewed,us,us,4,0
2023-05-05T17:25:52.488Z,6.9456,-73.1785,143.778,4.3,mb,26.0,122.0,1.05,0.5,us,us6000kavr,2023-07-15T22:10:26.040Z,"12 km ENE of Betulia, Colombia",earthquake,7.25,10.965,0.126,18.0,reviewed,us,us,0,0
2023-04-19T15:10:41.000Z,6.9849,-72.0921,41.722,4.3,mb,27.0,84.0,1.466,0.6,us,us7000jw25,2023-07-03T02:47:08.040Z,"2 km SSE of Cubará, Colombia",earthquake,3.47,8.214,0.147,13.0,reviewed,us,us,1,3
2023-04-18T18:51:21.373Z,6.8783,-73.1335,152.061,4.2,mb,24.0,116.0,0.981,0.71,us,us6000k5cn,2023-07-03T02:47:15.040Z,"15 km SW of Piedecuesta, Colombia",earthquake,4.1,7.817,0.159,11.0,reviewed,us,us,0,0
2023-04-18T02:26:09.968Z,7.7707,-75.2532,69.279,4.1,mb,23.0,54.0,1.593,0.74,us,us7000jvtm,2024-01-18T19:48:50.850Z,"23 km NNE of C?ceres, Colombia",earthquake,3.72,8.32,0.261,4.0,reviewed,us,us,2,0
2023-04-15T20:52:53.218Z,3.3662,-74.2162,10.0,4.5,mb,37.0,129.0,1.473,0.91,us,us6000k4sq,2023-06-17T21:36:57.040Z,"19 km W of Mesetas, Colombia",earthquake,8.17,1.922,0.076,51.0,reviewed,us,us,3,3
2023-04-15T03:50:57.952Z,2.2187,-79.0054,10.0,4.6,mb,50.0,74.0,0.933,0.98,us,us6000k4lx,2023-06-17T21:36:56.040Z,"43 km WNW of Salahonda, Colombia",earthquake,6.4,1.812,0.086,40.0,reviewed,us,us,3,2
2023-04-07T22:09:32.105Z,6.8355,-72.9739,152.736,4.4,mb,70.0,43.0,0.943,0.54,us,us6000k2ru,2023-06-13T03:12:28.040Z,"8 km N of Cepitá, Colombia",earthquake,7.85,5.295,0.05,118.0,reviewed,us,us,0,0
2023-04-07T04:10:51.693Z,8.9572,-76.3312,48.052,4.6,mb,41.0,99.0,1.471,0.7,us,us6000k2l9,2023-06-13T03:12:35.040Z,"7 km NNE of Los Córdobas, Colombia",earthquake,7.5,8.534,0.047,133.0,reviewed,us,us,1,4
2023-04-01T15:35:03.444Z,6.8743,-73.063,153.178,4.3,mb,25.0,121.0,0.976,1.05,us,us6000k2d7,2023-06-03T22:06:21.040Z,"12 km S of Piedecuesta, Colombia",earthquake,8.66,7.999,0.16,11.0,reviewed,us,us,4,0
2023-03-30T08:24:53.285Z,7.9236,-74.7887,62.519,4.5,mb,74.0,44.0,1.872,0.64,us,us6000k0u3,2023-06-03T22:06:07.040Z,"14 km N of San Carlos, Colombia",earthquake,6.12,6.601,0.042,164.0,reviewed,us,us,1,3
2023-03-27T22:08:57.857Z,6.8433,-73.0951,152.713,4.4,mb,53.0,71.0,0.945,0.64,us,us6000k059,2023-06-03T22:06:02.040Z,"12 km N of Jordán, Colombia",earthquake,3.13,6.878,0.091,35.0,reviewed,us,us,0,0
2023-03-26T23:00:41.400Z,6.8516,-73.1229,156.193,4.3,mb,29.0,67.0,0.954,0.88,us,us7000jmx9,2023-06-03T22:06:25.040Z,"13 km NNW of Jordán, Colombia",earthquake,7.08,3.882,0.201,7.0,reviewed,us,us,4,0
2023-03-19T17:42:00.076Z,11.6448,-72.3136,65.712,4.3,mb,38.0,68.0,0.319,0.47,us,us7000jlb3,2023-05-26T21:54:06.040Z,"9 km SW of Uribia, Colombia",earthquake,4.85,5.436,0.108,24.0,reviewed,us,us,1,4
2023-03-16T14:03:55.857Z,5.3134,-77.5791,10.0,4.7,mb,41.0,62.0,2.218,0.99,us,us7000jkf1,2023-05-20T23:20:29.040Z,"46 km NNW of Pizarro, Colombia",earthquake,7.37,1.862,0.063,75.0,reviewed,us,us,3,2
2023-03-15T21:50:42.459Z,3.9045,-76.0855,177.822,4.5,mb,63.0,83.0,1.992,0.85,us,us7000jka7,2023-05-20T23:20:28.040Z,"18 km ESE of San Pedro, Colombia",earthquake,7.24,2.13,0.085,41.0,reviewed,us,us,4,0
2023-03-15T11:46:13.358Z,5.4963,-77.6017,10.0,4.4,mb,19.0,134.0,2.174,1.01,us,us7000jk3n,2023-05-20T23:20:26.040Z,"43 km WSW of Nuquí, Colombia",earthquake,5.43,1.818,0.17,10.0,reviewed,us,us,3,2
2023-03-15T11:30:53.484Z,5.4355,-77.764,28.643,4.4,mb,21.0,116.0,2.347,0.6,us,us7000jlgv,2023-05-20T23:20:39.040Z,"62 km WSW of Nuquí, Colombia",earthquake,7.68,6.83,0.203,7.0,reviewed,us,us,1,2
2023-03-14T05:06:59.998Z,6.8028,-72.9977,157.397,4.5,mb,62.0,38.0,0.908,0.65,us,us7000jjrd,2023-05-20T23:20:22.040Z,"5 km NNW of Cepitá, Colombia",earthquake,7.43,6.699,0.041,178.0,reviewed,us,us,4,0
2023-03-12T20:26:44.696Z,6.8364,-73.0707,146.381,4.2,mb,49.0,118.0,0.938,0.83,us,us7000jjdu,2023-05-20T23:20:18.040Z,"11 km NNE of Jordán, Colombia",earthquake,7.92,8.125,0.098,29.0,reviewed,us,us,0,0
2023-03-11T21:12:00.955Z,5.3643,-77.6548,10.0,4.9,mb,196.0,97.0,2.269,0.68,us,us7000jj76,2023-05-15T02:49:08.040Z,"55 km NW of Pizarro, Colombia",earthquake,6.57,1.837,0.044,160.0,reviewed,us,us,3,2
2023-03-11T05:11:59.326Z,6.893,-73.1444,146.285,4.3,mb,23.0,125.0,0.996,0.49,us,us7000jj2g,2023-05-15T02:49:16.040Z,"14 km SW of Piedecuesta, Colombia",earthquake,5.66,10.651,0.161,11.0,reviewed,us,us,0,0
2023-03-10T20:47:33.768Z,5.3124,-78.1883,24.321,5.1,mww,146.0,45.0,2.786,0.82,us,us7000jiyr,2023-05-15T02:49:20.040Z,"99 km WNW of Pizarro, Colombia",earthquake,7.73,3.726,0.058,29.0,reviewed,us,us,3,1
2023-03-10T09:18:40.733Z,6.7308,-73.027,160.432,5.4,mww,244.0,43.0,0.835,0.5,us,us7000jirz,2024-10-09T14:45:06.235Z,"4 km NNW of Aratoca, Colombia",earthquake,7.94,4.934,0.06,27.0,reviewed,us,us,4,1
2023-03-07T03:59:40.088Z,5.3828,-77.5523,10.0,5.0,mww,95.0,62.0,2.167,0.85,us,us7000jhss,2023-05-15T02:50:23.040Z,"47 km SW of Nuquí, Colombia",earthquake,5.59,1.672,0.093,11.0,reviewed,us,us,3,1
2023-03-07T01:32:41.615Z,6.8238,-73.0726,155.436,4.3,mb,43.0,36.0,0.925,0.76,us,us7000jhsj,2023-05-15T02:50:24.040Z,"Santander, Colombia",earthquake,7.83,5.953,0.116,21.0,reviewed,us,us,4,0
2023-03-04T07:20:02.788Z,6.8798,-73.1083,149.739,4.4,mb,34.0,96.0,0.981,0.76,us,us7000jhah,2023-05-08T02:00:44.040Z,northern Colombia,earthquake,7.26,9.034,0.107,25.0,reviewed,us,us,0,0
2023-03-02T20:38:15.605Z,6.7351,-73.0147,156.85,4.5,mb,33.0,136.0,0.84,0.85,us,us7000jihp,2023-05-08T02:00:26.040Z,"4 km N of Aratoca, Colombia",earthquake,9.39,7.258,0.145,14.0,reviewed,us,us,4,0
2023-02-16T22:19:01.256Z,6.2484,-74.4491,35.0,4.5,mb,7.0,92.0,1.075,0.32,us,us6000jr8y,2024-01-18T19:21:51.308Z,"27 km S of Puerto Berr?o, Colombia",earthquake,5.43,2.006,0.151,13.0,reviewed,us,us,1,3
2023-02-15T13:04:09.720Z,6.7659,-73.0236,158.822,5.2,mb,270.0,37.0,0.87,0.52,us,us6000jp3b,2023-04-22T21:33:11.040Z,"5 km WNW of Cepitá, Colombia",earthquake,7.01,5.671,0.022,673.0,reviewed,us,us,4,1
2023-02-07T21:31:36.127Z,7.1614,-76.9892,23.642,5.0,mb,91.0,58.0,1.742,0.54,us,us6000jmce,2023-04-15T21:39:45.040Z,northern Colombia,earthquake,6.82,4.745,0.064,77.0,reviewed,us,us,3,1
2023-02-07T02:56:17.992Z,6.8089,-73.0222,159.15,4.6,mb,128.0,35.0,0.912,0.57,us,us6000jm59,2023-04-15T21:39:42.040Z,northern Colombia,earthquake,6.29,4.431,0.056,96.0,reviewed,us,us,4,0
2023-02-07T00:44:14.350Z,4.3409,-74.2762,8.529,3.8,mb,8.0,153.0,0.503,0.85,us,us6000jm8v,2023-04-15T21:39:31.040Z,"4 km NE of Pasca, Colombia",earthquake,6.07,4.805,0.506,1.0,reviewed,us,us,3,3
2023-02-06T00:51:39.856Z,7.3231,-72.0272,53.458,4.4,mb,25.0,84.0,1.767,0.6,us,us6000jnr4,2023-04-15T21:39:59.040Z,"36 km NNE of Cubará, Colombia",earthquake,6.7,3.448,0.179,9.0,reviewed,us,us,1,3
2023-02-01T19:51:04.511Z,6.7763,-73.1251,154.167,4.6,mb,76.0,27.0,0.879,0.9,us,us6000jktm,2023-04-13T21:53:16.040Z,"5 km NW of Jordán, Colombia",earthquake,6.57,5.308,0.035,246.0,reviewed,us,us,4,0
2023-01-27T04:34:39.050Z,5.0309,-76.2007,106.371,4.5,mb,56.0,59.0,1.332,0.94,us,us6000jjlq,2023-04-11T18:51:35.040Z,"15 km NNE of San José del Palmar, Colombia",earthquake,3.99,5.929,0.078,48.0,reviewed,us,us,2,2
2023-01-26T09:38:21.148Z,6.85,-73.1106,144.034,4.2,mb,40.0,116.0,0.952,0.71,us,us6000jlzd,2023-04-11T18:51:46.040Z,northern Colombia,earthquake,7.17,8.18,0.118,21.0,reviewed,us,us,0,0
2023-01-23T11:18:17.679Z,4.3665,-78.6336,10.0,4.4,mb,27.0,135.0,3.584,0.54,us,us6000jlxe,2024-01-18T19:14:59.364Z,"141 km W of Santa Genoveva de Docord?, Colombia",earthquake,5.02,1.919,0.179,10.0,reviewed,us,us,3,2
2023-01-15T17:59:19.869Z,0.7556,-77.3987,9.7,4.3,mb,26.0,100.0,0.39,0.67,us,us7000j4jw,2023-03-31T19:44:27.040Z,"17 km SE of Córdoba, Colombia",earthquake,5.93,6.278,0.168,10.0,reviewed,us,us,3,2
2023-01-14T18:18:29.987Z,6.8355,-73.1176,151.159,4.5,mb,131.0,117.0,0.937,0.83,us,us7000j4es,2023-03-20T06:03:42.040Z,northern Colombia,earthquake,3.67,5.123,0.049,126.0,reviewed,us,us,0,0
2023-01-13T16:41:41.660Z,6.8346,-73.0505,152.595,4.5,mb,41.0,43.0,0.937,0.72,us,us7000j47t,2023-03-20T06:03:36.040Z,"12 km NW of Cepitá, Colombia",earthquake,7.48,6.23,0.093,34.0,reviewed,us,us,0,0
2023-01-13T07:21:53.883Z,6.7854,-73.0766,155.374,4.6,mb,89.0,94.0,0.887,0.66,us,us7000j430,2023-03-20T06:03:34.040Z,"6 km NNE of Jordán, Colombia",earthquake,3.4,8.036,0.062,77.0,reviewed,us,us,4,0
2023-01-12T02:54:20.701Z,6.7855,-73.0545,152.774,4.3,mb,58.0,36.0,0.888,0.79,us,us7000j3t1,2023-03-20T06:03:25.040Z,"7 km NE of Jordán, Colombia",earthquake,4.52,4.734,0.101,28.0,reviewed,us,us,0,0
2023-01-05T11:03:59.462Z,6.7877,-73.0479,153.901,4.4,mb,37.0,73.0,0.89,0.72,us,us7000j4qq,2023-03-11T22:51:50.040Z,"8 km NE of Jordán, Colombia",earthquake,3.34,5.421,0.126,18.0,reviewed,us,us,4,0
2023-01-02T00:22:05.645Z,6.8279,-73.0877,153.952,4.3,mb,14.0,59.0,0.929,0.92,us,us7000j43n,2023-03-11T22:51:46.040Z,"10 km N of Jordán, Colombia",earthquake,7.15,9.255,0.218,6.0,reviewed,us,us,4,0
2022-12-26T07:27:29.115Z,11.079,-74.0078,47.936,4.1,mb,20.0,78.0,0.229,0.38,us,us7000j2kn,2023-03-07T19:00:05.040Z,"27 km ENE of Ciénaga, Colombia",earthquake,7.73,6.228,0.157,11.0,reviewed,us,us,1,4
2022-12-21T18:53:54.611Z,7.3105,-76.9735,39.736,4.9,mb,52.0,78.0,1.65,0.72,us,us6000jawa,2023-02-28T23:06:41.040Z,"21 km SE of Riosucio, Colombia",earthquake,7.23,6.917,0.11,26.0,reviewed,us,us,1,1
2022-12-14T17:39:03.979Z,3.3517,-74.1224,8.071,4.5,mb,31.0,78.0,1.496,0.86,us,us6000jac8,2023-02-18T22:04:19.040Z,"9 km WSW of Mesetas, Colombia",earthquake,4.85,4.702,0.121,20.0,reviewed,us,us,3,3
2022-12-14T06:36:56.178Z,6.7855,-73.04,154.45,4.5,mb,70.0,38.0,0.888,0.81,us,us6000j95b,2023-02-18T22:04:09.040Z,"8 km WNW of Cepitá, Colombia",earthquake,6.41,3.877,0.043,160.0,reviewed,us,us,4,0
2022-12-12T14:49:13.270Z,3.9986,-76.7154,101.355,4.5,mb,23.0,146.0,2.478,0.27,us,us6000j9qp,2023-02-18T22:04:16.040Z,"26 km WNW of Darien, Colombia",earthquake,5.04,7.475,0.192,9.0,reviewed,us,us,2,2
2022-12-03T11:41:36.885Z,7.2431,-77.1037,40.005,4.7,mwr,107.0,50.0,1.762,0.53,us,us6000j6n3,2023-02-11T23:03:03.040Z,"22 km S of Riosucio, Colombia",earthquake,6.64,5.474,0.083,14.0,reviewed,us,us,1,2
2022-12-02T23:09:22.099Z,8.0925,-72.5631,10.0,4.4,mwr,70.0,37.0,2.064,0.61,us,us6000j6gr,2023-02-05T23:26:11.040Z,"17 km SW of La Esperanza, Colombia",earthquake,5.56,1.873,0.075,17.0,reviewed,us,us,3,3
2022-12-02T13:24:00.291Z,6.795,-72.9223,156.937,4.1,mb,33.0,120.0,0.911,0.64,us,us6000j6ai,2023-02-05T23:26:04.040Z,"7 km NE of Cepitá, Colombia",earthquake,8.61,8.017,0.145,13.0,reviewed,us,us,4,0
2022-12-02T11:50:09.209Z,7.2489,-77.1841,27.87,4.3,mb,40.0,105.0,1.791,0.39,us,us6000j69v,2023-02-05T23:26:02.040Z,"22 km SSW of Riosucio, Colombia",earthquake,5.7,2.22,0.137,15.0,reviewed,us,us,3,2
2022-12-02T08:46:33.715Z,2.5622,-79.849,10.0,4.6,mb,29.0,143.0,2.759,0.99,us,us6000j695,2023-02-05T23:26:00.040Z,"144 km WNW of Salahonda, Colombia",earthquake,3.31,1.935,0.182,9.0,reviewed,us,us,3,2
2022-12-02T01:48:58.293Z,7.2127,-77.0842,43.133,4.7,mb,44.0,67.0,1.781,0.77,us,us6000j67s,2023-02-05T23:25:56.040Z,"25 km S of Riosucio, Colombia",earthquake,4.56,6.695,0.086,41.0,reviewed,us,us,1,2
2022-11-28T13:37:13.142Z,6.8133,-76.113,22.187,4.7,mb,44.0,49.0,0.848,0.87,us,us7000isz1,2023-02-05T23:24:41.040Z,"5 km NNE of Frontino, Colombia",earthquake,3.28,5.562,0.11,27.0,reviewed,us,us,3,2
2022-11-27T16:47:02.911Z,7.503,-73.2225,139.778,4.4,mb,18.0,84.0,1.606,0.45,us,us6000j63p,2023-02-05T23:24:22.040Z,"4 km NNW of El Playón, Colombia",earthquake,7.78,7.999,0.203,7.0,reviewed,us,us,0,0
2022-11-27T01:24:11.080Z,11.1231,-74.0526,42.336,4.3,mb,20.0,56.0,0.173,0.84,us,us6000j636,2023-02-05T23:24:10.040Z,"20 km SE of Santa Marta, Colombia",earthquake,7.42,5.801,0.177,10.0,reviewed,us,us,1,4
2022-11-25T00:35:32.353Z,7.7723,-75.2486,46.604,3.9,mwr,35.0,45.0,1.545,1.3,us,us7000is7z,2023-01-30T06:01:39.040Z,"23 km NNE of Cáceres, Colombia",earthquake,3.65,6.822,0.093,11.0,reviewed,us,us,1,3
2022-11-20T05:02:15.566Z,6.844,-73.0742,152.394,4.2,mb,22.0,72.0,0.945,0.53,us,us7000is4g,2023-01-30T06:00:19.040Z,"12 km N of Jordán, Colombia",earthquake,7.53,3.782,0.176,13.0,reviewed,us,us,0,0
2022-11-13T12:13:21.065Z,7.3492,-71.8699,10.0,4.6,mb,53.0,63.0,1.883,0.72,us,us7000ipgi,2023-01-28T19:58:11.040Z,"46 km NE of Cubará, Colombia",earthquake,7.74,1.884,0.089,38.0,reviewed,us,us,3,3
2022-10-23T00:39:08.102Z,1.8089,-78.9969,47.031,4.3,mb,37.0,128.0,0.534,0.91,us,us6000ivuj,2023-01-03T15:23:33.040Z,"22 km W of Tumaco, Colombia",earthquake,7.23,6.784,0.133,16.0,reviewed,us,us,1,2
2022-10-18T07:17:09.599Z,6.7912,-73.0398,161.151,4.7,mb,82.0,30.0,0.894,0.86,us,us6000iuha,2022-12-31T23:03:37.040Z,"8 km WNW of Cepitá, Colombia",earthquake,6.18,5.757,0.026,455.0,reviewed,us,us,4,0
2022-10-15T17:29:46.927Z,6.877,-73.0918,150.275,4.4,mb,63.0,96.0,0.978,0.82,us,us6000itz5,2022-12-31T23:03:33.040Z,"13 km SSW of Piedecuesta, Colombia",earthquake,6.76,8.109,0.067,66.0,reviewed,us,us,0,0
2022-10-12T09:09:35.502Z,6.895,-73.0863,147.754,4.4,mb,38.0,74.0,0.996,0.78,us,us6000iujm,2022-12-17T22:54:19.040Z,"11 km SSW of Piedecuesta, Colombia",earthquake,7.43,8.964,0.107,25.0,reviewed,us,us,0,0
2022-10-04T05:13:54.668Z,1.808,-77.2764,128.35,4.8,mb,95.0,97.0,1.199,0.6,us,us6000iqmd,2024-01-18T16:58:01.513Z,"9 km NE of El Rosario, Colombia",earthquake,7.88,6.972,0.025,505.0,reviewed,us,us,0,2
2022-10-03T23:49:57.944Z,6.9083,-76.7318,15.899,4.7,mb,95.0,48.0,1.391,0.66,us,us6000iqkx,2022-12-10T22:53:03.040Z,"12 km SE of Murindó, Colombia",earthquake,2.32,4.006,0.035,244.0,reviewed,us,us,3,2
2022-09-26T03:41:59.137Z,3.3162,-79.1953,10.0,4.2,mb,34.0,155.0,2.941,0.53,us,us7000ib1b,2022-12-03T22:03:24.040Z,"121 km NW of Mosquera, Colombia",earthquake,6.65,1.587,0.102,27.0,reviewed,us,us,3,2
2022-09-20T04:54:53.822Z,6.9237,-74.9252,61.869,4.5,mb,86.0,37.0,0.943,0.87,us,us7000i9ft,2022-11-26T20:57:44.040Z,"16 km E of Amalfi, Colombia",earthquake,5.86,6.704,0.086,40.0,reviewed,us,us,1,3
2022-09-19T06:12:41.227Z,6.6815,-72.995,158.846,4.9,mb,110.0,43.0,0.789,0.74,us,us7000i97s,2022-11-26T20:57:41.040Z,"2 km ESE of Aratoca, Colombia",earthquake,7.45,4.309,0.022,650.0,reviewed,us,us,4,0
2022-09-18T15:32:50.802Z,6.8579,-73.104,150.256,4.2,mb,61.0,126.0,0.959,0.34,us,us7000iah9,2022-11-26T20:57:58.040Z,"13 km N of Jordán, Colombia",earthquake,7.5,6.945,0.076,49.0,reviewed,us,us,0,0
2022-09-17T06:12:44.959Z,7.4207,-73.7203,108.926,4.3,mb,38.0,92.0,1.645,0.59,us,us7000i8rt,2022-11-26T20:57:32.040Z,"20 km ENE of Puerto Wilches, Colombia",earthquake,6.97,5.76,0.148,13.0,reviewed,us,us,2,0
2022-09-06T10:14:01.115Z,6.6308,-74.3658,83.582,4.2,mb,50.0,70.0,1.236,0.62,us,us7000i5ma,2022-11-15T19:06:10.040Z,"15 km NNE of Puerto Berrío, Colombia",earthquake,5.16,6.074,0.098,29.0,reviewed,us,us,2,0
2022-09-01T04:57:05.410Z,6.7234,-73.0693,162.621,4.4,mb,62.0,32.0,0.826,0.87,us,us7000i47m,2022-11-06T04:36:35.040Z,northern Colombia,earthquake,8.4,5.268,0.041,168.0,reviewed,us,us,4,0
2022-08-30T19:17:46.874Z,5.1534,-76.2303,100.779,4.5,mb,28.0,116.0,1.246,0.74,us,us7000i614,2022-11-06T04:37:19.040Z,"23 km WSW of Pueblo Rico, Colombia",earthquake,7.33,8.545,0.135,17.0,reviewed,us,us,2,2
2022-08-22T21:52:44.167Z,6.7699,-73.0547,156.746,4.4,mb,57.0,35.0,0.872,0.64,us,us6000icw1,2022-11-01T15:12:54.040Z,"6 km NE of Jordán, Colombia",earthquake,8.12,5.96,0.054,97.0,reviewed,us,us,4,0
2022-08-17T15:46:51.547Z,4.8445,-76.0511,128.811,4.6,mb,33.0,81.0,1.435,0.78,us,us7000i2l7,2022-10-28T02:28:00.040Z,"7 km S of El Águila, Colombia",earthquake,11.08,6.655,0.096,32.0,reviewed,us,us,0,2
2022-08-15T03:44:02.857Z,6.8682,-73.0414,151.179,4.1,mb,35.0,113.0,0.97,0.56,us,us6000iax3,2022-10-28T02:26:02.040Z,"13 km S of Piedecuesta, Colombia",earthquake,7.3,9.519,0.105,25.0,reviewed,us,us,0,0
2022-08-13T13:02:01.435Z,6.9068,-72.9904,150.758,4.6,mb,53.0,53.0,1.012,1.15,us,us6000iaij,2022-10-28T02:25:38.040Z,"11 km SE of Piedecuesta, Colombia",earthquake,8.36,7.341,0.028,378.0,reviewed,us,us,0,0
2022-08-13T12:20:48.392Z,6.8811,-73.0954,157.36,4.2,mb,16.0,166.0,0.982,0.59,us,us6000id49,2022-10-28T02:27:16.040Z,"12 km SSW of Piedecuesta, Colombia",earthquake,9.79,8.28,0.236,5.0,reviewed,us,us,4,0
2022-08-06T01:03:43.339Z,8.2722,-77.1925,10.0,4.5,mb,34.0,79.0,1.002,0.66,us,us6000i8kd,2022-10-21T23:18:19.040Z,"27 km NNW of Unguía, Colombia",earthquake,6.1,1.735,0.074,56.0,reviewed,us,us,3,4
2022-07-27T12:40:11.183Z,2.6716,-77.6584,95.244,4.4,mb,20.0,128.0,1.947,0.95,us,us6000i5w5,2022-10-01T22:09:23.040Z,"11 km S of Timbiquí, Colombia",earthquake,9.25,4.244,0.239,5.0,reviewed,us,us,2,2
2022-07-22T04:42:44.785Z,6.7709,-73.067,155.483,4.1,mb,29.0,132.0,0.873,0.86,us,us6000i76m,2022-09-27T16:57:06.040Z,"5 km NE of Jordán, Colombia",earthquake,6.64,5.691,0.103,26.0,reviewed,us,us,4,0
2022-07-19T20:04:09.546Z,6.8944,-73.1666,149.374,4.3,mb,14.0,123.0,0.999,0.62,us,us6000i676,2022-09-27T16:57:04.040Z,"12 km E of Betulia, Colombia",earthquake,7.21,8.738,0.377,2.0,reviewed,us,us,0,0
2022-07-08T00:50:32.197Z,6.8134,-73.0292,153.68,4.3,mb,27.0,104.0,0.916,0.73,us,us6000i2nk,2022-09-13T06:26:16.040Z,"8 km NW of Cepitá, Colombia",earthquake,3.9,6.5,0.188,8.0,reviewed,us,us,4,0
2022-07-07T23:44:24.163Z,6.8663,-73.0722,142.05,4.0,mb,16.0,130.0,0.967,0.45,us,us6000i246,2022-09-13T06:26:13.040Z,"13 km S of Piedecuesta, Colombia",earthquake,8.0,10.4,0.258,4.0,reviewed,us,us,0,0
2022-07-07T08:57:41.304Z,6.8925,-73.1057,143.63,4.2,mb,52.0,96.0,0.993,0.51,us,us6000i23h,2024-01-18T16:39:21.699Z,"12 km SSW of Piedecuesta, Colombia",earthquake,4.1,9.2,0.075,49.0,reviewed,us,us,0,0
2022-07-03T08:59:48.013Z,2.1113,-79.5531,10.0,4.4,mb,40.0,143.0,2.163,0.33,us,us6000i0l2,2022-09-13T06:23:46.040Z,"91 km WNW of Tumaco, Colombia",earthquake,8.4,1.8,0.092,34.0,reviewed,us,us,3,2
2022-07-01T08:37:57.875Z,6.8015,-73.0028,151.46,4.3,mb,36.0,84.0,0.906,0.42,us,us6000i0a8,2022-09-03T21:03:30.040Z,"6 km NNW of Cepitá, Colombia",earthquake,7.9,7.9,0.113,22.0,reviewed,us,us,0,0
2022-07-01T02:13:57.207Z,6.8389,-73.0269,146.56,4.2,mb,43.0,119.0,0.941,0.96,us,us6000hz0g,2022-09-03T21:03:24.040Z,"11 km NNW of Cepitá, Colombia",earthquake,7.9,5.3,0.088,36.0,reviewed,us,us,0,0
2022-06-30T23:37:46.794Z,4.9528,-76.0895,114.035,4.5,mb,82.0,93.0,1.351,0.62,us,us6000hyzh,2022-09-03T21:03:23.040Z,"7 km NW of El Águila, Colombia",earthquake,4.4,6.29,0.045,143.0,reviewed,us,us,2,2
2022-06-24T03:03:35.937Z,6.8663,-73.0524,143.55,4.3,mb,45.0,71.0,0.967,1.2,us,us7000hjtj,2022-08-28T03:20:51.040Z,"13 km S of Piedecuesta, Colombia",earthquake,5.6,5.9,0.103,27.0,reviewed,us,us,0,0
2022-06-19T07:45:21.702Z,6.9376,-73.133,139.72,4.2,mb,18.0,121.0,1.039,0.34,us,us7000hjmu,2022-08-28T03:18:39.040Z,"10 km WSW of Piedecuesta, Colombia",earthquake,4.8,8.3,0.199,7.0,reviewed,us,us,0,0
2022-06-18T16:26:27.157Z,6.8826,-73.0661,149.42,4.5,mb,42.0,61.0,0.983,0.92,us,us7000hie8,2022-08-28T03:18:28.040Z,"11 km S of Piedecuesta, Colombia",earthquake,7.3,7.1,0.04,181.0,reviewed,us,us,0,0
2022-06-16T14:16:03.256Z,6.903,-73.131,141.53,4.3,mb,19.0,69.0,1.005,0.75,us,us7000hj15,2022-08-21T00:17:55.040Z,northern Colombia,earthquake,8.0,8.4,0.217,6.0,reviewed,us,us,0,0
2022-06-12T09:00:17.716Z,4.3462,-73.5652,50.96,4.4,mb,53.0,125.0,0.901,0.49,us,us7000hhvl,2022-08-21T00:16:23.040Z,"9 km N of Restrepo, Colombia",earthquake,5.5,7.7,0.092,34.0,reviewed,us,us,1,3
2022-06-12T07:05:50.196Z,0.8231,-77.9074,14.264,4.0,mb,20.0,99.0,0.161,0.6,us,us7000hgvq,2022-08-21T00:16:21.040Z,"16 km SW of Cumbal, Colombia",earthquake,4.69,5.357,0.195,7.0,reviewed,us,us,3,2
2022-06-12T00:50:07.200Z,6.9518,-76.0316,10.0,4.6,mb,45.0,77.0,0.905,0.72,us,us7000hgu3,2022-08-21T00:16:13.040Z,"15 km WSW of Peque, Colombia",earthquake,4.5,1.8,0.105,27.0,reviewed,us,us,3,2
2022-06-08T23:12:51.902Z,6.8286,-74.1788,92.26,4.6,mb,101.0,63.0,1.432,0.66,us,us7000hg1t,2022-08-13T21:51:43.040Z,"23 km NW of Puerto Parra, Colombia",earthquake,5.4,7.2,0.06,82.0,reviewed,us,us,2,0
2022-06-05T16:31:25.199Z,6.8882,-73.069,147.18,4.2,mb,17.0,128.0,0.989,0.48,us,us7000hg8m,2022-08-13T21:51:48.040Z,"11 km S of Piedecuesta, Colombia",earthquake,6.1,8.4,0.186,9.0,reviewed,us,us,0,0
2022-06-01T04:20:25.077Z,6.8568,-73.0358,145.81,4.3,mb,48.0,36.0,0.959,0.77,us,us7000he04,2022-08-06T22:13:12.040Z,"13 km NNW of Cepitá, Colombia",earthquake,7.2,6.0,0.052,103.0,reviewed,us,us,0,0
2022-05-31T20:49:09.658Z,6.8655,-73.1145,154.171,4.1,mb,32.0,73.0,0.967,0.98,us,us7000hdxz,2022-08-06T22:13:11.040Z,"14 km N of Jordán, Colombia",earthquake,6.11,6.221,0.185,9.0,reviewed,us,us,4,0
2022-05-30T01:23:25.370Z,6.8191,-73.056,146.23,4.5,mb,77.0,66.0,0.921,1.01,us,us7000hdii,2022-08-06T22:13:05.040Z,"10 km NNE of Jordán, Colombia",earthquake,7.1,6.3,0.039,191.0,reviewed,us,us,0,0
2022-05-29T02:26:02.891Z,6.9374,-73.1291,136.93,4.2,mb,32.0,126.0,1.039,0.99,us,us7000hdcz,2022-08-06T22:13:03.040Z,"10 km WSW of Piedecuesta, Colombia",earthquake,7.9,9.0,0.152,13.0,reviewed,us,us,0,0
2022-05-28T03:01:19.115Z,6.8281,-73.0753,149.97,4.3,mb,35.0,71.0,0.929,0.85,us,us7000hd7k,2022-08-06T22:13:00.040Z,"10 km NNE of Jordán, Colombia",earthquake,3.3,7.2,0.07,60.0,reviewed,us,us,0,0
2022-05-21T15:33:01.013Z,6.9515,-73.138,140.07,4.3,mb,30.0,125.0,1.053,0.9,us,us6000hmxa,2022-08-02T19:50:38.040Z,"10 km WSW of Piedecuesta, Colombia",earthquake,7.7,5.5,0.066,65.0,reviewed,us,us,0,0
2022-05-18T01:38:08.276Z,3.8914,-79.0132,10.0,3.8,mb,16.0,180.0,3.383,1.07,us,us7000hc7q,2022-07-24T02:39:43.040Z,"165 km NNW of Mosquera, Colombia",earthquake,11.2,2.0,0.255,4.0,reviewed,us,us,3,2
2022-05-16T11:25:56.202Z,6.8748,-73.099,147.84,4.3,mb,98.0,107.0,0.976,0.88,us,us6000hlfw,2022-07-24T02:39:06.040Z,"13 km SSW of Piedecuesta, Colombia",earthquake,7.4,6.4,0.039,186.0,reviewed,us,us,0,0
2022-05-14T13:10:43.487Z,6.9193,-73.1647,143.27,4.2,mb,35.0,124.0,1.023,1.01,us,us6000hl48,2022-07-24T02:38:31.040Z,"13 km E of Betulia, Colombia",earthquake,8.6,7.1,0.052,102.0,reviewed,us,us,0,0
2022-05-12T21:23:29.680Z,4.014,-76.4472,69.18,5.0,mww,220.0,52.0,2.274,0.94,us,us6000hkph,2022-07-22T18:30:52.040Z,"10 km NNE of Darien, Colombia",earthquake,5.6,4.3,0.086,13.0,reviewed,us,us,2,1
2022-04-29T23:47:47.572Z,6.9193,-73.1481,142.64,4.1,mb,26.0,112.0,1.022,0.81,us,us7000h5y8,2022-07-05T03:42:15.040Z,"13 km SW of Piedecuesta, Colombia",earthquake,6.8,8.0,0.158,11.0,reviewed,us,us,0,0
2022-04-28T07:57:56.167Z,5.4306,-76.5299,71.91,4.3,mb,34.0,76.0,1.249,0.49,us,us7000h5ku,2022-07-05T03:41:40.040Z,"7 km SSE of Lloró, Colombia",earthquake,4.1,8.4,0.137,16.0,reviewed,us,us,2,2
2022-04-25T05:48:45.474Z,6.8799,-73.1434,151.78,4.0,mb,16.0,97.0,0.982,0.43,us,us7000h6md,2022-07-05T03:40:30.040Z,"15 km ENE of Zapatoca, Colombia",earthquake,7.5,8.9,0.3,3.0,reviewed,us,us,0,0
2022-04-25T01:49:01.541Z,8.2131,-76.5351,37.28,4.4,mb,95.0,66.0,0.661,0.78,us,us6000hg5a,2022-07-05T03:40:26.040Z,"18 km WSW of San Pedro de Urabá, Colombia",earthquake,8.6,5.6,0.061,78.0,reviewed,us,us,1,4
2022-04-23T09:56:57.526Z,6.8684,-76.4688,10.0,4.4,mb,23.0,55.0,1.151,0.5,us,us6000hftr,2022-07-05T03:39:38.040Z,"26 km WSW of Dabeiba, Colombia",earthquake,5.9,1.9,0.17,11.0,reviewed,us,us,3,2
2022-04-20T21:02:55.036Z,2.8283,-79.4273,10.0,4.4,mb,,80.0,2.662,0.75,us,us6000hf3t,2022-06-26T01:20:13.040Z,"114 km WNW of Mosquera, Colombia",earthquake,7.7,1.9,0.118,21.0,reviewed,us,us,3,2
2022-04-19T19:32:27.438Z,1.8566,-75.8536,28.88,4.6,mb,,76.0,2.24,0.78,us,us7000h3ef,2022-06-26T01:19:49.040Z,"7 km NE of Acevedo, Colombia",earthquake,7.4,4.8,0.077,52.0,reviewed,us,us,1,2
2022-04-13T13:18:37.131Z,6.8718,-73.1367,138.53,4.1,mb,,126.0,0.974,0.59,us,us7000h3d8,2022-06-20T22:08:36.040Z,"15 km ENE of Zapatoca, Colombia",earthquake,7.8,10.4,0.1,27.0,reviewed,us,us,0,0
2022-04-13T02:23:45.952Z,11.3434,-76.105,10.0,3.9,mb,,57.0,1.701,0.59,us,us7000h1ll,2022-06-20T22:07:27.040Z,"121 km NW of Clemencia, Colombia",earthquake,5.3,2.0,0.297,3.0,reviewed,us,us,3,4
2022-04-09T21:34:57.981Z,6.851,-73.0487,150.58,4.4,mb,,30.0,0.952,0.99,us,us7000h0yx,2022-06-20T22:07:37.040Z,"13 km NW of Cepitá, Colombia",earthquake,7.0,4.7,0.083,42.0,reviewed,us,us,0,0
2022-04-05T13:49:44.129Z,6.843,-73.0655,148.39,4.3,mb,,82.0,0.944,0.64,us,us7000h0qr,2022-06-11T20:21:16.040Z,"12 km NNE of Jordán, Colombia",earthquake,7.3,7.0,0.153,12.0,reviewed,us,us,0,0
2022-04-01T18:39:00.317Z,6.8993,-73.0593,145.03,4.5,mb,,71.0,1.0,1.06,us,us7000gz2y,2022-06-04T20:42:36.040Z,"9 km S of Piedecuesta, Colombia",earthquake,6.3,6.0,0.063,79.0,reviewed,us,us,0,0
2022-03-26T10:15:17.319Z,6.9022,-73.1458,144.17,4.4,mb,,120.0,1.005,0.45,us,us7000gyqt,2022-06-04T20:42:06.040Z,"14 km SW of Piedecuesta, Colombia",earthquake,7.2,7.0,0.203,8.0,reviewed,us,us,0,0
2022-03-24T01:34:04.202Z,4.9824,-76.3122,93.71,4.7,mb,,68.0,1.431,0.52,us,us7000gwqz,2022-05-28T18:35:28.040Z,"12 km NW of San José del Palmar, Colombia",earthquake,7.2,2.6,0.079,49.0,reviewed,us,us,2,2
2022-03-20T11:02:20.237Z,3.0949,-79.3379,10.0,4.5,mb,,140.0,2.826,0.8,us,us6000h664,2022-05-28T18:35:20.040Z,"118 km WNW of Mosquera, Colombia",earthquake,9.6,1.9,0.057,92.0,reviewed,us,us,3,2
2022-03-19T22:22:52.414Z,6.8581,-73.1023,146.73,4.5,mb,,47.0,0.959,0.67,us,us6000h63b,2022-05-28T18:35:19.040Z,"13 km N of Jordán, Colombia",earthquake,6.4,5.4,0.113,23.0,reviewed,us,us,0,0
2022-03-07T18:34:28.862Z,6.7994,-72.9917,151.42,4.9,mb,,52.0,0.905,0.94,us,us6000h2un,2022-05-14T21:52:21.040Z,"5 km NNW of Cepitá, Colombia",earthquake,6.7,5.5,0.025,518.0,reviewed,us,us,0,0
2022-03-04T05:01:04.372Z,5.6481,-77.8548,10.0,4.4,mb,,115.0,2.375,0.69,us,us6000h1z6,2022-05-07T21:32:50.040Z,"65 km W of Nuquí, Colombia",earthquake,2.8,1.9,0.149,13.0,reviewed,us,us,3,2
2022-03-01T14:09:02.940Z,6.7961,-73.078,148.31,4.3,mb,,63.0,0.897,0.46,us,us6000h24a,2022-05-07T21:32:53.040Z,"7 km NNE of Jordán, Colombia",earthquake,7.6,6.7,0.1,28.0,reviewed,us,us,0,0
2022-02-23T12:49:31.002Z,7.8174,-74.2494,50.69,5.5,mww,,45.0,2.055,0.71,us,us7000gn6g,2022-05-04T13:40:05.040Z,"26 km SW of Santa Rosa del Sur, Colombia",earthquake,5.5,4.3,0.038,67.0,reviewed,us,us,1,1
2022-02-20T18:35:07.326Z,6.9148,-73.0374,148.24,4.3,mb,,60.0,1.016,0.67,us,us7000gmgp,2022-05-04T13:39:00.040Z,"8 km S of Piedecuesta, Colombia",earthquake,8.6,4.2,0.114,22.0,reviewed,us,us,0,0
2022-02-18T06:42:12.497Z,6.8903,-72.9916,143.24,4.4,mb,,154.0,0.995,0.6,us,us7000gn7i,2022-04-30T14:18:25.040Z,"12 km SSE of Piedecuesta, Colombia",earthquake,9.8,11.2,0.149,13.0,reviewed,us,us,0,0
2022-02-07T00:31:23.897Z,3.448,-74.7357,62.48,4.4,mb,,91.0,1.447,0.89,us,us7000gipv,2022-05-12T21:34:52.783Z,"10 km NE of Colombia, Colombia",earthquake,6.7,7.5,0.067,64.0,reviewed,us,us,1,3
2022-02-06T07:13:18.004Z,10.5803,-73.2201,69.23,4.7,mww,,28.0,1.144,0.47,us,us7000gie4,2022-04-19T17:38:44.040Z,"13 km NNE of Valledupar, Colombia",earthquake,6.1,4.4,0.069,20.0,reviewed,us,us,2,4
2022-01-26T06:52:51.335Z,6.964,-72.9927,142.58,4.3,mb,,154.0,1.068,0.39,us,us7000ghc0,2022-04-09T20:19:06.040Z,"6 km ESE of Piedecuesta, Colombia",earthquake,7.9,6.0,0.265,4.0,reviewed,us,us,0,0
2022-01-26T01:19:49.149Z,6.9341,-73.114,146.2,4.2,mb,,159.0,1.035,1.05,us,us7000ghbu,2022-04-09T20:19:04.040Z,"9 km SW of Piedecuesta, Colombia",earthquake,6.2,8.7,0.199,7.0,reviewed,us,us,0,0
2022-01-25T20:08:49.479Z,6.8946,-72.993,147.93,4.2,mb,,154.0,0.999,0.91,us,us7000gh0d,2022-04-09T20:19:03.040Z,"12 km SSE of Piedecuesta, Colombia",earthquake,4.2,8.3,0.176,9.0,reviewed,us,us,0,0
2022-01-19T04:25:47.723Z,5.3986,-72.5392,10.0,4.6,mb,,35.0,0.73,0.49,us,us7000gd37,2022-08-06T13:30:47.280Z,"17 km WNW of Yopal, Colombia",earthquake,3.9,1.8,0.059,86.0,reviewed,us,us,3,3
2022-01-11T08:28:25.524Z,2.2295,-78.9499,24.56,4.4,mb,,95.0,0.46,0.85,us,us7000gaus,2022-03-19T22:07:40.040Z,"38 km WNW of Salahonda, Colombia",earthquake,6.7,6.6,0.202,7.0,reviewed,us,us,3,2
2021-12-20T04:20:40.937Z,6.8648,-72.9781,149.82,4.4,mb,,53.0,0.971,1.03,us,us6000gdr7,2022-03-01T16:38:07.040Z,"12 km N of Cepitá, Colombia",earthquake,7.8,5.4,0.061,77.0,reviewed,us,us,0,0
2021-12-09T23:14:40.346Z,6.8146,-72.9486,153.37,4.8,mb,,30.0,0.925,0.85,us,us6000gb0x,2022-02-12T23:07:23.040Z,"7 km NNE of Cepitá, Colombia",earthquake,7.2,6.3,0.028,397.0,reviewed,us,us,4,0
2021-12-09T00:07:17.507Z,4.4212,-73.6567,35.97,4.6,mb,,67.0,0.784,0.58,us,us6000gasf,2022-08-06T17:45:21.410Z,"9 km NE of El Calvario, Colombia",earthquake,6.0,7.8,0.081,46.0,reviewed,us,us,1,3
2021-12-02T13:52:42.417Z,7.3528,-77.0462,35.0,4.8,mwr,,45.0,1.638,1.02,us,us6000g8g5,2022-02-05T23:03:50.040Z,"12 km SE of Riosucio, Colombia",earthquake,3.0,1.9,0.093,11.0,reviewed,us,us,1,2
2021-11-29T20:33:32.090Z,4.2503,-76.3426,123.06,4.9,mb,,72.0,2.091,0.9,us,us6000g7q7,2022-02-23T12:58:18.253Z,"4 km NNW of Trujillo, Colombia",earthquake,6.8,5.1,0.072,60.0,reviewed,us,us,0,1
2021-11-29T14:41:19.648Z,3.6788,-78.5964,10.0,4.5,mb,,134.0,3.421,1.09,us,us6000g8r4,2022-02-05T23:03:55.040Z,"130 km N of Mosquera, Colombia",earthquake,7.2,1.9,0.156,14.0,reviewed,us,us,3,2
2021-11-29T07:53:37.665Z,3.6391,-74.0114,10.0,4.4,mb,,67.0,1.237,0.62,us,us7000fxxc,2022-02-05T23:04:32.040Z,"12 km N of Lejanías, Colombia",earthquake,4.1,1.9,0.084,44.0,reviewed,us,us,3,3
2021-11-28T09:42:15.997Z,7.5242,-76.9244,27.74,4.7,mb,,94.0,1.916,0.79,us,us7000fxps,2022-02-05T23:04:26.040Z,"23 km ENE of Riosucio, Colombia",earthquake,6.6,8.9,0.166,12.0,reviewed,us,us,3,2
2021-11-27T12:05:18.532Z,5.841,-75.9875,34.83,4.1,mb,,101.0,0.573,0.49,us,us6000g8ey,2022-02-05T23:03:49.040Z,"4 km ESE of Ciudad Bolívar, Colombia",earthquake,3.8,10.2,0.233,6.0,reviewed,us,us,1,2
2021-11-26T12:12:08.686Z,7.3397,-75.2766,64.64,4.3,mb,,89.0,1.168,0.56,us,us7000fx7u,2022-02-05T23:04:13.040Z,"13 km ENE of Valdivia, Colombia",earthquake,7.1,10.7,0.053,102.0,reviewed,us,us,1,3
2021-11-26T03:20:30.248Z,6.851,-73.001,152.05,4.4,mb,,31.0,0.955,1.17,us,us7000fx5d,2022-02-05T23:04:11.040Z,"11 km NNW of Cepitá, Colombia",earthquake,8.0,4.7,0.088,37.0,reviewed,us,us,0,0
2021-11-18T06:58:09.429Z,7.1732,-77.4752,54.65,4.2,mb,,128.0,2.165,0.46,us,us7000fwha,2022-01-22T20:52:11.040Z,"32 km ENE of Juradó, Colombia",earthquake,7.9,10.4,0.152,12.0,reviewed,us,us,1,2
2021-11-15T07:23:26.016Z,6.7552,-71.64,10.0,4.3,mb,,60.0,1.671,0.75,us,us7000fvgp,2022-01-22T20:52:08.040Z,"15 km ESE of Fortul, Colombia",earthquake,4.7,1.8,0.079,47.0,reviewed,us,us,3,3
2021-11-09T15:17:15.454Z,6.9146,-72.9885,141.22,4.3,mb,,77.0,1.019,0.55,us,us7000fsq4,2022-01-15T20:51:43.040Z,"10 km SE of Piedecuesta, Colombia",earthquake,7.8,6.5,0.065,71.0,reviewed,us,us,0,0
2021-11-05T04:13:49.802Z,2.1522,-78.9939,24.44,4.5,mb,,81.0,1.977,1.11,us,us7000frle,2022-01-15T20:51:33.040Z,"39 km WNW of Salahonda, Colombia",earthquake,7.1,4.9,0.07,63.0,reviewed,us,us,3,2
2021-11-02T19:08:15.281Z,6.963,-73.0158,147.45,4.0,mb,,120.0,1.065,1.11,us,us7000frsj,2022-01-14T17:59:05.040Z,"4 km SE of Piedecuesta, Colombia",earthquake,7.3,13.2,0.299,3.0,reviewed,us,us,0,0
2021-10-29T21:43:50.050Z,2.1847,-76.6147,24.01,4.3,mwr,,90.0,2.666,0.77,us,us7000fpxh,2022-01-14T17:58:43.040Z,"7 km S of Paispamba, Colombia",earthquake,7.4,5.6,0.093,11.0,reviewed,us,us,3,2
2021-10-29T05:50:59.898Z,6.9536,-73.0577,135.42,4.3,mb,,72.0,1.054,0.56,us,us7000fpnb,2022-01-14T17:58:41.040Z,"3 km SSW of Piedecuesta, Colombia",earthquake,5.4,14.2,0.267,6.0,reviewed,us,us,0,0
2021-10-26T17:32:17.503Z,6.9354,-73.0916,143.36,4.6,mb,,167.0,1.036,0.9,us,us7000fptx,2022-01-08T17:43:47.040Z,"7 km SW of Piedecuesta, Colombia",earthquake,7.7,7.0,0.129,20.0,reviewed,us,us,0,0
2021-10-17T15:51:35.992Z,6.3622,-73.4851,119.01,4.5,mb,,87.0,0.614,0.53,us,us6000fwgx,2021-12-25T22:58:57.040Z,"8 km N of Contratación, Colombia",earthquake,6.1,6.3,0.106,26.0,reviewed,us,us,0,0
2021-10-12T04:51:47.707Z,6.8198,-72.9919,151.95,5.0,mb,,68.0,0.925,0.97,us,us6000ftws,2021-12-18T19:58:57.040Z,"7 km NNW of Cepitá, Colombia",earthquake,7.7,5.8,0.024,552.0,reviewed,us,us,0,0
2021-10-11T08:30:08.506Z,6.0015,-73.3101,173.75,4.0,mb,,63.0,0.25,0.57,us,us6000ftnd,2021-12-18T19:58:51.040Z,"7 km NNE of Gámbita, Colombia",earthquake,7.3,4.9,0.097,30.0,reviewed,us,us,4,0
2021-10-05T19:37:47.920Z,6.9037,-72.9739,149.94,4.7,mb,,47.0,1.01,1.16,us,us6000fs0z,2021-12-10T21:14:12.040Z,"12 km SW of Santa Bárbara, Colombia",earthquake,6.0,4.8,0.027,430.0,reviewed,us,us,0,0
2021-09-25T01:18:57.757Z,6.8914,-72.9662,144.48,4.2,mb,,98.0,0.999,0.67,us,us7000fe9m,2021-12-04T14:29:26.040Z,"12 km W of Guaca, Colombia",earthquake,8.1,6.6,0.101,29.0,reviewed,us,us,0,0
2021-09-24T20:42:58.936Z,2.9785,-78.2576,35.0,4.4,mb,,99.0,2.729,0.55,us,us6000fq6n,2021-12-04T14:28:05.040Z,"56 km NNE of Mosquera, Colombia",earthquake,8.9,2.0,0.19,8.0,reviewed,us,us,1,2
2021-09-07T06:13:54.981Z,6.8762,-73.0522,153.61,4.3,mb,,76.0,0.977,0.51,us,us7000f8sd,2021-11-17T17:26:42.040Z,"12 km S of Piedecuesta, Colombia",earthquake,7.8,8.8,0.039,183.0,reviewed,us,us,4,0
2021-08-28T12:37:21.469Z,6.8607,-73.0284,149.08,4.5,mb,,79.0,0.963,0.35,us,us7000f57u,2021-11-06T20:28:55.040Z,"13 km NNW of Cepitá, Colombia",earthquake,8.1,7.2,0.064,72.0,reviewed,us,us,0,0
2021-08-18T12:36:03.721Z,5.0726,-76.3165,91.81,4.4,mb,,84.0,1.359,0.68,us,us6000f7xk,2021-10-29T14:46:27.040Z,"21 km NNW of San José del Palmar, Colombia",earthquake,7.1,9.3,0.114,22.0,reviewed,us,us,2,2
2021-08-12T12:08:33.564Z,5.6461,-73.9576,122.74,4.3,mb,,62.0,0.874,0.69,us,us6000f4h9,2021-10-23T15:46:09.040Z,"3 km ESE of Pauna, Colombia",earthquake,4.1,6.1,0.067,63.0,reviewed,us,us,0,0
2021-08-09T22:50:22.478Z,6.9103,-73.0035,142.09,4.1,mb,,59.0,1.014,0.97,us,us6000f3qf,2021-10-23T15:45:59.040Z,"9 km SSE of Piedecuesta, Colombia",earthquake,8.1,7.4,0.112,22.0,reviewed,us,us,0,0
2021-08-01T01:50:56.973Z,4.4828,-78.4767,10.0,4.9,mww,,132.0,3.39,1.17,us,us6000f14a,2021-10-14T01:04:40.040Z,"125 km WNW of Santa Genoveva de Docordó, Colombia",earthquake,7.1,1.8,0.093,11.0,reviewed,us,us,3,2
2021-07-31T00:48:51.247Z,6.9039,-72.9706,145.88,4.4,mb,,59.0,1.011,0.98,us,us6000f0v5,2021-10-14T01:04:05.040Z,"11 km SW of Santa Bárbara, Colombia",earthquake,7.4,6.5,0.064,71.0,reviewed,us,us,0,0
2021-07-30T10:24:54.463Z,11.8913,-72.6685,45.65,4.3,mb,,71.0,0.687,0.49,us,us6000f2q7,2021-10-14T01:08:02.040Z,near the north coast of Colombia,earthquake,6.9,1.8,0.1,28.0,reviewed,us,us,1,4
2021-07-28T11:38:35.719Z,7.2538,-72.8955,165.68,4.3,mb,,45.0,1.365,0.7,us,us6000ezsk,2021-10-03T05:22:42.040Z,"6 km SSW of Vetas, Colombia",earthquake,8.0,9.1,0.04,181.0,reviewed,us,us,4,0
2021-07-27T17:51:24.567Z,6.7676,-72.0311,10.0,4.0,mb,,83.0,1.359,0.82,us,us6000f1jj,2021-10-03T05:24:22.040Z,"27 km SSE of Cubará, Colombia",earthquake,5.1,1.8,0.367,2.0,reviewed,us,us,3,3
2021-07-27T11:02:43.101Z,6.9326,-73.0044,142.03,4.2,mb,,78.0,1.036,0.56,us,us6000f1j7,2021-10-03T05:24:20.040Z,"7 km SE of Piedecuesta, Colombia",earthquake,5.0,9.7,0.187,8.0,reviewed,us,us,0,0
2021-07-21T16:44:14.693Z,6.9569,-73.0289,140.93,4.2,mb,,152.0,1.058,1.05,us,us6000expn,2021-09-25T21:08:28.040Z,"4 km SSE of Piedecuesta, Colombia",earthquake,5.1,7.2,0.115,21.0,reviewed,us,us,0,0
2021-07-19T15:29:59.545Z,6.8374,-73.0921,145.75,4.3,mb,,118.0,0.938,0.47,us,us7000enfm,2021-09-25T21:08:12.040Z,"11 km N of Jordán, Colombia",earthquake,8.2,7.7,0.077,47.0,reviewed,us,us,0,0
2021-07-17T23:51:20.370Z,6.8194,-77.6752,10.0,4.4,mb,,105.0,3.87,0.92,us,us7000en10,2021-09-25T21:08:01.040Z,"32 km SSE of Juradó, Colombia",earthquake,7.3,1.9,0.105,26.0,reviewed,us,us,3,2
2021-07-10T23:38:00.184Z,6.9115,-73.102,139.72,4.3,mb,,96.0,1.012,0.77,us,us7000em7i,2021-09-17T22:50:48.040Z,"10 km SW of Piedecuesta, Colombia",earthquake,8.0,9.7,0.111,23.0,reviewed,us,us,0,0
2021-07-06T11:41:27.346Z,6.8865,-73.064,146.21,4.6,mb,,48.0,0.987,0.7,us,us7000ej2x,2021-09-10T20:08:16.040Z,"11 km S of Piedecuesta, Colombia",earthquake,6.2,4.9,0.035,243.0,reviewed,us,us,0,0
2021-07-06T02:57:24.423Z,6.8036,-73.0454,151.82,4.2,mb,,48.0,0.905,0.95,us,us7000ej0c,2021-09-10T20:08:16.040Z,"9 km NW of Cepitá, Colombia",earthquake,6.5,4.1,0.051,109.0,reviewed,us,us,0,0
2021-07-01T23:05:17.686Z,5.6818,-78.2452,10.0,4.4,mb,,142.0,3.995,0.6,us,us7000ej4a,2021-09-09T22:06:57.040Z,"107 km W of Nuquí, Colombia",earthquake,6.1,1.9,0.162,11.0,reviewed,us,us,3,2
2021-07-01T14:07:41.149Z,6.9212,-73.1343,142.32,4.5,mb,,126.0,1.023,0.87,us,us7000ei04,2021-09-09T22:06:28.040Z,"11 km SW of Piedecuesta, Colombia",earthquake,8.7,10.5,0.051,114.0,reviewed,us,us,0,0
2021-06-30T12:15:03.653Z,6.8959,-73.0946,143.46,4.4,mb,,117.0,0.996,0.68,us,us6000er3h,2021-09-09T22:06:07.040Z,"11 km SSW of Piedecuesta, Colombia",earthquake,7.4,7.9,0.045,142.0,reviewed,us,us,0,0
2021-06-27T03:34:23.207Z,6.8763,-73.0865,152.51,4.1,mb,,94.0,0.977,1.1,us,us7000ei68,2021-09-09T22:06:35.040Z,"13 km SSW of Piedecuesta, Colombia",earthquake,8.1,4.6,0.261,4.0,reviewed,us,us,0,0
2021-06-18T20:24:15.425Z,6.9061,-73.1082,146.42,4.3,mb,,127.0,1.007,1.19,us,us6000ep4d,2021-08-27T18:57:25.040Z,"11 km SW of Piedecuesta, Colombia",earthquake,6.2,7.8,0.177,9.0,reviewed,us,us,0,0
2021-06-14T20:05:24.265Z,6.809,-73.0231,159.33,4.5,mb,,66.0,0.912,0.89,us,us7000ed1w,2021-08-26T21:59:20.040Z,"8 km NW of Cepitá, Colombia",earthquake,2.4,6.4,0.041,173.0,reviewed,us,us,4,0
2021-06-14T16:25:35.061Z,6.8245,-73.0833,154.37,4.5,mb,,48.0,0.925,0.77,us,us7000ed00,2021-08-26T21:59:19.040Z,"10 km N of Jordán, Colombia",earthquake,6.7,5.8,0.036,224.0,reviewed,us,us,4,0
2021-05-31T02:36:21.827Z,6.8076,-73.064,147.27,4.1,mb,,59.0,0.909,0.82,us,us7000e9gq,2021-08-07T22:06:27.040Z,"8 km NNE of Jordán, Colombia",earthquake,7.5,8.1,0.079,44.0,reviewed,us,us,0,0
2021-05-29T15:01:11.568Z,8.4863,-77.031,40.7,4.4,mb,,62.0,0.752,1.04,us,us6000efu0,2022-08-09T05:16:41.646Z,"27 km E of Acandí, Colombia",earthquake,7.1,12.6,0.091,35.0,reviewed,us,us,1,4
2021-05-28T16:10:43.587Z,6.7826,-73.0743,154.11,4.7,mb,,60.0,0.884,1.1,us,us6000efla,2021-08-07T22:05:45.040Z,"5 km NNE of Jordán, Colombia",earthquake,6.1,6.1,0.027,409.0,reviewed,us,us,4,0
2021-05-17T18:52:32.764Z,6.8907,-73.2411,148.04,4.3,mb,,119.0,1.004,0.73,us,us7000e52q,2021-07-24T21:07:41.040Z,"4 km ESE of Betulia, Colombia",earthquake,5.6,9.2,0.266,4.0,reviewed,us,us,0,0
2021-05-13T23:55:24.860Z,6.7359,-72.9762,156.36,4.3,mb,,70.0,0.844,0.89,us,us7000e2xc,2021-07-23T18:08:41.040Z,"2 km S of Cepitá, Colombia",earthquake,8.1,7.4,0.169,10.0,reviewed,us,us,4,0
2021-05-12T22:10:26.120Z,6.8993,-73.0977,148.15,4.1,mb,,128.0,1.0,0.57,us,us7000e4e8,2021-07-23T18:08:49.040Z,"11 km SSW of Piedecuesta, Colombia",earthquake,7.4,6.8,0.262,4.0,reviewed,us,us,0,0
2021-05-10T12:04:40.125Z,6.9105,-73.168,147.66,4.2,mb,,123.0,1.014,1.03,us,us7000e3t3,2021-07-23T18:08:45.040Z,"12 km E of Betulia, Colombia",earthquake,8.8,10.0,0.159,11.0,reviewed,us,us,0,0
2021-05-09T19:28:33.611Z,3.9981,-71.5392,16.47,4.5,mb,,74.0,2.43,0.55,us,us7000e1s3,2021-07-23T18:08:28.040Z,"69 km ESE of Puerto Gaitán, Colombia",earthquake,9.0,4.5,0.07,60.0,reviewed,us,us,3,3
2021-05-04T16:07:49.410Z,6.8578,-73.1141,147.49,4.2,mb,,102.0,0.959,0.68,us,us7000e22n,2021-07-10T20:16:06.040Z,"13 km N of Jordán, Colombia",earthquake,7.9,7.7,0.105,25.0,reviewed,us,us,0,0
2021-05-01T06:36:35.562Z,11.867,-73.9181,10.0,4.5,mb,,76.0,0.76,0.53,us,us7000dz7e,2021-07-10T20:14:49.040Z,"75 km NNE of Santa Marta, Colombia",earthquake,5.2,1.9,0.082,43.0,reviewed,us,us,3,4
2021-04-26T08:49:14.439Z,6.8169,-72.9781,153.46,4.1,mb,,131.0,0.924,0.74,us,us7000dyzw,2021-07-07T18:35:21.040Z,"6 km N of Cepitá, Colombia",earthquake,8.7,8.1,0.082,41.0,reviewed,us,us,4,0
2021-04-23T17:05:32.811Z,6.9124,-73.1087,146.54,4.0,mb,,127.0,1.013,0.73,us,us7000dyke,2021-07-07T18:34:00.040Z,"10 km SW of Piedecuesta, Colombia",earthquake,7.3,8.5,0.196,8.0,reviewed,us,us,0,0
2021-04-22T11:51:47.945Z,6.826,-73.08,149.95,4.3,mb,,71.0,0.927,0.81,us,us7000dy9f,2021-07-03T16:50:03.040Z,"10 km N of Jordán, Colombia",earthquake,4.2,8.3,0.238,5.0,reviewed,us,us,0,0
2021-04-17T09:17:13.360Z,6.7812,-73.0701,155.7,4.3,mb,,66.0,0.883,0.88,us,us6000e2cb,2021-07-03T16:47:49.040Z,"6 km NNE of Jordán, Colombia",earthquake,7.4,8.0,0.101,28.0,reviewed,us,us,4,0
2021-04-14T02:51:15.000Z,5.9984,-77.6362,10.0,4.3,mb,,111.0,3.106,0.65,us,us6000e399,2021-06-19T21:26:20.040Z,"35 km SW of Bahía Solano, Colombia",earthquake,6.4,1.8,0.168,10.0,reviewed,us,us,3,2
2021-04-14T00:19:11.366Z,7.2025,-72.9353,166.8,4.1,mb,,115.0,1.309,1.05,us,us6000e396,2021-06-19T21:26:19.040Z,"3 km E of Tona, Colombia",earthquake,8.1,8.7,0.157,11.0,reviewed,us,us,4,0
2021-04-13T16:50:48.447Z,2.3265,-79.1617,10.0,4.7,mb,,134.0,2.193,0.88,us,us6000e1a6,2021-06-19T21:25:25.040Z,"64 km WNW of Salahonda, Colombia",earthquake,7.7,1.9,0.046,140.0,reviewed,us,us,3,2
2021-04-07T10:46:01.143Z,13.1089,-81.3343,10.0,4.4,mb,,34.0,2.192,0.87,us,us6000dzmi,2021-06-12T21:38:06.040Z,"28 km S of Mountain, Colombia",earthquake,6.7,1.9,0.089,37.0,reviewed,us,us,3,4
2021-04-02T22:44:02.939Z,7.4576,-76.9434,40.95,5.0,mww,,25.0,1.502,0.74,us,us6000dymn,2025-12-22T19:07:01.753Z,"19 km E of Riosucio, Colombia",earthquake,6.3,4.6,0.075,17.0,reviewed,us,us,1,1
2021-03-31T01:17:23.664Z,6.8986,-73.0525,143.44,4.4,mb,,128.0,1.0,0.75,us,us6000dxst,2021-06-08T17:59:19.040Z,"9 km S of Piedecuesta, Colombia",earthquake,7.4,6.5,0.148,13.0,reviewed,us,us,0,0
2021-03-29T03:00:07.666Z,5.215,-72.8784,10.0,4.4,mb,,75.0,0.703,0.84,us,us6000dzmr,2021-06-08T18:00:00.040Z,"0 km W of Chámeza, Colombia",earthquake,6.7,1.6,0.077,49.0,reviewed,us,us,3,3
2021-03-28T15:01:15.392Z,5.0712,-72.8726,9.15,4.6,mb,,71.0,0.842,0.61,us,us6000dx6m,2021-06-08T17:58:55.040Z,"15 km WNW of Tauramena, Colombia",earthquake,5.5,5.7,0.04,187.0,reviewed,us,us,3,3
2021-03-25T01:57:28.780Z,6.8553,-72.9767,144.38,4.4,mb,,78.0,0.962,0.49,us,us6000dw7r,2021-06-02T15:22:44.040Z,"11 km N of Cepitá, Colombia",earthquake,8.3,8.1,0.041,176.0,reviewed,us,us,0,0
2021-03-24T13:07:32.261Z,4.0468,-71.3204,10.0,4.1,mb,,90.0,2.538,0.59,us,us6000dxz7,2021-06-02T15:23:31.040Z,Colombia,earthquake,8.9,2.0,0.261,4.0,reviewed,us,us,3,3
2021-03-22T05:55:56.144Z,4.0455,-71.2743,10.0,4.4,mb,,80.0,2.571,1.12,us,us6000dxmb,2021-06-02T15:23:19.040Z,"82 km S of Orocué, Colombia",earthquake,7.5,2.0,0.144,14.0,reviewed,us,us,3,3
2021-03-22T04:37:41.986Z,3.9157,-71.3594,10.0,5.0,mww,,31.0,2.608,0.87,us,us7000dliw,2025-12-22T18:54:59.314Z,"91 km ESE of Puerto Gaitán, Colombia",earthquake,6.7,1.8,0.046,45.0,reviewed,us,us,3,3
2021-03-21T16:44:41.252Z,6.7799,-72.9547,148.07,4.3,mb,,78.0,0.89,0.64,us,us6000dxfr,2021-06-02T15:23:15.040Z,"3 km NE of Cepitá, Colombia",earthquake,9.1,7.8,0.129,17.0,reviewed,us,us,0,0
2021-03-21T15:22:59.969Z,3.943,-71.3508,10.0,4.4,mb,,88.0,2.594,0.34,us,us6000dxfw,2021-06-02T15:23:16.040Z,"90 km ESE of Puerto Gaitán, Colombia",earthquake,8.7,1.9,0.11,24.0,reviewed,us,us,3,3
2021-03-21T10:36:02.540Z,6.8481,-72.9508,148.73,4.3,mb,,79.0,0.958,0.77,us,us6000dxf9,2021-06-02T15:23:12.040Z,"10 km NNE of Cepitá, Colombia",earthquake,8.3,9.8,0.218,6.0,reviewed,us,us,0,0
2021-03-21T00:08:40.448Z,6.0469,-76.8215,45.64,4.3,mb,,95.0,1.293,0.65,us,us6000dxer,2021-06-02T15:23:10.040Z,"43 km NNW of Quibdó, Colombia",earthquake,6.8,9.2,0.187,8.0,reviewed,us,us,1,2
2021-03-20T23:46:01.381Z,3.9648,-71.414,15.3,4.9,mb,,57.0,2.536,0.71,us,us7000dlc1,2025-12-22T18:00:28.588Z,"83 km ESE of Puerto Gaitán, Colombia",earthquake,7.7,3.9,0.049,130.0,reviewed,us,us,3,3
2021-03-18T13:07:11.664Z,4.0071,-71.3188,10.0,4.4,mb,,110.0,2.568,0.76,us,us6000dwn7,2021-05-26T22:08:55.040Z,"86 km S of Orocué, Colombia",earthquake,8.3,1.9,0.108,25.0,reviewed,us,us,3,3
2021-03-14T18:14:25.073Z,6.4702,-74.4627,79.01,4.8,mb,,59.0,1.095,1.14,us,us7000djca,2021-05-26T22:07:18.040Z,"7 km WSW of Puerto Berrío, Colombia",earthquake,4.8,6.7,0.036,241.0,reviewed,us,us,2,1
2021-03-09T08:01:16.518Z,6.879,-72.969,146.4,4.3,mb,,78.0,0.986,0.78,us,us7000dhdg,2021-05-21T19:48:42.040Z,"12 km W of Guaca, Colombia",earthquake,8.8,10.1,0.068,62.0,reviewed,us,us,0,0
2021-03-03T06:45:17.990Z,6.8353,-73.0135,149.97,4.4,mb,,37.0,0.939,0.88,us,us7000df2q,2021-05-13T22:41:44.040Z,"9 km NNW of Cepitá, Colombia",earthquake,7.4,7.9,0.048,129.0,reviewed,us,us,0,0
2021-03-01T22:57:40.994Z,6.2035,-76.254,10.0,5.1,mww,,65.0,0.721,1.04,us,us7000deqh,2025-12-22T18:51:51.303Z,"18 km SW of Urrao, Colombia",earthquake,6.0,1.8,0.071,19.0,reviewed,us,us,3,1
2021-02-27T20:16:17.174Z,6.8501,-73.0533,143.81,4.4,mb,,59.0,0.951,0.72,us,us7000dfik,2021-05-13T22:36:50.040Z,"13 km NW of Cepitá, Colombia",earthquake,6.7,7.6,0.134,16.0,reviewed,us,us,0,0
2021-02-27T08:30:17.942Z,7.5998,-73.4299,111.0,4.4,mb,,57.0,1.73,1.3,us,us7000dfic,2021-05-13T22:36:17.040Z,"18 km SSW of San Alberto, Colombia",earthquake,5.9,8.7,0.134,16.0,reviewed,us,us,2,0
2021-02-24T07:55:08.057Z,5.022,-76.0609,93.13,4.5,mb,,94.0,1.276,1.15,us,us6000dkm1,2021-05-04T14:16:51.040Z,"6 km WNW of La Celia, Colombia",earthquake,3.9,11.1,0.156,12.0,reviewed,us,us,2,2
2021-02-23T14:27:39.875Z,6.9172,-73.133,140.54,4.4,mb,,120.0,1.019,0.6,us,us7000ddy0,2021-05-04T14:16:35.040Z,"12 km SW of Piedecuesta, Colombia",earthquake,5.9,8.9,0.061,77.0,reviewed,us,us,0,0
2021-02-22T07:29:56.832Z,6.8919,-73.1569,145.44,4.5,mb,,44.0,0.995,0.69,us,us6000dk12,2021-05-04T14:16:12.040Z,"14 km E of Betulia, Colombia",earthquake,6.9,8.8,0.067,67.0,reviewed,us,us,0,0
2021-02-19T15:55:40.380Z,3.4642,-74.3272,10.0,4.4,mb,,138.0,1.371,1.16,us,us6000dkrn,2021-05-04T14:15:00.040Z,"32 km WNW of Mesetas, Colombia",earthquake,9.3,1.9,0.071,58.0,reviewed,us,us,3,3
2021-02-19T04:13:18.273Z,6.605,-73.499,117.51,4.2,mb,,98.0,0.819,0.54,us,us6000dkqy,2021-05-04T14:14:45.040Z,"10 km S of El Carmen de Chucurí, Colombia",earthquake,8.0,5.1,0.16,11.0,reviewed,us,us,0,0
2021-02-15T00:17:28.359Z,11.4374,-77.0161,10.0,4.6,mb,,57.0,2.367,0.82,us,us6000dhpp,2022-08-09T02:50:07.906Z,"200 km NW of Cartagena, Colombia",earthquake,7.0,1.9,0.114,23.0,reviewed,us,us,3,4
2021-02-12T01:57:26.949Z,6.8531,-73.0407,147.02,4.5,mb,,70.0,0.955,1.13,us,us6000dgv4,2021-04-23T21:04:21.040Z,"13 km NW of Cepitá, Colombia",earthquake,8.0,7.1,0.118,21.0,reviewed,us,us,0,0
2021-02-11T05:39:36.975Z,6.8276,-73.0564,145.13,4.1,mb,,59.0,0.929,0.56,us,us6000dj4s,2021-04-22T21:53:10.040Z,"11 km NNE of Jordán, Colombia",earthquake,4.7,8.9,0.096,30.0,reviewed,us,us,0,0
2021-02-07T23:05:20.195Z,6.0518,-74.3282,104.65,4.1,mb,,133.0,1.199,0.68,us,us6000dh2f,2021-04-22T21:51:14.040Z,"29 km ENE of Puerto Boyacá, Colombia",earthquake,9.1,20.5,0.301,3.0,reviewed,us,us,2,0
2021-02-05T07:53:34.702Z,6.8018,-73.0451,156.28,4.4,mb,,43.0,0.904,1.21,us,us6000dem5,2021-04-22T21:50:19.040Z,"9 km NW of Cepitá, Colombia",earthquake,7.1,7.3,0.097,31.0,reviewed,us,us,4,0
2021-02-01T18:26:19.298Z,12.7969,-71.7962,10.0,4.5,mb,,85.0,1.105,1.13,us,us6000dfw8,2021-04-16T19:03:53.040Z,"130 km NNE of Uribia, Colombia",earthquake,6.2,1.8,0.163,11.0,reviewed,us,us,3,4
2021-01-29T19:23:38.754Z,7.0716,-72.0803,24.39,4.6,mb,,63.0,1.538,0.63,us,us6000dd2a,2021-04-16T19:02:21.040Z,"7 km NNE of Cubará, Colombia",earthquake,2.6,5.5,0.074,57.0,reviewed,us,us,3,3
2021-01-27T07:57:33.358Z,4.4075,-75.856,159.4,4.9,mb,,86.0,1.59,0.88,us,us7000d3m3,2025-12-22T18:48:59.829Z,"8 km NNW of Caicedonia, Colombia",earthquake,6.9,6.7,0.026,452.0,reviewed,us,us,4,1
2021-01-23T21:12:18.130Z,3.1222,-74.8254,25.07,4.9,mww,,66.0,1.783,0.88,us,us7000d2ra,2021-04-13T17:05:14.040Z,"25 km E of Baraya, Colombia",earthquake,8.1,4.3,0.086,13.0,reviewed,us,us,3,1
2021-01-23T08:24:16.930Z,6.0582,-77.4439,32.79,4.5,mb,,108.0,1.908,0.69,us,us7000d2mv,2021-04-13T17:07:11.040Z,"19 km SSW of Bahía Solano, Colombia",earthquake,6.4,6.1,0.109,25.0,reviewed,us,us,1,2
2021-01-19T14:51:18.043Z,6.8519,-73.1146,146.2,4.4,mb,,127.0,0.953,0.62,us,us7000d3qv,2021-03-27T21:06:26.040Z,"13 km N of Jordán, Colombia",earthquake,3.4,8.0,0.154,13.0,reviewed,us,us,0,0
2021-01-19T04:29:59.564Z,7.0221,-73.1158,150.93,4.1,mb,,86.0,1.122,0.78,us,us7000d3qi,2021-03-27T21:06:24.040Z,"5 km SW of Floridablanca, Colombia",earthquake,7.5,4.1,0.234,5.0,reviewed,us,us,0,0
2021-01-18T17:15:23.244Z,6.8733,-73.0737,154.12,4.3,mb,,82.0,2.366,0.82,us,us7000d3pp,2021-03-27T21:06:21.040Z,"12 km SSW of Piedecuesta, Colombia",earthquake,7.5,8.2,0.118,20.0,reviewed,us,us,4,0
2021-01-13T01:11:23.039Z,2.5119,-79.8007,10.0,4.7,mb,,62.0,2.631,0.75,us,us6000d7wm,2021-03-20T21:24:59.040Z,"137 km WNW of Salahonda, Colombia",earthquake,2.3,1.9,0.063,76.0,reviewed,us,us,3,2
2021-01-09T18:34:54.562Z,5.3231,-73.7168,158.64,4.1,mb,,66.0,0.766,1.1,us,us7000d154,2021-03-20T21:23:24.040Z,"1 km NNW of Lenguazaque, Colombia",earthquake,4.1,4.8,0.303,3.0,reviewed,us,us,4,0
2021-01-07T04:37:35.909Z,6.8167,-73.0503,149.56,4.6,mb,,40.0,0.918,0.95,us,us6000d6cd,2021-03-13T22:59:42.040Z,"10 km NNE of Jordán, Colombia",earthquake,5.8,5.4,0.032,287.0,reviewed,us,us,0,0
2021-01-06T15:32:18.180Z,3.7654,-79.1331,10.0,4.4,mb,,163.0,3.57,1.07,us,us7000d0bl,2021-03-13T23:00:28.040Z,"158 km NNW of Mosquera, Colombia",earthquake,5.6,1.9,0.134,16.0,reviewed,us,us,3,2
2021-01-06T03:58:21.932Z,5.1321,-76.2115,105.23,4.3,mb,,61.0,1.252,0.77,us,us7000d0b7,2021-03-13T23:00:26.040Z,"22 km WSW of Pueblo Rico, Colombia",earthquake,6.8,7.2,0.119,20.0,reviewed,us,us,2,2
2020-12-28T21:47:36.989Z,3.4478,-77.253,88.49,4.4,mb,,109.0,3.221,1.14,us,us6000d3tl,2021-03-06T23:20:01.040Z,"31 km WSW of Buenaventura, Colombia",earthquake,5.5,8.0,0.085,41.0,reviewed,us,us,2,2
2020-12-16T23:32:30.193Z,6.7841,-73.0438,153.59,4.9,mb,,26.0,0.886,0.9,us,us7000crpn,2021-02-27T23:25:04.040Z,"8 km NE of Jordán, Colombia",earthquake,6.2,5.1,0.059,91.0,reviewed,us,us,4,0
2020-12-12T02:24:10.270Z,5.7554,-77.8605,10.0,5.0,mww,,53.0,2.359,0.88,us,us7000cqgq,2025-12-22T18:46:50.892Z,"65 km W of Nuquí, Colombia",earthquake,7.0,1.8,0.068,21.0,reviewed,us,us,3,1
2020-12-12T01:07:29.133Z,7.9108,-72.6334,187.26,4.5,mb,,37.0,2.054,1.0,us,us7000cqgi,2021-02-20T16:11:24.040Z,"3 km NNW of San Cayetano, Colombia",earthquake,7.5,3.9,0.028,374.0,reviewed,us,us,4,0
2020-12-08T03:21:59.906Z,4.7546,-77.4135,35.0,5.1,mww,,31.0,2.357,0.77,us,us7000cp26,2025-12-22T18:46:41.468Z,"22 km SSW of Pizarro, Colombia",earthquake,3.8,1.9,0.05,38.0,reviewed,us,us,1,1
2020-12-07T22:40:36.876Z,6.8728,-73.095,144.94,4.0,mb,,71.0,0.974,0.87,us,us7000cpv9,2021-02-12T22:41:05.040Z,"13 km SSW of Piedecuesta, Colombia",earthquake,6.9,9.1,0.138,14.0,reviewed,us,us,0,0
2020-12-01T04:20:34.830Z,6.9488,-76.9087,51.14,4.4,mb,,44.0,1.563,0.92,us,us7000cli2,2021-02-06T18:29:24.040Z,"10 km WSW of Murindó, Colombia",earthquake,6.8,7.3,0.098,30.0,reviewed,us,us,1,2
2020-11-25T00:21:50.838Z,5.31,-77.6121,10.0,4.6,mb,,75.0,2.249,1.24,us,us7000cked,2021-02-06T18:28:34.040Z,"47 km NW of Pizarro, Colombia",earthquake,8.2,1.9,0.103,28.0,reviewed,us,us,3,2
2020-11-24T19:05:36.274Z,6.9956,-77.9807,10.0,4.5,mb,,107.0,2.444,1.09,us,us6000cs48,2021-02-03T17:50:00.040Z,"26 km WSW of Juradó, Colombia",earthquake,7.2,1.9,0.181,12.0,reviewed,us,us,3,2
2020-11-20T01:03:50.614Z,6.8537,-73.0993,145.96,4.1,mb,,118.0,0.955,0.98,us,us6000cs0r,2021-02-03T17:50:24.040Z,"13 km N of Jordán, Colombia",earthquake,5.3,6.8,0.116,21.0,reviewed,us,us,0,0
2020-11-20T00:57:00.461Z,6.8332,-73.0682,148.74,4.7,mb,,35.0,0.934,0.76,us,us6000cqlc,2021-02-03T17:50:24.040Z,"11 km NNE of Jordán, Colombia",earthquake,6.2,5.5,0.03,346.0,reviewed,us,us,0,0
2020-11-16T23:19:53.836Z,6.885,-73.1113,147.53,4.6,mb,,96.0,0.986,0.79,us,us6000cqfa,2021-01-27T17:28:25.040Z,"13 km SSW of Piedecuesta, Colombia",earthquake,7.2,7.4,0.173,10.0,reviewed,us,us,0,0
2020-11-16T13:59:21.031Z,4.7244,-76.5228,72.99,4.8,mb,,58.0,1.761,1.13,us,us7000cfn8,2021-01-27T17:29:55.040Z,"15 km ENE of Sipí, Colombia",earthquake,7.0,7.2,0.082,48.0,reviewed,us,us,2,2
2020-11-06T10:22:48.718Z,6.917,-73.0665,145.81,4.3,mb,,135.0,1.017,0.65,us,us7000cba1,2021-01-23T22:25:31.040Z,"8 km SSW of Piedecuesta, Colombia",earthquake,9.1,9.0,0.066,67.0,reviewed,us,us,0,0
2020-11-01T22:18:10.610Z,7.0238,-72.9871,171.26,4.4,mb,,58.0,1.128,0.75,us,us7000cb94,2021-01-18T23:01:58.040Z,"7 km ENE of Piedecuesta, Colombia",earthquake,7.2,7.4,0.218,6.0,reviewed,us,us,4,0
2020-10-29T17:39:48.059Z,6.8712,-73.1354,144.54,4.3,mb,,126.0,0.973,0.79,us,us7000c7m3,2021-01-18T23:01:43.040Z,"15 km ENE of Zapatoca, Colombia",earthquake,7.5,7.4,0.094,32.0,reviewed,us,us,0,0
2020-10-29T03:57:39.412Z,6.7952,-73.0287,143.71,4.3,mb,,44.0,0.898,0.69,us,us7000c7d3,2021-01-18T23:01:40.040Z,"7 km NW of Cepitá, Colombia",earthquake,6.5,6.2,0.062,73.0,reviewed,us,us,0,0
2020-10-22T15:39:13.203Z,6.9731,-73.1719,142.47,4.4,mb,,122.0,1.077,1.19,us,us7000c71b,2021-01-09T20:05:38.040Z,"10 km S of Girón, Colombia",earthquake,6.8,4.9,0.31,3.0,reviewed,us,us,0,0
2020-10-11T13:15:04.213Z,6.7857,-72.9701,153.14,4.8,mb,,59.0,2.35,0.82,us,us6000c8ij,2020-12-19T17:22:54.040Z,"3 km N of Cepitá, Colombia",earthquake,5.1,7.8,0.109,26.0,reviewed,us,us,4,0
2020-10-05T06:54:22.066Z,6.8449,-73.0339,148.35,4.2,mb,,99.0,0.947,0.96,us,us6000c71t,2020-12-12T22:28:49.040Z,"11 km NNW of Cepitá, Colombia",earthquake,9.3,8.6,0.124,18.0,reviewed,us,us,0,0
2020-10-04T21:32:02.527Z,4.0701,-71.3508,16.69,4.6,mb,,50.0,2.501,0.61,us,us6000c5jq,2020-12-12T22:28:39.040Z,"79 km S of Orocué, Colombia",earthquake,3.1,4.2,0.098,31.0,reviewed,us,us,3,3
2020-09-29T22:05:39.109Z,4.0316,-71.4695,25.25,4.4,mb,,62.0,2.955,0.75,us,us6000c2xu,2020-12-05T21:03:08.040Z,"74 km ESE of Puerto Gaitán, Colombia",earthquake,8.3,4.9,0.072,56.0,reviewed,us,us,3,3
2020-09-28T22:59:45.625Z,5.1128,-76.7076,78.11,4.6,mb,,55.0,2.392,1.17,us,us6000c4r3,2020-12-05T21:03:11.040Z,"5 km SSW of Istmina, Colombia",earthquake,7.9,8.6,0.114,23.0,reviewed,us,us,2,2
2020-09-27T14:21:58.605Z,6.6236,-72.7907,171.49,4.2,mb,,177.0,2.332,0.39,us,us6000c40q,2020-12-05T21:03:10.040Z,"5 km SSE of Molagavita, Colombia",earthquake,11.0,10.7,0.078,46.0,reviewed,us,us,4,0
2020-09-21T14:59:54.325Z,4.4655,-78.4196,10.0,4.7,mb,,67.0,4.102,0.95,us,us7000bqrk,2020-11-28T21:32:01.040Z,"119 km W of Santa Genoveva de Docordó, Colombia",earthquake,4.9,1.8,0.048,132.0,reviewed,us,us,3,2
2020-09-19T12:42:26.715Z,6.7621,-72.9752,164.54,4.1,mb,,76.0,2.328,0.31,us,us6000c0hz,2020-11-28T21:31:54.040Z,"0 km N of Cepitá, Colombia",earthquake,9.6,12.1,0.184,8.0,reviewed,us,us,4,0
2020-09-13T06:02:15.916Z,6.8111,-73.0107,153.1,4.4,mb,,60.0,2.348,0.6,us,us7000bpfk,2020-11-21T20:10:46.040Z,"7 km NNW of Cepitá, Colombia",earthquake,7.3,8.7,0.088,37.0,reviewed,us,us,4,0
2020-09-06T12:11:41.640Z,5.9644,-77.4663,10.66,4.4,mb,,109.0,3.322,0.84,us,us7000bix1,2020-11-17T19:44:46.040Z,"29 km SSW of Bahía Solano, Colombia",earthquake,8.6,5.6,0.104,27.0,reviewed,us,us,3,2
2020-09-04T04:58:19.712Z,6.7707,-73.026,157.95,4.4,mb,,41.0,2.306,0.98,us,us7000bhmn,2020-11-17T19:44:33.040Z,"5 km WNW of Cepitá, Colombia",earthquake,7.7,5.8,0.052,105.0,reviewed,us,us,4,0
2020-09-03T03:23:38.808Z,8.2139,-76.9417,43.48,4.5,mb,,85.0,3.015,0.64,us,us7000bh09,2020-11-17T19:44:24.040Z,"25 km NE of Unguía, Colombia",earthquake,7.5,4.5,0.048,129.0,reviewed,us,us,1,4
2020-08-22T22:38:23.371Z,6.7594,-72.948,160.93,4.0,mb,,61.0,2.341,1.05,us,us7000be93,2020-10-31T19:06:34.040Z,"2 km E of Cepitá, Colombia",earthquake,7.4,7.2,0.156,11.0,reviewed,us,us,4,0
2020-08-20T01:16:24.711Z,5.2484,-78.5237,10.0,5.3,mww,,119.0,4.105,0.62,us,us6000bhhp,2025-12-22T18:40:45.361Z,"132 km WNW of Pizarro, Colombia",earthquake,3.4,1.8,0.047,43.0,reviewed,us,us,3,1
2020-08-15T17:34:12.687Z,6.7766,-73.0629,155.66,4.3,mb,,98.0,2.291,0.82,us,us6000bhr5,2020-10-24T20:09:09.040Z,"6 km NE of Jordán, Colombia",earthquake,8.9,8.9,0.122,19.0,reviewed,us,us,4,0
2020-08-15T04:34:02.238Z,6.7784,-73.0629,158.9,4.3,mb,,92.0,2.292,0.92,us,us6000bhqf,2020-10-24T20:09:08.040Z,"6 km NE of Jordán, Colombia",earthquake,9.9,10.4,0.142,14.0,reviewed,us,us,4,0
2020-08-14T02:34:37.500Z,4.2369,-73.6232,10.0,4.4,mb,,73.0,0.921,0.97,us,us6000beig,2021-01-23T21:56:25.260Z,"7 km WSW of Restrepo, Colombia",earthquake,5.3,1.8,0.108,25.0,reviewed,us,us,3,3
2020-08-11T20:57:08.383Z,6.7127,-72.9893,154.38,4.3,mb,,107.0,2.28,1.03,us,us6000bg1q,2020-10-21T22:04:15.040Z,"3 km ENE of Aratoca, Colombia",earthquake,7.8,5.8,0.108,25.0,reviewed,us,us,4,0
2020-08-03T04:28:34.203Z,6.7679,-72.9421,158.46,4.3,mb,,107.0,2.352,1.19,us,us6000bakj,2020-10-10T17:11:19.040Z,"3 km ENE of Cepitá, Colombia",earthquake,8.7,7.2,0.093,33.0,reviewed,us,us,4,0
2020-07-29T08:04:19.082Z,6.8524,-73.0498,153.81,4.3,mb,,104.0,2.361,0.7,us,us6000b97s,2020-10-10T17:11:14.040Z,"13 km NW of Cepitá, Colombia",earthquake,7.5,9.8,0.109,24.0,reviewed,us,us,4,0
2020-07-25T10:48:02.425Z,2.7258,-79.5197,10.0,4.6,mb,,140.0,2.692,0.73,us,us6000b3ya,2020-10-03T17:32:22.040Z,"121 km WNW of Mosquera, Colombia",earthquake,8.0,1.8,0.04,189.0,reviewed,us,us,3,2
2020-07-22T19:21:57.282Z,6.7749,-73.0218,152.11,4.6,mb,,41.0,2.312,0.81,us,us6000b257,2020-10-03T17:32:15.040Z,"5 km WNW of Cepitá, Colombia",earthquake,7.8,6.0,0.029,362.0,reviewed,us,us,0,0
2020-07-22T03:16:36.285Z,11.0149,-72.4162,98.7,5.1,mww,,35.0,2.75,0.89,us,us7000assn,2025-12-22T18:38:29.657Z,"25 km SE of Albania, Colombia",earthquake,7.9,4.1,0.047,44.0,reviewed,us,us,2,4
2020-07-21T21:40:11.185Z,6.9523,-72.8355,173.3,4.6,mb,,47.0,2.562,1.11,us,us7000asp1,2020-09-26T16:58:44.040Z,"8 km NNE of Guaca, Colombia",earthquake,8.2,6.4,0.028,385.0,reviewed,us,us,4,0
2020-07-19T19:26:04.780Z,6.8045,-72.9999,160.01,4.6,mb,,59.0,2.349,1.25,us,us7000arb0,2020-09-26T16:58:39.040Z,"6 km NNW of Cepitá, Colombia",earthquake,8.4,6.3,0.028,378.0,reviewed,us,us,4,0
2020-07-13T01:41:21.084Z,6.8861,-73.1059,151.07,4.2,mb,,155.0,2.36,0.82,us,us7000arnz,2020-09-19T20:58:32.040Z,"12 km SSW of Piedecuesta, Colombia",earthquake,12.2,10.5,0.096,30.0,reviewed,us,us,0,0
2020-07-12T13:36:56.060Z,6.8703,-73.0943,156.06,4.2,mb,,124.0,2.353,0.75,us,us7000aqeq,2020-09-19T20:58:31.040Z,"13 km SSW of Piedecuesta, Colombia",earthquake,9.5,6.8,0.098,29.0,reviewed,us,us,4,0
2020-07-11T20:26:43.599Z,6.829,-73.079,151.9,4.6,mb,,48.0,2.326,0.87,us,us7000am18,2020-09-19T20:58:09.040Z,"10 km N of Jordán, Colombia",earthquake,3.2,6.7,0.065,73.0,reviewed,us,us,0,0
2020-07-09T20:10:56.738Z,6.7795,-73.0182,156.12,4.3,mb,,59.0,2.318,0.79,us,us7000apit,2020-09-19T20:58:26.040Z,"5 km WNW of Cepitá, Colombia",earthquake,9.6,7.2,0.092,34.0,reviewed,us,us,4,0
2020-07-09T03:22:51.274Z,6.786,-72.9901,156.01,4.9,mb,,41.0,2.339,1.02,us,us7000akj8,2020-09-19T20:57:59.040Z,"3 km NNW of Cepitá, Colombia",earthquake,3.2,6.0,0.022,655.0,reviewed,us,us,4,0
2020-07-06T11:38:06.518Z,6.9035,-73.1327,152.47,4.2,mb,,71.0,2.362,0.59,us,us7000alf4,2020-09-11T22:14:20.040Z,"13 km SW of Piedecuesta, Colombia",earthquake,7.2,9.4,0.083,40.0,reviewed,us,us,0,0
2020-06-22T20:02:31.296Z,6.8021,-72.998,151.78,4.2,mb,,105.0,2.348,0.79,us,us7000acbg,2020-08-30T00:01:24.040Z,"5 km NNW of Cepitá, Colombia",earthquake,8.3,10.5,0.374,2.0,reviewed,us,us,0,0
2020-06-09T06:18:28.889Z,6.9545,-73.162,138.61,4.2,mb,,156.0,2.392,0.74,us,us6000acxc,2020-08-18T17:59:09.040Z,"12 km S of Girón, Colombia",earthquake,12.4,20.2,0.265,4.0,reviewed,us,us,0,0
2020-05-28T08:52:53.546Z,6.7503,-72.9388,155.03,4.2,mb,,62.0,2.339,1.1,us,us6000a5zr,2020-08-15T20:19:42.040Z,"3 km E of Cepitá, Colombia",earthquake,8.1,7.7,0.159,11.0,reviewed,us,us,4,0
2020-05-24T12:22:03.507Z,2.7483,-76.5659,10.0,4.5,mb,,83.0,3.125,1.15,us,us70009pgm,2020-08-08T18:17:55.040Z,"6 km E of Morales, Colombia",earthquake,9.4,1.9,0.061,79.0,reviewed,us,us,3,2
2020-05-19T15:04:29.237Z,6.7759,-72.954,163.78,4.2,mb,,59.0,2.351,0.44,us,us6000a01z,2020-08-02T00:28:09.040Z,"3 km NE of Cepitá, Colombia",earthquake,6.1,5.6,0.073,52.0,reviewed,us,us,4,0
2020-05-19T07:19:00.003Z,5.913,-77.5001,10.0,5.0,mww,,51.0,3.338,1.44,us,us70009kin,2025-12-22T18:34:28.908Z,"33 km NW of Nuquí, Colombia",earthquake,3.8,1.8,0.093,11.0,reviewed,us,us,3,1
2020-05-16T19:36:30.779Z,6.705,-72.9513,161.75,4.5,mb,,82.0,2.296,0.89,us,us70009ic3,2020-08-02T00:29:56.040Z,"6 km SSE of Cepitá, Colombia",earthquake,4.1,6.4,0.076,50.0,reviewed,us,us,4,0
2020-05-14T18:40:54.018Z,6.9785,-73.1839,149.86,4.2,mb,,126.0,2.402,1.04,us,us70009mjb,2020-08-02T00:31:59.040Z,"10 km S of Girón, Colombia",earthquake,10.6,8.9,0.303,3.0,reviewed,us,us,0,0
2020-05-12T06:48:40.445Z,6.7365,-73.0246,156.4,4.4,mb,,62.0,2.279,0.81,us,us70009el5,2020-07-29T22:14:38.040Z,"4 km N of Aratoca, Colombia",earthquake,8.1,6.4,0.039,189.0,reviewed,us,us,4,0
2020-05-10T23:10:00.210Z,2.4112,-77.3265,92.49,4.5,mb,,82.0,2.434,0.69,us,us70009du7,2020-07-29T22:14:29.040Z,"19 km NNW of Argelia, Colombia",earthquake,8.2,6.7,0.049,121.0,reviewed,us,us,2,2
2020-05-06T04:42:13.846Z,6.8426,-73.0651,150.7,4.0,mb,,90.0,2.345,0.53,us,us70009fec,2020-07-29T22:14:08.040Z,"12 km NNE of Jordán, Colombia",earthquake,9.4,8.2,0.144,13.0,reviewed,us,us,0,0
2020-05-05T16:28:11.641Z,6.8361,-73.0526,153.61,4.7,mb,,104.0,2.346,0.85,us,us70009ese,2020-07-18T21:57:48.040Z,"12 km NNE of Jordán, Colombia",earthquake,10.7,6.0,0.318,3.0,reviewed,us,us,4,0
2020-05-04T20:52:42.904Z,2.6532,-79.7195,10.0,4.6,mb,,135.0,2.714,1.23,us,us70009a3g,2020-07-18T21:57:34.040Z,"136 km WNW of Salahonda, Colombia",earthquake,7.4,1.8,0.041,175.0,reviewed,us,us,3,2
2020-04-30T06:47:37.916Z,7.0761,-73.0361,156.35,4.3,mb,,55.0,2.558,0.78,us,us700097ct,2020-07-18T21:57:05.040Z,"5 km ENE of Floridablanca, Colombia",earthquake,8.1,5.0,0.074,52.0,reviewed,us,us,4,0
2020-04-26T03:29:34.006Z,4.8926,-72.7887,47.73,4.4,mb,,57.0,1.527,1.0,us,us700097nv,2020-07-11T22:19:27.040Z,"11 km E of Monterrey, Colombia",earthquake,5.3,6.9,0.112,23.0,reviewed,us,us,1,3
2020-04-25T15:30:54.918Z,5.0458,-72.6728,50.13,4.7,mb,,56.0,1.654,1.06,us,us60009c8u,2020-07-11T22:19:05.040Z,"8 km ENE of Tauramena, Colombia",earthquake,8.5,8.2,0.113,24.0,reviewed,us,us,1,3
2020-04-18T13:41:40.467Z,6.7158,-72.9119,163.06,4.4,mb,,62.0,2.328,0.81,us,us70008zdr,2020-07-09T14:31:25.040Z,"8 km ESE of Cepitá, Colombia",earthquake,3.2,10.4,0.053,103.0,reviewed,us,us,4,0
2020-04-17T04:49:45.028Z,9.06,-74.3237,47.34,4.5,mb,,33.0,4.187,0.94,us,us70008y5u,2020-07-09T14:31:17.040Z,"12 km SSW of Margarita, Colombia",earthquake,7.7,6.8,0.099,30.0,reviewed,us,us,1,4
2020-04-15T10:59:28.999Z,9.0335,-74.4338,53.0,5.7,mww,,20.0,4.162,0.99,us,us70008wpb,2025-12-22T18:32:37.495Z,"13 km NNE of Pinillos, Colombia",earthquake,7.3,1.9,0.04,59.0,reviewed,us,us,1,1
2020-04-13T20:44:19.546Z,4.0085,-76.2402,156.54,4.6,mb,,115.0,2.086,0.93,us,us700090hk,2020-06-30T14:03:17.040Z,"2 km NW of San Pedro, Colombia",earthquake,8.1,4.9,0.122,20.0,reviewed,us,us,4,2
2020-04-12T13:02:43.272Z,8.8577,-72.4176,124.49,4.4,mb,,100.0,4.411,0.56,us,us70008ym1,2020-06-30T14:03:14.040Z,"42 km NE of Tibú, Colombia",earthquake,7.6,7.7,0.138,15.0,reviewed,us,us,0,0
2020-04-12T12:31:13.698Z,7.3954,-77.1263,47.51,4.8,mb,,90.0,3.208,0.72,us,us70008uu4,2020-06-30T14:03:02.040Z,"5 km S of Riosucio, Colombia",earthquake,9.1,8.4,0.071,62.0,reviewed,us,us,1,2
2020-04-12T02:41:46.006Z,6.7502,-72.9651,163.67,4.6,mb,,62.0,2.324,1.28,us,us70008uic,2020-06-30T14:03:00.040Z,"1 km ESE of Cepitá, Colombia",earthquake,7.0,8.2,0.03,327.0,reviewed,us,us,4,0
2020-04-11T03:34:46.771Z,6.5113,-73.991,59.28,4.3,mb,,122.0,1.687,0.63,us,us70008yja,2020-06-30T14:03:13.040Z,"17 km SSE of Puerto Parra, Colombia",earthquake,10.2,4.3,0.169,10.0,reviewed,us,us,1,3
2020-04-10T01:11:56.787Z,6.7079,-72.9393,167.78,4.1,mb,,91.0,2.305,0.61,us,us70008ydx,2020-06-30T14:03:12.040Z,"6 km SE of Cepitá, Colombia",earthquake,11.1,9.4,0.131,16.0,reviewed,us,us,4,0
2020-04-07T12:40:45.551Z,6.7669,-73.0082,166.43,4.0,mb,,64.0,2.313,0.89,us,us70008wmh,2020-06-21T00:55:17.040Z,"3 km WNW of Cepitá, Colombia",earthquake,10.1,6.6,0.15,12.0,reviewed,us,us,4,0
2020-04-07T03:29:53.210Z,6.8873,-72.9804,151.53,4.5,mb,,128.0,2.428,0.67,us,us70008qd0,2020-06-21T00:55:14.040Z,"13 km SE of Piedecuesta, Colombia",earthquake,15.1,11.3,0.065,69.0,reviewed,us,us,0,0
2020-04-03T18:52:47.964Z,5.0023,-76.3416,134.53,4.0,mb,,92.0,2.019,1.0,us,us70008rr0,2020-06-21T00:54:52.040Z,"16 km NW of San José del Palmar, Colombia",earthquake,7.8,15.3,0.183,8.0,reviewed,us,us,0,0
2020-04-02T03:15:51.206Z,5.724,-76.0317,86.86,4.8,mww,,37.0,1.914,0.96,us,us70008l6q,2020-06-21T00:54:37.040Z,"6 km WSW of Betania, Colombia",earthquake,7.6,4.9,0.093,11.0,reviewed,us,us,2,2
2020-03-31T14:16:28.847Z,6.6873,-72.9791,162.39,4.2,mb,,77.0,2.265,0.4,us,us70008mt2,2020-06-13T18:44:38.040Z,"4 km E of Aratoca, Colombia",earthquake,8.7,8.6,0.096,30.0,reviewed,us,us,4,0
2020-03-30T21:32:15.092Z,6.737,-72.9452,161.04,4.2,mb,,108.0,2.325,0.66,us,us70008mnx,2020-06-13T18:44:38.040Z,"3 km ESE of Cepitá, Colombia",earthquake,9.9,7.6,0.141,14.0,reviewed,us,us,4,0
2020-03-28T05:55:09.624Z,6.7999,-73.0549,155.01,4.9,mb,,75.0,2.315,1.22,us,us70008hq3,2020-06-13T18:44:38.040Z,"8 km NNE of Jordán, Colombia",earthquake,8.8,7.2,0.077,53.0,reviewed,us,us,4,0
2020-03-17T12:52:38.636Z,5.9215,-73.5391,135.52,4.1,mb,,122.0,1.323,0.4,us,us70008gya,2020-05-30T22:17:25.040Z,"3 km WSW of Togüí, Colombia",earthquake,11.9,6.1,0.112,22.0,reviewed,us,us,0,0
2020-03-17T02:54:47.709Z,6.7596,-72.9509,156.88,4.3,mb,,46.0,2.34,0.52,us,us70008gxz,2020-05-30T22:17:25.040Z,"2 km ENE of Cepitá, Colombia",earthquake,6.1,6.4,0.16,11.0,reviewed,us,us,4,0
2020-03-15T18:33:38.048Z,0.362,-69.0619,12.64,4.4,mb,,59.0,6.886,1.24,us,us60008g51,2020-05-30T22:17:11.040Z,"163 km SE of Mitú, Colombia",earthquake,8.0,5.1,0.103,30.0,reviewed,us,us,3,3
2020-03-06T02:38:56.633Z,6.7766,-72.9332,160.52,4.6,mb,,38.0,2.364,1.36,us,us60008ask,2020-05-23T22:03:27.040Z,"5 km ENE of Cepitá, Colombia",earthquake,7.7,5.6,0.098,31.0,reviewed,us,us,4,0
2020-02-29T11:18:59.323Z,5.8029,-77.6217,10.0,4.3,mb,,106.0,3.421,1.21,us,us60008ad2,2020-05-19T22:14:29.040Z,"40 km WNW of Nuquí, Colombia",earthquake,5.2,1.9,0.188,8.0,reviewed,us,us,3,2
2020-02-29T08:06:10.519Z,5.8438,-77.6307,10.0,4.7,mb,,106.0,3.441,0.81,us,us600086tp,2022-08-08T18:32:52.925Z,"42 km WNW of Nuquí, Colombia",earthquake,7.2,1.9,0.081,46.0,reviewed,us,us,3,2
2020-02-28T04:48:30.169Z,6.699,-72.9774,158.91,4.2,mb,,47.0,2.276,1.06,us,us600085uj,2020-05-19T22:14:04.040Z,"4 km E of Aratoca, Colombia",earthquake,7.4,7.8,0.078,46.0,reviewed,us,us,4,0
2020-02-27T00:49:48.476Z,5.183,-73.5712,155.06,4.1,mb,,80.0,0.819,0.84,us,us600089jg,2020-05-19T22:14:27.040Z,"4 km SE of Villapinzón, Colombia",earthquake,7.2,7.9,0.213,6.0,reviewed,us,us,4,0
2020-02-26T17:14:43.506Z,2.6379,-79.6043,10.0,4.5,mb,,149.0,2.648,1.29,us,us600084nf,2020-05-19T22:13:58.040Z,"124 km WNW of Salahonda, Colombia",earthquake,9.6,1.8,0.066,67.0,reviewed,us,us,3,2
2020-02-22T10:14:30.853Z,6.2994,-72.0945,10.0,4.5,mb,,79.0,2.645,0.6,us,us70007uqn,2020-05-09T21:41:11.040Z,"27 km NE of Sácama, Colombia",earthquake,8.4,1.9,0.074,53.0,reviewed,us,us,3,3
2020-02-21T12:35:45.268Z,6.7795,-72.9879,162.22,4.5,mb,,62.0,2.335,0.83,us,us70007u4y,2020-05-09T21:41:07.040Z,"3 km NNW of Cepitá, Colombia",earthquake,5.0,8.8,0.034,260.0,reviewed,us,us,4,0
2020-02-21T10:34:05.457Z,3.4822,-79.3807,10.0,4.8,mb,,145.0,4.276,0.88,us,us70007u3c,2020-05-09T21:41:06.040Z,"149 km NW of Mosquera, Colombia",earthquake,4.2,1.9,0.03,340.0,reviewed,us,us,3,2
2020-02-14T01:29:41.493Z,5.5129,-73.3156,5.06,4.5,mb,,65.0,1.201,0.84,us,us70007pt2,2020-05-02T22:09:47.040Z,"2 km NE of Soracá, Colombia",earthquake,7.0,6.1,0.115,22.0,reviewed,us,us,3,3
2020-02-13T15:29:11.058Z,3.5396,-74.0313,9.29,4.4,mb,,102.0,1.328,0.69,us,us70007tmz,2020-05-02T22:10:27.040Z,"1 km NNW of Lejanías, Colombia",earthquake,8.1,7.4,0.22,6.0,reviewed,us,us,3,3
2020-02-09T02:41:12.337Z,6.7729,-72.9888,159.2,4.2,mb,,106.0,2.329,0.77,us,us70007q7d,2020-04-25T22:19:45.040Z,"2 km NW of Cepitá, Colombia",earthquake,4.5,9.6,0.136,15.0,reviewed,us,us,4,0
2020-02-01T10:26:51.495Z,6.7604,-72.9662,155.42,4.5,mb,,62.0,2.332,0.74,us,us60007m2t,2020-04-18T22:10:09.040Z,"1 km NE of Cepitá, Colombia",earthquake,9.0,9.1,0.036,224.0,reviewed,us,us,4,0
2020-01-30T06:33:44.146Z,6.7813,-72.9965,162.56,4.6,mb,,46.0,2.331,1.0,us,us60007jud,2020-04-18T22:09:55.040Z,"3 km NW of Cepitá, Colombia",earthquake,3.8,8.9,0.059,84.0,reviewed,us,us,4,0
2020-01-17T04:32:04.935Z,2.2118,-79.6665,10.0,4.8,mb,,136.0,2.307,1.08,us,us700071h9,2020-04-08T19:40:16.040Z,"107 km WNW of Tumaco, Colombia",earthquake,2.3,1.8,0.04,199.0,reviewed,us,us,3,2
2020-01-14T17:57:08.678Z,6.8007,-73.0241,157.09,4.8,mb,,49.0,2.332,0.84,us,us70006zqu,2020-04-02T21:28:32.040Z,"7 km NW of Cepitá, Colombia",earthquake,7.3,5.4,0.029,362.0,reviewed,us,us,4,0
2020-01-12T23:31:10.615Z,6.7526,-73.0103,158.18,4.5,mb,,42.0,2.3,1.26,us,us60007eu4,2020-04-02T21:27:35.040Z,"3 km W of Cepitá, Colombia",earthquake,6.8,3.9,0.078,48.0,reviewed,us,us,4,0
2020-01-05T13:47:51.979Z,4.3433,-76.1039,154.34,4.3,mb,,66.0,1.845,0.62,us,us600079ay,2020-03-21T17:13:27.040Z,"6 km SSW of Zarzal, Colombia",earthquake,10.5,6.5,0.07,58.0,reviewed,us,us,4,0
2020-01-04T13:52:56.648Z,6.7808,-72.9851,164.34,4.7,mb,,95.0,2.337,0.93,us,us70006upb,2020-03-21T17:13:35.040Z,northern Colombia,earthquake,9.8,7.8,0.03,347.0,reviewed,us,us,4,0
2019-12-27T03:20:39.716Z,3.4594,-73.9925,10.0,4.6,mb,,78.0,1.414,1.08,us,us70006rer,2020-03-14T22:24:18.040Z,"8 km SSE of Lejanías, Colombia",earthquake,7.5,1.8,0.056,95.0,reviewed,us,us,3,3
2019-12-26T10:52:21.267Z,3.3922,-74.0302,10.0,4.4,mb,,79.0,1.472,1.04,us,us70006r6t,2022-08-08T17:42:11.537Z,"1 km ENE of Mesetas, Colombia",earthquake,7.7,1.8,0.077,49.0,reviewed,us,us,3,3
2019-12-26T06:27:48.961Z,5.5346,-75.3256,66.06,4.4,mb,,54.0,1.212,0.61,us,us70006r4u,2020-03-14T22:24:35.040Z,"14 km E of Pácora, Colombia",earthquake,5.4,7.5,0.065,69.0,reviewed,us,us,1,2
2019-12-26T05:03:56.849Z,3.4785,-73.9698,10.0,4.3,mb,,103.0,1.401,0.91,us,us70006xq1,2020-03-14T22:24:36.040Z,"8 km SE of Lejanías, Colombia",earthquake,6.7,2.0,0.201,7.0,reviewed,us,us,3,3
2019-12-26T03:48:29.883Z,3.3722,-74.0915,10.0,4.8,mb,,62.0,1.48,0.89,us,us70006r41,2020-03-14T22:24:37.040Z,"5 km WSW of Mesetas, Colombia",earthquake,5.1,1.7,0.031,333.0,reviewed,us,us,3,3
2019-12-25T10:39:56.729Z,3.4938,-74.0286,10.0,4.4,mb,,78.0,1.373,1.11,us,us70006qx0,2020-03-14T22:24:55.040Z,"3 km S of Lejanías, Colombia",earthquake,7.1,1.8,0.062,74.0,reviewed,us,us,3,3
2019-12-25T10:25:55.027Z,3.5986,-74.0042,10.0,4.5,mb,,70.0,1.277,0.75,us,us70006qwx,2020-03-14T22:24:56.040Z,"8 km NNE of Lejanías, Colombia",earthquake,7.3,1.8,0.074,54.0,reviewed,us,us,3,3
2019-12-25T04:28:44.138Z,6.8126,-72.9562,156.27,4.5,mb,,83.0,2.38,0.93,us,us70006xsb,2020-03-14T22:25:01.040Z,"6 km NNE of Cepitá, Colombia",earthquake,9.4,9.4,0.118,21.0,reviewed,us,us,4,0
2019-12-25T02:11:23.210Z,3.419,-73.9867,10.0,5.0,mb,,65.0,1.455,0.78,us,us70006qsp,2020-03-14T22:25:05.040Z,"7 km ENE of Mesetas, Colombia",earthquake,6.4,1.8,0.048,142.0,reviewed,us,us,3,1
2019-12-25T00:25:01.178Z,3.4416,-74.098,10.0,4.6,mb,,77.0,1.411,0.91,us,us70006qs6,2020-03-14T22:25:06.040Z,"8 km NW of Mesetas, Colombia",earthquake,6.0,1.6,0.046,141.0,reviewed,us,us,3,3
2019-12-24T20:11:15.897Z,3.6387,-74.0515,10.0,4.5,mb,,78.0,1.228,0.84,us,us70006qq5,2020-03-14T22:25:09.040Z,"12 km NNW of Lejanías, Colombia",earthquake,7.0,1.8,0.069,61.0,reviewed,us,us,3,3
2019-12-24T19:19:03.273Z,3.4502,-74.1034,10.0,5.7,mww,,51.0,1.402,0.7,us,us70006qp1,2025-12-22T18:24:36.318Z,"9 km NW of Mesetas, Colombia",earthquake,7.1,1.7,0.046,46.0,reviewed,us,us,3,1
2019-12-24T19:15:43.628Z,3.4917,-74.1248,10.0,5.0,mb,,77.0,1.358,0.86,us,us70006x58,2025-12-22T18:26:28.262Z,"11 km WSW of Lejanías, Colombia",earthquake,7.1,1.8,0.082,58.0,reviewed,us,us,3,1
2019-12-24T19:11:01.700Z,3.542,-73.9247,10.0,5.1,mb,,54.0,1.353,0.94,us,us70006x57,2025-12-22T19:05:21.825Z,"11 km E of Lejanías, Colombia",earthquake,8.1,1.8,0.082,55.0,reviewed,us,us,3,1
2019-12-24T19:03:52.492Z,3.5359,-74.0176,11.0,6.0,mww,,36.0,1.335,0.68,us,us70006qnn,2025-12-22T18:24:35.093Z,"1 km NE of Lejanías, Colombia",earthquake,6.5,1.7,0.041,58.0,reviewed,us,us,3,1
2019-12-21T15:45:23.608Z,6.7991,-73.0086,153.68,4.2,mb,,60.0,0.903,1.25,us,us70006x1b,2020-03-07T17:48:03.040Z,"6 km NW of Cepitá, Colombia",earthquake,6.6,8.0,0.264,4.0,reviewed,us,us,4,0
2019-12-08T04:39:58.262Z,6.7551,-72.9621,150.42,4.3,mb,,71.0,0.865,1.05,us,us60006r9u,2020-02-29T19:52:59.040Z,"1 km E of Cepitá, Colombia",earthquake,8.1,7.4,0.201,7.0,reviewed,us,us,0,0
2019-11-27T04:03:41.911Z,7.1888,-77.0113,35.0,4.5,mb,,61.0,3.418,0.92,us,us60006pcg,2020-02-19T18:57:54.040Z,"30 km SSE of Riosucio, Colombia",earthquake,7.2,1.9,0.205,7.0,reviewed,us,us,1,2
2019-11-10T09:50:58.345Z,5.3086,-75.6187,126.88,4.6,mb,,87.0,1.372,1.34,us,us600069x0,2020-02-01T23:22:16.040Z,"6 km WNW of Filadelfia, Colombia",earthquake,8.4,8.8,0.146,14.0,reviewed,us,us,0,0
2019-11-07T01:14:33.757Z,7.6659,-77.0953,35.0,4.4,mb,,48.0,3.095,0.99,us,us60006bx4,2020-02-01T23:21:44.040Z,"24 km N of Riosucio, Colombia",earthquake,6.8,1.9,0.149,13.0,reviewed,us,us,1,2
2019-11-05T16:04:50.773Z,6.7317,-73.0004,155.0,4.3,mb,,91.0,0.837,0.56,us,us700063ei,2020-02-01T23:21:37.040Z,"3 km SW of Cepitá, Colombia",earthquake,5.9,5.7,0.103,27.0,reviewed,us,us,4,0
2019-10-26T01:01:26.789Z,5.7484,-75.9089,73.29,4.8,mb,,62.0,1.818,1.04,us,us60006330,2020-01-11T21:26:40.040Z,"5 km S of Hispania, Colombia",earthquake,3.1,5.8,0.038,215.0,reviewed,us,us,2,2
2019-10-23T12:29:14.754Z,6.8341,-73.0033,151.29,4.4,mb,,35.0,0.938,0.96,us,us70005xmv,2020-01-11T21:26:28.040Z,"9 km NNW of Cepitá, Colombia",earthquake,6.7,5.6,0.045,140.0,reviewed,us,us,0,0
2019-10-10T19:08:28.497Z,7.1349,-77.1082,40.25,4.5,mb,,100.0,3.372,0.77,us,us70005t5l,2019-12-28T20:45:58.040Z,"34 km S of Riosucio, Colombia",earthquake,7.5,8.7,0.131,17.0,reviewed,us,us,1,2
2019-10-09T03:14:02.291Z,6.7757,-72.9948,155.82,4.3,mb,,77.0,0.881,0.67,us,us70005sf9,2019-12-28T20:45:56.040Z,"3 km NW of Cepitá, Colombia",earthquake,7.9,6.2,0.076,49.0,reviewed,us,us,4,0
2019-09-29T11:19:59.671Z,11.9723,-73.6923,10.0,4.9,mww,,68.0,0.958,1.2,us,us70005ngk,2019-12-20T19:03:43.040Z,"87 km NNW of Dibulla, Colombia",earthquake,6.0,1.9,0.075,17.0,reviewed,us,us,3,4
2019-09-27T13:44:44.129Z,0.7964,-77.9091,33.5,4.3,mb,,116.0,2.387,0.64,us,us70005mh3,2019-12-20T19:03:17.040Z,"18 km SW of Cumbal, Colombia",earthquake,8.4,8.7,0.084,40.0,reviewed,us,us,1,2
2019-09-22T00:36:45.031Z,6.7979,-73.0169,157.95,4.9,mb,,35.0,0.901,0.86,us,us60005lvz,2019-12-10T17:27:02.040Z,"6 km NW of Cepitá, Colombia",earthquake,6.6,7.1,0.053,111.0,reviewed,us,us,4,0
2019-09-14T04:06:22.079Z,6.7638,-72.9877,153.57,4.2,mb,,66.0,0.87,0.63,us,us70005g8v,2019-12-05T18:31:04.040Z,"1 km NW of Cepitá, Colombia",earthquake,8.2,8.8,0.07,58.0,reviewed,us,us,4,0
2019-09-11T17:44:27.448Z,6.859,-73.0785,147.99,4.2,mb,,78.0,0.96,0.74,us,us60005l0w,2019-12-05T18:30:50.040Z,"14 km N of Jordán, Colombia",earthquake,5.7,9.4,0.236,7.0,reviewed,us,us,0,0
2019-08-25T20:30:20.180Z,2.7344,-78.0396,61.45,5.0,mww,,72.0,2.514,1.33,us,us7000582j,2025-12-22T18:15:21.756Z,"24 km NW of Guapí, Colombia",earthquake,8.3,6.9,0.069,20.0,reviewed,us,us,1,2
2019-08-24T08:35:13.148Z,13.1309,-81.1868,10.0,4.1,mb,,129.0,0.298,1.02,us,us700059sr,2019-11-08T22:13:53.040Z,"32 km SE of Mountain, Colombia",earthquake,7.5,2.0,0.197,7.0,reviewed,us,us,3,4
2019-08-18T13:45:56.569Z,6.8157,-72.9968,160.89,4.2,mb,,106.0,0.921,0.73,us,us700058g4,2019-11-02T15:26:24.040Z,"7 km NNW of Cepitá, Colombia",earthquake,7.9,8.8,0.167,10.0,reviewed,us,us,4,0
2019-08-11T11:00:09.768Z,6.7753,-72.976,149.39,4.5,mb,,66.0,0.883,0.75,us,us600053pi,2019-10-29T20:33:59.040Z,"2 km N of Cepitá, Colombia",earthquake,8.4,8.3,0.096,32.0,reviewed,us,us,0,0
2019-08-07T20:39:05.213Z,6.8251,-73.0014,154.03,4.3,mb,,119.0,0.93,0.9,us,us600055gq,2019-10-29T20:33:41.040Z,"8 km NNW of Cepitá, Colombia",earthquake,9.3,7.7,0.533,1.0,reviewed,us,us,4,0
2019-08-07T04:12:24.659Z,4.0032,-78.7875,10.0,4.5,mb,,137.0,3.755,0.81,us,us600051qf,2019-10-29T20:33:40.040Z,"160 km W of Santa Genoveva de Docordó, Colombia",earthquake,8.0,1.9,0.067,64.0,reviewed,us,us,3,2
2019-08-04T16:46:49.003Z,6.8016,-72.9363,149.53,4.5,mb,,81.0,0.914,0.79,us,us600050kq,2019-10-19T21:42:10.040Z,"6 km NE of Cepitá, Colombia",earthquake,8.5,6.8,0.072,56.0,reviewed,us,us,0,0
2019-08-03T11:06:16.644Z,6.7475,-72.963,158.92,4.1,mb,,91.0,0.857,0.8,us,us6000504r,2019-10-19T21:42:07.040Z,"1 km ESE of Cepitá, Colombia",earthquake,6.0,8.6,0.117,20.0,reviewed,us,us,4,0
2019-08-02T00:07:43.705Z,6.8896,-73.0482,141.75,4.3,mb,,108.0,0.991,0.78,us,us600052u6,2019-10-19T21:42:19.040Z,"10 km S of Piedecuesta, Colombia",earthquake,7.0,8.7,0.104,26.0,reviewed,us,us,0,0
2019-08-01T18:12:10.979Z,6.7727,-72.9539,156.19,4.2,mb,,102.0,0.883,0.58,us,us60004ypr,2019-10-19T21:42:03.040Z,"3 km NE of Cepitá, Colombia",earthquake,9.1,8.7,0.093,32.0,reviewed,us,us,4,0
2019-07-15T03:49:54.119Z,6.815,-73.012,148.53,4.4,mb,,44.0,0.919,0.96,us,us70004kbz,2019-09-28T20:01:24.040Z,"7 km NNW of Cepitá, Colombia",earthquake,3.5,6.6,0.046,139.0,reviewed,us,us,0,0
2019-07-14T16:21:42.415Z,6.043,-73.1646,175.58,4.3,mb,,86.0,0.17,0.63,us,us70004k4j,2019-09-28T20:01:23.040Z,"12 km SW of Encino, Colombia",earthquake,8.8,4.5,0.046,135.0,reviewed,us,us,4,0
2019-07-13T02:39:02.626Z,10.0982,-73.132,130.36,4.6,mb,,72.0,1.508,1.31,us,us70004jg6,2019-09-28T20:01:17.040Z,"13 km ENE of Agustín Codazzi, Colombia",earthquake,7.9,7.3,0.033,284.0,reviewed,us,us,0,0
2019-07-03T07:40:08.833Z,6.8198,-73.106,153.8,4.5,mb,,63.0,0.921,1.19,us,us7000494j,2019-09-26T14:30:05.040Z,"9 km N of Jordán, Colombia",earthquake,8.4,8.2,0.034,249.0,reviewed,us,us,4,0
2019-06-28T06:48:47.655Z,3.8732,-78.7685,10.0,4.7,mb,,131.0,2.036,0.96,us,us700046fu,2019-09-14T16:08:15.040Z,"154 km NNW of Mosquera, Colombia",earthquake,7.2,1.9,0.123,20.0,reviewed,us,us,3,2
2019-06-24T15:36:47.889Z,5.4425,-78.6127,10.0,4.4,mb,,134.0,5.172,0.72,us,us700049du,2019-09-11T15:19:42.040Z,"148 km WNW of Pizarro, Colombia",earthquake,13.2,1.9,0.101,28.0,reviewed,us,us,3,2
2019-06-24T00:30:41.412Z,8.7699,-73.3396,126.4,4.4,mb,,139.0,2.676,1.03,us,us600044z0,2019-09-11T15:19:39.040Z,"31 km NNE of El Carmen, Colombia",earthquake,14.5,11.6,0.077,49.0,reviewed,us,us,0,0
2019-06-16T16:18:35.241Z,6.7518,-72.9741,154.59,4.2,mb,,62.0,0.86,0.58,us,us600041eu,2019-09-06T14:25:14.040Z,"0 km S of Cepitá, Colombia",earthquake,7.7,7.5,0.059,80.0,reviewed,us,us,4,0
2019-06-09T19:43:17.036Z,6.8764,-73.0401,135.34,4.7,mb,,64.0,0.978,1.09,us,us70003xh9,2019-08-27T17:48:01.040Z,"12 km S of Piedecuesta, Colombia",earthquake,8.5,6.7,0.048,131.0,reviewed,us,us,0,0
2019-06-07T10:59:07.448Z,6.5335,-73.0598,185.75,4.1,mb,,88.0,2.095,0.71,us,us70003wnm,2019-08-27T17:47:46.040Z,"7 km S of Curití, Colombia",earthquake,13.9,7.4,0.052,100.0,reviewed,us,us,4,0
2019-05-25T15:13:36.186Z,6.8325,-73.0636,151.32,4.2,mb,,83.0,0.934,1.29,us,us60003s3s,2019-08-13T14:30:36.040Z,"11 km NNE of Jordán, Colombia",earthquake,8.8,9.5,0.079,45.0,reviewed,us,us,0,0
2019-05-24T16:12:45.126Z,6.9952,-77.5132,10.0,4.9,mb,,94.0,3.154,1.06,us,us60003rpc,2019-08-13T14:30:34.040Z,"30 km ESE of Juradó, Colombia",earthquake,7.0,1.9,0.046,147.0,reviewed,us,us,3,2
2019-05-14T08:00:10.484Z,10.9719,-72.3079,102.51,4.4,mb,,66.0,1.891,0.83,us,us70003kuu,2019-08-07T22:03:33.040Z,"37 km SE of Albania, Colombia",earthquake,7.3,7.2,0.053,104.0,reviewed,us,us,2,0
2019-05-12T07:28:08.579Z,3.9341,-73.9292,10.0,4.5,mb,,65.0,0.985,1.14,us,us70003jzm,2019-08-01T17:15:13.040Z,"18 km NNW of Cubarral, Colombia",earthquake,5.7,1.9,0.087,39.0,reviewed,us,us,3,3
2019-05-11T09:56:46.040Z,6.8258,-72.9874,147.27,4.3,mb,,74.0,0.932,0.66,us,us70003mm5,2019-08-01T17:15:22.040Z,"8 km N of Cepitá, Colombia",earthquake,7.7,10.0,0.153,12.0,reviewed,us,us,0,0
2019-05-06T18:56:32.594Z,6.991,-76.2643,20.21,4.5,mb,,88.0,2.877,0.98,us,us70003hlq,2019-07-25T18:54:27.040Z,"1 km SSE of Dabeiba, Colombia",earthquake,5.4,7.2,0.18,9.0,reviewed,us,us,3,2
2019-05-06T14:32:28.397Z,7.1364,-72.1693,36.16,4.5,mb,,101.0,1.533,0.54,us,us70003llx,2019-07-25T18:54:26.040Z,"16 km NNW of Cubará, Colombia",earthquake,6.7,8.8,0.108,25.0,reviewed,us,us,1,3
2019-04-30T13:11:27.942Z,6.7377,-72.9229,160.23,4.3,mb,,64.0,0.854,0.58,us,us70003ekn,2019-07-25T18:54:02.040Z,"5 km ESE of Cepitá, Colombia",earthquake,9.2,6.6,0.051,107.0,reviewed,us,us,4,0
2019-04-29T02:44:20.622Z,6.8466,-72.9779,145.68,4.1,mb,,58.0,0.953,0.73,us,us70003dpn,2019-07-13T18:42:50.040Z,"10 km N of Cepitá, Colombia",earthquake,5.9,6.4,0.077,46.0,reviewed,us,us,0,0
2019-04-27T06:49:50.341Z,6.8591,-73.0333,154.61,4.5,mb,,133.0,0.961,0.53,us,us70003cw3,2019-07-13T18:42:43.040Z,"13 km NNW of Cepitá, Colombia",earthquake,11.5,12.9,0.075,52.0,reviewed,us,us,4,0
2019-04-17T10:23:56.778Z,5.2349,-73.5971,158.21,4.2,mb,,87.0,0.818,1.19,us,us70003cd0,2019-06-26T20:54:47.040Z,"2 km N of Villapinzón, Colombia",earthquake,5.0,6.4,0.186,9.0,reviewed,us,us,4,0
2019-04-15T08:55:14.135Z,6.8341,-73.0238,150.87,4.1,mb,,92.0,0.937,0.75,us,us70003bdb,2019-06-20T19:03:41.040Z,"10 km NNW of Cepitá, Colombia",earthquake,7.7,4.7,0.075,48.0,reviewed,us,us,0,0
2019-04-09T11:39:52.540Z,3.7455,-78.7363,10.0,5.0,mww,,52.0,1.909,1.03,us,us2000kcv2,2025-12-22T18:07:36.050Z,"140 km NNW of Mosquera, Colombia",earthquake,6.3,1.7,0.083,14.0,reviewed,us,us,3,2
2019-04-08T02:07:34.647Z,6.8088,-73.0399,151.76,4.4,mb,,42.0,0.911,1.03,us,us2000kc2d,2019-06-18T15:50:50.040Z,"9 km NW of Cepitá, Colombia",earthquake,3.1,5.8,0.042,164.0,reviewed,us,us,0,0
2019-03-31T13:28:32.210Z,5.6738,-78.2892,10.0,4.6,mb,,112.0,3.794,0.82,us,us2000k7zx,2025-12-22T18:06:53.998Z,"112 km W of Nuquí, Colombia",earthquake,2.4,1.9,0.051,117.0,reviewed,us,us,3,2
2019-03-23T19:21:17.998Z,4.5595,-76.223,122.0,6.1,mww,,20.0,1.916,1.09,us,us1000jkrq,2025-12-22T18:56:25.569Z,"3 km WSW of Versalles, Colombia",earthquake,5.4,1.8,0.057,30.0,reviewed,us,us,0,1
2019-03-21T18:38:57.208Z,6.8116,-72.8719,151.62,4.3,mb,,96.0,0.936,0.48,us,us1000jjx4,2019-06-06T18:54:12.040Z,"2 km W of San Andrés, Colombia",earthquake,9.8,7.6,0.168,10.0,reviewed,us,us,0,0
2019-03-11T14:54:25.280Z,5.8662,-78.163,10.0,4.5,mb,,146.0,3.675,1.06,us,us1000jjc6,2019-05-24T21:21:44.040Z,"92 km WSW of Bahía Solano, Colombia",earthquake,9.0,1.9,0.172,10.0,reviewed,us,us,3,2
2019-03-09T23:33:42.340Z,4.9707,-73.0395,10.0,4.4,mb,,66.0,0.917,0.99,us,us1000jif9,2019-05-24T21:21:42.040Z,"9 km SE of Campohermoso, Colombia",earthquake,5.1,1.8,0.179,9.0,reviewed,us,us,3,3
2019-03-08T04:32:03.670Z,6.8063,-73.0291,150.05,4.3,mb,,77.0,0.908,1.33,us,us1000jgmj,2019-05-24T21:21:40.040Z,"8 km NW of Cepitá, Colombia",earthquake,8.8,5.6,0.147,13.0,reviewed,us,us,0,0
2019-03-06T01:48:09.360Z,10.9848,-74.7834,47.23,4.5,mb,,51.0,4.589,1.11,us,us1000jb2l,2019-05-24T21:21:07.040Z,"1 km N of Barranquilla, Colombia",earthquake,3.1,6.6,0.124,19.0,reviewed,us,us,1,4
2019-03-05T17:52:34.670Z,6.6645,-72.911,163.72,4.4,mb,,90.0,0.785,1.03,us,us1000jfj4,2019-05-24T21:21:36.040Z,northern Colombia,earthquake,8.8,7.1,0.13,17.0,reviewed,us,us,4,0
2019-02-19T11:06:30.290Z,4.1984,-76.781,69.32,4.6,mb,,105.0,2.535,0.68,us,us2000jjyi,2019-05-11T17:40:39.040Z,"44 km NW of Darien, Colombia",earthquake,8.5,7.9,0.048,131.0,reviewed,us,us,2,2
2019-02-14T21:09:47.720Z,5.7132,-76.1371,68.11,4.5,mb,,102.0,2.003,1.09,us,us2000ji5i,2019-05-01T22:00:44.040Z,"18 km WSW of Betania, Colombia",earthquake,6.1,8.9,0.096,32.0,reviewed,us,us,2,2
2019-02-10T02:21:48.270Z,4.7911,-75.4567,151.94,4.6,mb,,103.0,1.132,1.33,us,us2000jnh7,2019-04-25T15:32:02.040Z,"20 km ESE of Santa Rosa de Cabal, Colombia",earthquake,8.5,9.1,0.141,15.0,reviewed,us,us,0,0
2019-02-06T00:34:22.470Z,6.8571,-72.9948,149.88,4.4,mb,,76.0,0.961,0.87,us,us2000jdz7,2022-08-08T12:02:43.541Z,"11 km N of Cepitá, Colombia",earthquake,8.6,6.5,0.051,111.0,reviewed,us,us,0,0
2019-01-29T06:10:56.080Z,2.8793,-75.5748,27.74,4.3,mb,,94.0,1.29,0.95,us,us2000j9z4,2019-04-18T19:09:24.040Z,"11 km SE of Santa María, Colombia",earthquake,7.6,7.6,0.137,15.0,reviewed,us,us,3,2
2019-01-28T21:07:09.960Z,3.0835,-75.6461,13.06,5.5,mww,,73.0,1.49,1.13,us,us2000j9um,2025-12-22T17:53:42.138Z,"12 km S of Planadas, Colombia",earthquake,5.3,3.4,0.05,39.0,reviewed,us,us,3,1
2019-01-26T12:32:26.830Z,3.0345,-75.7383,10.0,5.6,mww,,67.0,1.444,0.82,us,us2000j967,2025-12-22T17:53:40.482Z,"13 km NW of Santa María, Colombia",earthquake,6.4,1.8,0.046,46.0,reviewed,us,us,3,1
2019-01-26T11:06:03.330Z,3.6249,-78.0978,10.0,4.5,mb,,124.0,3.175,0.81,us,us2000j95x,2019-04-12T17:15:23.040Z,"105 km NNW of Timbiquí, Colombia",earthquake,7.1,1.0,0.097,31.0,reviewed,us,us,3,2
2019-01-24T03:04:57.770Z,6.7506,-73.0062,159.2,5.2,mb,,62.0,2.301,0.69,us,us2000j832,2019-04-12T17:14:29.040Z,"3 km W of Cepitá, Colombia",earthquake,7.5,6.5,0.028,433.0,reviewed,us,us,4,1
2019-01-22T15:00:49.430Z,6.7852,-72.9828,157.0,4.4,mb,,101.0,0.891,0.64,us,us2000je34,2019-04-12T17:16:26.040Z,"3 km NNW of Cepitá, Colombia",earthquake,9.5,8.6,0.155,12.0,reviewed,us,us,4,0
2019-01-22T11:10:32.160Z,6.7516,-72.9118,163.39,4.4,mb,,86.0,2.356,0.67,us,us2000j76k,2019-04-12T17:13:53.040Z,"6 km E of Cepitá, Colombia",earthquake,5.5,8.7,0.044,149.0,reviewed,us,us,4,0
2019-01-21T13:44:07.800Z,2.6434,-79.12,10.0,4.6,mb,,149.0,2.481,0.89,us,us2000jdmm,2019-04-05T21:41:05.040Z,"75 km WNW of Mosquera, Colombia",earthquake,3.6,1.9,0.098,31.0,reviewed,us,us,3,2
2019-01-20T14:05:29.580Z,13.135,-81.0719,10.0,4.5,mb,,61.0,0.371,1.43,us,us2000j6mc,2019-04-05T21:41:01.040Z,"40 km SE of Mountain, Colombia",earthquake,5.6,1.9,0.057,90.0,reviewed,us,us,3,4
2019-01-19T22:03:36.720Z,2.5739,-74.8939,10.0,4.4,mb,,87.0,1.242,0.68,us,us2000j6gh,2019-04-05T21:41:01.040Z,"46 km ESE of Rivera, Colombia",earthquake,5.9,1.8,0.162,11.0,reviewed,us,us,3,3
2019-01-10T02:04:22.540Z,8.4648,-73.3433,128.95,4.6,mb,,78.0,2.568,0.94,us,us2000j8tk,2019-04-02T20:53:25.040Z,"9 km NNE of González, Colombia",earthquake,4.9,9.4,0.122,20.0,reviewed,us,us,0,0
2018-12-28T08:51:32.530Z,6.6657,-72.931,162.42,4.5,mb,,62.0,0.782,0.64,us,us2000iykc,2019-03-05T17:46:36.040Z,"10 km ESE of Aratoca, Colombia",earthquake,8.8,8.0,0.08,46.0,reviewed,us,us,4,0
2018-12-21T18:57:21.510Z,2.3449,-79.528,10.0,4.9,mb,,42.0,2.354,1.01,us,us2000iw19,2019-02-23T20:22:13.040Z,"102 km NW of Tumaco, Colombia",earthquake,6.1,1.5,0.055,103.0,reviewed,us,us,3,2
2018-12-21T15:48:08.160Z,6.6876,-72.8824,193.8,4.5,mb,,79.0,2.323,0.71,us,us2000j20z,2019-02-23T20:23:19.040Z,"8 km W of Molagavita, Colombia",earthquake,9.2,12.2,0.192,8.0,reviewed,us,us,4,0
2018-12-20T09:16:51.020Z,4.5507,-73.3727,10.0,4.5,mb,,67.0,0.989,1.37,us,us2000ivat,2019-02-23T20:21:40.040Z,"5 km NNW of Medina, Colombia",earthquake,6.6,2.0,0.164,11.0,reviewed,us,us,3,3
2018-12-16T04:42:31.670Z,13.1604,-81.2007,10.0,4.2,mb,,53.0,0.266,1.04,us,us2000ivvl,2019-02-16T22:29:10.040Z,"29 km SE of Mountain, Colombia",earthquake,5.2,1.9,0.236,5.0,reviewed,us,us,3,4
2018-12-14T07:41:44.970Z,12.9949,-81.1925,10.0,4.6,mb,,69.0,3.136,1.05,us,us2000ivbu,2019-02-16T22:29:08.040Z,"45 km SSE of Mountain, Colombia",earthquake,4.7,1.9,0.274,4.0,reviewed,us,us,3,4
2018-12-13T09:28:17.900Z,5.018,-73.0393,10.0,4.8,mb,,40.0,1.288,1.17,us,us2000it6l,2022-05-03T19:41:15.576Z,"7 km ESE of Campohermoso, Colombia",earthquake,7.5,1.9,0.043,164.0,reviewed,us,us,3,3
2018-12-09T06:19:25.340Z,7.6467,-75.3357,76.57,4.1,mb,,83.0,2.835,0.93,us,us2000itjk,2019-02-16T19:52:33.040Z,"7 km N of Cáceres, Colombia",earthquake,9.3,16.4,0.197,7.0,reviewed,us,us,2,0
2018-12-06T18:26:54.420Z,12.8299,-81.2444,10.0,4.2,mb,,177.0,3.05,0.79,us,us2000isyg,2019-02-16T19:52:27.040Z,"57 km ENE of San Andrés, Colombia",earthquake,5.3,2.0,0.166,10.0,reviewed,us,us,3,4
2018-12-05T14:11:15.720Z,13.0309,-81.3065,10.0,4.6,mb,,36.0,3.038,0.74,us,us1000i2sg,2019-02-16T19:52:23.040Z,"37 km S of Mountain, Colombia",earthquake,6.8,1.9,0.048,130.0,reviewed,us,us,3,4
2018-11-29T05:31:55.740Z,6.7467,-72.9588,162.65,4.6,mb,,62.0,2.325,0.72,us,us1000hxs5,2019-02-09T19:02:11.040Z,"1 km ESE of Cepitá, Colombia",earthquake,8.5,9.4,0.035,239.0,reviewed,us,us,4,0
2018-11-29T04:49:29.330Z,12.9872,-81.2784,10.0,4.6,mb,,36.0,3.053,0.88,us,us1000hxrz,2019-02-09T19:02:11.040Z,"43 km SSE of Mountain, Colombia",earthquake,6.1,1.9,0.085,42.0,reviewed,us,us,3,4
2018-11-27T13:10:54.460Z,6.8501,-72.5916,170.71,4.3,mb,,110.0,1.069,0.4,us,us1000hyei,2019-02-09T19:02:12.040Z,"11 km E of Cerrito, Colombia",earthquake,10.8,11.3,0.237,5.0,reviewed,us,us,4,0
2018-11-27T04:51:13.330Z,13.145,-81.1133,10.0,4.3,mb,,38.0,3.25,0.81,us,us1000hye4,2019-02-09T19:02:12.040Z,"36 km SE of Mountain, Colombia",earthquake,7.7,2.0,0.143,14.0,reviewed,us,us,3,4
2018-11-27T01:17:44.810Z,13.1525,-81.0207,10.0,4.5,mb,,28.0,3.339,0.85,us,us1000hww7,2019-02-09T19:02:10.040Z,"44 km ESE of Mountain, Colombia",earthquake,5.0,1.9,0.046,140.0,reviewed,us,us,3,4
2018-11-26T09:13:13.610Z,13.1173,-81.0402,10.0,4.6,mb,,37.0,3.311,1.38,us,us1000hwlf,2022-05-03T19:40:04.631Z,"44 km SE of Mountain, Colombia",earthquake,5.0,1.8,0.045,145.0,reviewed,us,us,3,4
2018-11-26T06:36:12.830Z,13.0679,-81.2105,10.0,4.4,mwr,,26.0,3.138,0.74,us,us1000hwku,2019-02-09T19:02:09.040Z,"37 km SSE of Mountain, Colombia",earthquake,7.1,1.9,0.098,10.0,reviewed,us,us,3,4
2018-11-26T03:43:05.400Z,13.2022,-81.0372,10.0,4.7,mb,,46.0,0.361,0.89,us,us1000hwjz,2019-02-09T19:02:09.040Z,"40 km ESE of Mountain, Colombia",earthquake,5.4,1.8,0.045,147.0,reviewed,us,us,3,4
2018-11-26T01:57:06.680Z,13.157,-81.2516,10.0,4.4,mb,,80.0,0.243,0.81,us,us1000hwjt,2019-02-09T19:02:09.040Z,"26 km SSE of Mountain, Colombia",earthquake,7.8,1.3,0.107,25.0,reviewed,us,us,3,4
2018-11-26T01:50:38.510Z,13.0851,-81.3659,10.0,4.4,mb,,67.0,2.997,0.59,us,us1000hwjr,2019-02-09T19:02:09.040Z,"31 km S of Mountain, Colombia",earthquake,3.1,1.9,0.17,10.0,reviewed,us,us,3,4
2018-11-25T22:09:53.650Z,13.054,-81.2056,10.0,5.0,mb,,127.0,0.355,0.69,us,us1000hyc5,2019-02-02T20:02:33.040Z,"38 km SSE of Mountain, Colombia",earthquake,2.8,1.9,0.171,11.0,reviewed,us,us,3,4
2018-11-25T21:29:42.440Z,13.1052,-81.1825,10.0,4.3,mb,,49.0,0.321,0.87,us,us1000hyc3,2019-02-02T20:02:33.040Z,"35 km SE of Mountain, Colombia",earthquake,3.3,2.0,0.154,12.0,reviewed,us,us,3,4
2018-11-25T20:56:36.490Z,13.1647,-81.046,10.0,5.7,mww,,30.0,3.318,1.07,us,us1000hwg8,2022-05-03T20:03:51.283Z,"41 km ESE of Mountain, Colombia",earthquake,2.4,1.8,0.057,30.0,reviewed,us,us,3,4
2018-11-25T16:19:46.610Z,13.0131,-81.2118,10.0,4.5,mb,,45.0,3.122,0.76,us,us1000hwds,2022-08-08T10:12:24.158Z,"42 km SSE of Mountain, Colombia",earthquake,7.6,1.9,0.111,24.0,reviewed,us,us,3,4
2018-11-25T15:45:59.010Z,13.0623,-81.2039,10.0,4.9,mb,,28.0,3.142,0.51,us,us1000hwdk,2022-05-03T19:39:52.507Z,"38 km SSE of Mountain, Colombia",earthquake,6.8,1.9,0.032,311.0,reviewed,us,us,3,4
2018-11-25T12:28:21.860Z,13.1016,-81.0905,10.0,4.2,mb,,67.0,3.259,1.38,us,us1000hybi,2019-02-02T20:02:32.040Z,"41 km SE of Mountain, Colombia",earthquake,4.3,2.0,0.216,6.0,reviewed,us,us,3,4
2018-11-25T10:45:17.380Z,13.1278,-81.1577,10.0,4.4,mb,,38.0,3.204,0.68,us,us1000hwcf,2019-02-02T20:02:30.040Z,"34 km SE of Mountain, Colombia",earthquake,4.5,1.8,0.067,64.0,reviewed,us,us,3,4
2018-11-25T05:28:35.440Z,13.0394,-81.1389,10.0,4.2,mb,,49.0,3.198,1.14,us,us1000hwaz,2019-02-02T20:02:30.040Z,"43 km SE of Mountain, Colombia",earthquake,5.1,1.9,0.098,29.0,reviewed,us,us,3,4
2018-11-25T05:16:15.110Z,13.0359,-81.1559,10.0,4.3,mb,,44.0,4.057,0.74,us,us1000hwax,2019-02-02T20:02:30.040Z,"43 km SSE of Mountain, Colombia",earthquake,2.9,2.0,0.188,8.0,reviewed,us,us,3,4
2018-11-25T03:40:50.810Z,13.1817,-81.0931,10.0,6.0,mww,,25.0,0.326,0.94,us,us1000hwaj,2022-05-03T19:39:47.110Z,"36 km SE of Mountain, Colombia",earthquake,6.4,1.8,0.045,47.0,reviewed,us,us,3,4
2018-11-25T01:19:06.590Z,13.1429,-81.2054,10.0,4.6,mb,,31.0,3.163,0.74,us,us1000hw9h,2019-02-02T20:02:29.040Z,"30 km SE of Mountain, Colombia",earthquake,5.7,1.9,0.044,155.0,reviewed,us,us,3,4
2018-11-23T17:40:46.500Z,7.0604,-77.9383,10.0,4.9,mb,,54.0,2.813,1.12,us,us1000hvw2,2019-02-02T20:02:29.040Z,"20 km WSW of Juradó, Colombia",earthquake,6.3,1.8,0.047,140.0,reviewed,us,us,3,2
2018-11-20T16:55:22.150Z,6.7308,-72.9062,164.6,4.1,mb,,69.0,2.343,0.56,us,us1000hx42,2019-02-02T20:02:31.040Z,"7 km ESE of Cepitá, Colombia",earthquake,9.2,8.9,0.112,22.0,reviewed,us,us,4,0
2018-11-17T08:56:39.320Z,7.1417,-76.7067,10.0,4.5,mb,,87.0,3.291,1.19,us,us1000ht4m,2019-01-30T18:36:25.040Z,"21 km NE of Murindó, Colombia",earthquake,3.6,1.9,0.121,20.0,reviewed,us,us,3,2
2018-11-15T13:19:12.780Z,6.3239,-77.5772,35.0,4.6,mb,,102.0,3.558,1.1,us,us1000hs53,2019-01-30T18:36:24.040Z,"21 km WNW of Bahía Solano, Colombia",earthquake,5.2,2.0,0.146,14.0,reviewed,us,us,1,2
2018-11-15T02:51:22.300Z,6.7828,-73.0085,159.16,4.1,mb,,66.0,2.326,0.62,us,us1000hvgw,2019-01-30T18:36:27.040Z,"4 km NW of Cepitá, Colombia",earthquake,9.6,9.6,0.093,32.0,reviewed,us,us,4,0
2018-11-09T11:11:59.230Z,6.4397,-72.668,190.13,4.3,mb,,101.0,2.284,1.0,us,us1000hsrb,2019-01-21T16:42:53.040Z,"3 km NE of Tipacoque, Colombia",earthquake,8.9,10.5,0.1,28.0,reviewed,us,us,4,0
2018-11-05T22:45:00.680Z,5.0188,-75.4271,133.68,4.4,mb,,42.0,1.115,1.14,us,us1000hqxx,2019-01-21T16:42:59.040Z,"10 km ESE of Villamaría, Colombia",earthquake,6.5,6.7,0.126,18.0,reviewed,us,us,0,0
2018-10-29T21:31:16.790Z,8.6839,-77.2051,10.0,5.0,mb,,41.0,2.644,0.75,us,us1000hirk,2022-08-08T09:38:13.143Z,"20 km NNE of Acandí, Colombia",earthquake,4.5,1.8,0.032,313.0,reviewed,us,us,3,4
2018-10-25T08:18:52.570Z,7.262,-77.1418,35.69,4.4,mb,,95.0,3.271,1.11,us,us2000i4m0,2019-01-10T17:18:42.040Z,"20 km S of Riosucio, Colombia",earthquake,7.8,10.4,0.134,16.0,reviewed,us,us,1,2
2018-10-25T05:25:59.840Z,5.1271,-72.5868,47.89,4.4,mb,,69.0,4.205,0.77,us,us1000hgvg,2019-01-10T17:18:35.040Z,"6 km SW of Aguazul, Colombia",earthquake,8.3,11.5,0.086,39.0,reviewed,us,us,1,3
2018-10-24T20:02:45.100Z,4.7859,-76.2596,96.71,4.7,mb,,77.0,3.348,0.76,us,us1000hgnp,2022-08-08T09:27:14.509Z,"4 km WNW of El Cairo, Colombia",earthquake,8.0,7.5,0.082,45.0,reviewed,us,us,2,2
2018-10-23T20:54:35.890Z,7.2094,-77.007,43.4,4.8,mb,,83.0,3.41,0.89,us,us1000hg9i,2022-05-03T19:36:30.180Z,"28 km SSE of Riosucio, Colombia",earthquake,5.6,7.3,0.043,164.0,reviewed,us,us,1,2
2018-10-23T10:43:41.130Z,6.7716,-72.9271,162.13,4.4,mb,,62.0,2.363,0.82,us,us1000hg2l,2019-01-10T17:18:34.040Z,"5 km ENE of Cepitá, Colombia",earthquake,8.1,7.4,0.045,140.0,reviewed,us,us,4,0
2018-10-12T04:56:51.120Z,6.7486,-73.025,162.03,4.5,mb,,70.0,2.289,1.01,us,us1000haxx,2018-12-21T21:15:50.040Z,"5 km W of Cepitá, Colombia",earthquake,8.8,9.7,0.037,210.0,reviewed,us,us,4,0
2018-10-08T14:45:44.670Z,6.5258,-72.7411,172.7,4.1,mb,,115.0,2.293,0.28,us,us1000hb5v,2018-12-21T21:15:51.040Z,"2 km NNW of Covarachía, Colombia",earthquake,12.2,13.2,0.198,7.0,reviewed,us,us,4,0
2018-10-04T19:59:41.540Z,13.0591,-81.0833,13.89,4.7,mb,,43.0,3.255,0.6,us,us1000h78n,2022-05-03T19:33:44.887Z,"45 km SE of Mountain, Colombia",earthquake,6.8,6.0,0.049,126.0,reviewed,us,us,3,4
2018-10-02T10:37:23.600Z,7.0175,-72.272,10.0,4.4,mb,,87.0,1.378,0.72,us,us1000h9fu,2018-12-14T20:32:44.040Z,"18 km W of Cubará, Colombia",earthquake,7.3,1.9,0.068,63.0,reviewed,us,us,3,3
2018-09-28T06:22:55.640Z,3.3497,-79.1988,10.0,4.1,mb,,143.0,3.18,1.05,us,us1000h725,2018-12-01T16:44:08.040Z,"124 km NW of Mosquera, Colombia",earthquake,7.0,2.0,0.184,8.0,reviewed,us,us,3,2
2018-09-25T16:28:10.840Z,7.4492,-73.0569,155.27,4.4,mb,,90.0,2.79,0.4,us,us1000h54i,2018-12-01T16:43:48.040Z,"12 km NW of Suratá, Colombia",earthquake,11.6,12.5,0.161,11.0,reviewed,us,us,4,0
2018-09-25T16:06:02.650Z,13.1491,-81.1419,10.0,4.5,mb,,56.0,3.225,0.94,us,us2000hjsk,2018-12-01T16:45:13.040Z,"34 km SE of Mountain, Colombia",earthquake,6.6,1.9,0.069,61.0,reviewed,us,us,3,4
2018-09-25T15:37:14.720Z,13.1504,-81.1488,6.54,4.7,mb,,46.0,0.306,0.72,us,us2000hjs8,2018-12-01T16:45:13.040Z,"33 km SE of Mountain, Colombia",earthquake,4.7,4.9,0.038,213.0,reviewed,us,us,3,4
2018-09-23T04:37:46.130Z,13.1048,-81.1478,10.0,4.6,mb,,46.0,0.341,1.18,us,us2000hive,2018-11-27T15:52:03.040Z,"37 km SE of Mountain, Colombia",earthquake,7.5,1.9,0.047,135.0,reviewed,us,us,3,4
2018-09-21T02:07:28.320Z,13.0831,-81.086,10.0,4.6,mb,,54.0,3.259,1.08,us,us2000hhz5,2018-11-27T15:52:01.040Z,"43 km SE of Mountain, Colombia",earthquake,4.1,1.9,0.057,93.0,reviewed,us,us,3,4
2018-09-20T22:04:09.560Z,13.0376,-81.1616,10.0,4.3,mb,,49.0,3.176,0.89,us,us1000h3as,2018-11-27T15:51:55.040Z,"42 km SSE of Mountain, Colombia",earthquake,6.7,2.0,0.082,42.0,reviewed,us,us,3,4
2018-09-20T07:38:14.640Z,6.736,-73.0257,161.11,4.3,mb,,66.0,2.278,0.64,us,us1000h3aa,2018-11-27T15:51:55.040Z,"4 km N of Aratoca, Colombia",earthquake,8.3,8.8,0.137,15.0,reviewed,us,us,4,0
2018-09-16T17:43:41.550Z,6.7762,-72.9383,167.86,4.2,mb,,65.0,2.36,0.78,us,us2000hfi3,2022-08-08T08:14:20.644Z,"4 km ENE of Cepitá, Colombia",earthquake,9.5,7.1,0.077,47.0,reviewed,us,us,4,0
2018-09-11T06:20:26.040Z,6.7218,-72.9768,150.58,4.1,mb,,67.0,2.294,1.1,us,us2000hcfu,2022-08-08T09:02:21.909Z,"3 km S of Cepitá, Colombia",earthquake,9.0,11.4,0.184,8.0,reviewed,us,us,0,0
2018-09-11T06:08:33.640Z,1.2493,-77.3936,10.0,3.2,ml,,161.0,0.659,0.18,us,us2000hd3f,2018-11-21T18:19:09.040Z,"5 km SSE of La Florida, Colombia",earthquake,5.5,1.1,0.128,8.0,reviewed,us,us,3,2
2018-08-22T13:06:20.890Z,6.2832,-74.1118,10.0,4.5,mb,,106.0,1.094,1.33,us,us1000gftc,2018-11-01T17:50:55.040Z,"18 km W of Cimitarra, Colombia",earthquake,4.1,1.9,0.15,13.0,reviewed,us,us,3,3
2018-08-08T18:02:52.180Z,6.8586,-72.9701,148.36,4.3,mb,,66.0,2.41,0.79,us,us1000g8wc,2018-10-17T18:11:56.040Z,"11 km N of Cepitá, Colombia",earthquake,7.1,7.5,0.106,25.0,reviewed,us,us,0,0
2018-08-07T15:53:59.180Z,6.7814,-72.9952,146.36,5.3,mww,,30.0,2.332,0.79,us,us1000g4v6,2025-12-22T17:49:49.038Z,"3 km NW of Cepitá, Colombia",earthquake,6.7,4.5,0.055,32.0,reviewed,us,us,0,1
2018-08-05T11:04:26.010Z,7.5804,-73.6932,215.34,4.3,mb,,129.0,2.788,1.18,us,us1000g5t1,2018-10-16T15:34:15.040Z,"30 km NW of Sabana de Torres, Colombia",earthquake,5.9,12.0,0.169,10.0,reviewed,us,us,4,0
2018-08-03T01:51:20.610Z,10.3299,-76.8826,10.0,4.5,mb,,94.0,3.133,0.68,us,us1000g59l,2018-10-16T15:34:12.040Z,"148 km NW of San Bernardo del Viento, Colombia",earthquake,4.3,1.9,0.164,11.0,reviewed,us,us,3,4
2018-07-27T06:01:04.550Z,6.129,-77.4093,10.0,4.5,mb,,107.0,3.328,1.13,us,us2000geyk,2022-08-08T06:30:27.606Z,"10 km S of Bahía Solano, Colombia",earthquake,5.4,1.7,0.094,33.0,reviewed,us,us,3,2
2018-07-24T20:15:58.570Z,4.2587,-73.662,49.03,4.3,mb,,81.0,0.878,1.33,us,us2000gf7t,2018-10-09T16:43:27.040Z,"11 km W of Restrepo, Colombia",earthquake,3.4,14.3,0.177,9.0,reviewed,us,us,1,3
2018-07-24T01:59:14.240Z,4.8949,-76.0266,128.08,4.4,mb,,93.0,1.7,0.73,us,us2000gf70,2018-10-09T16:43:32.040Z,"2 km SE of El Águila, Colombia",earthquake,8.4,7.0,0.071,58.0,reviewed,us,us,0,2
2018-07-19T05:39:34.580Z,3.4257,-74.5982,47.77,5.1,mb,,40.0,1.436,0.83,us,us2000g8gz,2018-10-04T14:15:30.040Z,"23 km ENE of Colombia, Colombia",earthquake,5.4,6.0,0.023,609.0,reviewed,us,us,1,1
2018-07-18T18:18:07.020Z,2.7213,-79.6595,10.0,4.1,mb,,158.0,2.747,0.66,us,us2000gbw8,2018-10-04T14:15:34.040Z,"134 km NW of Salahonda, Colombia",earthquake,10.5,2.0,0.12,19.0,reviewed,us,us,3,2
2018-07-18T01:28:54.680Z,2.3132,-79.3951,10.0,4.6,mb,,145.0,2.258,1.19,us,us2000g7l1,2018-10-04T14:15:34.040Z,"87 km WNW of Salahonda, Colombia",earthquake,8.2,1.9,0.056,97.0,reviewed,us,us,3,2
2018-07-14T17:09:25.370Z,7.374,-73.8624,112.38,4.1,mb,,124.0,2.553,0.91,us,us2000g8uz,2018-10-02T16:40:45.040Z,"4 km NE of Puerto Wilches, Colombia",earthquake,9.2,7.8,0.106,24.0,reviewed,us,us,2,0
2018-07-07T00:19:52.490Z,2.9425,-75.621,65.81,4.5,mb,,85.0,2.292,0.6,us,us2000fyt3,2022-08-08T05:42:41.904Z,"3 km ESE of Santa María, Colombia",earthquake,5.9,10.7,0.127,18.0,reviewed,us,us,1,2
2018-07-06T22:02:50.140Z,6.4556,-73.9347,99.64,4.0,mb,,127.0,1.645,0.7,us,us2000g2zl,2018-09-27T14:03:47.040Z,"15 km N of Cimitarra, Colombia",earthquake,7.5,10.4,0.212,6.0,reviewed,us,us,2,0
2018-07-02T07:48:00.760Z,7.0533,-75.9749,70.21,4.1,mb,,101.0,2.742,1.32,us,us2000fycd,2018-09-27T14:03:42.040Z,"8 km WNW of Peque, Colombia",earthquake,5.4,15.8,0.165,10.0,reviewed,us,us,2,2
2018-06-26T07:03:37.990Z,11.2856,-74.6138,14.96,4.0,mb,,96.0,4.588,1.39,us,us2000frf9,2018-09-21T16:25:56.040Z,"39 km NNE of Barranquilla, Colombia",earthquake,5.8,7.1,0.232,5.0,reviewed,us,us,3,4
2018-06-22T20:08:53.150Z,3.8892,-76.2331,81.78,4.4,mb,,93.0,2.129,0.98,us,us1000ez04,2022-08-08T05:09:00.355Z,"7 km E of Guadalajara de Buga, Colombia",earthquake,7.4,7.9,0.074,52.0,reviewed,us,us,2,2
2018-06-20T20:12:15.450Z,6.9233,-76.2432,59.71,4.7,mb,,103.0,2.814,1.16,us,us1000ewt5,2022-08-08T05:05:46.116Z,"8 km WNW of Uramita, Colombia",earthquake,11.3,8.2,0.04,190.0,reviewed,us,us,1,2
2018-06-19T16:27:06.350Z,6.7098,-73.0523,161.29,4.2,mb,,66.0,2.241,1.25,us,us1000eyr0,2018-09-19T15:15:54.040Z,"4 km WNW of Aratoca, Colombia",earthquake,4.0,10.5,0.132,16.0,reviewed,us,us,4,0
2018-06-12T09:35:25.480Z,1.0673,-77.2722,11.55,4.9,mwr,,42.0,0.621,1.06,us,us1000ep1l,2020-07-10T15:49:21.856Z,"13 km ESE of Tangua, Colombia",earthquake,4.8,3.3,0.098,10.0,reviewed,us,us,3,2
2018-06-08T09:43:47.950Z,6.7417,-72.8204,163.27,4.1,mb,,80.0,2.404,0.7,us,us1000eq2m,2018-08-29T16:35:38.040Z,"7 km N of Molagavita, Colombia",earthquake,7.5,7.7,0.062,70.0,reviewed,us,us,4,0
2018-05-31T03:02:11.150Z,6.7598,-72.934,160.29,4.6,mww,,60.0,2.35,0.73,us,us1000efau,2018-08-28T16:29:07.040Z,"4 km E of Cepitá, Colombia",earthquake,7.8,6.4,0.103,9.0,reviewed,us,us,4,0
2018-05-29T14:15:41.800Z,1.2764,-77.4896,10.0,3.4,ml,,183.0,0.631,1.01,us,us1000eea0,2018-08-28T16:28:22.040Z,"2 km WSW of Sandoná, Colombia",earthquake,9.2,1.9,0.148,6.0,reviewed,us,us,3,2
2018-05-25T21:54:20.740Z,1.6617,-78.7266,35.0,4.4,mwr,,124.0,1.328,0.87,us,us1000ecfs,2018-08-21T21:23:52.040Z,"16 km SSE of Tumaco, Colombia",earthquake,6.0,2.0,0.098,10.0,reviewed,us,us,1,2
2018-05-25T17:36:47.310Z,7.0283,-72.1113,46.66,4.3,mb,,85.0,2.353,1.07,us,us1000ec86,2018-08-21T21:23:51.040Z,"2 km NNW of Cubará, Colombia",earthquake,7.3,11.0,0.091,34.0,reviewed,us,us,1,3
2018-05-25T12:53:49.220Z,7.262,-73.4769,102.64,4.5,mb,,69.0,1.415,1.06,us,us1000ebyi,2018-08-21T21:23:50.040Z,"14 km S of Sabana de Torres, Colombia",earthquake,7.6,8.5,0.04,185.0,reviewed,us,us,2,0
2018-05-20T11:17:41.600Z,6.7626,-72.966,160.16,4.5,mb,,47.0,2.334,1.0,us,us1000e8yh,2018-08-15T19:46:59.040Z,"1 km NE of Cepitá, Colombia",earthquake,2.5,6.2,0.044,151.0,reviewed,us,us,4,0
2018-05-01T19:19:51.510Z,3.3148,-74.1082,46.79,4.4,mb,,81.0,1.534,0.91,us,us1000dvhz,2018-07-27T20:20:32.040Z,"10 km SW of Mesetas, Colombia",earthquake,6.5,11.4,0.087,38.0,reviewed,us,us,1,3
2018-05-01T01:58:31.460Z,1.859,-75.7791,35.86,4.5,mb,,72.0,2.306,0.86,us,us1000dv4s,2018-07-27T20:20:33.040Z,"13 km S of Suaza, Colombia",earthquake,6.2,6.3,0.118,21.0,reviewed,us,us,1,2
2018-04-29T01:08:17.130Z,5.41,-76.1413,119.61,4.1,mb,,102.0,1.897,0.85,us,us1000du57,2018-07-25T21:37:48.040Z,"24 km NNW of Pueblo Rico, Colombia",earthquake,4.6,17.1,0.185,8.0,reviewed,us,us,0,0
2018-04-24T23:25:30.340Z,5.3035,-75.9188,10.0,3.7,mb,,101.0,1.655,0.46,us,us1000drr4,2018-07-25T21:36:31.040Z,"3 km WNW of Mistrató, Colombia",earthquake,8.1,2.0,0.504,1.0,reviewed,us,us,3,3
2018-04-23T23:28:56.760Z,6.7576,-73.0624,163.69,4.1,mb,,147.0,2.275,1.18,us,us1000dvzr,2018-07-25T21:36:12.040Z,"4 km NE of Jordán, Colombia",earthquake,9.2,12.7,0.234,5.0,reviewed,us,us,4,0
2018-04-23T15:42:09.790Z,5.1865,-75.5438,110.03,5.3,mww,,21.0,1.264,0.95,us,us1000dqpz,2025-12-22T17:46:24.209Z,"3 km NW of Neira, Colombia",earthquake,6.8,4.1,0.048,42.0,reviewed,us,us,2,1
2018-04-23T06:49:34.250Z,7.3432,-73.0316,150.8,4.3,mb,,61.0,2.793,0.88,us,us1000dqiv,2018-07-25T21:35:57.040Z,"2 km NW of Matanza, Colombia",earthquake,7.9,7.8,0.052,102.0,reviewed,us,us,0,0
2018-04-23T01:45:43.070Z,6.7387,-72.8998,165.4,4.2,mb,,96.0,2.353,0.87,us,us1000dvyh,2018-07-25T21:35:53.040Z,"8 km ESE of Cepitá, Colombia",earthquake,11.8,13.6,0.121,19.0,reviewed,us,us,4,0
2018-04-15T02:41:28.910Z,6.7456,-72.9178,150.11,4.4,mb,,82.0,2.348,0.71,us,us2000e0h2,2018-07-07T02:25:23.040Z,"6 km E of Cepitá, Colombia",earthquake,9.5,10.2,0.154,12.0,reviewed,us,us,0,0
2018-04-12T04:32:53.860Z,7.7652,-75.0172,35.0,4.5,mb,,114.0,2.982,0.85,us,us2000e25t,2018-07-07T02:25:19.040Z,"27 km W of San Carlos, Colombia",earthquake,3.2,2.0,0.102,28.0,reviewed,us,us,1,3
2018-04-08T14:48:19.970Z,12.1926,-77.3864,14.12,4.5,mb,,68.0,3.853,0.96,us,us2000dwg5,2018-06-30T01:11:35.040Z,"284 km NW of Cartagena, Colombia",earthquake,8.3,5.4,0.066,68.0,reviewed,us,us,3,4
2018-04-01T15:16:58.700Z,4.2525,-76.3511,98.22,4.3,mb,,53.0,3.794,1.35,us,us1000dc4l,2022-08-08T01:45:47.278Z,"5 km NW of Trujillo, Colombia",earthquake,8.8,5.4,0.125,22.0,reviewed,us,us,2,2
2018-03-26T08:22:54.920Z,6.7888,-72.9836,149.1,4.1,mb,,43.0,3.122,0.58,us,us1000ddse,2018-06-22T21:32:09.040Z,"3 km NNW of Cepitá, Colombia",earthquake,9.4,9.5,0.046,129.0,reviewed,us,us,0,0
2018-03-20T16:16:49.390Z,6.5655,-72.7018,165.66,4.1,mb,,106.0,2.349,0.98,us,us1000d9nh,2018-06-19T01:35:45.040Z,"4 km N of Capitanejo, Colombia",earthquake,11.2,10.5,0.109,23.0,reviewed,us,us,4,0
2018-03-17T10:16:09.190Z,12.0428,-72.133,29.59,4.5,mb,,71.0,2.124,0.84,us,us1000d5ly,2018-06-11T21:53:49.040Z,"39 km NNE of Uribia, Colombia",earthquake,7.3,7.2,0.113,23.0,reviewed,us,us,1,4
2018-03-16T02:05:05.170Z,5.5357,-77.5563,35.0,4.3,mb,,110.0,3.294,0.77,us,us1000d531,2018-06-11T21:53:47.040Z,"37 km WSW of Nuquí, Colombia",earthquake,4.7,1.9,0.161,11.0,reviewed,us,us,1,2
2018-03-01T10:26:43.730Z,6.8318,-72.9728,156.74,4.4,mb,,66.0,2.386,0.53,us,us2000d9nv,2018-05-27T01:06:07.040Z,"8 km N of Cepitá, Colombia",earthquake,5.2,9.6,0.123,19.0,reviewed,us,us,4,0
2018-02-25T00:38:05.840Z,6.5126,-73.3959,132.15,4.4,mb,,65.0,1.895,1.03,us,us2000d7jp,2022-08-08T00:36:28.141Z,"10 km NW of Simacota, Colombia",earthquake,7.5,7.2,0.098,30.0,reviewed,us,us,0,0
2018-02-19T01:50:36.640Z,4.0967,-76.6247,103.17,4.8,mb,,52.0,2.413,1.0,us,us2000d4he,2018-05-22T02:00:16.040Z,Colombia,earthquake,7.3,3.5,0.033,280.0,reviewed,us,us,2,2
2018-02-04T15:11:18.180Z,6.7188,-72.9886,169.81,4.5,mb,,81.0,2.285,0.72,us,us1000cfp3,2022-08-07T23:55:21.447Z,"4 km SSW of Cepitá, Colombia",earthquake,9.0,8.9,0.036,227.0,reviewed,us,us,4,0
2018-01-26T15:03:15.940Z,9.3213,-74.9536,16.41,4.4,mb,,78.0,4.288,1.27,us,us1000cier,2018-04-20T07:05:26.040Z,"14 km SE of San Pedro, Colombia",earthquake,7.7,5.8,0.123,19.0,reviewed,us,us,3,4
2018-01-23T05:31:34.170Z,8.229,-74.9986,54.81,4.5,mb,,93.0,3.428,1.23,us,us2000cmwp,2022-08-07T23:41:52.366Z,"4 km WSW of Pueblo Nuevo, Colombia",earthquake,8.0,8.5,0.065,69.0,reviewed,us,us,1,3
2018-01-21T17:51:58.320Z,6.8149,-72.9797,152.9,4.7,mb,,43.0,2.368,1.16,us,us2000cm5z,2022-08-07T23:21:21.062Z,"6 km N of Cepitá, Colombia",earthquake,8.0,6.5,0.036,238.0,reviewed,us,us,0,0
2018-01-16T01:01:51.730Z,6.8863,-73.0674,152.84,4.1,mb,,97.0,2.38,0.79,us,us2000cqx7,2018-04-10T01:11:41.040Z,"11 km S of Piedecuesta, Colombia",earthquake,6.5,15.2,0.234,5.0,reviewed,us,us,0,0
2018-01-08T12:58:27.190Z,6.7908,-72.9803,153.38,4.9,mww,,29.0,2.348,1.01,us,us1000c201,2025-12-22T17:29:49.261Z,"4 km N of Cepitá, Colombia",earthquake,6.8,4.8,0.083,14.0,reviewed,us,us,4,0
2018-01-06T14:00:02.860Z,3.6044,-78.0778,31.37,4.8,mb,,119.0,1.872,1.21,us,us1000c1f1,2018-03-23T23:16:52.040Z,"102 km NNW of Timbiquí, Colombia",earthquake,8.3,5.3,0.111,25.0,reviewed,us,us,1,2
2018-01-06T07:56:49.420Z,5.4667,-77.705,36.89,4.5,mb,,102.0,3.426,1.23,us,us1000c1du,2018-03-23T23:16:52.040Z,"55 km WSW of Nuquí, Colombia",earthquake,7.6,15.1,0.139,15.0,reviewed,us,us,1,2
2018-01-06T07:32:13.770Z,6.7578,-73.0621,155.13,4.2,mb,,63.0,2.276,0.78,us,us1000c1dr,2018-03-23T23:16:52.040Z,"4 km NE of Jordán, Colombia",earthquake,9.6,12.0,0.146,13.0,reviewed,us,us,4,0
2018-01-03T01:32:19.090Z,1.9851,-79.2032,38.13,4.2,mb,,169.0,0.5,0.46,us,us1000bz7e,2018-03-23T23:16:49.040Z,"50 km WNW of Tumaco, Colombia",earthquake,10.0,16.9,0.199,7.0,reviewed,us,us,1,2
2017-12-21T19:26:40.150Z,4.1427,-76.2035,156.27,4.6,mb,,91.0,2.002,0.76,us,us1000bung,2018-03-14T00:58:26.040Z,"5 km SW of Andalucía, Colombia",earthquake,7.8,6.3,0.051,114.0,reviewed,us,us,4,2
2017-12-15T07:04:35.150Z,6.7093,-72.9882,160.29,4.1,mb,,66.0,2.278,0.65,us,us1000buhv,2018-03-06T00:49:42.040Z,"3 km ENE of Aratoca, Colombia",earthquake,9.0,5.9,0.114,21.0,reviewed,us,us,4,0
2017-12-11T11:18:04.630Z,6.7772,-73.0024,165.28,4.3,mb,,92.0,2.325,0.78,us,us2000c2tp,2018-03-06T00:49:36.040Z,"4 km NW of Cepitá, Colombia",earthquake,10.8,9.5,0.081,43.0,reviewed,us,us,4,0
2017-12-10T05:33:09.080Z,6.7699,-73.0058,150.71,4.3,mb,,67.0,2.317,0.84,us,us2000c2jb,2018-03-06T00:49:34.040Z,"3 km WNW of Cepitá, Colombia",earthquake,7.8,11.5,0.089,36.0,reviewed,us,us,0,0
2017-11-30T06:26:49.320Z,2.6919,-78.886,10.0,4.4,mb,,105.0,0.865,0.8,us,us1000bj7l,2018-02-20T09:06:08.040Z,"52 km WNW of Mosquera, Colombia",earthquake,6.2,1.9,0.12,20.0,reviewed,us,us,3,2
2017-11-29T20:08:51.570Z,7.5127,-75.301,77.05,4.0,mb,,99.0,1.293,0.88,us,us2000c1jb,2018-02-20T09:06:07.040Z,"9 km SE of Cáceres, Colombia",earthquake,6.0,17.3,0.298,3.0,reviewed,us,us,2,0
2017-11-28T19:55:00.800Z,6.8214,-73.0132,175.72,4.0,mb,,75.0,2.355,1.17,us,us1000bmqu,2018-02-20T09:06:06.040Z,"8 km NNW of Cepitá, Colombia",earthquake,7.7,14.7,0.3,3.0,reviewed,us,us,4,0
2017-11-26T13:45:51.140Z,4.4736,-76.2508,131.99,4.3,mb,,94.0,1.958,0.79,us,us2000buhq,2018-02-20T09:06:03.040Z,"4 km SSW of El Dovio, Colombia",earthquake,7.2,5.9,0.058,85.0,reviewed,us,us,0,2
2017-11-24T13:26:44.090Z,6.7846,-72.9665,161.53,4.1,mb,,67.0,2.351,0.77,us,us2000btx0,2018-02-14T02:01:13.040Z,"3 km NNE of Cepitá, Colombia",earthquake,8.8,10.8,0.087,36.0,reviewed,us,us,4,0
2017-11-23T20:44:40.960Z,7.4948,-76.076,42.05,4.4,mb,,81.0,1.357,1.28,us,us2000btmv,2022-08-07T21:28:37.809Z,"48 km NE of Mutatá, Colombia",earthquake,6.7,11.2,0.109,24.0,reviewed,us,us,1,2
2017-11-16T00:56:07.710Z,4.7377,-76.1183,105.19,4.5,mb,,80.0,1.595,0.72,us,us2000bpce,2018-02-06T02:45:36.040Z,"1 km N of Argelia, Colombia",earthquake,4.3,7.2,0.061,80.0,reviewed,us,us,2,2
2017-11-15T02:12:17.850Z,3.7278,-76.1191,162.11,4.4,mb,,78.0,1.215,0.98,us,us2000bnnm,2018-02-06T02:45:34.040Z,"10 km W of La Cumbre, Colombia",earthquake,6.7,5.2,0.086,39.0,reviewed,us,us,4,0
2017-11-11T14:45:22.240Z,2.7641,-74.9148,46.1,4.7,mb,,100.0,0.925,1.15,us,us2000bm1j,2022-08-07T21:10:20.662Z,"38 km E of Rivera, Colombia",earthquake,6.7,7.3,0.063,77.0,reviewed,us,us,1,2
2017-11-04T23:57:23.000Z,6.769,-72.8931,154.55,4.2,mb,,70.0,2.381,0.5,us,us2000bna1,2018-01-24T01:25:10.040Z,"6 km SW of San Andrés, Colombia",earthquake,8.8,13.6,0.167,10.0,reviewed,us,us,4,0
2017-11-04T01:22:34.110Z,1.9325,-79.0226,40.3,4.2,mb,,130.0,1.728,0.72,us,us2000bi8p,2018-01-24T01:25:08.040Z,"29 km WNW of Tumaco, Colombia",earthquake,8.7,13.4,0.11,23.0,reviewed,us,us,1,2
2017-11-04T00:16:35.270Z,2.4828,-76.0318,157.28,5.1,mww,,24.0,1.65,0.82,us,us2000bi7p,2025-12-22T17:27:51.038Z,"8 km SSE of Inzá, Colombia",earthquake,6.2,4.0,0.052,35.0,reviewed,us,us,4,1
2017-10-26T07:59:30.300Z,10.1361,-73.5644,86.02,4.8,mb,,54.0,3.147,0.76,us,us1000ax2t,2022-08-07T20:29:04.814Z,"37 km WNW of Agustín Codazzi, Colombia",earthquake,6.3,8.0,0.081,47.0,reviewed,us,us,2,4
2017-10-14T08:35:43.800Z,7.2692,-71.9426,33.43,5.1,mwr,,53.0,2.062,0.77,us,us1000as2n,2022-05-03T18:39:09.658Z,"34 km NNE of Cubará, Colombia",earthquake,7.2,5.6,,,reviewed,us,car,1,1
2017-10-01T01:35:25.240Z,7.5275,-73.148,128.61,5.1,mww,,30.0,2.83,0.9,us,us2000axct,2025-12-22T17:26:58.811Z,"8 km NE of El Playón, Colombia",earthquake,4.9,3.6,0.052,35.0,reviewed,us,us,0,1
2017-09-29T22:52:03.560Z,6.7514,-72.9693,162.39,4.3,mb,,43.0,2.323,0.9,us,us2000ax0h,2022-08-07T19:05:46.716Z,"0 km ESE of Cepitá, Colombia",earthquake,6.4,10.8,0.053,99.0,reviewed,us,us,4,0
2017-09-23T05:17:45.250Z,9.791,-74.7068,45.56,4.5,mb,,60.0,4.119,1.36,us,us2000atgp,2022-08-07T18:22:04.615Z,"8 km E of Plato, Colombia",earthquake,6.4,10.5,0.124,19.0,reviewed,us,us,1,4
2017-09-13T03:07:03.040Z,9.5423,-73.0706,125.15,4.7,mb,,55.0,2.492,0.98,us,us2000al90,2017-12-13T02:29:41.040Z,"29 km E of La Jagua de Ibirico, Colombia",earthquake,7.5,7.7,0.055,98.0,reviewed,us,us,0,0
2017-09-04T20:28:22.740Z,6.7475,-73.0026,155.72,4.9,mb,,38.0,0.852,1.02,us,us2000afmq,2022-08-07T16:27:37.312Z,"3 km WSW of Cepitá, Colombia",earthquake,6.9,4.9,0.031,335.0,reviewed,us,us,4,0
2017-08-31T18:47:04.470Z,6.6414,-72.9379,159.56,4.3,mb,,44.0,0.757,0.85,us,us2000adl4,2017-11-28T18:33:55.040Z,"10 km ESE of Aratoca, Colombia",earthquake,5.9,5.9,0.082,42.0,reviewed,us,us,4,0
2017-08-24T22:22:20.640Z,3.9163,-73.5145,34.41,4.0,mb,,84.0,1.223,0.98,us,us2000acv8,2017-11-22T03:43:31.040Z,"21 km ENE of Castilla La Nueva, Colombia",earthquake,4.7,9.0,0.212,6.0,reviewed,us,us,1,3
2017-08-17T21:03:49.920Z,6.768,-72.9476,154.94,4.5,mb,,61.0,0.879,1.45,us,us2000aax0,2017-11-14T01:42:12.040Z,"3 km ENE of Cepitá, Colombia",earthquake,5.5,8.9,0.205,7.0,reviewed,us,us,4,0
2017-08-14T17:09:16.910Z,9.3705,-76.8531,50.82,4.4,mb,,76.0,2.952,1.01,us,us2000a846,2017-11-14T01:42:07.040Z,"74 km NW of Arboletes, Colombia",earthquake,8.2,9.3,0.24,5.0,reviewed,us,us,1,4
2017-08-08T20:43:42.230Z,6.5362,-72.0903,49.06,5.1,mb,,56.0,2.742,0.87,us,us2000a62q,2022-08-07T14:12:32.233Z,"36 km ENE of Güicán, Colombia",earthquake,6.1,5.8,0.029,393.0,reviewed,us,us,1,1
2017-07-30T05:57:05.060Z,4.7693,-75.1486,10.0,4.5,mb,,80.0,0.827,0.87,us,us2000a2mj,2017-10-18T01:54:09.040Z,"11 km SSE of Murillo, Colombia",earthquake,4.6,1.9,0.055,98.0,reviewed,us,us,3,3
2017-07-30T05:40:41.090Z,4.8565,-74.9998,10.0,4.7,mb,,80.0,0.676,1.19,us,us2000a2mh,2022-08-07T13:12:16.291Z,"8 km NNE of Junín, Colombia",earthquake,5.1,1.8,0.04,194.0,reviewed,us,us,3,3
2017-07-26T14:39:29.630Z,6.721,-72.9232,163.31,4.3,mb,,91.0,2.325,0.5,us,us2000a19y,2017-10-14T00:19:41.040Z,"6 km ESE of Cepitá, Colombia",earthquake,9.3,10.7,0.119,20.0,reviewed,us,us,4,0
2017-07-24T13:25:03.430Z,6.7983,-72.9907,165.12,4.7,mb,,64.0,2.349,0.74,us,us2000a0ep,2022-08-07T12:48:44.277Z,"5 km NNW of Cepitá, Colombia",earthquake,8.7,7.4,0.032,289.0,reviewed,us,us,4,0
2017-07-19T18:56:53.620Z,6.9895,-71.6042,10.0,4.1,mwr,,113.0,1.829,0.79,us,us20009y9g,2017-10-11T01:03:57.040Z,"19 km WSW of Arauquita, Colombia",earthquake,6.6,2.0,,,reviewed,us,car,3,3
2017-07-09T05:56:30.720Z,6.9017,-73.075,136.75,4.4,mb,,55.0,2.389,0.95,us,us100098br,2017-10-06T23:56:10.040Z,"9 km SSW of Piedecuesta, Colombia",earthquake,8.0,11.3,0.064,71.0,reviewed,us,us,0,0
2017-07-08T22:23:35.820Z,6.8382,-73.0105,158.22,4.3,mb,,45.0,2.371,1.09,us,us1000989h,2017-10-03T00:47:56.040Z,"10 km NNW of Cepitá, Colombia",earthquake,7.7,8.9,0.086,38.0,reviewed,us,us,4,0
2017-07-02T19:26:28.710Z,3.5937,-73.9848,27.64,5.1,mb,,64.0,1.287,0.98,us,us1000969j,2022-05-03T18:32:38.292Z,"8 km NNE of Lejanías, Colombia",earthquake,6.5,4.2,0.028,429.0,reviewed,us,us,3,1
2017-06-19T20:02:34.460Z,4.9142,-76.7041,99.14,4.3,mb,,102.0,1.744,0.85,us,us20009nm7,2017-08-23T16:35:45.040Z,"11 km WSW of Nóvita, Colombia",earthquake,6.7,11.9,0.16,11.0,reviewed,us,us,2,2
2017-06-19T16:13:13.880Z,8.4913,-73.4929,159.43,4.4,mb,,80.0,2.853,0.56,us,us20009pb3,2017-08-23T16:35:49.040Z,"5 km WSW of El Carmen, Colombia",earthquake,10.3,15.4,0.268,6.0,reviewed,us,us,4,0
2017-06-09T21:17:40.390Z,11.6675,-72.2633,54.77,4.9,mb,,42.0,2.355,0.87,us,us20009lmm,2022-05-03T18:31:36.305Z,"5 km S of Uribia, Colombia",earthquake,6.0,6.2,0.03,345.0,reviewed,us,us,1,4
2017-06-09T10:50:38.010Z,6.8434,-73.0518,143.54,4.2,mb,,63.0,0.944,0.97,us,us20009mr1,2017-08-16T02:42:21.040Z,"13 km NW of Cepitá, Colombia",earthquake,7.1,6.4,0.072,53.0,reviewed,us,us,0,0
2017-05-31T21:14:42.710Z,12.0713,-73.8903,10.0,4.4,mb,,30.0,3.816,1.34,us,us10008wyh,2017-08-15T02:26:49.040Z,"97 km NNE of Santa Marta, Colombia",earthquake,7.0,1.9,0.098,30.0,reviewed,us,us,3,4
2017-05-27T12:15:48.070Z,6.7984,-73.0164,155.49,4.7,mb,,39.0,0.901,0.87,us,us10008vse,2017-08-10T01:34:04.040Z,"6 km NW of Cepitá, Colombia",earthquake,7.6,8.0,0.043,168.0,reviewed,us,us,4,0
2017-05-24T02:15:59.390Z,6.831,-73.0859,150.12,4.4,mb,,42.0,0.931,1.21,us,us10008wmz,2017-08-10T01:34:00.040Z,"10 km N of Jordán, Colombia",earthquake,7.5,8.1,0.076,49.0,reviewed,us,us,0,0
2017-05-24T00:55:46.730Z,6.8156,-73.0095,155.0,4.3,mb,,54.0,0.919,1.06,us,us10008ujp,2017-08-10T01:34:00.040Z,"7 km NNW of Cepitá, Colombia",earthquake,7.3,5.8,0.061,76.0,reviewed,us,us,4,0
2017-05-07T02:10:07.670Z,6.8701,-73.0792,151.21,4.3,mb,,42.0,0.97,0.74,us,us10008q7n,2017-08-01T23:02:08.040Z,"13 km SSW of Piedecuesta, Colombia",earthquake,7.8,8.2,0.068,61.0,reviewed,us,us,0,0
2017-05-06T02:52:40.680Z,3.7583,-76.7291,74.95,4.4,mb,,84.0,2.632,0.85,us,us10008pzu,2017-07-29T03:16:24.040Z,"12 km NNW of Dagua, Colombia",earthquake,7.8,11.8,0.09,36.0,reviewed,us,us,2,2
2017-05-03T16:45:37.940Z,6.892,-76.3217,7.88,4.3,mb,,44.0,1.009,0.75,us,us10008nw5,2017-07-29T03:16:18.040Z,"13 km SSW of Dabeiba, Colombia",earthquake,5.9,1.4,0.187,8.0,reviewed,us,us,3,2
2017-04-30T15:01:19.210Z,6.9336,-73.0095,146.12,4.3,mb,,32.0,1.036,0.81,us,us10008prv,2017-07-29T03:16:08.040Z,"7 km SE of Piedecuesta, Colombia",earthquake,7.1,7.7,0.119,20.0,reviewed,us,us,0,0
2017-04-29T10:06:33.260Z,3.816,-75.9283,58.65,4.8,mww,,64.0,1.9,1.22,us,us10008lzv,2017-07-21T02:32:11.040Z,"14 km NE of La Cumbre, Colombia",earthquake,5.0,4.9,0.098,10.0,reviewed,us,us,1,2
2017-04-28T02:34:20.340Z,7.8941,-72.8018,47.33,4.3,mb,,72.0,2.007,0.88,us,us10008p7w,2017-07-21T02:32:09.040Z,"0 km NNW of Gramalote, Colombia",earthquake,4.2,10.8,0.168,10.0,reviewed,us,us,1,3
2017-04-27T06:13:39.920Z,6.9549,-73.0223,146.22,4.1,mb,,56.0,2.462,0.99,us,us10008nts,2017-07-21T02:32:08.040Z,"4 km SE of Piedecuesta, Colombia",earthquake,5.6,11.0,0.233,5.0,reviewed,us,us,0,0
2017-04-17T07:49:22.970Z,6.7429,-73.002,152.32,4.4,mb,,28.0,0.848,0.96,us,us10008ibd,2017-07-11T01:48:34.040Z,"3 km WSW of Cepitá, Colombia",earthquake,5.4,6.0,0.037,218.0,reviewed,us,us,0,0
2017-04-14T22:16:06.280Z,8.3585,-72.719,179.42,4.6,mb,,33.0,2.476,1.01,us,us10008hqe,2017-07-05T18:10:00.040Z,"31 km S of Tibú, Colombia",earthquake,7.1,6.7,0.03,336.0,reviewed,us,us,4,0
2017-04-12T11:28:02.910Z,7.1971,-72.8957,165.79,4.8,mb,,28.0,1.308,0.66,us,us10008gwg,2017-07-05T18:09:57.040Z,"7 km E of Tona, Colombia",earthquake,3.6,8.0,0.026,451.0,reviewed,us,us,4,0
2017-04-12T05:07:42.150Z,6.8208,-72.9632,148.07,4.0,mb,,43.0,0.929,0.48,us,us10008gv1,2017-07-05T18:09:57.040Z,"7 km N of Cepitá, Colombia",earthquake,7.2,7.6,0.119,19.0,reviewed,us,us,0,0
2017-04-07T00:54:39.930Z,7.7414,-73.2421,118.58,4.2,mb,,72.0,1.843,1.44,us,us10008h72,2017-06-23T07:26:34.040Z,"16 km E of San Alberto, Colombia",earthquake,4.8,20.7,0.304,3.0,reviewed,us,us,0,0
2017-04-01T22:52:44.220Z,6.8604,-73.0279,145.68,4.3,mb,,42.0,0.962,1.23,us,us10008dv4,2017-06-16T23:08:07.040Z,"13 km NNW of Cepitá, Colombia",earthquake,8.4,8.9,0.147,13.0,reviewed,us,us,0,0
2017-03-28T16:56:59.920Z,6.7392,-72.9569,162.2,4.3,mb,,80.0,0.85,0.37,us,us10008eb4,2017-06-16T23:08:00.040Z,"2 km SE of Cepitá, Colombia",earthquake,7.9,12.7,0.53,1.0,reviewed,us,us,4,0
2017-03-24T09:00:55.960Z,3.3117,-79.4066,9.49,5.2,mww,,29.0,1.616,0.9,us,us20008u8i,2025-12-22T17:22:01.742Z,"138 km NW of Mosquera, Colombia",earthquake,6.3,2.9,0.053,34.0,reviewed,us,us,3,1
2017-03-22T01:50:07.150Z,6.5268,-72.7996,175.11,4.2,mb,,113.0,2.254,0.64,us,us20008vlw,2017-06-12T19:46:53.040Z,"7 km WNW of Covarachía, Colombia",earthquake,10.2,9.2,0.128,17.0,reviewed,us,us,4,0
2017-03-21T10:30:17.460Z,7.1088,-73.8618,86.17,4.7,mb,,37.0,2.295,0.96,us,us20008thx,2017-06-12T19:46:52.040Z,"4 km N of Barrancabermeja, Colombia",earthquake,7.6,5.6,0.034,269.0,reviewed,us,us,2,0
2017-03-21T08:31:20.990Z,6.2863,-77.5221,7.11,5.0,mb,,50.0,3.492,1.09,us,us20008thb,2022-05-03T18:13:09.593Z,"14 km WNW of Bahía Solano, Colombia",earthquake,6.9,4.1,0.044,168.0,reviewed,us,us,3,1
2017-03-16T15:38:10.600Z,4.8928,-72.6021,17.47,5.2,mb,,42.0,1.102,1.01,us,us20008shs,2022-05-03T18:12:50.229Z,"17 km NNW of Ubalá, Colombia",earthquake,5.0,3.7,0.027,460.0,reviewed,us,us,3,1
2017-03-13T07:52:28.190Z,9.4395,-74.9681,73.88,4.1,mb,,46.0,3.236,1.07,us,us20008tib,2017-06-07T00:33:37.040Z,"11 km ENE of San Pedro, Colombia",earthquake,6.3,12.5,0.151,12.0,reviewed,us,us,2,4
2017-03-10T06:18:12.250Z,4.3692,-77.5674,44.88,4.4,mb,,102.0,2.734,0.9,us,us1000885w,2017-05-31T01:59:00.040Z,"25 km WNW of Santa Genoveva de Docordó, Colombia",earthquake,7.8,12.1,0.138,15.0,reviewed,us,us,1,2
2017-03-07T17:11:13.900Z,7.2863,-71.9714,39.39,4.4,mb,,38.0,1.77,1.07,us,us100087hy,2017-05-31T01:58:57.040Z,"34 km NNE of Cubará, Colombia",earthquake,6.0,10.6,0.1,29.0,reviewed,us,us,1,3
2017-03-03T22:59:02.720Z,7.4887,-76.3631,10.0,4.5,mb,,100.0,1.486,1.25,us,us10008889,2017-05-24T02:48:15.040Z,"28 km NNE of Mutatá, Colombia",earthquake,4.3,1.9,0.163,11.0,reviewed,us,us,3,2
2017-03-02T19:28:24.220Z,6.8048,-73.0026,154.71,4.2,mb,,54.0,0.909,0.62,us,us1000886z,2017-05-24T02:48:13.040Z,"6 km NNW of Cepitá, Colombia",earthquake,8.7,8.7,0.132,16.0,reviewed,us,us,4,0
2017-02-28T09:24:38.470Z,6.8309,-73.0154,153.64,4.2,mb,,81.0,0.934,0.94,us,us20008mwt,2017-05-24T02:48:10.040Z,"9 km NNW of Cepitá, Colombia",earthquake,7.0,5.7,0.055,92.0,reviewed,us,us,4,0
2017-02-24T10:54:15.260Z,6.8171,-73.0117,152.26,4.4,mb,,42.0,0.92,0.84,us,us20008m02,2017-05-17T01:19:38.040Z,"8 km NNW of Cepitá, Colombia",earthquake,7.8,8.3,0.038,200.0,reviewed,us,us,0,0
2017-02-12T09:32:26.520Z,12.2926,-72.9907,7.37,5.2,mww,,23.0,1.142,1.15,us,us20008jbe,2025-12-22T16:52:08.519Z,"82 km NW of Manaure, Colombia",earthquake,6.3,3.3,0.083,14.0,reviewed,us,us,3,4
2017-02-06T13:02:45.140Z,3.4493,-74.6715,37.95,5.5,mww,,47.0,1.429,1.04,us,us20008hx7,2022-05-03T18:10:51.164Z,"16 km ENE of Colombia, Colombia",earthquake,6.3,3.3,0.044,49.0,reviewed,us,us,1,1
2017-02-03T20:33:08.160Z,2.4226,-77.7205,92.3,4.2,mb,,88.0,1.161,0.77,us,us20008k90,2017-04-27T01:38:43.040Z,"24 km SE of Guapí, Colombia",earthquake,8.8,7.5,0.215,7.0,reviewed,us,us,2,2
2017-02-01T00:18:25.480Z,6.8088,-72.9613,156.06,4.7,mb,,43.0,0.917,0.94,us,us10007wjr,2017-04-27T01:38:40.040Z,"6 km NNE of Cepitá, Colombia",earthquake,6.6,7.0,0.036,231.0,reviewed,us,us,4,0
2017-01-28T15:49:35.240Z,6.6236,-76.9979,10.0,4.4,mb,,102.0,3.196,1.24,us,us10007vy1,2017-05-15T02:07:49.638Z,"11 km WNW of Vigía del Fuerte, Colombia",earthquake,2.6,1.9,0.131,17.0,reviewed,us,us,3,2
2017-01-24T19:35:38.100Z,4.0115,-76.7031,101.4,4.3,mb,,57.0,2.515,1.04,us,us10007v8x,2017-04-19T18:30:58.040Z,"25 km WNW of Darien, Colombia",earthquake,1.9,7.6,0.068,61.0,reviewed,us,us,2,2
2017-01-24T14:52:13.780Z,6.8107,-72.9933,152.04,4.3,mb,,74.0,0.916,0.86,us,us20008ih4,2017-04-19T18:30:58.040Z,"6 km NNW of Cepitá, Colombia",earthquake,8.6,8.5,0.074,52.0,reviewed,us,us,0,0
2017-01-21T06:34:05.780Z,4.509,-74.1107,31.99,4.0,mb,,72.0,0.394,1.29,us,us10007ula,2023-03-27T04:27:53.895Z,"10 km NW of Chipaque, Colombia",earthquake,7.5,5.9,0.212,6.0,reviewed,us,us,1,3
2017-01-19T12:01:04.900Z,5.899,-76.1462,64.45,4.7,mb,,79.0,2.097,1.25,us,us10007u36,2017-12-16T02:00:46.494Z,"14 km WNW of Ciudad Bolívar, Colombia",earthquake,7.0,7.3,0.078,50.0,reviewed,us,us,1,2
2017-01-12T16:06:32.150Z,6.0601,-77.9396,5.96,5.2,mww,,37.0,3.614,0.79,us,us10007svx,2025-12-22T16:52:23.677Z,"62 km WSW of Bahía Solano, Colombia",earthquake,6.4,2.9,0.054,33.0,reviewed,us,us,3,1
2017-01-10T13:32:16.260Z,6.7894,-73.0015,153.52,4.1,mb,,68.0,0.894,0.72,us,us10007vk7,2017-04-01T00:26:07.040Z,"4 km NW of Cepitá, Colombia",earthquake,9.3,9.0,0.093,32.0,reviewed,us,us,4,0
2017-01-10T10:05:43.180Z,6.828,-72.9816,140.32,4.3,mb,,91.0,0.934,1.03,us,us10007vkb,2017-04-01T00:26:07.040Z,"8 km N of Cepitá, Colombia",earthquake,9.9,11.8,0.154,12.0,reviewed,us,us,0,0
2017-01-01T07:38:33.620Z,2.3138,-78.5497,18.22,4.4,mb,,127.0,0.506,0.5,us,us10007p2b,2017-03-27T23:53:16.040Z,"24 km SSW of Mosquera, Colombia",earthquake,7.8,9.8,0.13,17.0,reviewed,us,us,3,2
2017-01-01T06:35:49.360Z,2.5444,-79.0252,14.98,4.7,mb,,134.0,0.765,0.73,us,us10007p1x,2017-03-27T23:53:16.040Z,"63 km W of Mosquera, Colombia",earthquake,6.9,5.0,0.066,69.0,reviewed,us,us,3,2
2016-12-28T05:05:04.970Z,1.6873,-76.9221,138.08,4.7,mb,,42.0,1.295,1.38,us,us10007n50,2017-03-23T22:52:06.040Z,"10 km E of San Pablo, Colombia",earthquake,7.0,5.5,0.053,108.0,reviewed,us,us,0,2
2016-12-27T03:00:31.440Z,6.7541,-72.8891,155.6,4.4,mwr,,67.0,0.876,0.71,us,us10007myt,2017-03-23T22:52:04.040Z,"7 km SW of San Andrés, Colombia",earthquake,9.2,9.2,,,reviewed,us,rsnc,4,0
2016-12-26T08:47:55.160Z,6.7446,-72.912,157.41,4.0,mb,,66.0,0.863,0.86,us,us10007t1x,2017-03-23T22:52:03.040Z,"6 km E of Cepitá, Colombia",earthquake,8.8,9.1,0.072,52.0,reviewed,us,us,4,0
2016-12-24T11:46:41.380Z,6.8272,-72.9695,153.23,4.4,mb,,91.0,0.934,0.85,us,us10007ses,2017-03-23T22:52:01.040Z,"8 km N of Cepitá, Colombia",earthquake,9.8,10.2,0.127,18.0,reviewed,us,us,4,0
2016-12-23T03:43:51.310Z,2.6595,-75.5794,10.0,4.4,mb,,100.0,2.507,1.05,us,us10007m63,2017-03-23T22:51:59.040Z,"6 km E of Íquira, Colombia",earthquake,7.7,1.9,0.112,23.0,reviewed,us,us,3,2
2016-12-22T08:59:29.290Z,4.7048,-77.2213,48.33,4.9,mb,,55.0,2.893,0.89,us,us10007ly9,2017-03-16T02:31:33.040Z,"31 km SSE of Pizarro, Colombia",earthquake,7.0,7.6,0.062,82.0,reviewed,us,us,1,2
2016-12-21T09:13:00.530Z,12.7955,-81.637,10.0,4.4,mb,,64.0,0.635,0.61,us,us10007lni,2017-03-16T02:31:32.040Z,"24 km NNE of San Andrés, Colombia",earthquake,5.2,2.0,0.088,37.0,reviewed,us,us,3,4
2016-12-19T21:02:08.470Z,7.495,-73.3608,123.28,4.5,mb,,36.0,1.615,1.42,us,us10007rdj,2017-03-16T02:31:30.040Z,"17 km W of El Playón, Colombia",earthquake,6.4,8.6,0.097,31.0,reviewed,us,us,0,0
2016-12-19T10:24:20.130Z,6.8093,-72.9854,158.85,4.6,mb,,64.0,0.915,0.85,us,us200082j5,2017-03-16T02:31:29.040Z,"6 km NNW of Cepitá, Colombia",earthquake,8.2,9.1,0.119,21.0,reviewed,us,us,4,0
2016-12-18T12:50:07.350Z,7.128,-76.7766,62.02,4.3,mb,,97.0,3.332,1.16,us,us2000829w,2017-03-16T02:31:28.040Z,"17 km NNE of Murindó, Colombia",earthquake,7.0,16.0,0.218,6.0,reviewed,us,us,1,2
2016-12-16T19:45:20.340Z,3.3938,-74.2744,61.75,4.5,mb,,65.0,1.442,0.99,us,us200081nl,2017-03-16T02:31:23.040Z,"25 km W of Mesetas, Colombia",earthquake,5.5,9.7,0.132,19.0,reviewed,us,us,1,3
2016-12-13T20:32:19.120Z,6.7816,-72.9809,152.5,4.3,mb,,65.0,0.888,0.99,us,us200080jj,2017-03-09T02:14:30.040Z,"3 km NNW of Cepitá, Colombia",earthquake,7.7,8.1,0.074,52.0,reviewed,us,us,0,0
2016-12-12T22:36:09.010Z,6.7664,-72.9778,156.38,4.2,mwr,,70.0,0.874,0.88,us,us200080bv,2017-03-09T02:14:29.040Z,"1 km NNW of Cepitá, Colombia",earthquake,7.9,7.6,,,reviewed,us,rsnc,4,0
2016-12-10T23:50:14.830Z,6.764,-72.9395,152.16,4.4,mb,,72.0,0.877,0.6,us,us20007zve,2017-03-09T02:14:26.040Z,"4 km ENE of Cepitá, Colombia",earthquake,8.6,6.1,0.134,16.0,reviewed,us,us,0,0
2016-12-06T04:51:01.910Z,4.7443,-77.2476,36.23,4.7,mwr,,62.0,2.561,0.82,us,us10007f3m,2017-03-03T07:06:04.040Z,"26 km SSE of Pizarro, Colombia",earthquake,6.4,4.6,,,reviewed,us,rsnc,1,2
2016-11-30T17:42:26.000Z,6.3,-75.86,28.0,3.6,mwr,,,,1.93,us,us10007dvx,2022-08-07T11:26:32.628Z,"10 km WSW of Ebéjico, Colombia",earthquake,9.0,6.9,,,reviewed,rsnc,rsnc,3,3
2016-11-29T13:19:36.570Z,6.6168,-72.8662,169.5,4.2,mb,,149.0,2.279,0.6,us,us10007gkw,2022-08-07T11:34:43.878Z,"8 km SW of Molagavita, Colombia",earthquake,12.2,13.7,0.093,32.0,reviewed,us,us,4,0
2016-11-26T19:32:38.630Z,5.5127,-73.9445,124.03,4.3,mb,,52.0,0.762,0.56,us,us10007cl9,2017-02-23T00:11:49.040Z,"8 km ESE of Maripí, Colombia",earthquake,8.4,6.6,0.089,36.0,reviewed,us,us,0,0
2016-11-25T19:21:16.430Z,9.6063,-73.6008,135.04,4.1,mb,,78.0,2.614,1.09,us,us10007ecw,2017-02-23T00:11:47.040Z,"16 km ESE of El Paso, Colombia",earthquake,9.1,8.8,0.26,5.0,reviewed,us,us,0,0
2016-11-24T08:37:28.870Z,7.5507,-73.2753,153.02,4.4,mb,,66.0,2.882,0.85,us,us10007c1n,2017-02-15T23:21:39.040Z,"11 km NW of El Playón, Colombia",earthquake,4.3,13.1,0.138,15.0,reviewed,us,us,4,0
2016-11-14T05:48:49.680Z,6.7653,-73.0234,145.03,4.2,mb,,63.0,3.167,0.83,us,us100077kl,2017-02-09T03:02:25.040Z,"5 km WNW of Cepitá, Colombia",earthquake,8.0,9.2,0.054,97.0,reviewed,us,us,0,0
2016-11-06T21:31:00.930Z,6.7389,-73.0345,148.47,4.4,mwr,,91.0,2.547,0.87,us,us100075wy,2017-02-02T02:21:02.040Z,"5 km NNW of Aratoca, Colombia",earthquake,9.4,11.5,,,reviewed,us,rsnc,0,0
2016-10-31T02:05:58.040Z,3.4027,-74.5019,36.16,5.0,mww,,73.0,1.444,0.97,us,us1000735x,2022-05-03T18:03:06.469Z,"33 km E of Colombia, Colombia",earthquake,6.1,3.5,,,reviewed,us,us,1,1
2016-10-31T00:20:11.640Z,3.4466,-74.4951,33.0,5.6,mww,,35.0,1.399,0.98,us,us1000735j,2022-05-03T18:56:14.765Z,"34 km ENE of Colombia, Colombia",earthquake,1.3,1.7,,,reviewed,us,us,1,1
2016-10-30T12:56:35.090Z,6.7163,-72.9182,165.14,4.3,mb,,73.0,2.324,0.59,us,us1000743i,2017-01-24T02:02:10.040Z,"7 km SE of Cepitá, Colombia",earthquake,9.9,9.4,0.083,41.0,reviewed,us,us,4,0
2016-10-28T11:55:37.090Z,6.5538,-72.7878,175.03,4.3,mb,,115.0,2.282,0.68,us,us100073qa,2017-01-24T02:02:07.040Z,"8 km NW of Covarachía, Colombia",earthquake,10.4,8.8,0.16,11.0,reviewed,us,us,4,0
2016-10-18T12:27:46.040Z,7.646,-74.5105,74.38,4.2,mb,,73.0,2.789,1.21,us,us20007gd1,2017-01-15T01:13:52.040Z,"33 km ESE of San Carlos, Colombia",earthquake,9.4,15.6,0.235,5.0,reviewed,us,us,2,0
2016-10-10T22:38:54.430Z,4.31,-78.5687,10.0,4.4,mb,,135.0,3.654,0.65,us,us20007eum,2017-01-07T00:20:49.040Z,"133 km W of Santa Genoveva de Docordó, Colombia",earthquake,9.6,1.9,0.13,17.0,reviewed,us,us,3,2
2016-10-10T17:59:51.440Z,2.9771,-78.5736,10.0,4.7,mb,,72.0,2.379,1.19,us,us20007euh,2017-01-07T00:20:49.040Z,"53 km NNW of Mosquera, Colombia",earthquake,7.4,1.9,0.068,65.0,reviewed,us,us,3,2
2016-09-22T10:42:17.580Z,6.7735,-72.9705,151.48,4.8,mb,,35.0,2.34,1.14,us,us10006rl0,2016-12-12T23:01:36.040Z,"2 km NNE of Cepitá, Colombia",earthquake,7.0,8.3,0.027,416.0,reviewed,us,us,0,0
2016-09-22T04:32:52.630Z,6.817,-73.1,151.4,4.2,mwr,,,,0.86,us,us10006rid,2016-12-12T23:01:36.040Z,"9 km N of Jordán, Colombia",earthquake,7.9,7.3,,,reviewed,rsnc,rsnc,0,0
2016-09-19T20:17:41.320Z,7.9345,-74.8188,87.52,4.1,mb,,138.0,3.109,1.0,us,us10006ttv,2016-12-12T23:01:31.040Z,"16 km NNW of San Carlos, Colombia",earthquake,10.5,9.5,0.213,6.0,reviewed,us,us,2,0
2016-09-16T02:37:40.600Z,6.807,-73.149,152.0,4.2,mwr,,,,0.93,us,us10006q02,2016-12-12T23:01:25.040Z,"10 km NW of Jordán, Colombia",earthquake,10.2,8.5,,,reviewed,rsnc,rsnc,0,0
2016-09-14T15:59:34.140Z,7.3934,-76.2278,10.0,4.8,mb,,83.0,3.162,1.49,us,us10006pht,2016-12-07T02:56:15.040Z,"28 km NE of Mutatá, Colombia",earthquake,6.9,1.9,0.059,88.0,reviewed,us,us,3,2
2016-09-14T14:43:58.500Z,7.2557,-76.3188,10.0,4.3,mb,,89.0,3.111,1.08,us,us10006rdm,2016-12-07T02:56:15.040Z,"12 km E of Mutatá, Colombia",earthquake,8.5,2.0,0.201,7.0,reviewed,us,us,3,2
2016-09-14T12:02:51.430Z,7.3321,-76.1716,10.0,4.7,mwr,,52.0,3.08,0.87,us,us10006pgh,2017-06-28T03:01:49.820Z,"30 km ENE of Mutatá, Colombia",earthquake,7.2,1.9,,,reviewed,us,rsnc,3,2
2016-09-14T06:46:58.900Z,7.358,-76.1468,10.0,4.9,mb,,83.0,3.086,1.07,us,us10006pfi,2017-05-15T04:16:37.778Z,"34 km ENE of Mutatá, Colombia",earthquake,5.5,1.8,0.04,197.0,reviewed,us,us,3,1
2016-09-14T05:29:21.410Z,7.3659,-76.1177,10.0,4.1,mb,,87.0,3.076,0.63,us,us10006rdb,2016-12-07T02:56:14.040Z,"37 km ENE of Mutatá, Colombia",earthquake,7.3,2.0,0.234,6.0,reviewed,us,us,3,3
2016-09-14T01:58:31.570Z,7.3736,-76.1686,18.0,6.0,mww,,32.0,3.112,1.18,us,us10006pdp,2022-05-03T17:59:10.554Z,"32 km ENE of Mutatá, Colombia",earthquake,6.6,1.8,,,reviewed,us,us,3,1
2016-09-13T08:12:14.630Z,6.7882,-72.9375,156.04,4.2,mb,,63.0,2.371,1.26,us,us10006p84,2016-12-07T02:56:13.040Z,"5 km NE of Cepitá, Colombia",earthquake,5.5,12.0,0.136,15.0,reviewed,us,us,4,0
2016-08-28T12:23:30.790Z,7.3145,-73.014,19.86,4.5,mb,,68.0,2.776,1.1,us,us20006usr,2016-11-29T01:28:44.040Z,"0 km S of Matanza, Colombia",earthquake,7.0,3.6,0.055,98.0,reviewed,us,us,3,3
2016-08-26T04:55:15.530Z,6.721,-72.927,170.88,4.5,mwr,,63.0,2.323,0.94,us,us20006u4m,2016-11-29T01:28:40.040Z,"6 km SE of Cepitá, Colombia",earthquake,8.8,8.5,,,reviewed,us,rsnc,4,0
2016-08-24T01:57:59.060Z,3.833,-71.1255,13.49,4.0,mb,,74.0,3.341,0.74,us,us20006v9m,2016-11-19T04:58:37.040Z,"108 km SSE of Orocué, Colombia",earthquake,8.0,6.0,0.196,7.0,reviewed,us,us,3,3
2016-08-21T21:17:57.370Z,3.873,-77.3886,75.82,3.7,mwr,,139.0,3.207,0.85,us,us20006tx8,2016-11-19T04:58:34.040Z,"39 km W of Buenaventura, Colombia",earthquake,8.8,16.9,,,reviewed,us,rsnc,2,2
2016-08-20T16:13:41.170Z,3.9611,-78.807,10.0,4.7,mb,,140.0,3.71,1.4,us,us10006ffm,2016-11-19T04:58:32.040Z,"163 km WSW of Santa Genoveva de Docordó, Colombia",earthquake,6.3,1.9,0.096,33.0,reviewed,us,us,3,2
2016-08-13T09:29:44.000Z,6.8,-73.14,145.0,4.2,mwr,,,,0.97,us,us10006djk,2016-11-15T02:21:47.040Z,"8 km NNW of Jordán, Colombia",earthquake,8.7,7.5,,,reviewed,rsnc,rsnc,0,0
2016-08-07T08:20:13.240Z,6.9284,-76.2137,27.77,4.6,mwr,,48.0,2.797,0.8,us,us10006bxf,2016-10-26T03:10:21.040Z,"5 km NW of Uramita, Colombia",earthquake,7.1,6.5,,,reviewed,us,rsnc,3,2
2016-08-02T14:15:10.430Z,4.9125,-78.4709,10.0,4.2,mb,,133.0,4.135,1.11,us,us10006aet,2016-10-19T04:52:13.040Z,"122 km W of Pizarro, Colombia",earthquake,5.5,1.9,0.159,11.0,reviewed,us,us,3,2
2016-07-26T04:32:20.400Z,6.8164,-73.0401,157.27,4.9,mwr,,66.0,2.336,0.67,us,us20006hnk,2016-09-24T22:47:20.040Z,"9 km NW of Cepitá, Colombia",earthquake,7.7,8.4,,,reviewed,us,rsnc,4,0
2016-07-13T10:33:24.280Z,6.8015,-73.0183,136.67,4.2,mwr,,42.0,1.95,1.0,us,us10006381,2016-09-08T01:50:30.040Z,"7 km NW of Cepitá, Colombia",earthquake,7.1,6.4,,,reviewed,us,rsnc,0,0
2016-07-13T02:15:43.930Z,5.3471,-73.6464,148.76,4.2,mb,,69.0,2.086,0.96,us,us20006ftf,2016-09-08T01:50:29.040Z,"6 km SE of Guachetá, Colombia",earthquake,8.3,7.2,0.056,89.0,reviewed,us,us,0,0
2016-07-11T00:50:38.580Z,3.7039,-76.7513,101.6,4.3,mb,,56.0,2.708,0.9,us,us20006fq2,2016-09-08T01:50:27.040Z,"8 km NW of Dagua, Colombia",earthquake,4.1,11.0,0.096,32.0,reviewed,us,us,2,2
2016-07-09T12:55:51.000Z,6.541,-74.1,15.4,4.5,mb,,,,1.31,us,us20006ewa,2016-09-08T01:50:24.040Z,"13 km SSW of Puerto Parra, Colombia",earthquake,6.9,4.9,0.151,13.0,reviewed,rsnc,us,3,3
2016-07-04T02:08:28.920Z,6.8989,-73.0952,143.49,4.4,mb,,107.0,1.845,1.11,us,us100062ke,2016-09-02T21:36:36.040Z,"11 km SSW of Piedecuesta, Colombia",earthquake,8.1,9.2,0.218,6.0,reviewed,us,us,0,0
2016-06-28T03:29:09.800Z,6.8513,-73.0154,146.71,4.4,mwr,,30.0,1.936,0.7,us,us200067eh,2016-08-31T03:08:20.040Z,"11 km NNW of Cepitá, Colombia",earthquake,5.4,6.4,,,reviewed,us,rsnc,0,0
2016-06-23T22:28:55.450Z,6.8285,-73.0238,148.57,4.4,mb,,38.0,1.935,1.0,us,us200066cn,2022-08-03T02:34:47.529Z,"9 km NNW of Cepitá, Colombia",earthquake,5.7,5.7,0.032,278.0,reviewed,us,us,0,0
2016-06-23T05:35:36.950Z,6.7846,-72.9697,141.92,4.5,mwr,,28.0,2.001,0.98,us,us20006664,2016-08-27T02:15:35.040Z,"3 km N of Cepitá, Colombia",earthquake,2.8,7.4,,,reviewed,us,rsnc,0,0
2016-06-15T02:54:36.270Z,5.7368,-77.5702,9.44,4.6,mb,,47.0,2.071,1.25,us,us200064h0,2022-08-03T01:53:15.567Z,"33 km W of Nuquí, Colombia",earthquake,6.5,4.0,0.073,56.0,reviewed,us,us,3,2
2016-06-12T07:00:36.660Z,6.8819,-73.0507,151.7,4.2,mb,,90.0,1.375,1.31,us,us2000652r,2016-08-25T01:22:52.040Z,"11 km S of Piedecuesta, Colombia",earthquake,8.1,10.0,0.166,10.0,reviewed,us,us,0,0
2016-06-06T07:24:07.130Z,6.8371,-73.0254,150.45,4.2,mb,,56.0,1.424,1.2,us,us200063kd,2016-08-18T00:36:32.040Z,northern Colombia,earthquake,7.6,7.4,0.083,40.0,reviewed,us,us,0,0
2016-05-31T06:30:21.980Z,6.8562,-73.0544,149.25,4.4,mb,,42.0,1.399,1.11,us,us20005zbf,2016-08-10T22:30:29.040Z,"14 km NW of Cepitá, Colombia",earthquake,7.2,6.5,0.081,44.0,reviewed,us,us,0,0
2016-05-30T23:43:26.640Z,6.935,-73.1317,156.58,4.4,mb,,80.0,1.309,1.24,us,us200061r3,2016-08-10T22:30:28.040Z,"10 km WSW of Piedecuesta, Colombia",earthquake,6.9,10.4,0.239,5.0,reviewed,us,us,4,0
2016-05-22T13:57:56.860Z,6.8835,-73.072,151.55,4.3,mb,,54.0,1.37,1.36,us,us20005yjl,2016-08-03T22:33:42.040Z,"11 km SSW of Piedecuesta, Colombia",earthquake,5.3,6.6,0.133,16.0,reviewed,us,us,0,0
2016-05-20T17:27:30.610Z,6.8685,-73.1168,153.34,4.2,mb,,41.0,1.377,1.33,us,us20005y4r,2016-08-03T22:33:39.040Z,"15 km SSW of Piedecuesta, Colombia",earthquake,5.8,6.6,0.159,11.0,reviewed,us,us,4,0
2016-05-15T13:35:32.310Z,6.9476,-73.1265,150.37,4.2,mb,,52.0,1.298,1.2,us,us10005ix9,2016-07-22T19:39:07.040Z,"9 km WSW of Piedecuesta, Colombia",earthquake,7.5,7.3,0.118,20.0,reviewed,us,us,0,0
2016-05-13T13:25:24.320Z,6.9191,-73.0666,146.5,4.2,mb,,109.0,1.336,1.19,us,us10005iv2,2016-07-22T19:39:04.040Z,"7 km SSW of Piedecuesta, Colombia",earthquake,7.3,5.2,0.121,19.0,reviewed,us,us,0,0
2016-05-11T14:46:09.380Z,6.8225,-72.9845,157.13,4.4,mb,,47.0,1.447,0.71,us,us10005gje,2016-07-20T18:10:53.040Z,northern Colombia,earthquake,7.6,7.1,0.127,18.0,reviewed,us,us,4,0
2016-05-06T13:56:40.820Z,7.3933,-73.0789,139.94,4.2,mb,,85.0,0.874,0.8,us,us10005h5l,2016-07-20T18:10:45.040Z,"10 km NW of Matanza, Colombia",earthquake,4.5,6.1,0.121,19.0,reviewed,us,us,0,0
2016-04-30T16:11:46.330Z,6.6808,-72.9867,170.93,4.4,mwr,,49.0,2.255,0.95,us,us10005cqm,2016-07-19T20:03:07.040Z,"3 km ESE of Aratoca, Colombia",earthquake,9.4,7.8,,,reviewed,us,rsnc,4,0
2016-04-26T01:50:15.110Z,6.587,-73.5013,127.42,4.3,mwr,,38.0,1.619,0.84,us,us10005bk0,2022-08-02T20:11:02.155Z,"12 km S of El Carmen de Chucurí, Colombia",earthquake,6.2,6.9,,,reviewed,us,rsnc,0,0
2016-04-20T05:35:25.010Z,6.8362,-72.9767,150.63,4.2,mb,,46.0,1.435,0.97,us,us20005k29,2016-06-27T23:02:24.040Z,"9 km N of Cepitá, Colombia",earthquake,7.4,6.7,0.121,19.0,reviewed,us,us,0,0
2016-04-11T19:33:10.800Z,6.9378,-73.142,153.56,4.1,mb,,89.0,1.305,1.11,us,us20005jt6,2016-06-21T01:14:08.040Z,"11 km WSW of Piedecuesta, Colombia",earthquake,5.9,9.0,0.174,9.0,reviewed,us,us,4,0
2016-04-11T09:29:28.390Z,7.0249,-76.6152,21.94,5.1,mwr,,32.0,1.319,1.26,us,us20005gx4,2022-08-02T17:50:43.353Z,"23 km ENE of Murindó, Colombia",earthquake,5.8,3.8,0.052,36.0,reviewed,us,us,3,1
2016-04-11T09:29:11.300Z,7.0036,-76.5241,48.54,4.0,mb,,106.0,1.235,1.41,us,us2000658v,2016-06-21T01:14:08.040Z,"28 km W of Dabeiba, Colombia",earthquake,5.3,13.9,0.183,8.0,reviewed,us,us,1,2
2016-04-08T10:47:27.080Z,6.8417,-73.0933,149.89,4.3,mb,,49.0,1.407,1.28,us,us20005ieh,2016-06-21T01:14:03.040Z,"12 km N of Jordán, Colombia",earthquake,7.7,5.0,0.065,67.0,reviewed,us,us,0,0
2016-04-08T09:11:45.090Z,7.2689,-76.7914,43.53,4.5,mb,,36.0,1.607,0.82,us,us20005gb1,2016-06-21T01:14:03.040Z,"32 km N of Murindó, Colombia",earthquake,6.5,6.5,0.052,110.0,reviewed,us,us,1,2
2016-04-03T20:34:48.730Z,7.8486,-75.0879,32.44,4.2,mb,,41.0,0.421,1.34,us,us20005ecy,2016-06-17T21:45:20.040Z,"19 km SE of Caucasia, Colombia",earthquake,5.3,5.7,0.167,10.0,reviewed,us,us,1,3
2016-04-01T14:02:44.530Z,6.9231,-73.0895,155.6,4.3,mb,,96.0,1.328,0.72,us,us20005g2g,2016-06-17T21:44:51.040Z,"8 km SSW of Piedecuesta, Colombia",earthquake,7.8,6.0,0.1,28.0,reviewed,us,us,4,0
2016-03-30T22:15:02.090Z,3.2542,-79.3272,10.0,4.2,mb,,140.0,2.953,0.68,us,us20005fm3,2016-06-10T23:32:58.040Z,"127 km NW of Mosquera, Colombia",earthquake,4.3,1.9,0.159,11.0,reviewed,us,us,3,2
2016-03-24T21:27:00.730Z,6.9559,-73.1948,154.53,4.6,mb,,155.0,1.281,1.06,us,us20005dep,2016-06-09T21:41:59.040Z,"11 km ENE of Betulia, Colombia",earthquake,6.2,9.2,0.244,5.0,reviewed,us,us,4,0
2016-03-23T04:38:01.890Z,6.8819,-73.0951,158.41,4.3,mwr,,71.0,1.367,0.98,us,us20005byt,2016-06-09T21:41:57.040Z,"12 km SSW of Piedecuesta, Colombia",earthquake,7.7,8.5,,,reviewed,us,rsnc,4,0
2016-03-17T08:46:03.160Z,5.4641,-74.4619,44.39,4.0,mb,,87.0,0.63,1.13,us,us20005aep,2022-08-02T17:35:41.417Z,"13 km NNE of Caparrapí, Colombia",earthquake,5.2,20.4,0.259,4.0,reviewed,us,us,1,3
2016-03-17T02:20:24.970Z,6.8131,-73.1316,153.54,4.0,mwr,,94.0,1.429,0.66,us,us20005bh3,2016-05-21T00:05:34.040Z,"9 km NNW of Jordán, Colombia",earthquake,8.0,6.8,,,reviewed,us,rsnc,4,0
2016-03-13T13:17:49.310Z,3.5663,-74.4325,52.64,4.5,mb,,82.0,1.275,1.14,us,us10004x75,2016-05-21T00:05:28.040Z,"44 km SSE of Villarrica, Colombia",earthquake,8.1,6.8,0.089,37.0,reviewed,us,us,1,3
2016-03-09T06:27:17.070Z,6.8264,-73.0422,148.86,5.0,mb,,24.0,1.431,1.33,us,us10004w8b,2022-08-02T13:36:12.096Z,"10 km NW of Cepitá, Colombia",earthquake,6.6,5.6,0.025,518.0,reviewed,us,us,0,0
2016-03-09T05:23:56.300Z,6.8552,-73.0687,145.04,4.5,mb,,41.0,1.398,1.32,us,us10004w84,2016-05-16T18:01:49.040Z,"13 km NNE of Jordán, Colombia",earthquake,6.4,8.2,0.093,34.0,reviewed,us,us,0,0
2016-03-06T04:59:16.100Z,6.8753,-73.239,159.5,4.2,mb,,80.0,1.358,0.57,us,us10004whl,2016-05-16T18:01:45.040Z,"5 km ESE of Betulia, Colombia",earthquake,6.7,9.6,0.199,7.0,reviewed,us,us,4,0
2016-02-28T14:29:50.620Z,6.6966,-72.9795,164.92,4.1,mb,,69.0,2.272,0.71,us,us10004udb,2016-05-06T23:34:17.040Z,"4 km E of Aratoca, Colombia",earthquake,9.3,8.4,0.105,25.0,reviewed,us,us,4,0
2016-02-28T05:28:13.270Z,6.7738,-72.9644,154.62,4.3,mwr,,47.0,2.344,0.88,us,us10004t9s,2022-08-02T12:21:18.916Z,"2 km NNE of Cepitá, Colombia",earthquake,7.8,5.4,,,reviewed,us,rsnc,4,0
2016-02-17T15:27:41.650Z,6.878,-73.0318,156.03,4.0,mb,,96.0,1.383,1.02,us,us10004qn4,2022-08-02T10:31:13.712Z,"12 km S of Piedecuesta, Colombia",earthquake,8.0,6.6,0.082,40.0,reviewed,us,us,4,0
2016-02-17T14:49:55.540Z,3.6211,-72.9565,14.89,4.4,mb,,73.0,1.824,1.06,us,us10004qmg,2022-08-07T09:47:57.679Z,"33 km ESE of San Carlos de Guaroa, Colombia",earthquake,7.2,2.5,0.149,13.0,reviewed,us,us,3,3
2016-02-14T16:37:14.750Z,12.3341,-73.3571,28.03,4.4,mb,,61.0,1.478,0.97,us,us10004qjt,2016-04-26T23:28:21.040Z,"100 km NNW of Riohacha, Colombia",earthquake,3.4,5.5,0.179,9.0,reviewed,us,us,3,4
2016-02-11T07:14:37.000Z,6.818,-73.135,154.2,4.8,mb,,,,1.53,us,us20004zge,2016-04-19T01:33:29.040Z,"10 km NNW of Jordán, Colombia",earthquake,6.6,2.9,0.083,45.0,reviewed,rsnc,us,4,0
2016-02-10T23:41:42.030Z,6.7957,-73.0323,154.39,4.4,mb,,42.0,1.463,0.99,us,us20004zeh,2016-04-19T01:33:29.040Z,"7 km NW of Cepitá, Colombia",earthquake,6.9,7.0,0.095,32.0,reviewed,us,us,4,0
2016-02-06T12:05:31.140Z,6.8302,-73.0439,145.4,4.3,mwr,,49.0,1.427,1.02,us,us20004ybp,2016-04-19T01:33:21.040Z,"11 km NW of Cepitá, Colombia",earthquake,5.9,5.9,,,reviewed,us,rsnc,0,0
2016-02-02T01:14:53.850Z,6.8618,-73.1043,149.3,4.0,mb,,47.0,1.385,0.94,us,us20004y3a,2016-04-14T22:51:39.040Z,"14 km N of Jordán, Colombia",earthquake,6.3,7.0,0.183,8.0,reviewed,us,us,0,0
2016-01-24T09:28:53.530Z,6.8158,-73.0647,149.32,4.4,mb,,42.0,1.437,0.77,us,us10004gq7,2016-04-08T23:06:10.040Z,"9 km NNE of Jordán, Colombia",earthquake,6.5,5.9,0.074,53.0,reviewed,us,us,0,0
2016-01-22T02:41:15.230Z,4.8653,-78.2208,37.26,4.9,mb,,51.0,2.988,0.96,us,us10004g9b,2025-12-22T17:12:44.332Z,"95 km W of Pizarro, Colombia",earthquake,6.5,5.1,0.034,275.0,reviewed,us,us,1,2
2016-01-14T17:35:13.800Z,6.9293,-76.2439,8.28,4.6,mb,,45.0,0.977,0.85,us,us10004ekg,2016-03-30T02:28:00.040Z,"8 km SSE of Dabeiba, Colombia",earthquake,5.2,2.8,0.072,57.0,reviewed,us,us,3,2
2016-01-10T10:33:51.930Z,5.9528,-76.4526,45.07,4.4,mb,,53.0,0.942,1.06,us,us10004d9z,2016-03-30T02:27:52.040Z,"36 km NE of Quibdó, Colombia",earthquake,5.9,6.4,0.126,18.0,reviewed,us,us,1,2
2016-01-08T14:55:19.370Z,5.2702,-72.5096,35.0,4.5,mb,,61.0,1.853,0.93,us,us10004cd2,2016-03-30T02:27:49.040Z,"11 km NNE of Aguazul, Colombia",earthquake,7.6,2.0,0.105,27.0,reviewed,us,us,1,3
2016-01-06T01:28:21.830Z,2.8738,-75.7731,40.45,4.5,mb,,78.0,2.435,1.12,us,us10004bnl,2022-08-02T03:13:13.308Z,"16 km WSW of Santa María, Colombia",earthquake,8.8,6.7,0.078,48.0,reviewed,us,us,1,2
2016-01-04T21:05:55.280Z,6.8216,-73.0316,147.44,4.4,mb,,41.0,1.437,1.11,us,us10004bcw,2016-03-28T22:09:37.040Z,"9 km NW of Cepitá, Colombia",earthquake,7.5,7.3,0.062,75.0,reviewed,us,us,0,0
2016-01-01T05:28:57.000Z,6.816,-73.152,150.8,4.3,mb,,,,0.88,us,us10004apg,2016-03-28T22:09:31.040Z,"11 km NW of Jordán, Colombia",earthquake,7.4,6.0,0.079,45.0,reviewed,rsnc,us,0,0
2015-12-29T02:54:06.000Z,6.862,-76.701,5.7,5.0,mwr,,,,0.91,us,us10004a6p,2022-08-02T01:28:27.556Z,"18 km SE of Murindó, Colombia",earthquake,5.2,3.7,,,reviewed,rsnc,rsnc,3,1
2015-12-12T01:33:18.550Z,5.5999,-77.5719,38.15,4.5,mb,,57.0,2.109,0.77,us,us20004gnc,2016-03-05T01:42:03.040Z,"35 km WSW of Nuquí, Colombia",earthquake,7.2,5.7,0.073,56.0,reviewed,us,us,1,2
2015-12-09T18:10:22.120Z,6.9051,-73.0808,153.83,4.0,mb,,97.0,1.347,1.29,us,us20004gi6,2016-03-02T03:36:42.040Z,"9 km SSW of Piedecuesta, Colombia",earthquake,8.1,7.2,0.233,5.0,reviewed,us,us,4,0
2015-11-30T21:51:48.400Z,6.8172,-73.0172,144.58,4.4,mb,,80.0,1.445,0.9,us,us100042a9,2016-02-25T22:33:03.040Z,"8 km NW of Cepitá, Colombia",earthquake,7.2,7.2,0.07,58.0,reviewed,us,us,0,0
2015-11-28T17:45:03.440Z,6.7085,-72.9931,167.26,4.8,mb,,34.0,2.274,1.21,us,us100041x9,2022-08-01T20:51:13.456Z,"3 km ENE of Aratoca, Colombia",earthquake,7.2,5.6,0.032,306.0,reviewed,us,us,4,0
2015-11-28T11:00:19.860Z,4.0152,-71.2338,16.12,4.7,mb,,56.0,3.186,1.24,us,us100042pv,2016-02-25T22:32:58.040Z,"86 km S of Orocué, Colombia",earthquake,6.3,3.8,0.11,25.0,reviewed,us,us,3,3
2015-11-28T10:59:11.390Z,3.8856,-71.1716,15.38,4.7,mb,,52.0,3.281,0.62,us,us100041vi,2016-11-10T22:02:33.006Z,"101 km S of Orocué, Colombia",earthquake,1.8,4.4,0.078,51.0,reviewed,us,us,3,3
2015-11-16T13:11:55.110Z,8.4345,-77.1074,36.31,4.6,mb,,28.0,0.329,0.85,us,us10003ynb,2016-02-13T02:08:25.040Z,"20 km ESE of Acandí, Colombia",earthquake,4.8,5.8,0.052,110.0,reviewed,us,us,1,4
2015-11-02T14:31:15.970Z,6.9812,-73.175,148.57,4.0,mb,,56.0,1.258,0.87,us,us20004205,2016-01-30T02:11:03.040Z,"9 km S of Girón, Colombia",earthquake,7.7,7.3,0.15,12.0,reviewed,us,us,0,0
2015-10-29T22:40:25.090Z,6.8498,-73.0719,146.37,4.5,mb,,31.0,0.95,0.74,us,us200040ls,2016-01-30T02:10:55.040Z,"13 km NNE of Jordán, Colombia",earthquake,5.7,4.4,0.048,128.0,reviewed,us,us,0,0
2015-10-29T00:34:23.010Z,6.8083,-73.0203,154.83,4.5,mb,,37.0,0.911,0.83,us,us200040cm,2016-01-30T02:10:53.040Z,"7 km NW of Cepitá, Colombia",earthquake,6.8,6.0,0.063,73.0,reviewed,us,us,4,0
2015-10-17T05:53:45.000Z,6.828,-73.141,150.0,4.1,mb,,,,1.14,us,us10003paz,2016-01-15T20:50:53.040Z,"11 km NNW of Jordán, Colombia",earthquake,5.1,6.3,0.185,8.0,reviewed,rsnc,us,0,0
2015-10-14T07:47:18.980Z,7.6522,-73.3038,125.68,5.0,mww,,31.0,1.761,1.24,us,us10003niy,2025-12-22T17:10:01.688Z,"15 km SE of San Alberto, Colombia",earthquake,6.5,4.9,,,reviewed,us,us,0,1
2015-10-12T04:35:40.770Z,7.5362,-77.476,10.0,5.2,mb,,24.0,1.112,1.33,us,us10003mxh,2022-08-01T10:45:03.191Z,"40 km WNW of Riosucio, Colombia",earthquake,5.6,1.8,0.03,352.0,reviewed,us,us,3,1
2015-10-07T14:35:47.480Z,6.8568,-73.024,146.92,4.1,mb,,75.0,0.959,0.63,us,us10003nvi,2016-01-04T22:29:33.040Z,"12 km NNW of Cepitá, Colombia",earthquake,9.7,7.4,0.151,12.0,reviewed,us,us,0,0
2015-09-23T18:47:23.230Z,6.5415,-73.4908,136.56,4.4,mb,,68.0,0.761,0.7,us,us20003nfc,2022-08-01T07:30:46.287Z,"17 km S of El Carmen de Chucurí, Colombia",earthquake,5.5,5.7,0.044,146.0,reviewed,us,us,0,0
2015-09-20T14:29:21.790Z,6.8915,-73.1521,143.17,4.2,mb,,67.0,0.994,0.91,us,us10003kf5,2015-12-21T23:16:27.040Z,"14 km E of Betulia, Colombia",earthquake,6.7,7.8,0.264,4.0,reviewed,us,us,0,0
2015-09-19T20:45:45.960Z,6.0444,-74.2489,18.49,4.7,mb,,37.0,1.169,1.18,us,us20003lzl,2022-08-01T06:32:24.561Z,"37 km WNW of La Belleza, Colombia",earthquake,3.9,3.6,0.057,92.0,reviewed,us,us,3,3
2015-09-18T04:35:09.680Z,4.1776,-75.7522,15.52,4.7,mb,,64.0,0.974,1.08,us,us20003l3i,2022-08-01T06:13:33.586Z,"15 km S of Génova, Colombia",earthquake,5.0,3.8,0.038,210.0,reviewed,us,us,3,2
2015-09-07T17:35:31.490Z,6.841,-73.0673,151.89,4.4,mb,,27.0,0.942,0.92,us,us20003h4k,2015-12-05T01:40:34.040Z,"12 km NNE of Jordán, Colombia",earthquake,7.5,6.8,0.04,178.0,reviewed,us,us,0,0
2015-09-07T15:55:45.700Z,6.8311,-73.0622,145.22,4.2,mb,,68.0,0.932,0.71,us,us20003las,2015-12-05T01:40:34.040Z,"11 km NNE of Jordán, Colombia",earthquake,7.9,6.3,0.071,56.0,reviewed,us,us,0,0
2015-09-05T23:14:53.500Z,3.9474,-76.358,134.76,4.6,mb,,33.0,1.474,1.07,us,us20003guc,2022-08-01T03:41:48.041Z,"8 km NW of Guadalajara de Buga, Colombia",earthquake,6.3,4.7,0.046,138.0,reviewed,us,us,0,2
2015-09-01T11:32:27.140Z,6.9407,-73.1794,143.25,4.2,mb,,106.0,1.045,1.01,us,us20003jcl,2015-12-01T00:36:08.040Z,"12 km ENE of Betulia, Colombia",earthquake,4.8,10.4,0.372,2.0,reviewed,us,us,0,0
2015-08-31T17:42:19.580Z,3.9102,-71.1105,15.42,4.1,mb,,41.0,2.782,0.79,us,us20003f5n,2015-12-01T00:36:06.040Z,"100 km SSE of Orocué, Colombia",earthquake,7.8,5.3,0.197,7.0,reviewed,us,us,3,3
2015-08-30T15:13:11.790Z,6.7752,-73.0271,153.24,4.3,mb,,39.0,0.878,0.75,us,us1000365x,2015-12-01T00:36:04.040Z,"6 km WNW of Cepitá, Colombia",earthquake,7.1,4.0,0.046,137.0,reviewed,us,us,4,0
2015-08-24T07:04:46.460Z,6.8097,-73.0025,154.29,4.1,mb,,28.0,0.914,0.68,us,us20003hab,2015-11-24T02:09:32.040Z,"6 km NNW of Cepitá, Colombia",earthquake,6.5,3.9,0.077,46.0,reviewed,us,us,4,0
2015-08-24T02:15:50.620Z,3.8666,-71.2033,10.0,4.4,mb,,52.0,2.749,1.11,us,us100034e9,2015-11-24T02:09:31.040Z,"103 km S of Orocué, Colombia",earthquake,7.2,1.8,0.081,44.0,reviewed,us,us,3,3
2015-08-22T10:00:19.000Z,6.0298,-77.513,13.09,4.5,mb,,51.0,1.964,0.71,us,us1000346t,2015-11-24T02:09:28.040Z,"24 km SSW of Bahía Solano, Colombia",earthquake,6.9,4.2,0.057,88.0,reviewed,us,us,3,2
2015-08-21T14:16:22.200Z,4.4812,-75.666,42.37,4.3,mb,,105.0,1.388,1.37,us,us100034d6,2022-07-31T23:14:43.983Z,"6 km SSW of Calarcá, Colombia",earthquake,7.2,9.2,0.119,20.0,reviewed,us,us,1,2
2015-08-12T20:16:42.500Z,6.8306,-73.0128,159.89,4.2,mb,,37.0,0.934,0.83,us,us100031p4,2015-11-06T18:06:27.040Z,"9 km NNW of Cepitá, Colombia",earthquake,7.8,5.0,0.072,53.0,reviewed,us,us,4,0
2015-08-10T19:17:26.970Z,6.828,-73.0643,141.86,4.0,mwr,,103.0,0.929,0.72,us,us100035b6,2015-11-06T18:06:30.040Z,"11 km NNE of Jordán, Colombia",earthquake,6.0,7.8,,,reviewed,us,car,0,0
2015-08-10T16:59:43.010Z,5.2914,-72.5448,10.0,4.4,mb,,73.0,0.802,1.34,us,us100030uq,2015-11-06T18:06:25.040Z,"13 km N of Aguazul, Colombia",earthquake,6.1,2.0,0.239,5.0,reviewed,us,us,3,3
2015-08-09T19:36:18.300Z,10.9,-72.29,127.8,4.7,mwr,,,,1.95,us,us100030m1,2022-07-31T23:09:49.402Z,"43 km SE of Albania, Colombia",earthquake,6.6,5.7,,,reviewed,car,car,0,0
2015-08-04T15:55:47.120Z,6.804,-73.0847,157.01,4.1,mb,,98.0,2.302,0.91,us,us100033zv,2015-10-30T02:47:48.040Z,"7 km N of Jordán, Colombia",earthquake,9.1,8.8,0.131,16.0,reviewed,us,us,4,0
2015-07-29T06:54:00.190Z,8.3075,-77.2832,25.91,4.4,mb,,91.0,2.609,1.41,us,us1000333k,2015-10-22T20:05:13.040Z,"22 km S of Acandí, Colombia",earthquake,5.9,7.8,0.309,3.0,reviewed,us,us,3,4
2015-07-26T13:09:22.620Z,6.7602,-73.075,155.7,4.2,mb,,33.0,0.861,0.71,us,us2000307f,2015-10-22T20:05:01.040Z,"3 km NE of Jordán, Colombia",earthquake,7.3,6.1,0.039,183.0,reviewed,us,us,4,0
2015-07-26T10:13:06.320Z,6.8911,-73.1014,147.8,4.2,mb,,58.0,0.991,0.56,us,us2000307a,2015-10-22T20:05:00.040Z,"12 km SSW of Piedecuesta, Colombia",earthquake,7.8,8.1,0.067,61.0,reviewed,us,us,0,0
2015-07-19T11:16:21.470Z,2.7567,-78.8985,10.0,4.9,mb,,54.0,0.931,0.82,us,us20002yi3,2025-12-22T17:08:19.964Z,"56 km WNW of Mosquera, Colombia",earthquake,6.6,1.8,0.037,235.0,reviewed,us,us,3,2
2015-07-14T23:26:57.360Z,6.8063,-73.011,150.02,4.7,mwr,,42.0,0.91,1.22,us,us20002xih,2015-10-09T20:19:18.040Z,"7 km NW of Cepitá, Colombia",earthquake,7.5,5.2,,,reviewed,us,rsnc,0,0
2015-07-05T08:54:22.470Z,6.8078,-73.0116,156.64,4.5,mb,,60.0,0.911,1.01,us,us10002ni1,2015-09-30T00:20:56.040Z,"7 km NW of Cepitá, Colombia",earthquake,6.1,6.8,0.054,98.0,reviewed,us,us,4,0
2015-07-01T05:55:25.260Z,6.8576,-73.0132,143.7,4.6,mb,,41.0,0.96,0.95,us,us10002mr1,2022-07-31T16:15:46.150Z,"12 km NNW of Cepitá, Colombia",earthquake,7.5,6.8,0.036,237.0,reviewed,us,us,0,0
2015-06-22T00:25:27.760Z,6.8163,-73.033,152.26,4.3,mb,,49.0,0.918,0.87,us,us10002ks8,2015-09-01T00:53:53.040Z,"9 km NW of Cepitá, Colombia",earthquake,6.2,7.8,0.051,110.0,reviewed,us,us,0,0
2015-06-19T09:07:24.100Z,6.9134,-73.1901,137.98,4.1,mb,,122.0,1.019,0.67,us,us10002n9c,2015-09-01T00:53:50.040Z,"10 km E of Betulia, Colombia",earthquake,9.7,10.0,0.185,8.0,reviewed,us,us,0,0
2015-06-10T23:46:00.600Z,6.78,-73.06,151.0,4.3,mb,,,,0.75,us,us20002nuh,2015-08-10T13:08:29.040Z,"6 km NE of Jordán, Colombia",earthquake,7.8,6.2,0.116,21.0,reviewed,rsnc,us,0,0
2015-06-07T13:03:52.560Z,10.3309,-73.3414,93.75,4.2,mb,,31.0,1.861,1.01,us,us20002mqv,2015-08-10T13:08:23.040Z,"17 km W of San Diego, Colombia",earthquake,5.5,6.7,0.054,97.0,reviewed,us,us,2,0
2015-06-06T22:13:22.100Z,7.0544,-76.7643,20.38,4.1,mb,,95.0,1.457,1.06,us,us20002mm3,2015-08-10T13:08:22.040Z,"10 km NE of Murindó, Colombia",earthquake,4.9,6.7,0.184,8.0,reviewed,us,us,3,2
2015-05-22T09:45:25.360Z,5.013,-78.3497,35.0,4.4,mb,,68.0,3.041,0.67,us,us20002l9m,2015-07-29T01:35:33.040Z,"109 km W of Pizarro, Colombia",earthquake,5.3,2.0,0.24,5.0,reviewed,us,us,1,2
2015-05-16T09:00:56.430Z,5.4487,-72.9153,10.0,4.4,mwr,,74.0,0.471,0.86,us,us100029qy,2022-07-31T07:17:03.193Z,"8 km SSW of Aquitania, Colombia",earthquake,7.8,2.0,,,reviewed,us,rsnc,3,3
2015-05-09T14:31:50.920Z,11.4829,-72.1176,38.65,4.7,mb,,41.0,0.249,1.41,us,us20002e2t,2022-07-31T05:26:14.988Z,"17 km NE of Maicao, Colombia",earthquake,6.5,6.2,0.101,30.0,reviewed,us,us,1,4
2015-05-07T11:49:43.270Z,6.8609,-73.1039,149.68,4.3,mb,,100.0,0.961,0.81,us,us20002dcu,2015-07-17T07:05:56.040Z,"14 km N of Jordán, Colombia",earthquake,7.9,9.2,0.067,64.0,reviewed,us,us,0,0
2015-05-04T02:10:29.070Z,6.7844,-73.0325,164.1,4.3,mb,,83.0,0.852,1.42,us,us20002eky,2015-07-09T22:00:09.040Z,"7 km WNW of Cepitá, Colombia",earthquake,3.1,5.7,0.101,28.0,reviewed,us,us,4,0
2015-05-02T09:51:43.340Z,6.7731,-73.0066,153.92,4.6,mb,,36.0,0.877,0.86,us,us20002aue,2022-07-31T03:34:27.407Z,northern Colombia,earthquake,6.1,5.1,0.031,316.0,reviewed,us,us,4,0
2015-04-27T22:28:00.350Z,6.7256,-72.9039,170.99,4.3,mb,,70.0,2.34,0.85,us,us20002bwe,2015-07-03T00:23:45.040Z,"8 km ESE of Cepitá, Colombia",earthquake,9.3,3.4,0.087,38.0,reviewed,us,us,4,0
2015-04-27T06:36:47.230Z,6.7933,-72.9588,160.71,4.3,mb,,167.0,2.362,0.51,us,us20002bwh,2015-07-03T00:23:44.040Z,"4 km NNE of Cepitá, Colombia",earthquake,7.2,13.0,0.266,4.0,reviewed,us,us,4,0
2015-04-15T05:56:58.480Z,7.1046,-72.0262,56.73,4.4,mb,,45.0,2.241,0.74,us,us200026md,2015-06-22T23:19:02.040Z,"14 km NE of Cubará, Colombia",earthquake,5.7,7.7,0.084,41.0,reviewed,us,us,1,3
2015-04-11T04:29:02.740Z,6.3864,-73.1375,51.04,4.5,mb,,58.0,1.932,0.58,us,us200025t7,2022-07-28T07:24:08.473Z,"4 km SE of Páramo, Colombia",earthquake,7.6,6.4,0.051,112.0,reviewed,us,us,1,3
2015-04-07T14:00:20.320Z,5.4632,-76.5652,89.71,4.5,mb,,57.0,2.317,0.77,us,us10001vc2,2015-06-16T01:00:31.040Z,"4 km SSW of Lloró, Colombia",earthquake,8.1,7.1,0.093,34.0,reviewed,us,us,2,2
2015-04-06T22:20:35.630Z,6.6213,-72.8412,170.25,4.2,mb,,176.0,2.298,0.83,us,us200026fv,2015-06-16T01:00:30.040Z,"6 km SSW of Molagavita, Colombia",earthquake,13.7,7.8,0.141,14.0,reviewed,us,us,4,0
2015-03-25T08:04:50.150Z,6.7571,-72.9683,173.35,4.3,mb,,52.0,2.328,0.66,us,us10001qkp,2015-06-09T21:30:06.040Z,"0 km ENE of Cepitá, Colombia",earthquake,9.8,7.7,0.065,67.0,reviewed,us,us,4,0
2015-03-24T20:52:27.540Z,6.8316,-73.0317,160.71,4.3,mb,,55.0,2.353,1.43,us,us10001qei,2015-06-09T21:30:05.040Z,"10 km NW of Cepitá, Colombia",earthquake,8.5,7.7,0.129,17.0,reviewed,us,us,4,0
2015-03-22T22:27:37.000Z,6.804,-73.147,154.6,5.1,mwr,,,,0.58,us,us10001pn4,2022-07-28T03:36:45.011Z,"9 km NW of Jordán, Colombia",earthquake,6.5,4.5,,,reviewed,rsnc,rsnc,4,1
2015-03-14T08:05:57.000Z,6.811,-73.157,151.2,4.5,mb,,,,1.94,us,us10001mbq,2015-06-04T00:46:19.040Z,"10 km NW of Jordán, Colombia",earthquake,8.6,6.5,0.127,18.0,reviewed,rsnc,us,0,0
2015-03-10T20:55:44.370Z,6.7757,-72.9875,155.0,6.2,mww,,13.0,2.332,1.18,us,us10001ldx,2023-08-19T18:45:26.795Z,"2 km NNW of Cepitá, Colombia",earthquake,5.6,1.7,,,reviewed,us,us,4,1
2015-03-02T06:13:45.910Z,6.7569,-72.9547,165.22,4.4,mb,,81.0,2.335,0.59,us,usc000tvif,2015-05-19T00:29:35.040Z,"2 km E of Cepitá, Colombia",earthquake,8.0,9.0,0.178,9.0,reviewed,us,us,4,0
2015-02-27T19:00:10.680Z,1.0649,-77.5007,113.46,4.0,mb,,93.0,1.256,1.32,us,usc000tttf,2015-05-19T00:29:00.040Z,"1 km NNW of Imués, Colombia",earthquake,11.2,18.7,0.173,9.0,reviewed,us,us,2,2
2015-02-24T04:29:58.000Z,6.842,-73.117,152.5,4.7,mwr,,,,0.51,us,usc000tsl9,2022-07-27T22:54:54.686Z,"12 km N of Jordán, Colombia",earthquake,7.5,5.9,,,reviewed,rsnc,rsnc,0,0
2015-02-23T06:51:49.980Z,5.0445,-78.2416,33.96,4.4,mb,,156.0,3.911,1.26,us,usc000ttd7,2015-05-12T20:29:41.040Z,"97 km W of Pizarro, Colombia",earthquake,7.1,5.9,0.241,5.0,reviewed,us,us,1,2
2015-02-22T12:56:24.400Z,2.7299,-76.5012,149.0,5.5,mww,,29.0,3.024,0.96,us,usc000tsa5,2022-07-27T22:36:01.079Z,"7 km SSW of Caldono, Colombia",earthquake,7.5,1.9,,,reviewed,us,us,0,1
2015-02-21T22:26:45.600Z,4.67,-76.18,95.0,5.1,mb,,,,0.94,us,usc000ts6w,2025-12-22T17:03:57.356Z,"8 km SW of Argelia, Colombia",earthquake,6.9,4.4,0.035,279.0,reviewed,rsnc,us,2,1
2015-02-21T02:14:10.990Z,6.7199,-72.9878,172.73,4.3,mb,,68.0,2.286,0.65,us,usc000tt1p,2015-05-12T20:29:36.040Z,"4 km SSW of Cepitá, Colombia",earthquake,6.9,6.8,0.13,19.0,reviewed,us,us,4,0
2015-02-20T17:54:57.310Z,6.7741,-73.0392,166.14,4.4,mb,,80.0,2.302,1.22,us,usc000tss4,2015-05-12T20:29:35.040Z,"7 km WNW of Cepitá, Colombia",earthquake,4.9,6.4,0.107,26.0,reviewed,us,us,4,0
2015-02-13T04:45:27.570Z,6.7625,-73.0108,166.02,4.3,mwr,,46.0,2.308,0.76,us,usb000tny3,2022-07-27T21:10:04.459Z,northern Colombia,earthquake,8.3,6.0,,,reviewed,us,car,4,0
2015-02-09T13:55:48.670Z,6.4165,-73.2849,138.92,4.3,mb,,167.0,1.871,0.27,us,usb000tp3j,2015-05-04T22:47:50.040Z,"1 km NNE of Palmas del Socorro, Colombia",earthquake,15.0,13.4,0.533,1.0,reviewed,us,us,0,0
2015-02-05T23:42:21.090Z,5.143,-78.1049,32.29,4.2,mb,,65.0,3.781,0.85,us,usb000tnkr,2015-05-04T22:47:42.040Z,"84 km WNW of Pizarro, Colombia",earthquake,7.6,3.3,0.176,10.0,reviewed,us,us,1,2
2015-01-25T10:15:46.630Z,6.7651,-73.0564,165.9,4.5,mb,,66.0,2.285,1.12,us,usc000tiwy,2022-07-27T20:48:55.995Z,"5 km NE of Jordán, Colombia",earthquake,9.7,7.0,0.09,45.0,reviewed,us,us,4,0
2015-01-14T18:51:06.200Z,6.723,-72.911,167.08,4.0,mb,,77.0,2.334,1.05,us,usc000tfrv,2015-04-10T18:56:33.040Z,"7 km ESE of Cepitá, Colombia",earthquake,9.9,5.9,0.163,12.0,reviewed,us,us,4,0
2015-01-10T06:17:55.370Z,8.4627,-77.1279,39.86,4.4,mb,,94.0,2.767,1.12,us,usc000tef8,2015-04-10T18:56:28.040Z,"17 km ESE of Acandí, Colombia",earthquake,6.9,8.4,0.126,20.0,reviewed,us,us,1,4
2014-12-23T19:08:44.360Z,6.7649,-72.9786,160.03,4.1,mb,,94.0,2.328,1.15,us,usc000td75,2015-03-06T02:59:12.040Z,"1 km NNW of Cepitá, Colombia",earthquake,11.0,5.1,0.37,2.0,reviewed,us,us,4,0
2014-12-21T20:06:19.820Z,6.1883,-77.9047,55.85,4.4,mb,,122.0,3.808,1.4,us,usc000tcv5,2015-03-06T02:59:08.040Z,"55 km W of Bahía Solano, Colombia",earthquake,10.6,5.0,0.19,8.0,reviewed,us,us,1,2
2014-12-14T01:49:30.580Z,5.3759,-73.5845,152.31,4.7,mb,,54.0,0.903,0.79,us,usc000t6fp,2022-07-27T10:28:08.127Z,"7 km W of Ventaquemada, Colombia",earthquake,4.1,3.9,0.032,316.0,reviewed,us,us,0,0
2014-12-03T20:15:32.010Z,6.6982,-72.9049,167.62,4.3,mb,,151.0,2.318,0.29,us,usc000t7df,2015-02-28T02:16:06.040Z,"9 km SE of Cepitá, Colombia",earthquake,9.9,11.1,0.129,19.0,reviewed,us,us,4,0
2014-11-30T23:22:00.210Z,4.2444,-71.446,15.54,4.3,mb,,104.0,2.927,1.12,us,usc000t6u5,2015-02-24T00:35:14.040Z,"61 km S of Orocué, Colombia",earthquake,5.7,5.4,0.177,10.0,reviewed,us,us,3,3
2014-11-30T04:49:47.960Z,6.7097,-72.8977,170.35,4.1,mb,,70.0,2.331,0.31,us,usc000t6tf,2015-02-24T00:35:13.040Z,"9 km ESE of Cepitá, Colombia",earthquake,11.4,9.3,0.261,11.0,reviewed,us,us,4,0
2014-11-27T19:43:30.890Z,9.1923,-75.2228,26.29,4.4,mb,,56.0,4.41,1.09,us,usb000t0rq,2015-02-24T00:35:08.040Z,"9 km SSE of San Juan de Betulia, Colombia",earthquake,8.3,4.7,0.101,30.0,reviewed,us,us,3,4
2014-11-26T06:19:37.580Z,5.5524,-77.8586,14.33,4.5,mb,,70.0,3.592,1.46,us,usb000t05s,2015-02-24T00:35:04.040Z,"67 km WSW of Nuquí, Colombia",earthquake,4.6,5.1,0.15,15.0,reviewed,us,us,3,2
2014-11-25T20:20:16.320Z,6.7588,-72.949,165.91,5.1,mwr,,33.0,2.34,1.11,us,usb000szzw,2025-12-22T17:01:49.675Z,"2 km E of Cepitá, Colombia",earthquake,7.0,4.6,,,reviewed,us,rsnc,4,1
2014-11-20T05:40:10.550Z,6.712,-72.9385,169.14,4.7,mb,,70.0,2.309,0.69,us,usb000sy5r,2015-02-18T03:30:47.040Z,"6 km SE of Cepitá, Colombia",earthquake,8.3,6.1,0.038,241.0,reviewed,us,us,4,0
2014-11-14T13:30:20.880Z,6.6177,-73.5204,136.77,4.5,mb,,121.0,1.932,0.75,us,usb000t0h8,2015-02-12T01:42:41.040Z,"8 km S of El Carmen de Chucurí, Colombia",earthquake,10.9,10.9,0.242,5.0,reviewed,us,us,0,0
2014-11-14T11:22:06.060Z,6.8119,-73.0035,167.47,4.3,mb,,146.0,2.353,0.75,us,usb000t0hd,2015-02-12T01:42:41.040Z,"7 km NNW of Cepitá, Colombia",earthquake,11.9,11.6,0.168,10.0,reviewed,us,us,4,0
2014-11-09T12:46:26.850Z,12.8854,-72.5905,37.38,4.4,mb,,51.0,2.545,1.18,us,usc000svu7,2015-01-31T02:50:13.040Z,"123 km N of Manaure, Colombia",earthquake,7.0,6.2,0.091,41.0,reviewed,us,us,1,4
2014-11-07T21:58:56.920Z,6.7936,-73.2467,146.58,4.7,mb,,86.0,2.211,1.07,us,usc000syxe,2015-01-31T02:50:08.040Z,"3 km SE of Zapatoca, Colombia",earthquake,9.2,11.8,0.208,8.0,reviewed,us,us,0,0
2014-11-03T18:13:29.040Z,6.7291,-72.9289,169.26,4.5,mb,,150.0,2.328,0.85,us,usc000sxc8,2015-01-20T09:03:15.040Z,"5 km ESE of Cepitá, Colombia",earthquake,12.1,10.4,0.14,16.0,reviewed,us,us,4,0
2014-10-31T21:24:30.200Z,4.8804,-76.2802,120.79,4.5,mb,,62.0,1.952,0.97,us,usc000st8z,2015-01-20T09:03:07.040Z,"5 km WSW of San José del Palmar, Colombia",earthquake,8.2,6.0,0.04,193.0,reviewed,us,us,0,2
2014-10-29T14:52:13.420Z,0.8593,-77.8412,10.0,4.7,mb,,51.0,5.294,1.05,us,usb000srdg,2015-01-20T09:03:00.040Z,"7 km SW of Cumbal, Colombia",earthquake,7.4,1.8,0.041,203.0,reviewed,us,us,3,2
2014-10-21T08:01:03.310Z,7.4408,-73.0289,153.36,4.3,mb,,53.0,2.77,1.23,us,usc000stxd,2015-01-15T20:03:36.040Z,"9 km NNW of Suratá, Colombia",earthquake,8.5,7.4,0.154,12.0,reviewed,us,us,4,0
2014-10-19T02:20:34.390Z,4.9021,-75.8767,131.28,4.4,mb,,61.0,1.551,0.96,us,usb000sny7,2015-01-15T20:03:32.040Z,"0 km ENE of La Virginia, Colombia",earthquake,7.5,6.0,0.064,94.0,reviewed,us,us,0,0
2014-10-18T11:03:53.030Z,6.6854,-72.8986,181.63,4.2,mb,,81.0,2.312,1.12,us,usb000ss0d,2015-01-15T20:03:31.040Z,"10 km W of Molagavita, Colombia",earthquake,9.3,10.1,0.104,27.0,reviewed,us,us,4,0
2014-10-15T15:24:38.620Z,6.7463,-73.0239,164.56,4.5,mb,,54.0,2.287,0.77,us,usb000smg6,2015-01-15T20:03:25.040Z,"5 km W of Cepitá, Colombia",earthquake,8.7,6.3,0.04,192.0,reviewed,us,us,4,0
2014-10-14T23:57:48.010Z,5.2079,-77.9364,18.05,4.5,mb,,64.0,3.619,1.27,us,usb000sm92,2022-07-27T04:56:07.803Z,"69 km WNW of Pizarro, Colombia",earthquake,5.5,4.3,0.127,29.0,reviewed,us,us,3,2
2014-10-11T21:42:27.770Z,6.5521,-72.7581,179.8,4.2,mb,,103.0,2.301,0.73,us,usb000sq0x,2015-01-06T23:49:51.040Z,"5 km NNW of Covarachía, Colombia",earthquake,5.8,11.1,0.199,7.0,reviewed,us,us,4,0
2014-10-07T06:05:56.520Z,6.2099,-77.5713,25.22,4.7,mb,,56.0,3.507,1.37,us,usb000sjfh,2014-12-23T01:42:06.040Z,"18 km W of Bahía Solano, Colombia",earthquake,6.7,4.2,0.044,170.0,reviewed,us,us,3,2
2014-10-04T03:36:33.210Z,6.7622,-72.9688,166.92,4.7,mb,,46.0,2.332,0.94,us,usb000sipu,2022-07-27T04:02:27.668Z,"1 km NE of Cepitá, Colombia",earthquake,5.6,5.7,0.042,208.0,reviewed,us,us,4,0
2014-10-04T03:22:18.320Z,5.4118,-77.6988,44.29,4.5,mb,,60.0,3.411,1.14,us,usb000sipr,2014-12-23T01:42:01.040Z,"57 km SW of Nuquí, Colombia",earthquake,8.5,7.0,0.071,78.0,reviewed,us,us,1,2
2014-10-03T10:11:51.570Z,6.7732,-73.002,169.33,4.3,mb,,80.0,2.322,0.73,us,usb000smdy,2014-12-23T01:41:59.040Z,"3 km NW of Cepitá, Colombia",earthquake,10.0,8.7,0.079,49.0,reviewed,us,us,4,0
2014-10-02T12:09:38.780Z,6.8371,-72.923,175.01,4.1,mb,,66.0,3.045,0.85,us,usb000sm09,2014-12-23T01:41:57.040Z,"8 km WSW of Guaca, Colombia",earthquake,12.3,8.1,0.197,8.0,reviewed,us,us,4,0
2014-10-01T15:37:29.080Z,6.7047,-72.9661,168.68,4.6,mb,,40.0,2.287,0.63,us,usb000shsx,2022-07-27T03:39:20.337Z,"5 km S of Cepitá, Colombia",earthquake,7.4,5.3,0.036,242.0,reviewed,us,us,4,0
2014-09-20T06:50:01.300Z,3.0295,-79.3361,24.61,4.8,mb,,65.0,2.91,0.74,us,usb000sefx,2014-12-19T00:05:23.040Z,"114 km WNW of Mosquera, Colombia",earthquake,3.6,4.0,0.048,144.0,reviewed,us,us,3,2
2014-09-20T03:59:50.660Z,3.6983,-77.0039,98.37,4.0,mb,,68.0,2.907,0.99,us,usb000shcg,2014-12-19T00:05:22.040Z,"12 km N of Buenaventura, Colombia",earthquake,7.5,6.2,0.299,7.0,reviewed,us,us,2,2
2014-09-16T20:12:52.600Z,3.968,-78.2161,37.79,4.7,mb,,72.0,3.712,0.9,us,usb000sd61,2014-12-08T23:31:04.040Z,"99 km WSW of Santa Genoveva de Docordó, Colombia",earthquake,8.9,5.6,0.05,124.0,reviewed,us,us,1,2
2014-09-16T09:25:44.980Z,6.7917,-73.0411,158.16,4.4,mb,,52.0,2.315,1.28,us,usb000scx3,2014-12-08T23:31:03.040Z,"8 km WNW of Cepitá, Colombia",earthquake,6.9,7.3,0.043,177.0,reviewed,us,us,4,0
2014-08-19T06:06:26.760Z,6.8001,-73.014,164.89,4.5,mb,,29.0,0.869,1.15,us,usb000s421,2014-11-15T04:07:16.000Z,"6 km NW of Cepitá, Colombia",earthquake,,6.3,0.039,211.0,reviewed,us,us,4,0
2014-08-10T02:27:12.900Z,6.7624,-72.9962,159.54,4.1,mb,,100.0,0.833,0.77,us,usb000s4zg,2014-11-07T21:47:37.000Z,"2 km WNW of Cepitá, Colombia",earthquake,,7.0,0.261,9.0,reviewed,us,us,4,0
2014-08-09T00:30:53.650Z,3.6613,-71.3338,15.45,4.3,mb,,97.0,2.842,1.16,us,usb000s4w4,2014-11-07T21:47:36.000Z,"109 km SE of Puerto Gaitán, Colombia",earthquake,,5.0,0.114,23.0,reviewed,us,us,3,3
2014-08-03T09:38:06.800Z,3.5848,-77.6941,62.43,5.0,mwr,,55.0,3.589,0.96,us,usb000rzmp,2022-07-26T21:21:35.810Z,"77 km W of Buenaventura, Colombia",earthquake,,4.3,,,reviewed,us,rsnc,1,1
2014-07-26T09:56:00.180Z,6.7243,-72.9602,158.53,4.5,mb,,34.0,0.8,0.83,us,usb000rxjg,2014-10-25T01:49:38.000Z,"3 km SSE of Cepitá, Colombia",earthquake,,5.0,0.039,211.0,reviewed,us,us,4,0
2014-07-24T16:23:50.200Z,6.8441,-73.077,158.84,4.3,mb,,113.0,0.91,1.05,us,usb000s0a9,2014-10-25T01:49:34.000Z,"12 km N of Jordán, Colombia",earthquake,,5.9,0.376,2.0,reviewed,us,us,4,0
2014-07-22T06:18:51.900Z,4.0272,-78.9273,10.0,4.1,mb,,161.0,2.186,1.09,us,usb000rw58,2014-10-17T21:12:14.000Z,"175 km W of Santa Genoveva de Docordó, Colombia",earthquake,,1.9,0.198,12.0,reviewed,us,us,3,2
2014-07-14T12:34:39.360Z,6.7831,-73.0421,152.5,4.3,mb,,95.0,0.851,0.83,us,usb000rsse,2014-10-10T08:02:18.000Z,"8 km NE of Jordán, Colombia",earthquake,,6.7,0.08,51.0,reviewed,us,us,0,0
2014-07-12T22:37:11.470Z,6.873,-73.0569,158.15,4.4,mb,,47.0,0.939,0.72,us,usb000rshr,2014-10-10T08:02:15.000Z,"12 km S of Piedecuesta, Colombia",earthquake,,5.6,0.036,234.0,reviewed,us,us,4,0
2014-07-09T01:34:48.320Z,6.8438,-73.0587,158.65,4.2,mb,,113.0,0.91,0.79,us,usb000rubn,2014-10-10T08:02:09.000Z,"12 km NNE of Jordán, Colombia",earthquake,,6.3,0.264,5.0,reviewed,us,us,4,0
2014-06-30T04:08:35.190Z,6.7078,-72.9876,162.96,4.1,mb,,81.0,0.78,0.88,us,usb000rvsn,2014-09-26T11:49:49.000Z,"3 km ENE of Aratoca, Colombia",earthquake,,7.0,0.174,10.0,reviewed,us,us,4,0
2014-06-27T12:56:38.060Z,2.9819,-79.4752,25.06,4.6,mb,,134.0,4.62,1.09,us,usc000rmrd,2014-09-26T11:49:40.000Z,"125 km WNW of Mosquera, Colombia",earthquake,,4.9,0.054,109.0,reviewed,us,us,3,2
2014-06-27T09:01:19.000Z,6.796,-73.142,142.0,4.3,mb,,,,0.91,us,usc000rmpk,2014-09-26T11:49:40.000Z,"8 km NW of Jordán, Colombia",earthquake,,5.9,0.072,63.0,reviewed,rsnc,us,0,0
2014-06-25T07:27:40.390Z,3.8909,-71.4617,31.74,4.6,mb,,36.0,2.584,1.03,us,usc000rlph,2014-09-26T11:49:35.000Z,"83 km SE of Puerto Gaitán, Colombia",earthquake,,4.4,0.048,138.0,reviewed,us,us,1,3
2014-06-21T12:31:28.890Z,4.461,-75.3232,192.26,4.4,mb,,95.0,0.869,1.1,us,usc000rpwl,2014-09-19T17:24:18.000Z,"7 km NNW of Coello, Colombia",earthquake,,6.0,0.12,21.0,reviewed,us,us,4,0
2014-06-16T13:26:46.720Z,11.7101,-81.3577,20.9,5.3,mww,,47.0,2.919,0.75,us,usc000rg36,2025-12-22T17:16:27.707Z,"103 km SSE of San Andrés, Colombia",earthquake,,3.7,,,reviewed,us,us,3,4
2014-06-13T23:32:24.560Z,7.7442,-73.226,52.17,4.4,mb,,48.0,1.811,1.17,us,usb000rrrq,2014-09-12T15:47:09.000Z,"18 km E of San Alberto, Colombia",earthquake,,11.6,0.203,7.0,reviewed,us,us,1,3
2014-06-12T06:30:42.470Z,4.2284,-73.8904,42.39,4.2,mb,,74.0,0.748,0.74,us,usc000redn,2022-07-26T16:56:24.933Z,"8 km W of Guayabetal, Colombia",earthquake,,7.9,0.215,7.0,reviewed,us,us,1,3
2014-06-11T14:22:31.630Z,6.6634,-72.9523,164.93,4.3,mb,,111.0,0.741,0.82,us,usc000rnrs,2014-09-12T15:48:11.000Z,"8 km ESE of Aratoca, Colombia",earthquake,,6.4,0.178,13.0,reviewed,us,us,4,0
2014-06-10T10:33:27.350Z,6.8104,-73.0876,160.96,4.1,mb,,80.0,0.877,0.98,us,usc000rd80,2014-08-30T17:02:57.000Z,"8 km N of Jordán, Colombia",earthquake,,7.8,0.109,24.0,reviewed,us,us,4,0
2014-06-07T08:24:06.540Z,7.6742,-73.2425,133.8,4.2,mb,,41.0,1.743,0.8,us,usc000rite,2014-08-30T17:02:57.000Z,"19 km ESE of San Alberto, Colombia",earthquake,,5.6,0.098,30.0,reviewed,us,us,0,0
2014-06-06T09:28:40.880Z,6.7685,-73.0678,155.05,4.3,mb,,80.0,0.835,0.74,us,usc000rc0c,2014-08-30T17:02:57.000Z,"5 km NE of Jordán, Colombia",earthquake,,7.9,0.1,31.0,reviewed,us,us,4,0
2014-06-04T18:53:49.200Z,3.2111,-76.2763,163.69,4.5,mb,,137.0,1.454,0.75,us,usc000razu,2014-08-30T17:02:53.000Z,"4 km ESE of Padilla, Colombia",earthquake,,8.4,0.059,85.0,reviewed,us,us,4,2
2014-06-04T03:17:20.010Z,3.8372,-71.4163,13.27,3.8,mwr,,97.0,2.653,0.86,us,usc000rmyi,2014-08-30T17:02:53.000Z,"90 km SE of Puerto Gaitán, Colombia",earthquake,,5.5,,,reviewed,us,rsnc,3,3
2014-06-02T12:52:21.910Z,2.5704,-76.7868,145.21,4.4,mb,,81.0,2.189,0.97,us,usc000ra3c,2014-08-26T01:21:10.000Z,"9 km NE of Villa Rica, Colombia",earthquake,,1.7,0.101,28.0,reviewed,us,us,0,2
2014-06-01T02:37:35.490Z,10.3107,-72.7914,24.48,4.6,mwr,,17.0,1.589,0.91,us,usc000r9pg,2022-07-26T16:05:56.273Z,"27 km ESE of Manaure Balcón del Cesar, Colombia",earthquake,,3.8,,,reviewed,us,car,3,4
2014-05-26T23:57:22.000Z,3.787,-71.242,13.14,3.7,mwr,,141.0,2.803,1.31,us,usc000rezj,2014-08-23T08:36:50.000Z,"109 km ESE of Puerto Gaitán, Colombia",earthquake,,5.4,,,reviewed,us,rsnc,3,3
2014-05-25T15:25:02.350Z,3.9972,-71.3981,14.7,4.5,mb,,75.0,2.543,0.83,us,usc000regj,2014-08-23T08:36:47.000Z,"83 km ESE of Puerto Gaitán, Colombia",earthquake,,5.0,0.115,24.0,reviewed,us,us,3,3
2014-05-16T20:16:33.760Z,6.8199,-72.9705,156.62,4.3,mb,,48.0,0.893,0.77,us,usb000qrsg,2014-08-09T02:53:46.000Z,"7 km N of Cepitá, Colombia",earthquake,,4.4,0.082,50.0,reviewed,us,us,4,0
2014-05-14T19:05:02.010Z,6.8535,-75.4474,71.31,4.2,mb,,69.0,2.288,1.05,us,usc000radb,2014-08-09T02:53:42.000Z,"12 km SSW of Yarumal, Colombia",earthquake,,8.6,0.235,5.0,reviewed,us,us,2,3
2014-05-13T18:07:31.080Z,3.8591,-71.4052,16.41,4.6,mb,,53.0,2.643,1.03,us,usb000qkvb,2014-08-06T00:55:35.000Z,"90 km SE of Puerto Gaitán, Colombia",earthquake,,3.5,0.071,59.0,reviewed,us,us,3,3
2014-05-11T16:28:57.940Z,6.446,-73.2561,149.11,4.3,mb,,52.0,0.545,0.97,us,usc000r8zm,2014-08-06T00:55:31.000Z,"2 km S of Socorro, Colombia",earthquake,,6.2,0.237,5.0,reviewed,us,us,0,0
2014-05-04T11:07:56.000Z,6.836,-73.154,144.7,4.1,mwr,,,,1.78,us,usb000r163,2014-07-27T21:51:20.000Z,"12 km E of Zapatoca, Colombia",earthquake,,5.7,,,reviewed,rsnc,rsnc,0,0
2014-05-03T15:38:11.020Z,5.8455,-77.7416,28.2,4.6,mb,,64.0,2.215,0.78,us,usb000q878,2014-07-27T21:51:19.000Z,"54 km WNW of Nuquí, Colombia",earthquake,,5.8,0.244,5.0,reviewed,us,us,3,2
2014-04-30T09:46:21.750Z,6.7437,-72.997,160.84,4.3,mb,,52.0,0.814,0.93,us,usb000q52g,2014-07-27T21:51:13.000Z,"2 km WSW of Cepitá, Colombia",earthquake,,5.9,0.075,53.0,reviewed,us,us,4,0
2014-04-30T05:43:15.430Z,0.7311,-77.8344,49.16,4.8,mb,,77.0,4.154,1.05,us,usb000q4wu,2014-07-27T21:51:13.000Z,Colombia-Ecuador border region,earthquake,,7.5,0.051,126.0,reviewed,us,us,1,2
2014-04-30T01:57:41.000Z,6.812,-73.129,154.0,4.5,mwr,,,,0.59,us,usb000q4se,2014-07-27T21:51:13.000Z,"9 km NNW of Jordán, Colombia",earthquake,,5.6,,,reviewed,rsnc,rsnc,4,0
2014-04-23T15:19:25.890Z,3.9279,-71.4085,13.87,4.2,mb,,65.0,3.043,1.03,us,usb000qqsp,2014-07-14T20:11:12.000Z,"86 km ESE of Puerto Gaitán, Colombia",earthquake,,4.9,0.236,5.0,reviewed,us,us,3,3
2014-04-17T18:12:32.080Z,6.4994,-76.4215,44.93,4.5,mb,,136.0,2.658,1.17,us,usb000pp7s,2014-07-04T01:33:26.000Z,"37 km WNW of Urrao, Colombia",earthquake,,5.8,0.145,16.0,reviewed,us,us,1,2
2014-03-30T08:36:58.770Z,6.7214,-72.9466,160.76,4.4,mb,,52.0,0.799,1.23,us,usc000nwqg,2014-05-29T23:32:09.000Z,"4 km SE of Cepitá, Colombia",earthquake,,5.4,0.066,69.0,reviewed,us,us,4,0
2014-03-29T04:35:16.600Z,6.8081,-73.0066,161.2,4.6,mb,,32.0,0.877,0.8,us,usc000nvmq,2014-05-29T23:32:07.000Z,"6 km NNW of Cepitá, Colombia",earthquake,,5.9,0.051,125.0,reviewed,us,us,4,0
2014-03-27T10:21:16.590Z,3.976,-71.4168,26.34,4.7,mb,,46.0,2.547,0.96,us,usc000nsv0,2014-05-29T23:32:06.000Z,"82 km ESE of Puerto Gaitán, Colombia",earthquake,,4.3,0.086,43.0,reviewed,us,us,3,3
2014-03-24T23:19:28.870Z,3.8764,-71.1903,15.14,4.0,mb,,72.0,2.77,1.33,us,usc000p35h,2014-05-24T00:54:44.000Z,"102 km S of Orocué, Colombia",earthquake,,5.7,0.367,2.0,reviewed,us,us,3,3
2014-03-24T20:28:33.150Z,8.2733,-74.452,76.71,4.5,mb,,36.0,2.299,0.94,us,usc000nnhr,2014-05-24T00:54:44.000Z,"3 km SE of Montecristo, Colombia",earthquake,,6.1,0.089,41.0,reviewed,us,us,2,0
2014-03-23T14:58:04.090Z,10.6177,-73.207,57.88,4.6,mb,,38.0,1.607,0.91,us,usc000nm48,2014-05-24T00:54:42.000Z,"17 km NNE of Valledupar, Colombia",earthquake,,5.6,0.057,106.0,reviewed,us,us,1,4
2014-03-23T06:18:27.680Z,6.7552,-72.959,157.73,4.2,mb,,121.0,0.83,0.81,us,usc000nlua,2014-05-24T00:54:41.000Z,"1 km E of Cepitá, Colombia",earthquake,,5.5,0.118,23.0,reviewed,us,us,4,0
2014-03-22T20:48:52.000Z,6.7449,-72.9595,162.11,4.4,mb,,34.0,0.82,0.79,us,usc000nlfn,2014-05-24T00:54:41.000Z,"1 km ESE of Cepitá, Colombia",earthquake,,5.6,0.056,100.0,reviewed,us,us,4,0
2014-03-17T00:41:37.440Z,5.7084,-78.4933,27.19,4.2,mb,,122.0,2.976,1.38,us,usc000ndsq,2014-05-16T21:51:45.000Z,"133 km WSW of Bahía Solano, Colombia",earthquake,,6.5,0.167,10.0,reviewed,us,us,3,2
2014-03-15T06:55:41.050Z,3.9281,-71.3627,14.39,3.7,mwr,,58.0,2.618,0.85,us,usc000nnyn,2014-05-16T21:51:41.000Z,"90 km ESE of Puerto Gaitán, Colombia",earthquake,,4.7,,,reviewed,us,rsnc,3,3
2014-03-14T23:26:36.140Z,10.2809,-72.8876,127.79,4.7,mb,,24.0,1.663,0.87,us,usc000nc2t,2025-12-22T16:48:51.998Z,"20 km SE of Manaure Balcón del Cesar, Colombia",earthquake,,5.1,0.033,282.0,reviewed,us,us,0,0
2014-03-11T13:57:03.020Z,5.2485,-72.7971,10.0,4.7,mb,,56.0,0.728,0.96,us,usc000n7p5,2022-07-26T09:13:11.493Z,"4 km WNW of Recetor, Colombia",earthquake,,1.8,0.148,17.0,reviewed,us,us,3,3
2014-03-11T09:25:55.830Z,6.1466,-77.6642,13.97,4.5,mb,,113.0,2.106,1.02,us,usc000n7iz,2014-05-15T02:24:23.000Z,near the west coast of Colombia,earthquake,,2.2,0.068,79.0,reviewed,us,us,3,2
2014-03-10T13:51:05.620Z,6.5042,-71.6523,54.99,4.6,mb,,44.0,1.526,0.67,us,usc000n6cv,2014-05-15T02:24:11.000Z,"10 km ENE of Tame, Colombia",earthquake,,5.6,0.053,120.0,reviewed,us,us,1,3
2014-02-28T12:54:36.960Z,12.2113,-73.5852,26.39,4.8,mb,,42.0,3.505,1.08,us,usb000my6i,2014-05-13T21:36:45.000Z,"104 km NW of Riohacha, Colombia",earthquake,,4.7,0.047,143.0,reviewed,us,us,3,4
2014-02-28T07:41:30.000Z,6.8,-73.14,144.0,4.2,mb,,,,1.16,us,usc000n8w6,2014-05-13T21:36:44.000Z,"8 km NNW of Jordán, Colombia",earthquake,,5.7,0.097,33.0,reviewed,rsnc,us,0,0
2014-02-25T13:18:07.850Z,3.858,-71.282,15.02,3.5,mwr,,70.0,3.185,0.9,us,usc000n4x8,2014-05-07T00:03:11.000Z,"102 km ESE of Puerto Gaitán, Colombia",earthquake,,5.2,,,reviewed,us,rsnc,3,3
2014-02-24T10:34:56.900Z,10.6483,-72.6092,22.97,4.5,mb,,28.0,2.619,1.18,us,usc000mx7k,2014-05-07T00:03:09.000Z,"34 km E of El Molino, Colombia",earthquake,,1.6,0.089,44.0,reviewed,us,us,3,4
2014-02-17T09:41:36.170Z,6.5373,-71.6995,42.86,5.4,mww,,24.0,1.496,1.02,us,usc000mry2,2022-07-26T07:26:20.761Z,"9 km NNE of Tame, Colombia",earthquake,,4.0,,,reviewed,us,us,1,1
2014-02-16T11:26:47.310Z,7.2171,-74.8183,78.75,4.3,mb,,49.0,1.216,1.04,us,usb000mycw,2014-04-30T21:18:22.000Z,"20 km NW of Segovia, Colombia",earthquake,,7.2,0.143,14.0,reviewed,us,us,2,0
2014-02-14T21:14:24.900Z,11.5538,-73.1989,55.72,4.5,mb,,38.0,1.193,1.2,us,usc000mqu9,2014-04-30T21:18:20.000Z,"31 km W of Riohacha, Colombia",earthquake,,5.5,0.063,88.0,reviewed,us,us,1,4
2014-02-07T20:37:10.940Z,6.6913,-72.9584,159.12,5.2,mwb,,23.0,2.281,0.94,us,usc000mkir,2025-12-22T16:47:35.049Z,"6 km E of Aratoca, Colombia",earthquake,,3.2,0.08,15.0,reviewed,us,us,4,1
2014-02-07T08:03:58.000Z,7.45,-73.2,135.0,4.2,mb,,,,1.25,us,usc000mvfn,2014-04-22T18:30:07.000Z,"2 km S of El Playón, Colombia",earthquake,,4.7,0.152,12.0,reviewed,rsnc,us,0,0
2014-02-05T04:57:11.000Z,6.803,-73.135,154.0,4.1,mwr,,,,1.17,us,usc000mvat,2014-04-22T18:30:05.000Z,"8 km NNW of Jordán, Colombia",earthquake,,4.4,,,reviewed,rsnc,rsnc,4,0
2014-02-03T13:28:48.350Z,6.5041,-77.6787,36.62,4.5,mb,,79.0,2.134,0.92,us,usc000mtcb,2014-04-08T01:43:25.000Z,"43 km NW of Bahía Solano, Colombia",earthquake,,8.1,0.205,9.0,reviewed,us,us,1,2
2014-01-28T20:11:47.840Z,6.8324,-73.0362,155.38,4.2,mb,,115.0,0.9,1.2,us,usc000mpvn,2014-03-27T18:15:46.000Z,"11 km NW of Cepitá, Colombia",earthquake,,6.7,0.115,23.0,reviewed,us,us,4,0
2014-01-21T07:58:56.700Z,6.82,-73.16,144.0,4.5,mb,,,,1.34,us,usb000m5jn,2014-03-22T00:05:27.000Z,"11 km E of Zapatoca, Colombia",earthquake,,6.2,0.112,25.0,reviewed,rsnc,us,0,0
2014-01-21T04:23:07.000Z,6.836,-73.135,146.8,4.6,mb,,,,0.9,us,usb000m5hu,2014-03-22T00:05:27.000Z,"12 km NNW of Jordán, Colombia",earthquake,,5.2,0.164,12.0,reviewed,rsnc,us,0,0
2014-01-19T12:45:02.800Z,6.81,-73.11,152.0,4.1,mb,,,,0.52,us,usc000mgzs,2014-03-22T00:05:23.000Z,"8 km N of Jordán, Colombia",earthquake,,6.3,0.127,18.0,reviewed,rsnc,us,0,0
2014-01-18T03:04:02.730Z,3.8636,-77.3899,9.63,4.3,mb,,106.0,2.416,0.57,us,usb000m3jk,2014-03-22T00:05:20.000Z,"39 km W of Buenaventura, Colombia",earthquake,,3.0,0.154,16.0,reviewed,us,us,3,2
2014-01-18T00:25:28.240Z,6.8116,-73.0532,155.54,4.2,mb,,80.0,0.879,1.11,us,usc000melt,2014-03-22T00:05:20.000Z,"9 km NNE of Jordán, Colombia",earthquake,,6.9,0.112,22.0,reviewed,us,us,4,0
2014-01-16T13:46:15.930Z,6.8138,-76.3581,5.66,4.2,mb,,65.0,0.99,1.19,us,usb000m25w,2014-03-22T00:05:17.000Z,"22 km WSW of Uramita, Colombia",earthquake,,6.2,0.373,2.0,reviewed,us,us,3,2
2014-01-14T07:45:59.530Z,8.4441,-76.9746,49.55,4.2,mb,,49.0,2.612,0.6,us,usb000m0mk,2014-03-15T03:40:24.000Z,"20 km W of Necoclí, Colombia",earthquake,,5.0,0.186,10.0,reviewed,us,us,1,4
2014-01-13T17:47:14.210Z,6.731,-72.968,164.02,4.5,mb,,81.0,0.805,0.56,us,usc000mdr6,2014-03-15T03:39:54.000Z,"2 km SSE of Cepitá, Colombia",earthquake,,3.0,0.102,29.0,reviewed,us,us,4,0
2014-01-09T14:03:30.060Z,2.9792,-75.8777,59.45,4.6,mb,,110.0,1.408,0.65,us,usb000m7dk,2022-07-26T07:13:27.587Z,"20 km SSW of Gaitania, Colombia",earthquake,,11.0,0.385,3.0,reviewed,us,us,1,2
2014-01-09T12:50:18.420Z,2.9737,-75.8432,26.17,5.0,mb,,61.0,1.397,0.92,us,usc000lzbq,2022-07-26T04:59:17.097Z,"19 km S of Gaitania, Colombia",earthquake,,4.3,0.033,347.0,reviewed,us,us,3,1
2014-01-09T11:07:35.690Z,2.9858,-75.9346,43.66,4.7,mb,,57.0,1.425,1.1,us,usc000lzax,2014-03-15T03:38:46.000Z,"22 km SW of Gaitania, Colombia",earthquake,,7.1,0.073,64.0,reviewed,us,us,1,2
2014-01-05T03:36:40.590Z,4.557,-76.644,53.91,5.5,mwb,,21.0,2.332,0.65,us,usc000lx2l,2022-07-26T04:38:32.590Z,"10 km S of Sipí, Colombia",earthquake,,3.8,0.059,28.0,reviewed,us,us,1,1
2014-01-03T05:36:08.620Z,7.2932,-73.5251,118.21,4.0,mb,,137.0,2.549,0.73,us,usb000m4nq,2014-03-07T00:25:56.000Z,"11 km SSW of Sabana de Torres, Colombia",earthquake,,19.0,0.259,4.0,reviewed,us,us,0,0
2013-12-30T00:12:57.800Z,6.7139,-72.9523,160.83,4.8,mb,,40.0,2.298,0.7,us,usc000ltx3,2022-07-26T04:13:04.474Z,"5 km SSE of Cepitá, Colombia",earthquake,,4.8,0.028,,reviewed,us,us,4,0
2013-12-28T20:21:35.900Z,6.8,-73.15,148.0,4.0,mb,,,,1.22,us,usc000lten,2014-02-28T08:44:11.000Z,"9 km NW of Jordán, Colombia",earthquake,,6.6,0.116,,reviewed,rsnc,us,0,0
2013-12-26T12:20:29.900Z,5.85,-77.63,29.0,4.6,mb,,,,1.25,us,usc000lrvk,2014-02-28T08:44:08.000Z,"42 km WNW of Nuquí, Colombia",earthquake,,2.1,0.091,,reviewed,rsnc,us,1,2
2013-12-26T00:55:29.490Z,5.6977,-77.6215,32.95,4.2,mb,,75.0,3.382,1.22,us,usc000lyp6,2014-02-28T08:44:08.000Z,"38 km W of Nuquí, Colombia",earthquake,,5.6,0.264,,reviewed,us,us,1,2
2013-12-21T07:25:36.260Z,3.222,-79.3447,10.0,4.2,mb,,138.0,3.096,1.24,us,usc000lxjc,2014-02-27T21:37:25.000Z,"126 km NW of Mosquera, Colombia",earthquake,,1.9,0.263,,reviewed,us,us,3,2
2013-12-19T10:46:58.170Z,6.8536,-73.048,156.06,4.4,mb,,134.0,2.358,0.58,us,usc000ln9l,2014-02-27T21:37:22.000Z,"13 km NW of Cepitá, Colombia",earthquake,,10.4,0.067,,reviewed,us,us,4,0
2013-12-12T02:31:28.470Z,6.7602,-73.0716,158.81,4.4,mb,,99.0,2.268,0.47,us,usc000liq1,2014-02-21T23:00:52.000Z,"4 km NE of Jordán, Colombia",earthquake,,10.9,0.065,,reviewed,us,us,4,0
2013-12-11T01:59:55.000Z,6.813,-73.148,152.8,4.0,mb,,,,1.25,us,usc000llk4,2014-02-21T23:00:51.000Z,"10 km NNW of Jordán, Colombia",earthquake,,6.3,0.365,,reviewed,rsnc,us,0,0
2013-12-06T22:04:58.710Z,6.7383,-72.997,166.32,4.3,mb,,62.0,2.292,0.57,us,usb000ld29,2014-02-15T01:32:11.000Z,"3 km SW of Cepitá, Colombia",earthquake,,6.5,0.048,,reviewed,us,us,4,0
2013-12-05T17:03:02.650Z,2.4942,-79.7525,41.73,4.6,mb,,79.0,2.591,0.8,us,usb000lc12,2014-02-15T01:32:10.000Z,"131 km WNW of Salahonda, Colombia",earthquake,,6.2,0.079,,reviewed,us,us,1,2
2013-12-04T04:05:37.790Z,6.7012,-72.9391,157.66,4.1,mb,,49.0,2.296,0.6,us,usb000lcqw,2014-02-15T01:32:08.000Z,"7 km SSE of Cepitá, Colombia",earthquake,,7.3,0.131,,reviewed,us,us,4,0
2013-11-30T07:08:32.730Z,7.053,-76.7594,43.02,4.2,mb,,48.0,3.255,1.42,us,usb000lbca,2014-02-12T01:08:38.000Z,"10 km NE of Murindó, Colombia",earthquake,,3.9,0.121,,reviewed,us,us,1,2
2013-11-30T01:21:58.200Z,3.4825,-79.3539,25.32,4.2,mb,,79.0,3.347,1.1,us,usb000lbc1,2014-02-12T01:08:38.000Z,"147 km NW of Mosquera, Colombia",earthquake,,5.4,0.263,,reviewed,us,us,3,2
2013-11-25T08:54:56.430Z,6.7241,-72.9221,160.8,4.0,mb,,171.0,2.324,0.58,us,usb000l831,2014-02-11T02:18:58.000Z,"6 km ESE of Cepitá, Colombia",earthquake,,12.5,0.134,,reviewed,us,us,4,0
2013-11-21T16:17:52.220Z,6.7677,-73.0236,160.86,4.6,mb,,47.0,2.301,0.6,us,usb000l3kq,2022-07-26T02:07:14.774Z,"5 km WNW of Cepitá, Colombia",earthquake,,6.4,0.047,,reviewed,us,us,4,0
2013-11-21T13:17:15.040Z,6.7786,-72.9204,170.29,4.3,mb,,68.0,2.369,1.19,us,usb000l3j8,2014-02-11T02:18:53.000Z,"6 km ENE of Cepitá, Colombia",earthquake,,6.9,0.16,,reviewed,us,us,4,0
2013-11-20T02:20:04.380Z,6.2557,-71.9346,22.63,4.3,mb,,121.0,2.76,1.07,us,usb000l6s6,2014-02-11T02:18:51.000Z,"21 km WNW of Municipio Hato Corozal, Colombia",earthquake,,8.0,0.217,,reviewed,us,us,3,3
2013-11-17T15:18:01.590Z,4.4999,-75.806,177.5,4.5,mb,,83.0,1.513,1.39,us,usb000l4eg,2014-01-31T21:22:26.000Z,"5 km NNW of La Tebaida, Colombia",earthquake,,3.4,0.191,,reviewed,us,us,4,0
2013-11-06T12:42:26.480Z,6.8381,-73.0151,167.34,4.5,mb,,52.0,2.363,0.67,us,usb000ktfh,2014-01-17T00:29:10.000Z,"10 km NNW of Cepitá, Colombia",earthquake,,6.8,0.043,,reviewed,us,us,4,0
2013-11-05T06:51:06.810Z,6.7828,-73.0152,163.74,4.3,mb,,54.0,2.318,0.63,us,usb000ksqr,2014-01-17T00:29:08.000Z,"5 km NW of Cepitá, Colombia",earthquake,,6.8,0.065,,reviewed,us,us,4,0
2013-10-28T12:29:46.110Z,6.7546,-72.9503,167.96,4.2,mb,,81.0,2.332,0.67,us,usb000kyaf,2014-01-03T00:32:57.000Z,"2 km E of Cepitá, Colombia",earthquake,,2.7,0.2,,reviewed,us,us,4,0
2013-10-24T14:44:33.610Z,5.0544,-78.001,28.95,5.0,mb,,65.0,4.805,1.22,us,usc000km9d,2025-12-22T16:43:55.706Z,"71 km W of Pizarro, Colombia",earthquake,,4.5,0.087,,reviewed,us,us,1,1
2013-10-11T01:17:29.040Z,6.7275,-73.105,169.41,4.3,mb,,74.0,2.222,0.53,us,usb000kaim,2013-12-24T01:42:58.000Z,"1 km WSW of Jordán, Colombia",earthquake,,12.7,0.07,,reviewed,us,us,4,0
2013-10-08T02:20:08.240Z,4.181,-76.5791,81.66,4.0,mb,,121.0,2.34,0.67,us,usb000kcj2,2013-12-24T01:42:56.000Z,"29 km W of Trujillo, Colombia",earthquake,,10.0,0.149,,reviewed,us,us,2,2
2013-09-28T15:28:58.860Z,2.6304,-79.2639,39.72,4.6,mb,,153.0,0.955,0.96,us,usb000k1kw,2013-12-13T09:00:35.000Z,"91 km W of Mosquera, Colombia",earthquake,,7.2,0.103,,reviewed,us,us,1,2
2013-09-11T12:54:47.700Z,4.9446,-78.2775,36.43,4.4,mb,,103.0,4.47,1.03,us,usc000jwyj,2013-11-19T17:37:24.000Z,"101 km W of Pizarro, Colombia",earthquake,,8.3,0.101,,reviewed,us,us,1,2
2013-09-11T06:39:39.700Z,6.8043,-73.0205,155.57,4.3,mb,,71.0,2.332,0.7,us,usc000jr86,2013-11-19T17:37:22.000Z,"7 km NW of Cepitá, Colombia",earthquake,,12.3,0.072,,reviewed,us,us,4,0
2013-09-09T16:36:26.800Z,5.6991,-78.4518,25.06,4.5,mb,,63.0,3.708,1.2,us,usc000jwwv,2013-11-15T03:20:30.000Z,"129 km WSW of Bahía Solano, Colombia",earthquake,,5.4,0.272,,reviewed,us,us,3,2
2013-08-31T20:00:51.760Z,6.704,-72.9456,166.33,4.3,mb,,93.0,2.294,0.71,us,usb000jehg,2013-11-06T01:33:37.000Z,"6 km SSE of Cepitá, Colombia",earthquake,,7.3,0.126,,reviewed,us,us,4,0
2013-08-31T17:30:26.280Z,6.7285,-72.9947,156.39,4.3,mb,,47.0,2.285,0.88,us,usb000jefp,2013-11-06T01:33:36.000Z,"3 km SW of Cepitá, Colombia",earthquake,,8.9,0.067,,reviewed,us,us,4,0
2013-08-27T23:22:06.450Z,3.806,-76.6281,81.12,4.8,mb,,69.0,2.517,0.82,us,usb000jcf8,2022-07-25T21:16:52.349Z,"11 km W of Restrepo, Colombia",earthquake,,3.5,0.046,,reviewed,us,us,2,2
2013-08-26T01:44:08.470Z,6.7892,-72.9564,157.45,4.0,mwr,,52.0,2.356,0.73,us,usb000jbt6,2013-10-25T20:10:11.000Z,"4 km NNE of Cepitá, Colombia",earthquake,,6.7,,,reviewed,us,us_rsnc,4,0
2013-08-25T23:35:54.300Z,7.6874,-74.9026,25.61,4.8,mwr,,53.0,2.869,1.07,us,usb000jbrv,2022-08-06T17:22:02.972Z,"13 km NW of El Bagre, Colombia",earthquake,,2.5,,,reviewed,us,us_rsnc,3,1
2013-08-25T08:28:15.510Z,6.7266,-72.9311,176.27,4.1,mb,,101.0,2.321,0.89,us,usb000jblu,2013-10-25T20:10:04.000Z,"5 km ESE of Cepitá, Colombia",earthquake,,15.1,0.12,,reviewed,us,us,4,0
2013-08-13T15:51:26.150Z,5.6728,-77.9933,10.0,4.9,mb,,152.0,3.923,0.94,us,usb000j7rb,2013-10-19T02:41:41.000Z,near the west coast of Colombia,earthquake,,1.9,0.251,,reviewed,us,us,3,2
2013-08-13T15:43:15.200Z,5.7732,-78.1999,12.0,6.7,mww,,22.0,3.741,0.84,us,usb000j275,2022-07-25T20:25:40.315Z,"101 km WSW of Bahía Solano, Colombia",earthquake,,1.7,,,reviewed,us,us,3,1
2013-08-13T03:46:17.940Z,11.2349,-74.3983,18.28,4.0,mb,,70.0,4.381,1.25,us,usb000j2xy,2013-10-19T02:41:41.000Z,"21 km W of Santa Marta, Colombia",earthquake,,6.8,0.258,,reviewed,us,us,3,4
2013-08-06T02:50:10.000Z,7.304,-77.404,28.0,4.7,mb,,,,1.35,us,usb000iw55,2013-10-12T21:32:29.000Z,"34 km WSW of Riosucio, Colombia",earthquake,,3.4,0.035,,reviewed,us_rsnc,us,3,2
2013-07-29T09:17:48.900Z,6.898,-73.104,155.3,4.2,mb,34.0,117.0,,0.64,us,usc000irkb,2014-11-07T01:51:21.355Z,"11 km SSW of Piedecuesta, Colombia",earthquake,,8.4,,27.0,reviewed,us,us,4,0
2013-07-25T12:09:25.030Z,6.734,-72.991,152.8,4.8,mb,111.0,36.0,,0.85,us,usc000inn7,2025-12-22T16:27:26.341Z,"2 km SW of Cepitá, Colombia",earthquake,,5.0,,289.0,reviewed,us,us,0,0
2013-07-05T10:37:49.840Z,6.779,-72.958,154.9,4.5,mb,311.0,41.0,,0.75,us,usb000i73x,2014-11-07T01:51:13.693Z,"3 km NNE of Cepitá, Colombia",earthquake,,5.5,,280.0,reviewed,us,us,4,0
2013-07-01T03:41:07.710Z,6.374,-71.583,9.7,4.2,mb,25.0,57.0,,1.24,us,us2013scby,2014-11-07T01:51:10.326Z,"19 km ESE of Tame, Colombia",earthquake,,6.2,,5.0,reviewed,us,us,3,3
2013-06-27T16:34:37.880Z,2.205,-79.817,19.9,4.5,mb,46.0,82.0,,0.87,us,usp000k1ha,2014-11-07T01:51:07.830Z,"122 km WNW of Tumaco, Colombia",earthquake,,5.3,,35.0,reviewed,us,us,3,2
2013-06-18T06:02:02.740Z,6.793,-73.076,164.9,4.6,mb,116.0,40.0,,0.81,us,usc000hthv,2022-07-25T16:47:08.267Z,"6 km NNE of Jordán, Colombia",earthquake,,6.3,,297.0,reviewed,us,us,4,0
2013-06-14T10:49:24.730Z,6.692,-72.985,168.9,4.4,mb,146.0,72.0,,0.84,us,usc000hql8,2014-11-07T01:51:04.314Z,"3 km E of Aratoca, Colombia",earthquake,,10.3,,133.0,reviewed,us,us,4,0
2013-06-01T06:44:26.790Z,3.963,-76.251,111.2,4.0,mb,28.0,57.0,,0.84,us,usb000hb94,2014-11-07T01:50:58.086Z,"4 km SW of San Pedro, Colombia",earthquake,,12.9,,24.0,reviewed,us,us,2,2
2013-05-30T20:55:54.380Z,6.808,-72.941,162.4,4.3,mb,41.0,168.0,,0.52,us,usp000k11k,2014-11-07T01:50:55.796Z,"6 km NNE of Cepitá, Colombia",earthquake,,19.8,,28.0,reviewed,us,us,4,0
2013-05-23T16:32:09.090Z,4.206,-76.21,77.0,4.4,mb,21.0,112.6,,0.8,us,usb000h5xz,2014-11-07T01:50:53.366Z,"6 km W of Bugalagrande, Colombia",earthquake,,8.1,,16.0,reviewed,us,us,2,2
2013-05-16T16:29:17.590Z,12.089,-73.426,27.2,5.0,mb,438.0,30.0,,0.77,us,usb000gx21,2014-11-07T01:50:48.994Z,"82 km NW of Riohacha, Colombia",earthquake,,3.8,,381.0,reviewed,us,us,3,4
2013-05-16T13:29:00.000Z,5.767,-77.262,28.6,4.6,mb,30.0,73.9,,1.07,us,usb000gwzj,2014-11-07T01:50:48.949Z,"6 km N of Nuquí, Colombia",earthquake,,15.9,,13.0,reviewed,us,us,1,2
2013-05-12T17:58:50.400Z,5.928,-77.424,26.5,4.5,mb,22.0,64.0,,1.4,us,usp000k0p0,2014-11-07T01:50:47.763Z,"29 km NW of Nuquí, Colombia",earthquake,,8.2,,12.0,reviewed,us,us,3,2
2013-05-08T20:55:31.940Z,5.608,-77.211,10.0,4.6,mb,16.0,78.2,,1.22,us,usp000k0mp,2014-11-07T01:50:45.721Z,"13 km SSE of Nuquí, Colombia",earthquake,,,,1.0,reviewed,us,us,3,2
2013-05-02T03:42:15.400Z,11.4,-73.202,18.3,4.3,mb,52.0,47.0,,1.11,us,usc000glll,2014-11-07T01:50:43.328Z,near the north coast of Colombia,earthquake,,19.0,,27.0,reviewed,us,us,3,4
2013-04-17T03:02:57.000Z,5.804,-77.794,6.0,4.5,mb,26.0,59.8,,,us,usp000k08w,2014-11-07T01:50:34.889Z,"58 km W of Nuquí, Colombia",earthquake,,,,13.0,reviewed,rsnc,us,3,2
2013-04-14T15:23:30.060Z,6.602,-72.787,176.0,4.3,mb,70.0,178.5,,0.74,us,us2013nza3,2014-11-07T01:50:33.995Z,"8 km SSE of Molagavita, Colombia",earthquake,,6.0,,47.0,reviewed,us,us,4,0
2013-04-12T22:36:48.260Z,6.734,-73.022,165.6,4.3,mb,68.0,82.5,,0.84,us,usb000g60g,2014-11-07T01:50:33.410Z,"4 km N of Aratoca, Colombia",earthquake,,5.0,,46.0,reviewed,us,us,4,0
2013-03-20T16:24:37.400Z,6.754,-73.078,162.5,4.4,mb,86.0,62.2,,0.8,us,us2013mzav,2014-11-07T01:50:22.013Z,"3 km NE of Jordán, Colombia",earthquake,,6.4,,60.0,reviewed,us,us,4,0
2013-03-13T12:12:08.450Z,6.744,-72.958,156.6,4.6,mb,204.0,66.9,,0.72,us,usb000fk6s,2014-11-07T01:50:20.134Z,"2 km ESE of Cepitá, Colombia",earthquake,,4.0,,168.0,reviewed,us,us,4,0
2013-03-09T04:38:37.950Z,7.433,-74.731,68.3,4.4,mb,29.0,81.6,,1.16,us,usb000fhvg,2014-11-07T01:50:18.789Z,"16 km ESE of Zaragoza, Colombia",earthquake,,10.0,,13.0,reviewed,us,us,2,3
2013-02-27T18:49:18.580Z,11.96,-71.949,50.5,4.4,mb,45.0,76.9,,0.86,us,usb000fijz,2014-11-07T01:50:12.408Z,"43 km NE of Uribia, Colombia",earthquake,,5.4,,29.0,reviewed,us,us,1,4
2013-02-09T14:16:07.880Z,1.135,-77.393,145.0,6.9,mww,562.0,23.7,,0.91,us,usc000f4ij,2022-07-24T17:45:19.488Z,"2 km NNE of Yacuanquer, Colombia",earthquake,,,,,reviewed,us,us,0,1
2013-02-08T00:01:20.860Z,7.097,-76.744,32.0,4.6,mb,37.0,54.6,,1.14,us,usp000jz59,2014-11-07T01:50:04.069Z,"15 km NNE of Murindó, Colombia",earthquake,,14.8,,15.0,reviewed,us,us,1,2
2013-01-30T14:10:44.930Z,4.809,-78.54,10.0,4.5,mb,23.0,69.0,,1.14,us,us2013lada,2014-11-07T01:49:54.708Z,"131 km W of Pizarro, Colombia",earthquake,,,,3.0,reviewed,us,us,3,2
2013-01-02T16:50:39.480Z,4.101,-76.274,145.4,4.6,mb,105.0,66.4,,0.86,us,usp000jxrc,2015-03-24T02:14:28.183Z,"6 km SSE of Riofrío, Colombia",earthquake,,,,60.0,reviewed,us,us,0,2
2012-12-19T00:23:30.100Z,6.786,-72.975,165.6,4.3,mb,66.0,48.8,,0.53,us,usp000jx4e,2014-11-07T01:49:37.709Z,"3 km N of Cepitá, Colombia",earthquake,,3.8,,39.0,reviewed,us,us,4,0
2012-12-16T16:49:05.660Z,5.874,-78.075,14.5,4.6,mb,78.0,60.2,,0.91,us,usp000jx1n,2014-11-07T01:49:37.135Z,"83 km WSW of Bahía Solano, Colombia",earthquake,,12.9,,38.0,reviewed,us,us,3,2
2012-12-10T10:50:52.380Z,2.167,-76.04,53.6,4.3,mb,22.0,80.9,,0.99,us,usp000jwsr,2014-11-07T01:49:35.080Z,"7 km WSW of La Argentina, Colombia",earthquake,,8.5,,4.0,reviewed,us,us,1,2
2012-11-25T22:24:08.000Z,6.824,-73.161,152.0,4.3,mb,44.0,103.6,,,us,usp000jw2d,2014-11-07T01:49:26.380Z,"11 km E of Zapatoca, Colombia",earthquake,,,,28.0,reviewed,rsnc,us,0,0
2012-11-05T16:46:00.130Z,6.728,-72.896,160.6,4.5,mb,118.0,49.0,,0.64,us,usp000jv2t,2014-11-07T01:49:18.490Z,"9 km ESE of Cepitá, Colombia",earthquake,,4.2,,85.0,reviewed,us,us,4,0
2012-10-30T12:18:20.780Z,6.749,-72.97,164.4,4.4,mb,117.0,68.0,,0.52,us,usp000jut7,2014-11-07T01:49:11.981Z,"0 km SE of Cepitá, Colombia",earthquake,,3.5,,89.0,reviewed,us,us,4,0
2012-10-20T21:51:10.710Z,6.761,-73.063,159.0,4.4,mb,97.0,165.2,,0.68,us,usp000ju7k,2014-11-07T01:49:07.236Z,"4 km NE of Jordán, Colombia",earthquake,,5.4,,74.0,reviewed,us,us,4,0
2012-10-20T10:56:40.570Z,2.669,-79.738,10.0,4.8,mb,264.0,144.3,,0.88,us,usp000ju78,2014-11-07T01:49:07.177Z,"138 km WNW of Salahonda, Colombia",earthquake,,,,224.0,reviewed,us,us,3,2
2012-10-20T03:42:02.650Z,10.942,-74.158,23.6,4.4,mb,97.0,30.0,,1.09,us,usp000ju6v,2015-03-24T02:35:11.926Z,"12 km SE of Ciénaga, Colombia",earthquake,,11.5,,52.0,reviewed,us,us,3,4
2012-09-30T16:31:35.970Z,1.929,-76.362,170.0,7.3,mww,934.0,15.5,,0.87,us,usp000jta1,2022-05-03T15:51:10.914Z,"11 km WNW of San Agustín, Colombia",earthquake,,,,,reviewed,us,us,4,1
2012-09-30T09:30:12.910Z,8.411,-77.087,40.1,4.3,mb,80.0,123.2,,0.8,us,usp000jt9s,2015-03-24T01:33:04.553Z,"23 km ESE of Acandí, Colombia",earthquake,,4.5,,59.0,reviewed,us,us,1,4
2012-09-29T05:26:11.360Z,7.132,-71.935,35.0,4.5,mb,135.0,29.1,,1.04,us,usp000jt7m,2014-11-07T01:48:56.417Z,"23 km NE of Cubará, Colombia",earthquake,,,,83.0,reviewed,us,us,1,3
2012-09-26T02:22:25.200Z,6.82,-73.14,147.0,4.3,mb,51.0,70.6,,,us,usp000jszd,2014-11-07T01:48:55.110Z,"10 km NNW of Jordán, Colombia",earthquake,,,,37.0,reviewed,rsnc,us,0,0
2012-09-13T18:13:43.760Z,1.809,-79.222,10.0,4.3,mb,15.0,161.8,,1.1,us,usp000js9f,2014-11-07T01:48:51.319Z,"47 km W of Tumaco, Colombia",earthquake,,,,3.0,reviewed,us,us,3,2
2012-09-07T07:52:13.370Z,7.337,-75.127,66.6,4.3,mb,50.0,45.5,,1.09,us,usp000jrxd,2014-11-07T01:48:48.463Z,"18 km NNW of Cruces de Anorí, Colombia",earthquake,,7.1,,22.0,reviewed,us,us,1,3
2012-09-01T05:09:45.650Z,6.719,-72.919,163.9,5.1,mb,643.0,30.2,,0.79,us,usp000jrcv,2025-12-22T16:32:30.130Z,"7 km ESE of Cepitá, Colombia",earthquake,,,,295.0,reviewed,us,us,4,1
2012-08-28T22:04:02.080Z,6.668,-72.93,155.2,4.4,mb,119.0,46.8,,0.78,us,usp000jr0d,2014-11-07T01:48:39.171Z,"10 km ESE of Aratoca, Colombia",earthquake,,,,75.0,reviewed,us,us,4,0
2012-08-20T20:17:43.630Z,5.465,-73.302,43.1,4.0,mb,18.0,58.1,,1.21,us,usp000jqjk,2014-11-07T01:48:36.180Z,"3 km NNW of Viracachá, Colombia",earthquake,,10.9,,2.0,reviewed,us,us,1,3
2012-08-20T13:00:30.870Z,6.755,-73.146,155.9,4.1,mb,38.0,97.9,,0.94,us,usp000jqj8,2014-11-07T01:48:36.131Z,"6 km WNW of Jordán, Colombia",earthquake,,5.9,,25.0,reviewed,us,us,4,0
2012-08-09T12:00:59.190Z,6.434,-71.862,36.3,4.6,mb,185.0,58.5,,0.74,us,usp000jq3a,2014-11-07T01:48:32.404Z,"14 km WSW of Tame, Colombia",earthquake,,4.1,,135.0,reviewed,us,us,1,3
2012-08-06T15:31:51.930Z,6.776,-73.153,156.5,4.2,mb,43.0,69.2,,1.01,us,usp000jpz2,2014-11-07T01:48:31.368Z,"7 km NW of Jordán, Colombia",earthquake,,5.4,,22.0,reviewed,us,us,4,0
2012-07-31T23:44:45.730Z,6.993,-76.638,51.9,4.3,mb,36.0,60.3,,1.34,us,usp000jpqf,2014-11-07T01:48:25.684Z,"20 km E of Murindó, Colombia",earthquake,,8.9,,15.0,reviewed,us,us,1,2
2012-07-31T01:26:39.810Z,4.555,-75.918,63.1,4.5,mb,130.0,86.8,,0.71,us,usp000jpny,2015-03-24T02:01:32.649Z,"6 km ESE of Obando, Colombia",earthquake,,4.0,,104.0,reviewed,us,us,1,2
2012-07-30T10:18:56.030Z,6.8,-73.033,157.0,4.3,mb,26.0,70.6,,1.01,us,usp000jpn2,2014-11-07T01:48:25.324Z,"8 km NW of Cepitá, Colombia",earthquake,,7.9,,16.0,reviewed,us,us,4,0
2012-07-13T05:31:31.690Z,6.719,-73.109,159.6,4.2,mb,101.0,98.9,,0.86,us,usp000jnyp,2014-11-07T01:48:19.442Z,"2 km SW of Jordán, Colombia",earthquake,,4.8,,82.0,reviewed,us,us,4,0
2012-07-09T09:50:39.710Z,7.378,-73.032,42.1,4.3,mb,61.0,42.7,,1.11,us,usp000jnsu,2015-03-24T01:31:09.681Z,"5 km WNW of Suratá, Colombia",earthquake,,5.5,,22.0,reviewed,us,us,1,3
2012-06-27T03:47:52.000Z,3.755,-76.343,142.8,4.5,mb,106.0,64.6,,,us,usp000jn9m,2015-03-24T02:01:29.410Z,"1 km SW of Guacarí, Colombia",earthquake,,,,67.0,reviewed,rsnc,us,0,2
2012-06-20T17:38:31.890Z,6.47,-74.011,57.6,4.2,mb,36.0,59.3,,0.63,us,usp000jn0g,2014-11-07T01:48:07.353Z,"18 km NNW of Cimitarra, Colombia",earthquake,,5.5,,3.0,reviewed,us,us,1,3
2012-06-20T12:31:29.400Z,2.248,-76.354,158.4,4.7,mb,282.0,72.8,,0.92,us,usp000jn07,2014-11-07T01:48:07.311Z,"28 km E of Paispamba, Colombia",earthquake,,4.0,,180.0,reviewed,us,us,4,2
2012-06-15T06:59:21.000Z,6.803,-73.146,150.6,4.4,mb,65.0,34.2,,,us,usp000jmss,2014-11-07T01:48:05.283Z,"9 km NW of Jordán, Colombia",earthquake,,,,20.0,reviewed,rsnc,us,0,0
2012-06-10T15:21:40.870Z,6.793,-73.2,155.6,4.2,mb,18.0,96.7,,1.2,us,usp000jmkp,2014-11-07T01:48:03.081Z,"7 km ESE of Zapatoca, Colombia",earthquake,,7.9,,8.0,reviewed,us,us,4,0
2012-05-30T00:57:50.540Z,5.279,-73.71,156.3,4.2,mb,66.0,58.4,,0.88,us,usp000jm3w,2014-11-07T01:47:55.058Z,"3 km S of Lenguazaque, Colombia",earthquake,,3.8,,29.0,reviewed,us,us,4,0
2012-05-24T18:49:38.890Z,6.748,-73.15,146.7,4.3,mb,20.0,97.9,,1.0,us,usp000jkw1,2014-11-07T01:47:52.465Z,"6 km WNW of Jordán, Colombia",earthquake,,9.5,,16.0,reviewed,us,us,0,0
2012-05-21T23:31:06.250Z,5.819,-77.97,35.0,4.5,mb,51.0,60.3,,1.09,us,usp000jkrt,2014-11-07T01:47:50.854Z,"77 km SW of Bahía Solano, Colombia",earthquake,,,,20.0,reviewed,us,us,1,2
2012-05-20T04:59:57.610Z,6.764,-72.922,155.4,4.3,mb,48.0,84.5,,0.78,us,usp000jknk,2014-11-07T01:47:49.708Z,"5 km E of Cepitá, Colombia",earthquake,,4.3,,28.0,reviewed,us,us,4,0
2012-04-19T17:47:14.880Z,7.137,-77.229,48.5,4.2,mb,15.0,63.9,,0.82,us,usp000jj8c,2014-11-07T01:47:34.385Z,"35 km SSW of Riosucio, Colombia",earthquake,,9.1,,2.0,reviewed,us,us,1,2
2012-03-25T11:30:17.660Z,6.676,-72.868,159.9,4.3,mb,91.0,150.4,,0.78,us,usp000jgrt,2014-11-07T01:47:18.956Z,"6 km W of Molagavita, Colombia",earthquake,,3.6,,62.0,reviewed,us,us,4,0
2012-03-16T16:34:07.870Z,3.144,-77.939,48.8,4.6,mb,46.0,71.4,,1.31,us,usp000jgbm,2014-11-07T01:47:15.806Z,"51 km NW of Timbiquí, Colombia",earthquake,,9.4,,26.0,reviewed,us,us,1,2
2012-03-01T01:41:11.220Z,4.214,-76.539,117.1,4.7,mb,87.0,55.5,,0.96,us,usp000jfmm,2015-03-24T01:46:56.025Z,"24 km W of Trujillo, Colombia",earthquake,,3.7,,39.0,reviewed,us,us,0,2
2012-02-25T06:15:12.000Z,6.778,-73.135,143.2,4.8,mb,248.0,29.7,,,us,usp000jfbu,2015-03-24T02:08:58.830Z,"6 km NW of Jordán, Colombia",earthquake,,,,150.0,reviewed,rsnc,us,0,0
2012-02-24T13:43:16.660Z,6.702,-72.952,161.5,5.3,mb,470.0,33.4,,0.75,us,usp000jfaq,2025-12-22T16:23:31.585Z,"6 km SSE of Cepitá, Colombia",earthquake,,2.3,,293.0,reviewed,us,us,4,1
2012-02-24T03:05:40.730Z,6.701,-72.885,154.8,4.4,mb,60.0,122.8,,0.93,us,usp000jf9z,2015-03-24T01:26:29.453Z,"8 km WNW of Molagavita, Colombia",earthquake,,4.7,,40.0,reviewed,us,us,4,0
2012-02-20T12:09:38.070Z,6.702,-73.044,163.1,4.2,mb,20.0,134.7,,0.86,us,usp000jf51,2014-11-07T01:47:02.688Z,"2 km WNW of Aratoca, Colombia",earthquake,,6.7,,8.0,reviewed,us,us,4,0
2012-02-08T09:38:14.540Z,5.333,-74.586,16.0,3.9,ml,22.0,66.4,,1.18,us,usp000jepa,2014-11-07T01:46:59.303Z,"7 km NNW of Cachipay, Colombia",earthquake,,11.0,,,reviewed,us,rsnc,3,3
2012-01-31T14:52:48.890Z,5.092,-72.979,57.0,4.4,mb,15.0,197.2,,0.89,us,usp000je7e,2014-11-07T01:46:52.305Z,"8 km E of Páez, Colombia",earthquake,,7.7,,6.0,reviewed,us,us,1,3
2012-01-31T08:23:00.000Z,10.294,-73.54,10.0,3.0,ml,4.0,269.4,,,us,usp000je71,2014-11-07T01:46:52.271Z,"36 km WSW of Valledupar, Colombia",earthquake,,,,,reviewed,rsnc,rsnc,3,3
2012-01-26T11:50:35.310Z,5.544,-77.413,48.1,4.6,mb,91.0,59.5,,1.04,us,usp000je01,2014-11-07T01:46:50.627Z,"24 km SW of Nuquí, Colombia",earthquake,,6.4,,57.0,reviewed,us,us,1,2
2012-01-25T14:37:02.660Z,5.519,-77.505,37.3,5.0,mb,243.0,59.6,,0.81,us,usp000jdyu,2015-03-24T02:34:50.687Z,"33 km SW of Nuquí, Colombia",earthquake,,4.1,,190.0,reviewed,us,us,1,1
2012-01-16T09:20:15.440Z,6.446,-77.813,10.0,4.5,mb,30.0,114.0,,1.12,us,usp000jdjz,2014-11-07T01:46:47.574Z,"51 km WNW of Bahía Solano, Colombia",earthquake,,,,17.0,reviewed,us,us,3,2
2012-01-01T02:40:36.400Z,6.677,-73.11,158.1,4.0,mb,23.0,129.3,,0.9,us,usp000jcwk,2015-03-24T02:18:26.587Z,"6 km SSW of Jordán, Colombia",earthquake,,6.2,,10.0,reviewed,us,us,4,0
2011-12-31T00:53:55.220Z,1.734,-77.294,95.7,4.7,mb,99.0,73.9,,0.77,us,usp000jcve,2014-11-07T01:46:38.949Z,"4 km ESE of El Rosario, Colombia",earthquake,,4.8,,83.0,reviewed,us,us,2,2
2011-12-29T11:58:29.650Z,6.803,-73.162,144.8,4.2,mb,35.0,75.5,,0.7,us,usp000jct2,2014-11-07T01:46:38.503Z,"10 km NW of Jordán, Colombia",earthquake,,5.0,,25.0,reviewed,us,us,0,0
2011-12-25T16:41:01.250Z,8.445,-73.893,35.0,4.6,mb,17.0,93.7,,1.1,us,usp000jcmy,2014-11-07T01:46:37.300Z,"5 km ESE of Arenal, Colombia",earthquake,,,,12.0,reviewed,us,us,1,3
2011-12-16T04:06:17.170Z,6.954,-73.185,171.9,4.1,mb,19.0,115.1,,1.14,us,usp000jc8j,2014-11-07T01:46:34.679Z,"12 km ENE of Betulia, Colombia",earthquake,,7.3,,9.0,reviewed,us,us,4,0
2011-12-15T01:53:03.210Z,6.704,-72.967,165.2,4.4,mb,109.0,48.6,,0.87,us,usp000jc71,2014-11-07T01:46:34.063Z,"5 km S of Cepitá, Colombia",earthquake,,3.5,,55.0,reviewed,us,us,4,0
2011-11-17T18:08:42.810Z,6.754,-73.096,159.0,4.6,mb,16.0,98.6,,1.31,us,usp000jazv,2014-11-07T01:46:22.131Z,"2 km N of Jordán, Colombia",earthquake,,8.4,,6.0,reviewed,us,us,4,0
2011-10-31T18:42:13.320Z,6.681,-73.062,161.8,4.1,mb,20.0,71.4,,0.78,us,usp000ja5y,2014-11-07T01:46:12.898Z,"5 km WSW of Aratoca, Colombia",earthquake,,5.7,,10.0,reviewed,us,us,4,0
2011-10-20T01:11:51.980Z,6.771,-73.021,155.8,4.5,mb,69.0,33.7,,0.96,us,usp000j9k5,2014-11-07T01:46:08.107Z,"5 km WNW of Cepitá, Colombia",earthquake,,4.3,,37.0,reviewed,us,us,4,0
2011-10-10T20:38:42.330Z,3.209,-79.555,10.6,4.8,mb,19.0,95.5,,1.42,us,usp000j96m,2014-11-07T01:46:05.886Z,"145 km WNW of Mosquera, Colombia",earthquake,,43.7,,2.0,reviewed,us,us,3,2
2011-10-07T16:42:13.830Z,3.754,-76.105,180.1,4.6,mb,15.0,91.6,,1.15,us,usp000j91t,2015-03-24T01:21:37.596Z,"9 km WNW of La Cumbre, Colombia",earthquake,,8.0,,5.0,reviewed,us,us,4,0
2011-10-05T20:20:53.450Z,7.433,-71.849,25.4,4.7,mb,74.0,54.3,,1.08,us,usp000j8yz,2015-03-24T02:15:53.319Z,"55 km NNE of Cubará, Colombia",earthquake,,10.6,,24.0,reviewed,us,us,3,3
2011-09-20T16:32:39.620Z,6.808,-73.096,158.3,4.2,mb,48.0,69.7,,0.94,us,usp000j8b0,2014-11-07T01:45:56.004Z,"8 km N of Jordán, Colombia",earthquake,,5.5,,32.0,reviewed,us,us,4,0
2011-09-13T04:49:35.000Z,5.617,-77.471,10.0,5.7,mwb,388.0,48.0,,1.0,us,usp000j7zs,2024-06-17T18:01:25.561Z,near the west coast of Colombia,earthquake,,,,,reviewed,us,us,3,1
2011-09-13T04:38:48.710Z,5.603,-77.526,18.0,5.2,mwc,348.0,48.1,,0.96,us,usp000j7zr,2022-04-08T22:04:28.649Z,"30 km WSW of Nuquí, Colombia",earthquake,,8.0,,,reviewed,us,gcmt,3,1
2011-09-12T21:16:42.900Z,6.905,-76.722,49.4,4.3,mb,24.0,122.1,,0.94,us,usp000j7z9,2014-11-07T01:45:53.125Z,northern Colombia,earthquake,,9.8,,15.0,reviewed,us,us,1,2
2011-09-05T17:12:13.320Z,6.748,-72.96,170.0,4.3,mb,37.0,47.8,,0.75,us,usp000j7nk,2014-11-07T01:45:50.595Z,"1 km ESE of Cepitá, Colombia",earthquake,,5.2,,10.0,reviewed,us,us,4,0
2011-08-23T16:52:04.960Z,6.731,-72.985,157.2,4.7,mb,179.0,69.5,,0.64,us,usp000j6xa,2014-11-07T01:45:41.543Z,"2 km SSW of Cepitá, Colombia",earthquake,,,,130.0,reviewed,us,us,4,0
2011-08-17T08:02:07.820Z,5.646,-77.525,50.9,5.0,mwc,255.0,60.8,,0.96,us,usp000j6kj,2022-04-08T21:59:16.756Z,"29 km WSW of Nuquí, Colombia",earthquake,,5.6,,,reviewed,us,gcmt,1,1
2011-08-13T21:58:11.870Z,5.483,-77.456,47.6,4.5,mb,106.0,59.8,,1.08,us,usp000j6ec,2014-11-07T01:45:36.360Z,"32 km SW of Nuquí, Colombia",earthquake,,8.2,,58.0,reviewed,us,us,1,2
2011-08-13T20:30:57.180Z,5.645,-77.507,65.4,4.6,mb,241.0,46.1,,1.16,us,usp000j6e8,2014-11-07T01:45:36.317Z,"27 km WSW of Nuquí, Colombia",earthquake,,6.9,,181.0,reviewed,us,us,1,2
2011-08-13T20:27:38.510Z,5.396,-77.411,62.9,4.5,mb,37.0,66.5,,1.31,us,usp000j6e7,2014-11-07T01:45:36.314Z,"38 km SSW of Nuquí, Colombia",earthquake,,10.0,,11.0,reviewed,us,us,1,2
2011-08-13T14:10:23.320Z,5.531,-77.629,35.0,4.2,mb,24.0,74.6,,1.05,us,usp000j6dt,2014-11-07T01:45:36.255Z,"44 km WSW of Nuquí, Colombia",earthquake,,,,6.0,reviewed,us,us,1,2
2011-08-08T11:29:43.200Z,10.326,-74.026,91.3,4.3,mb,21.0,61.2,,1.12,us,usp000j664,2014-11-07T01:45:34.842Z,"8 km NNW of Ariguaní, Colombia",earthquake,,11.3,,2.0,reviewed,us,us,2,4
2011-08-07T14:45:39.650Z,4.973,-78.246,29.0,4.6,mb,20.0,76.1,,0.79,us,usp000j64y,2014-11-07T01:45:34.727Z,"97 km W of Pizarro, Colombia",earthquake,,24.2,,2.0,reviewed,us,us,1,2
2011-08-04T13:16:43.520Z,6.737,-73.012,161.2,4.1,mb,25.0,100.0,,0.82,us,usp000j5ys,2014-11-07T01:45:33.757Z,"4 km WSW of Cepitá, Colombia",earthquake,,6.0,,14.0,reviewed,us,us,4,0
2011-08-03T21:33:55.410Z,6.739,-72.935,161.4,4.3,mb,57.0,101.1,,0.91,us,usp000j5xf,2014-11-07T01:45:33.401Z,"4 km ESE of Cepitá, Colombia",earthquake,,5.7,,40.0,reviewed,us,us,4,0
2011-07-28T14:48:01.270Z,8.391,-77.22,56.8,4.3,mb,29.0,63.8,,1.21,us,usp000j5m8,2014-11-07T01:45:27.558Z,"14 km SSE of Acandí, Colombia",earthquake,,11.7,,3.0,reviewed,us,us,1,4
2011-07-17T09:25:21.720Z,3.295,-78.334,10.0,4.5,mb,24.0,79.7,,1.47,us,usp000j52b,2014-11-07T01:45:23.008Z,"87 km N of Mosquera, Colombia",earthquake,,,,6.0,reviewed,us,us,3,2
2011-07-09T10:57:35.030Z,3.329,-75.882,182.8,4.3,mb,36.0,97.5,,0.94,us,usp000j4eh,2014-11-07T01:45:18.986Z,"21 km NNW of Gaitania, Colombia",earthquake,,5.7,,26.0,reviewed,us,us,4,0
2011-07-06T04:16:15.000Z,5.67,-76.09,36.0,4.7,mb,166.0,58.6,,,us,usp000j47n,2022-07-19T19:29:05.371Z,"15 km SW of Betania, Colombia",earthquake,,,,112.0,reviewed,rsnc,us,1,2
2011-07-06T02:22:59.390Z,6.774,-73.075,157.1,4.1,mb,27.0,98.7,,0.73,us,usp000j47f,2014-11-07T01:45:17.282Z,"5 km NNE of Jordán, Colombia",earthquake,,7.0,,19.0,reviewed,us,us,4,0
2011-06-29T02:23:45.390Z,6.748,-73.029,158.8,4.3,mb,33.0,99.7,,0.92,us,usp000j3xb,2014-11-07T01:45:11.627Z,"6 km N of Aratoca, Colombia",earthquake,,6.2,,24.0,reviewed,us,us,4,0
2011-06-14T17:55:13.800Z,6.76,-72.987,158.0,4.7,mb,268.0,57.4,,0.72,us,usp000j35s,2014-11-07T01:45:05.674Z,"1 km WNW of Cepitá, Colombia",earthquake,,3.0,,184.0,reviewed,us,us,4,0
2011-06-02T14:37:13.790Z,7.179,-77.163,43.2,4.1,mb,23.0,62.6,,0.98,us,usp000j2k7,2014-11-07T01:45:00.442Z,"29 km S of Riosucio, Colombia",earthquake,,8.2,,3.0,reviewed,us,us,1,2
2011-06-01T22:58:01.050Z,4.79,-75.767,79.5,5.0,mb,249.0,61.2,,0.95,us,usp000j2jj,2022-07-19T16:34:26.677Z,"8 km WSW of Pereira, Colombia",earthquake,,4.4,,168.0,reviewed,us,us,2,1
2011-05-20T03:14:50.550Z,6.725,-72.908,164.2,4.7,mb,230.0,33.8,,0.72,us,usp000j1vf,2022-07-19T15:42:29.280Z,"8 km ESE of Cepitá, Colombia",earthquake,,,,140.0,reviewed,us,us,4,0
2011-05-16T05:12:37.520Z,6.742,-72.934,153.8,4.7,mb,121.0,46.4,,0.73,us,usp000j1p5,2014-11-07T01:44:51.651Z,"4 km ESE of Cepitá, Colombia",earthquake,,4.0,,51.0,reviewed,us,us,4,0
2011-05-13T15:18:24.590Z,6.722,-72.927,163.6,4.9,mb,361.0,33.7,,0.79,us,usp000j1hr,2022-07-19T15:00:23.039Z,northern Colombia,earthquake,,,,243.0,reviewed,us,us,4,0
2011-05-12T03:27:51.600Z,6.89,-73.55,13.6,3.6,ml,9.0,74.0,,,us,usp000j1fb,2014-11-07T01:44:49.816Z,"15 km W of San Vicente de Chucurí, Colombia",earthquake,,,,,reviewed,rsnc,rsnc,3,3
2011-05-01T04:52:13.450Z,6.624,-73.164,159.0,4.4,mb,83.0,83.6,,0.73,us,usp000j0uu,2014-11-07T01:44:42.227Z,"5 km SSE of Villanueva, Colombia",earthquake,,5.0,,58.0,reviewed,us,us,4,0
2011-04-03T23:03:21.290Z,2.536,-79.759,38.8,4.8,mb,232.0,64.4,,0.84,us,usp000hz7n,2014-11-07T01:44:28.135Z,"134 km WNW of Salahonda, Colombia",earthquake,,4.7,,158.0,reviewed,us,us,1,2
2011-04-02T17:30:06.710Z,6.778,-72.957,151.2,4.9,mb,312.0,28.6,,0.85,us,usp000hz54,2022-07-19T11:07:35.709Z,"3 km NE of Cepitá, Colombia",earthquake,,2.9,,202.0,reviewed,us,us,0,0
2011-04-01T16:27:43.560Z,6.669,-72.932,167.2,4.6,mb,100.0,53.8,,0.82,us,usp000hz2y,2014-11-07T01:44:26.555Z,"9 km ESE of Aratoca, Colombia",earthquake,,5.4,,77.0,reviewed,us,us,4,0
2011-04-01T01:27:52.360Z,6.988,-77.918,11.6,4.7,mb,123.0,53.4,,0.96,us,usp000hz1e,2014-11-07T01:44:24.927Z,"21 km SW of Juradó, Colombia",earthquake,,12.0,,79.0,reviewed,us,us,3,2
2011-03-20T13:39:59.620Z,4.883,-76.046,132.5,4.6,mb,149.0,61.0,,0.85,us,usp000hy1z,2022-07-19T09:24:46.179Z,"3 km S of El Águila, Colombia",earthquake,,5.4,,95.0,reviewed,us,us,0,2
2011-03-02T18:50:49.410Z,8.596,-76.855,44.2,5.7,mww,297.0,31.3,,1.09,us,usp000hv8x,2022-07-19T07:07:53.690Z,"20 km NNW of Necoclí, Colombia",earthquake,,,,,reviewed,us,us,1,1
2011-02-21T11:31:24.330Z,4.605,-76.762,90.8,4.6,mb,31.0,64.7,,1.21,us,usp000huuy,2014-11-07T01:43:41.939Z,"14 km WSW of Sipí, Colombia",earthquake,,8.0,,1.0,reviewed,us,us,2,2
2011-01-31T07:13:42.600Z,3.941,-76.395,97.5,4.9,mb,253.0,53.3,,0.92,us,usp000htwj,2022-07-19T03:18:25.227Z,"8 km N of Yotoco, Colombia",earthquake,,3.6,,153.0,reviewed,us,us,2,1
2011-01-29T00:05:16.760Z,4.791,-76.001,121.6,4.5,mb,132.0,52.6,,0.89,us,usp000htss,2014-11-07T01:43:30.916Z,"0 km SW of Ansermanuevo, Colombia",earthquake,,5.1,,86.0,reviewed,us,us,0,2
2011-01-28T23:39:03.240Z,6.678,-72.91,167.6,4.3,mb,62.0,73.5,,0.71,us,usp000htsq,2014-11-07T01:43:30.884Z,"11 km SE of Cepitá, Colombia",earthquake,,4.3,,31.0,reviewed,us,us,4,0
2011-01-27T14:06:47.000Z,4.39,-73.68,4.0,3.9,ml,7.0,107.7,,,us,usp000htqc,2014-11-07T01:43:30.479Z,"5 km NE of El Calvario, Colombia",earthquake,,,,,reviewed,rsnc,rsnc,3,3
2011-01-23T07:50:58.340Z,5.229,-76.184,109.6,4.5,mb,15.0,76.3,,1.32,us,usp000hthu,2014-11-07T01:43:28.793Z,"17 km W of Pueblo Rico, Colombia",earthquake,,10.5,,4.0,reviewed,us,us,2,2
2011-01-20T12:53:37.900Z,3.046,-79.385,10.0,4.9,mb,179.0,146.7,,1.1,us,usp000htdk,2014-11-07T01:43:28.014Z,"119 km WNW of Mosquera, Colombia",earthquake,,,,113.0,reviewed,us,us,3,2
2011-01-20T09:50:17.950Z,6.592,-73.556,127.9,4.1,mb,13.0,86.4,,0.86,us,usp000htd9,2014-11-07T01:43:27.954Z,"12 km SSW of El Carmen de Chucurí, Colombia",earthquake,,7.8,,1.0,reviewed,us,us,0,0
2011-01-06T11:04:45.300Z,6.942,-72.958,179.2,4.5,mb,81.0,138.3,,0.73,us,usp000hsnm,2014-11-07T01:43:22.485Z,"7 km SW of Santa Bárbara, Colombia",earthquake,,7.1,,68.0,reviewed,us,us,4,0
2010-12-14T19:00:02.590Z,7.376,-73.172,140.1,4.4,mb,20.0,69.0,,1.52,us,usp000hqxk,2014-11-07T01:43:06.986Z,"11 km SSE of El Playón, Colombia",earthquake,,15.4,,4.0,reviewed,us,us,0,0
2010-11-07T06:12:49.450Z,6.747,-72.972,166.0,4.2,mb,23.0,72.0,,0.9,us,usp000hp7x,2014-11-07T01:42:52.968Z,"0 km SSE of Cepitá, Colombia",earthquake,,7.6,,11.0,reviewed,us,us,4,0
2010-11-02T18:18:46.320Z,6.789,-72.979,156.2,4.8,mb,142.0,46.1,,0.85,us,usp000hnx9,2014-11-07T01:42:50.398Z,"3 km N of Cepitá, Colombia",earthquake,,4.7,,88.0,reviewed,us,us,4,0
2010-10-14T06:26:53.360Z,6.824,-73.035,145.0,4.5,mb,44.0,98.7,,0.8,us,usp000hn2x,2014-11-07T01:42:42.067Z,"10 km NW of Cepitá, Colombia",earthquake,,,,27.0,reviewed,us,us,0,0
2010-10-12T08:47:20.930Z,6.711,-72.953,172.1,4.4,mb,86.0,101.2,,0.73,us,usp000hn0k,2014-11-07T01:42:41.705Z,"5 km SSE of Cepitá, Colombia",earthquake,,4.9,,72.0,reviewed,us,us,4,0
2010-10-01T00:20:12.070Z,3.382,-75.574,32.1,4.5,mb,37.0,93.1,,1.27,us,usp000hme2,2014-11-07T01:42:33.591Z,"3 km ESE of Santiago Pérez, Colombia",earthquake,,22.2,,26.0,reviewed,us,us,1,2
2010-09-30T15:56:40.730Z,6.72,-72.993,169.7,4.4,mb,85.0,57.6,,0.69,us,usp000hmdp,2014-11-07T01:42:32.286Z,"4 km NE of Aratoca, Colombia",earthquake,,4.5,,59.0,reviewed,us,us,4,0
2010-09-15T14:31:48.960Z,5.515,-77.751,41.5,4.4,mb,48.0,61.7,,1.5,us,usp000hksb,2014-11-07T01:42:28.088Z,"57 km WSW of Nuquí, Colombia",earthquake,,11.1,,23.0,reviewed,us,us,1,2
2010-09-07T01:54:42.610Z,6.722,-72.995,157.9,4.5,mb,28.0,46.5,,1.18,us,usp000hkc6,2014-11-07T01:42:24.651Z,"4 km NE of Aratoca, Colombia",earthquake,,7.2,,10.0,reviewed,us,us,4,0
2010-08-30T19:28:00.900Z,3.798,-76.143,32.1,3.8,ml,10.0,140.8,,,us,usp000hjym,2014-11-07T01:42:18.880Z,"15 km WNW of La Cumbre, Colombia",earthquake,,,,,reviewed,rsnc,rsnc,1,2
2010-08-30T18:50:09.800Z,1.22,-77.36,0.0,4.0,ml,4.0,172.5,,,us,usp000hjyk,2014-11-07T01:42:18.879Z,"7 km S of Nariño, Colombia",earthquake,,,,,reviewed,rsnc,rsnc,3,2
2010-08-21T20:20:14.980Z,6.028,-77.974,14.5,5.4,mwc,275.0,58.8,,1.0,us,usp000hjk5,2025-12-22T15:49:44.311Z,"66 km WSW of Bahía Solano, Colombia",earthquake,,7.2,,,reviewed,us,gcmt,3,1
2010-08-18T07:38:46.560Z,2.363,-77.275,85.0,4.4,mb,41.0,78.1,,0.94,us,usp000hjcu,2014-11-07T01:42:15.712Z,"12 km NNW of Argelia, Colombia",earthquake,,8.2,,23.0,reviewed,us,us,2,2
2010-07-29T19:34:46.490Z,3.924,-74.999,51.4,5.1,mwc,165.0,64.7,,1.07,us,usp000hh42,2022-07-18T17:18:13.500Z,"1 km ESE of Saldaña, Colombia",earthquake,,4.2,,,reviewed,us,gcmt,1,1
2010-07-26T03:48:17.010Z,4.483,-75.368,10.0,4.1,ml,11.0,76.3,,1.1,us,usp000hgu4,2014-11-07T01:42:01.908Z,"8 km ENE of Cajamarca, Colombia",earthquake,,,,,reviewed,us,rsnc,3,3
2010-07-23T14:03:37.440Z,7.204,-77.061,53.9,4.6,mb,41.0,47.8,,1.26,us,usp000hgkh,2014-11-07T01:41:59.579Z,"27 km SSE of Riosucio, Colombia",earthquake,,7.8,,14.0,reviewed,us,us,1,2
2010-07-11T10:37:52.480Z,6.241,-77.723,35.0,4.3,mb,17.0,134.1,,1.28,us,usp000hf5b,2014-11-07T01:41:52.511Z,"35 km W of Bahía Solano, Colombia",earthquake,,,,9.0,reviewed,us,us,1,2
2010-07-07T20:38:54.550Z,8.955,-75.654,39.3,5.0,mb,22.0,56.1,,1.29,us,usp000hf0b,2014-11-07T01:41:51.297Z,"9 km NNW of Ciénaga de Oro, Colombia",earthquake,,9.5,,2.0,reviewed,us,us,1,1
2010-07-07T19:16:20.970Z,6.763,-72.908,163.9,4.6,mb,99.0,48.5,,0.72,us,usp000hf08,2014-11-07T01:41:51.283Z,"7 km E of Cepitá, Colombia",earthquake,,4.1,,68.0,reviewed,us,us,4,0
2010-07-03T12:11:06.600Z,6.759,-72.943,158.6,4.6,mb,96.0,46.3,,0.79,us,usp000hev0,2014-11-07T01:41:50.080Z,"3 km E of Cepitá, Colombia",earthquake,,,,53.0,reviewed,us,us,4,0
2010-06-26T12:22:52.940Z,4.127,-79.13,30.0,4.5,mb,25.0,77.7,,1.34,us,usp000hejd,2014-11-07T01:41:44.450Z,"194 km NNW of Mosquera, Colombia",earthquake,,,,5.0,reviewed,us,us,1,2
2010-06-05T01:20:00.140Z,5.091,-72.377,23.3,4.8,mwc,192.0,26.7,,0.81,us,usp000hdku,2022-07-16T14:50:56.265Z,"20 km ESE of Aguazul, Colombia",earthquake,,6.2,,,reviewed,us,gcmt,3,3
2010-06-01T09:40:55.360Z,8.358,-77.128,51.3,4.7,mb,100.0,55.0,,0.84,us,usp000hdf0,2014-11-07T01:41:36.800Z,"23 km SE of Acandí, Colombia",earthquake,,3.5,,53.0,reviewed,us,us,1,4
2010-05-05T02:31:53.020Z,2.596,-79.731,26.5,4.4,mb,47.0,86.0,,1.26,us,usp000hcb8,2014-11-07T01:41:26.763Z,"134 km WNW of Salahonda, Colombia",earthquake,,19.0,,24.0,reviewed,us,us,3,2
2010-04-13T16:51:35.400Z,4.627,-76.445,102.7,4.5,mb,16.0,81.7,,,us,usp000hbb0,2022-07-16T10:39:24.426Z,"22 km E of Sipí, Colombia",earthquake,,,,5.0,reviewed,rsnc,us,2,2
2010-03-30T03:03:27.230Z,6.296,-71.957,27.7,4.2,mb,24.0,71.8,,0.93,us,usp000ha4r,2014-11-07T01:41:06.508Z,"26 km NW of Municipio Hato Corozal, Colombia",earthquake,,14.1,,2.0,reviewed,us,us,3,3
2010-03-21T15:00:00.940Z,6.74,-73.114,155.2,4.5,mb,8.0,98.5,,1.26,us,usp000h9t5,2014-11-07T01:41:04.074Z,"2 km WNW of Jordán, Colombia",earthquake,,14.9,,6.0,reviewed,us,us,4,0
2010-03-18T13:47:01.000Z,3.18,-74.68,24.0,4.3,ml,8.0,101.3,,,us,usp000h9mt,2014-11-07T01:41:03.167Z,"25 km SSE of Colombia, Colombia",earthquake,,,,,reviewed,rsnc,rsnc,3,3
2010-03-13T18:59:24.750Z,6.844,-72.921,153.0,4.6,mb,101.0,69.7,,0.88,us,usp000h9b8,2014-11-07T01:40:59.810Z,"8 km WSW of Guaca, Colombia",earthquake,,5.5,,57.0,reviewed,us,us,4,0
2010-03-04T22:09:13.100Z,4.89,-75.49,130.9,4.9,mb,102.0,46.4,,,us,usp000h8qn,2022-07-16T04:57:29.780Z,"14 km E of Santa Rosa de Cabal, Colombia",earthquake,,,,47.0,reviewed,rsnc,us,0,1
2010-03-03T07:51:31.060Z,6.811,-72.926,167.0,4.7,mb,160.0,46.7,,0.89,us,usp000h8km,2022-07-16T04:37:56.385Z,"8 km NE of Cepitá, Colombia",earthquake,,,,90.0,reviewed,us,us,4,0
2010-02-23T07:21:14.920Z,6.669,-73.213,172.7,4.3,mb,29.0,74.9,,0.89,us,usp000h7kp,2014-11-07T01:40:44.412Z,northern Colombia,earthquake,,8.1,,20.0,reviewed,us,us,4,0
2010-02-21T02:41:42.980Z,6.704,-73.039,154.6,4.6,mb,25.0,139.8,,1.14,us,usp000h7hd,2014-11-07T01:40:43.965Z,"2 km WNW of Aratoca, Colombia",earthquake,,6.7,,15.0,reviewed,us,us,4,0
2010-02-02T22:32:00.580Z,6.744,-72.908,166.2,4.8,mb,215.0,46.3,,0.8,us,usp000h6w8,2022-07-16T01:49:57.721Z,northern Colombia,earthquake,,3.3,,107.0,reviewed,us,us,4,0
2010-01-29T17:52:23.040Z,4.726,-75.971,131.5,4.9,mwc,227.0,52.5,,0.95,us,usp000h6s2,2022-07-16T01:38:25.589Z,"6 km WSW of Cartago, Colombia",earthquake,,,,,reviewed,us,gcmt,0,1
2010-01-29T00:48:10.440Z,6.714,-72.976,157.5,4.7,mb,128.0,27.9,,0.82,us,usp000h6r5,2014-11-07T01:40:35.016Z,"4 km S of Cepitá, Colombia",earthquake,,3.1,,65.0,reviewed,us,us,4,0
2010-01-24T16:40:57.470Z,6.796,-72.972,164.4,4.6,mb,66.0,46.1,,0.75,us,usp000h6jq,2014-11-07T01:40:33.846Z,"4 km N of Cepitá, Colombia",earthquake,,,,36.0,reviewed,us,us,4,0
2010-01-16T05:11:07.720Z,5.111,-72.871,10.0,4.4,mb,49.0,52.3,,1.35,us,usp000h66g,2022-07-16T00:22:29.735Z,"11 km S of Chámeza, Colombia",earthquake,,,,13.0,reviewed,us,us,3,3
2010-01-11T18:48:35.960Z,4.229,-75.756,180.1,4.8,mb,105.0,54.1,,0.89,us,usp000h5yy,2014-11-07T01:40:26.488Z,"9 km S of Génova, Colombia",earthquake,,,,56.0,reviewed,us,us,4,0
2010-01-04T14:58:43.000Z,6.79,-73.09,152.2,4.3,mb,13.0,98.3,,,us,usp000h5qe,2014-11-07T01:40:24.960Z,"6 km N of Jordán, Colombia",earthquake,,,,1.0,reviewed,rsnc,us,0,0
